predictor_label,test_index,feasible,recourse_band,original_score_band,solver_status,solver_family,original_score,new_score,total_cost,n_changed_features,changed_features,validity_reconstructed_score,validity_passes_threshold
xcreditscore_lattice,2,False,infeasible,very_high_risk,gurobi_exact:Infeasible,gurobi_exact,0.5884691476821899,0.5884691476821899,0.0,0,{},0.5884691476821899,False
xcreditscore_lattice,4,False,infeasible,very_high_risk,gurobi_exact:Infeasible|refined_6,gurobi_exact,0.7416170835494995,0.7313588261604309,0.2721488950372685,1,"{""BILL_AMT3"": 0.13607444751863426}",0.7313588261604309,False
xcreditscore_lattice,8,False,infeasible,moderate_risk,gurobi_exact:Infeasible|refined_7,gurobi_exact,0.3677075505256653,0.35122552514076233,0.31625761516574447,1,"{""BILL_AMT3"": 0.15812880758287223}",0.35122552514076233,False
xcreditscore_lattice,15,False,infeasible,very_high_risk,gurobi_exact:Infeasible|refined_7,gurobi_exact,0.6360411047935486,0.6199676990509033,0.31775468256323436,1,"{""BILL_AMT3"": 0.15887734128161718}",0.6199676990509033,False
xcreditscore_lattice,19,False,infeasible,very_high_risk,gurobi_exact:Infeasible|refined_6,gurobi_exact,0.8241280913352966,0.8170503377914429,0.27414596679875014,1,"{""BILL_AMT3"": 0.13707298339937507}",0.8170503377914429,False
xcreditscore_lattice,21,False,near_feasible,near_threshold,gurobi_exact:Infeasible|refined_7,gurobi_exact,0.320130318403244,0.30300381779670715,0.31007100214708394,1,"{""BILL_AMT3"": 0.15503550107354197}",0.30300381779670715,False
xcreditscore_lattice,23,False,infeasible,very_high_risk,gurobi_exact:Infeasible|refined_7,gurobi_exact,0.8068868517875671,0.7943103909492493,0.31164203920610256,1,"{""BILL_AMT3"": 0.15582101960305128}",0.7943103909492493,False
xcreditscore_lattice,29,False,infeasible,high_risk,gurobi_exact:Infeasible|refined_6,gurobi_exact,0.40753886103630066,0.39549314975738525,0.27324425698675103,1,"{""BILL_AMT3"": 0.13662212849337552}",0.39549314975738525,False
xcreditscore_lattice,30,True,feasible,near_threshold,gurobi_exact:Infeasible|refined_3,gurobi_exact,0.31436383724212646,0.29755160212516785,0.15529472218828008,1,"{""BILL_AMT3"": 0.07764736109414004}",0.29755160212516785,True
xcreditscore_lattice,37,False,infeasible,very_high_risk,gurobi_exact:Infeasible|refined_5,gurobi_exact,0.6143829226493835,0.6072002649307251,0.2259683697872119,1,"{""BILL_AMT3"": 0.11298418489360595}",0.6072002649307251,False
xcreditscore_lattice,38,False,infeasible,very_high_risk,gurobi_exact:Infeasible|refined_7,gurobi_exact,0.7131038904190063,0.6982727646827698,0.31635253198806,1,"{""BILL_AMT3"": 0.15817626599403}",0.6982727646827698,False
xcreditscore_lattice,55,False,infeasible,very_high_risk,gurobi_exact:Infeasible|refined_2,gurobi_exact,0.5983608961105347,0.5983452200889587,0.06431302040602582,1,"{""BILL_AMT3"": 0.03215651020301291}",0.5983452200889587,False
xcreditscore_lattice,58,False,infeasible,very_high_risk,gurobi_exact:Infeasible,gurobi_exact,0.5353394746780396,0.5353394746780396,0.0,0,{},0.5353394746780396,False
xcreditscore_lattice,61,False,infeasible,very_high_risk,gurobi_exact:Infeasible|refined_5,gurobi_exact,0.6717845797538757,0.6651511192321777,0.2259709881823102,1,"{""BILL_AMT3"": 0.1129854940911551}",0.6651511192321777,False
xcreditscore_lattice,62,False,infeasible,near_threshold,gurobi_exact:Infeasible|refined_6,gurobi_exact,0.3472456634044647,0.3363889157772064,0.2742627035802189,1,"{""BILL_AMT3"": 0.13713135179010946}",0.3363889157772064,False
xcreditscore_lattice,63,False,infeasible,very_high_risk,gurobi_exact:Infeasible|refined_6,gurobi_exact,0.6409913301467896,0.6286108493804932,0.27182814163771885,1,"{""BILL_AMT3"": 0.13591407081885942}",0.6286108493804932,False
xcreditscore_lattice,66,True,feasible,near_threshold,gurobi_exact:Infeasible|refined_1,gurobi_exact,0.3021819591522217,0.29575106501579285,0.05636270008902544,1,"{""BILL_AMT3"": 0.02818135004451272}",0.29575106501579285,True
xcreditscore_lattice,71,False,infeasible,very_high_risk,gurobi_exact:Infeasible|refined_7,gurobi_exact,0.6708204746246338,0.6545647382736206,0.3155336289210467,1,"{""BILL_AMT3"": 0.15776681446052335}",0.6545647382736206,False
xcreditscore_lattice,72,False,infeasible,very_high_risk,gurobi_exact:Infeasible|refined_6,gurobi_exact,0.7974598407745361,0.7878535985946655,0.26957959484699845,1,"{""BILL_AMT3"": 0.13478979742349922}",0.7878535985946655,False
xcreditscore_lattice,83,False,infeasible,very_high_risk,gurobi_exact:Infeasible|refined_5,gurobi_exact,0.683096706867218,0.6736900806427002,0.2212194738771449,1,"{""BILL_AMT3"": 0.11060973693857246}",0.6736900806427002,False
xcreditscore_lattice,88,False,infeasible,very_high_risk,gurobi_exact:Infeasible|refined_2,gurobi_exact,0.780593752861023,0.7805705666542053,0.06352008309040447,1,"{""BILL_AMT3"": 0.03176004154520223}",0.7805705666542053,False
xcreditscore_lattice,100,False,infeasible,high_risk,gurobi_exact:Infeasible|refined_4,gurobi_exact,0.4162198603153229,0.41503435373306274,0.17627232181821356,1,"{""BILL_AMT3"": 0.08813616090910678}",0.41503435373306274,False
xcreditscore_lattice,105,False,infeasible,very_high_risk,gurobi_exact:Infeasible,gurobi_exact,0.7507709264755249,0.7507709264755249,0.0,0,{},0.7507709264755249,False
xcreditscore_lattice,106,False,infeasible,near_threshold,gurobi_exact:Infeasible|refined_5,gurobi_exact,0.3297552466392517,0.3238123953342438,0.2270877336917625,1,"{""BILL_AMT3"": 0.11354386684588125}",0.3238123953342438,False
xcreditscore_lattice,112,False,infeasible,moderate_risk,gurobi_exact:Infeasible|refined_7,gurobi_exact,0.35243141651153564,0.3344268500804901,0.31007100214708394,1,"{""BILL_AMT3"": 0.15503550107354197}",0.3344268500804901,False
xcreditscore_lattice,114,False,infeasible,very_high_risk,gurobi_exact:Infeasible,gurobi_exact,0.5264755487442017,0.5264755487442017,0.0,0,{},0.5264755487442017,False
xcreditscore_lattice,121,False,infeasible,very_high_risk,gurobi_exact:Infeasible|refined_5,gurobi_exact,0.608254075050354,0.6026589274406433,0.22848377467837389,1,"{""BILL_AMT3"": 0.11424188733918694}",0.6026589274406433,False
xcreditscore_lattice,129,False,infeasible,high_risk,gurobi_exact:Infeasible|refined_6,gurobi_exact,0.4744090139865875,0.4595261812210083,0.2689648174978617,1,"{""BILL_AMT3"": 0.13448240874893086}",0.4595261812210083,False
xcreditscore_lattice,137,False,infeasible,very_high_risk,gurobi_exact:Infeasible|refined_5,gurobi_exact,0.7638556957244873,0.7560045123100281,0.22132857367291003,1,"{""BILL_AMT3"": 0.11066428683645502}",0.7560045123100281,False
xcreditscore_lattice,141,True,feasible,near_threshold,gurobi_exact:Infeasible|refined_3,gurobi_exact,0.31519708037376404,0.29828736186027527,0.15503550107354197,1,"{""BILL_AMT3"": 0.07751775053677099}",0.29828736186027527,True
xcreditscore_lattice,145,False,infeasible,very_high_risk,gurobi_exact:Infeasible|refined_3,gurobi_exact,0.607231855392456,0.6071813702583313,0.12381430341962396,1,"{""BILL_AMT3"": 0.06190715170981198}",0.6071813702583313,False
xcreditscore_lattice,152,False,infeasible,very_high_risk,gurobi_exact:Infeasible|refined_5,gurobi_exact,0.7793711423873901,0.7745451331138611,0.2267809450660709,1,"{""BILL_AMT3"": 0.11339047253303546}",0.7745451331138611,False
xcreditscore_lattice,154,False,infeasible,high_risk,gurobi_exact:Infeasible|refined_2,gurobi_exact,0.4166140854358673,0.41660112142562866,0.0646956333897743,1,"{""BILL_AMT3"": 0.03234781669488715}",0.41660112142562866,False
xcreditscore_lattice,160,False,infeasible,very_high_risk,gurobi_exact:Optimal|refined_3,gurobi_exact,0.7719626426696777,0.7719347476959229,0.17805997758797446,2,"{""BILL_AMT3"": 0.06501639276672844, ""BILL_AMT6"": 0.031086131124996252}",0.7719347476959229,False
xcreditscore_lattice,163,False,near_feasible,near_threshold,gurobi_exact:Infeasible|refined_5,gurobi_exact,0.3124849498271942,0.30693313479423523,0.22746521898511005,1,"{""BILL_AMT3"": 0.11373260949255502}",0.30693313479423523,False
xcreditscore_lattice,170,False,infeasible,very_high_risk,gurobi_exact:Infeasible|refined_5,gurobi_exact,0.6276463270187378,0.6210660934448242,0.2266919196327264,1,"{""BILL_AMT3"": 0.1133459598163632}",0.6210660934448242,False
xcreditscore_lattice,176,True,feasible,near_threshold,gurobi_exact:Infeasible|refined_1,gurobi_exact,0.3013051748275757,0.296031653881073,0.05167850035784732,1,"{""BILL_AMT3"": 0.02583925017892366}",0.296031653881073,True
xcreditscore_lattice,181,False,near_feasible,near_threshold,gurobi_exact:Infeasible|refined_6,gurobi_exact,0.32696083188056946,0.3149755597114563,0.2710098931694799,1,"{""BILL_AMT3"": 0.13550494658473994}",0.3149755597114563,False
xcreditscore_lattice,183,False,infeasible,very_high_risk,gurobi_exact:Infeasible|refined_5,gurobi_exact,0.7965898513793945,0.7929061055183411,0.22871550264457907,1,"{""BILL_AMT3"": 0.11435775132228954}",0.7929061055183411,False
xcreditscore_lattice,203,False,infeasible,very_high_risk,gurobi_exact:Infeasible|refined_6,gurobi_exact,0.6398440599441528,0.628505289554596,0.27389940126032075,1,"{""BILL_AMT3"": 0.13694970063016038}",0.628505289554596,False
xcreditscore_lattice,207,False,infeasible,very_high_risk,gurobi:Optimal,gurobi,0.6492504477500916,0.6554980278015137,2.4989639282165284,8,"{""BILL_AMT1"": 0.2020722225024355, ""BILL_AMT2"": 0.16375053620168015, ""BILL_AMT3"": -0.07210623701712432, ""BILL_AMT4"": 0.18025408049993835, ""BILL_AMT5"": 0.11246766253018083, ""BILL_AMT6"": -0.1432804738984296, ""PAY_AMT1"": 0.11591067274758687, ""PAY_AMT5"": 0.08992992314333113}",0.6554980278015137,False
xcreditscore_lattice,208,False,infeasible,high_risk,gurobi:Optimal,gurobi,0.47950926423072815,0.4795094132423401,0.18527648810117392,1,"{""BILL_AMT1"": 0.102265447927124}",0.4795094132423401,False
xcreditscore_lattice,211,False,infeasible,moderate_risk,gurobi:Optimal|refined_6,gurobi,0.35253962874412537,0.34209921956062317,0.6218734109361559,2,"{""BILL_AMT1"": 0.19139794459343318, ""BILL_AMT3"": 0.13755684099359372}",0.34209921956062317,False
xcreditscore_lattice,213,False,infeasible,high_risk,gurobi:Optimal|refined_7,gurobi,0.4429122507572174,0.42061010003089905,1.044787751097954,4,"{""BILL_AMT1"": 0.20207222250243562, ""BILL_AMT2"": 0.1022105601168781, ""BILL_AMT3"": 0.15703628222807964, ""BILL_AMT5"": 0.11246766253018084}",0.42061010003089905,False
xcreditscore_lattice,236,False,infeasible,very_high_risk,gurobi:Infeasible|refined_7,gurobi,0.8363375067710876,0.8266531229019165,0.31754062876394284,1,"{""BILL_AMT3"": 0.15877031438197142}",0.8266531229019165,False
xcreditscore_lattice,242,False,infeasible,moderate_risk,gurobi:Optimal|refined_7,gurobi,0.3784932494163513,0.3613903224468231,0.7280872832995342,3,"{""BILL_AMT1"": 0.20207222250243567, ""BILL_AMT3"": 0.15762509382582438, ""BILL_AMT5"": 0.035193795977745496}",0.3613903224468231,False
xcreditscore_lattice,249,False,infeasible,very_high_risk,gurobi:Infeasible|refined_7,gurobi,0.6616897583007812,0.6438414454460144,0.31170749908356177,1,"{""BILL_AMT3"": 0.15585374954178088}",0.6438414454460144,False
xcreditscore_lattice,271,False,near_feasible,near_threshold,gurobi:Optimal|refined_5,gurobi,0.324556827545166,0.3192730247974396,0.5522578876819598,2,"{""BILL_AMT1"": 0.1788902267570959, ""BILL_AMT3"": 0.11407932864349678}",0.3192730247974396,False
xcreditscore_lattice,277,False,infeasible,very_high_risk,gurobi:Infeasible|refined_6,gurobi,0.8160783052444458,0.8087843060493469,0.27444162724527377,1,"{""BILL_AMT3"": 0.13722081362263688}",0.8087843060493469,False
xcreditscore_lattice,279,False,infeasible,near_threshold,gurobi:Optimal|refined_4,gurobi,0.32300880551338196,0.3227197527885437,0.47750038416108526,2,"{""BILL_AMT1"": 0.16569553334836495, ""BILL_AMT3"": 0.08865313029134012}",0.3227197527885437,False
xcreditscore_lattice,282,False,infeasible,very_high_risk,gurobi:Infeasible|refined_4,gurobi,0.7640972137451172,0.7612408995628357,0.17340616108366647,1,"{""BILL_AMT3"": 0.08670308054183323}",0.7612408995628357,False
xcreditscore_lattice,283,False,infeasible,moderate_risk,gurobi:Optimal|refined_7,gurobi,0.3721023201942444,0.35151562094688416,0.9389364221442846,4,"{""BILL_AMT1"": 0.20207222250243567, ""BILL_AMT2"": 0.05206851883486127, ""BILL_AMT3"": 0.15691027196397092, ""BILL_AMT5"": 0.11246766253018085}",0.35151562094688416,False
xcreditscore_lattice,284,False,infeasible,very_high_risk,gurobi:Optimal,gurobi,0.6585478186607361,0.6614359617233276,4.230394261582092,8,"{""BILL_AMT1"": 0.20207222250243562, ""BILL_AMT2"": 0.16375053620168015, ""BILL_AMT3"": -0.06090823397978599, ""BILL_AMT4"": 0.18025408049993835, ""BILL_AMT5"": 0.11246766253018083, ""BILL_AMT6"": -0.1432804738984296, ""PAY_AMT1"": 0.11591067274758687, ""PAY_AMT2"": 0.22174948288317445}",0.6614359617233276,False
xcreditscore_lattice,292,False,infeasible,very_high_risk,gurobi:Optimal,gurobi,0.5926505923271179,0.6067889332771301,1.782192438913432,7,"{""BILL_AMT1"": 0.20207222250243564, ""BILL_AMT2"": 0.16375053620168012, ""BILL_AMT3"": -0.09519284479899454, ""BILL_AMT4"": 0.18025408049993835, ""BILL_AMT5"": 0.11246766253018084, ""BILL_AMT6"": -0.1432804738984296, ""PAY_AMT1"": 0.03904893020368003}",0.6067889332771301,False
xcreditscore_lattice,293,False,infeasible,high_risk,gurobi:Optimal|refined_2,gurobi,0.4934186637401581,0.49340781569480896,0.3902705763205816,2,"{""BILL_AMT1"": 0.17954343660609334, ""BILL_AMT3"": 0.03249395587131462}",0.49340781569480896,False
xcreditscore_lattice,295,False,infeasible,high_risk,gurobi:Optimal|refined_6,gurobi,0.4980184733867645,0.484504371881485,1.3705666752313361,6,"{""BILL_AMT1"": 0.20207222250243567, ""BILL_AMT2"": 0.16375053620168012, ""BILL_AMT3"": 0.1374512869411909, ""BILL_AMT4"": 0.011599981405642557, ""BILL_AMT5"": 0.11246766253018083, ""BILL_AMT6"": -0.1432804738984296}",0.484504371881485,False
xcreditscore_lattice,299,False,infeasible,very_high_risk,gurobi:Optimal|refined_5,gurobi,0.5922078490257263,0.5923229455947876,0.5955309575609182,3,"{""BILL_AMT1"": 0.12447298491891368, ""BILL_AMT2"": 0.10477653931858816, ""BILL_AMT5"": 0.11246766253018081}",0.5923229455947876,False
xcreditscore_lattice,308,False,near_feasible,near_threshold,gurobi:Optimal,gurobi,0.3048478960990906,0.30484798550605774,0.11319907897072387,1,"{""BILL_AMT1"": 0.06248150876843833}",0.30484798550605774,False
xcreditscore_lattice,316,False,infeasible,high_risk,gurobi:Optimal|refined_7,gurobi,0.41438284516334534,0.3913961350917816,1.1791834229154992,5,"{""BILL_AMT1"": 0.20207222250243564, ""BILL_AMT2"": 0.16375053620168015, ""BILL_AMT3"": 0.15503550107354197, ""BILL_AMT5"": 0.11246766253018084, ""BILL_AMT6"": -0.005691907900977317}",0.3913961350917816,False
xcreditscore_lattice,318,False,infeasible,very_high_risk,gurobi:Infeasible|refined_5,gurobi,0.7231817841529846,0.7176588773727417,0.22688655366837152,1,"{""BILL_AMT3"": 0.11344327683418576}",0.7176588773727417,False
xcreditscore_lattice,329,False,infeasible,very_high_risk,gurobi:Infeasible|refined_6,gurobi,0.8280405402183533,0.8210429549217224,0.2740112285509802,1,"{""BILL_AMT3"": 0.1370056142754901}",0.8210429549217224,False
xcreditscore_lattice,338,False,infeasible,high_risk,gurobi:Optimal|refined_7,gurobi,0.48220065236091614,0.46090397238731384,1.215902389986264,5,"{""BILL_AMT1"": 0.20207222250243564, ""BILL_AMT2"": 0.16375053620168017, ""BILL_AMT3"": 0.1584043936669751, ""BILL_AMT5"": 0.11246766253018084, ""BILL_AMT6"": -0.025097559396643432}",0.46090397238731384,False
xcreditscore_lattice,345,False,infeasible,very_high_risk,gurobi:Infeasible|refined_7,gurobi,0.7258383631706238,0.710845947265625,0.3147729851449717,1,"{""BILL_AMT3"": 0.15738649257248585}",0.710845947265625,False
xcreditscore_lattice,346,False,infeasible,very_high_risk,gurobi:Infeasible|refined_3,gurobi,0.7527691125869751,0.7527373433113098,0.12188214603662262,1,"{""BILL_AMT3"": 0.06094107301831131}",0.7527373433113098,False
xcreditscore_lattice,351,False,infeasible,very_high_risk,gurobi:Optimal|refined_7,gurobi,0.5538643002510071,0.5302042365074158,1.039038536473424,4,"{""BILL_AMT1"": 0.20207222250243564, ""BILL_AMT2"": 0.10102047071869444, ""BILL_AMT3"": 0.15541484106341755, ""BILL_AMT5"": 0.11246766253018084}",0.5302042365074158,False
xcreditscore_lattice,354,False,infeasible,moderate_risk,gurobi:Optimal|refined_6,gurobi,0.36787840723991394,0.35427865386009216,0.6294395633627434,2,"{""BILL_AMT1"": 0.19882598639819415, ""BILL_AMT3"": 0.13461114650793377}",0.35427865386009216,False
xcreditscore_lattice,360,False,infeasible,very_high_risk,gurobi:Infeasible|refined_7,gurobi,0.7275024652481079,0.7136717438697815,0.3177684291375007,1,"{""BILL_AMT3"": 0.15888421456875035}",0.7136717438697815,False
xcreditscore_lattice,362,False,infeasible,very_high_risk,gurobi:Infeasible|refined_7,gurobi,0.6268558502197266,0.6083282232284546,0.31086044826924086,1,"{""BILL_AMT3"": 0.15543022413462043}",0.6083282232284546,False
xcreditscore_lattice,366,False,infeasible,very_high_risk,gurobi:Optimal|refined_4,gurobi,0.6396800875663757,0.6365150809288025,0.7962826622684378,4,"{""BILL_AMT1"": 0.20207222250243567, ""BILL_AMT2"": 0.05026713434627461, ""BILL_AMT3"": 0.08748025293696651, ""BILL_AMT5"": 0.11246766253018084}",0.6365150809288025,False
xcreditscore_lattice,384,False,infeasible,very_high_risk,gurobi:Infeasible|refined_7,gurobi,0.6877480149269104,0.6713841557502747,0.314196283624557,1,"{""BILL_AMT3"": 0.1570981418122785}",0.6713841557502747,False
xcreditscore_lattice,387,False,infeasible,very_high_risk,gurobi:Infeasible|refined_8,gurobi,0.5430101156234741,0.5231337547302246,0.33220742951371696,2,"{""BILL_AMT3"": 0.15503550107354197, ""BILL_AMT6"": 0.014328047389842974}",0.5231337547302246,False
xcreditscore_lattice,390,False,infeasible,moderate_risk,gurobi:Optimal|refined_6,gurobi,0.39638617634773254,0.38147103786468506,0.6372709578224263,3,"{""BILL_AMT1"": 0.20207222250243567, ""BILL_AMT3"": 0.13374925812138883, ""BILL_AMT5"": 0.0027664177167664866}",0.38147103786468506,False
xcreditscore_lattice,392,False,infeasible,very_high_risk,gurobi:Optimal,gurobi,0.6606594324111938,0.6668666005134583,2.655736545599731,8,"{""BILL_AMT1"": 0.20207222250243564, ""BILL_AMT2"": 0.16375053620168015, ""BILL_AMT3"": -0.07223933876795782, ""BILL_AMT4"": 0.18025408049993835, ""BILL_AMT5"": 0.11246766253018083, ""BILL_AMT6"": -0.1432804738984296, ""PAY_AMT1"": 0.11591067274758687, ""PAY_AMT5"": 0.16540443146349876}",0.6668666005134583,False
xcreditscore_lattice,412,False,infeasible,very_high_risk,gurobi:Optimal|refined_7,gurobi,0.6219131946563721,0.6030429601669312,0.6353426810738272,2,"{""BILL_AMT1"": 0.17925554867240417, ""BILL_AMT3"": 0.1552907945956325}",0.6030429601669312,False
xcreditscore_lattice,415,False,infeasible,moderate_risk,gurobi:Optimal|refined_7,gurobi,0.35560089349746704,0.34004735946655273,0.31772980780979976,1,"{""BILL_AMT3"": 0.15886490390489988}",0.34004735946655273,False
xcreditscore_lattice,416,False,infeasible,very_high_risk,gurobi:Infeasible|refined_4,gurobi,0.7638854384422302,0.7638274431228638,0.17872575802538093,1,"{""BILL_AMT3"": 0.08936287901269047}",0.7638274431228638,False
xcreditscore_lattice,419,False,infeasible,high_risk,gurobi:Optimal|refined_6,gurobi,0.41140469908714294,0.397266149520874,0.820863276386173,4,"{""BILL_AMT1"": 0.20207222250243562, ""BILL_AMT2"": 0.016235043289396664, ""BILL_AMT3"": 0.1356064093948016, ""BILL_AMT5"": 0.11246766253018085}",0.397266149520874,False
xcreditscore_lattice,425,False,near_feasible,near_threshold,gurobi:Optimal|refined_7,gurobi,0.33213868737220764,0.3147940933704376,0.45898762748180383,2,"{""BILL_AMT1"": 0.08171458098774487, ""BILL_AMT3"": 0.15547179115680693}",0.3147940933704376,False
xcreditscore_lattice,433,False,infeasible,moderate_risk,gurobi:Optimal|refined_6,gurobi,0.3871516287326813,0.3726257383823395,0.6628494765448055,3,"{""BILL_AMT1"": 0.20207222250243564, ""BILL_AMT3"": 0.13400046040113814, ""BILL_AMT5"": 0.02164855335372684}",0.3726257383823395,False
xcreditscore_lattice,445,False,infeasible,very_high_risk,gurobi:Infeasible|refined_7,gurobi,0.6680838465690613,0.6505300402641296,0.31233264091329616,1,"{""BILL_AMT3"": 0.15616632045664808}",0.6505300402641296,False
xcreditscore_lattice,447,False,infeasible,very_high_risk,gurobi:Infeasible|refined_6,gurobi,0.6420105695724487,0.6283653974533081,0.26930139036779716,1,"{""BILL_AMT3"": 0.13465069518389858}",0.6283653974533081,False
xcreditscore_lattice,451,False,infeasible,very_high_risk,gurobi:Infeasible|refined_5,gurobi,0.6764556765556335,0.6683187484741211,0.22356861067956088,1,"{""BILL_AMT3"": 0.11178430533978044}",0.6683187484741211,False
xcreditscore_lattice,456,False,infeasible,moderate_risk,gurobi:Optimal|refined_6,gurobi,0.35750728845596313,0.34258338809013367,0.6775221609563321,3,"{""BILL_AMT1"": 0.20207222250243564, ""BILL_AMT3"": 0.13309902333862839, ""BILL_AMT5"": 0.03405453176653231}",0.34258338809013367,False
xcreditscore_lattice,457,False,infeasible,very_high_risk,gurobi:Optimal,gurobi,0.762567937374115,0.7798683047294617,5.820585573433122,9,"{""BILL_AMT1"": 0.20207222250243562, ""BILL_AMT2"": 0.16375053620168017, ""BILL_AMT3"": -0.17021095536509157, ""BILL_AMT4"": 0.18025408049993835, ""BILL_AMT5"": 0.11246766253018081, ""BILL_AMT6"": -0.1432804738984296, ""PAY_AMT1"": 0.11591067274758687, ""PAY_AMT2"": 0.33635674370375496, ""PAY_AMT5"": 0.17783878704613287}",0.7798683047294617,False
xcreditscore_lattice,458,False,infeasible,very_high_risk,gurobi:Infeasible|refined_6,gurobi,0.8379479646682739,0.8291027545928955,0.2671461239024561,1,"{""BILL_AMT3"": 0.13357306195122806}",0.8291027545928955,False
xcreditscore_lattice,460,False,infeasible,very_high_risk,gurobi:Optimal|refined_8,gurobi,0.5593341588973999,0.5369610786437988,1.1881946253825337,5,"{""BILL_AMT1"": 0.20207222250243564, ""BILL_AMT2"": 0.16375053620168015, ""BILL_AMT3"": 0.15725426362001854, ""BILL_AMT5"": 0.11246766253018084, ""BILL_AMT6"": 0.008652271155459496}",0.5369610786437988,False
xcreditscore_lattice,470,False,infeasible,very_high_risk,gurobi:Optimal,gurobi,0.6833840012550354,0.6998962163925171,2.686354670773097,8,"{""BILL_AMT1"": 0.20207222250243564, ""BILL_AMT2"": 0.16375053620168017, ""BILL_AMT3"": -0.11022570565747902, ""BILL_AMT4"": 0.18025408049993838, ""BILL_AMT5"": 0.11246766253018084, ""BILL_AMT6"": -0.1432804738984296, ""PAY_AMT1"": 0.11591067274758687, ""PAY_AMT5"": 0.14353237715166658}",0.6998962163925171,False
xcreditscore_lattice,471,False,near_feasible,near_threshold,gurobi:Optimal|refined_7,gurobi,0.3275362253189087,0.3105098009109497,0.31225474365912,1,"{""BILL_AMT3"": 0.15612737182956}",0.3105098009109497,False
xcreditscore_lattice,473,False,infeasible,very_high_risk,gurobi:Optimal|refined_5,gurobi,0.5576874613761902,0.544744610786438,0.8964651293707595,4,"{""BILL_AMT1"": 0.20207222250243564, ""BILL_AMT2"": 0.07583677404666586, ""BILL_AMT3"": 0.11064661266954111, ""BILL_AMT5"": 0.11246766253018084}",0.544744610786438,False
xcreditscore_lattice,486,False,infeasible,very_high_risk,gurobi:Optimal,gurobi,0.6996535658836365,0.7198569774627686,6.1082460855333185,10,"{""BILL_AMT1"": 0.20207222250243567, ""BILL_AMT2"": 0.16375053620168017, ""BILL_AMT3"": -0.1968465795032032, ""BILL_AMT4"": 0.18025408049993835, ""BILL_AMT5"": 0.11246766253018084, ""BILL_AMT6"": -0.1432804738984296, ""PAY_AMT1"": 0.11591067274758687, ""PAY_AMT2"": 0.34642105817415636, ""PAY_AMT4"": 0.05853060488318479, ""PAY_AMT5"": 0.17783878704613287}",0.7198569774627686,False
xcreditscore_lattice,489,False,infeasible,moderate_risk,gurobi:Optimal|refined_4,gurobi,0.3561582863330841,0.3561096489429474,0.49008476188991473,2,"{""BILL_AMT1"": 0.17180391800946257, ""BILL_AMT3"": 0.08941197392078487}",0.3561096489429474,False
xcreditscore_lattice,498,False,infeasible,very_high_risk,gurobi:Infeasible|refined_7,gurobi,0.7673408389091492,0.7535922527313232,0.3140607816782166,1,"{""BILL_AMT3"": 0.1570303908391083}",0.7535922527313232,False
xcreditscore_lattice,514,False,infeasible,very_high_risk,gurobi:Infeasible|refined_6,gurobi,0.7000098824501038,0.6862400770187378,0.2666126259011643,1,"{""BILL_AMT3"": 0.13330631295058215}",0.6862400770187378,False
xcreditscore_lattice,517,False,infeasible,very_high_risk,gurobi:Infeasible|refined_6,gurobi,0.7510879039764404,0.7382200360298157,0.265341067781521,1,"{""BILL_AMT3"": 0.1326705338907605}",0.7382200360298157,False
xcreditscore_lattice,518,False,infeasible,very_high_risk,gurobi:Optimal,gurobi,0.6663018465042114,0.6879227161407471,4.418072405817162,8,"{""BILL_AMT1"": 0.20207222250243562, ""BILL_AMT2"": 0.16375053620168012, ""BILL_AMT3"": -0.1826068741599316, ""BILL_AMT4"": 0.18025408049993832, ""BILL_AMT5"": 0.11246766253018081, ""BILL_AMT6"": -0.1432804738984296, ""PAY_AMT1"": 0.11591067274758687, ""PAY_AMT2"": 0.21538158161172052}",0.6879227161407471,False
xcreditscore_lattice,522,False,near_feasible,near_threshold,gurobi:Optimal|refined_7,gurobi,0.32046064734458923,0.30323028564453125,0.3091545638626564,1,"{""BILL_AMT3"": 0.1545772819313282}",0.30323028564453125,False
xcreditscore_lattice,523,False,infeasible,very_high_risk,gurobi:Infeasible|refined_5,gurobi,0.623589277267456,0.6154281497001648,0.2238413601689737,1,"{""BILL_AMT3"": 0.11192068008448686}",0.6154281497001648,False
xcreditscore_lattice,527,False,infeasible,very_high_risk,gurobi:Optimal,gurobi,0.6927708983421326,0.7104077935218811,1.7960297575678452,7,"{""BILL_AMT1"": 0.20207222250243562, ""BILL_AMT2"": 0.16375053620168015, ""BILL_AMT3"": -0.11468461431040203, ""BILL_AMT4"": 0.18025408049993835, ""BILL_AMT5"": 0.11246766253018081, ""BILL_AMT6"": -0.1432804738984296, ""PAY_AMT1"": 0.03569610082122644}",0.7104077935218811,False
xcreditscore_lattice,528,False,infeasible,very_high_risk,gurobi:Optimal|refined_2,gurobi,0.6523842811584473,0.6523844003677368,0.11200037284468027,1,"{""BILL_AMT1"": 0.06181986939816975}",0.6523844003677368,False
xcreditscore_lattice,532,False,infeasible,high_risk,gurobi:Optimal|refined_7,gurobi,0.4891715943813324,0.47157999873161316,0.826426699532307,3,"{""BILL_AMT1"": 0.20207222250243564, ""BILL_AMT3"": 0.1584345052106063, ""BILL_AMT5"": 0.10802371503127282}",0.47157999873161316,False
xcreditscore_lattice,538,False,infeasible,very_high_risk,gurobi:Infeasible|refined_4,gurobi,0.7739203572273254,0.7738847732543945,0.1797164932707247,1,"{""BILL_AMT3"": 0.08985824663536235}",0.7738847732543945,False
xcreditscore_lattice,544,False,infeasible,high_risk,gurobi:Optimal|refined_6,gurobi,0.40340688824653625,0.389897882938385,0.7656382206110495,3,"{""BILL_AMT1"": 0.20207222250243564, ""BILL_AMT3"": 0.13517055571071968, ""BILL_AMT5"": 0.09728559976388544}",0.389897882938385,False
xcreditscore_lattice,546,False,infeasible,high_risk,gurobi:Optimal,gurobi,0.4707707464694977,0.47790223360061646,3.7257567075416214,8,"{""BILL_AMT1"": 0.20207222250243564, ""BILL_AMT2"": 0.16375053620168012, ""BILL_AMT3"": -0.07261682406130537, ""BILL_AMT4"": 0.18025408049993835, ""BILL_AMT5"": 0.11246766253018084, ""BILL_AMT6"": -0.1432804738984296, ""PAY_AMT1"": 0.11591067274758687, ""PAY_AMT2"": 0.16140037040277325}",0.47790223360061646,False
xcreditscore_lattice,547,False,near_feasible,near_threshold,gurobi:Optimal|refined_5,gurobi,0.31316420435905457,0.30724960565567017,0.22673599595021554,1,"{""BILL_AMT3"": 0.11336799797510777}",0.30724960565567017,False
xcreditscore_lattice,554,False,infeasible,very_high_risk,gurobi:Optimal|refined_7,gurobi,0.6096283793449402,0.6097840070724487,1.11289713720174,5,"{""BILL_AMT1"": 0.20207222250243567, ""BILL_AMT2"": 0.16375053620168012, ""BILL_AMT3"": 0.015607139623622507, ""BILL_AMT5"": 0.11246766253018087, ""BILL_AMT6"": -0.1432804738984296}",0.6097840070724487,False
xcreditscore_lattice,557,False,infeasible,high_risk,gurobi:Optimal|refined_6,gurobi,0.46186164021492004,0.45033544301986694,0.7351132440316215,3,"{""BILL_AMT1"": 0.20207222250243564, ""BILL_AMT3"": 0.13754320351912305, ""BILL_AMT5"": 0.07072733562311834}",0.45033544301986694,False
xcreditscore_lattice,565,False,infeasible,very_high_risk,gurobi:Infeasible|refined_7,gurobi,0.7483973503112793,0.7330808043479919,0.31020192190200224,1,"{""BILL_AMT3"": 0.15510096095100112}",0.7330808043479919,False
xcreditscore_lattice,567,False,infeasible,moderate_risk,gurobi:Optimal|refined_7,gurobi,0.3557884693145752,0.33855682611465454,0.3137105713338104,1,"{""BILL_AMT3"": 0.1568552856669052}",0.33855682611465454,False
xcreditscore_lattice,568,False,infeasible,very_high_risk,gurobi:Infeasible|refined_6,gurobi,0.7757860422134399,0.7670035362243652,0.27343190863546696,1,"{""BILL_AMT3"": 0.13671595431773348}",0.7670035362243652,False
xcreditscore_lattice,580,False,infeasible,moderate_risk,gurobi:Optimal|refined_7,gurobi,0.3695901036262512,0.35119980573654175,0.31007100214708394,1,"{""BILL_AMT3"": 0.15503550107354197}",0.35119980573654175,False
xcreditscore_lattice,583,False,infeasible,very_high_risk,gurobi:Infeasible|refined_6,gurobi,0.645645797252655,0.6342222690582275,0.27353609894042286,1,"{""BILL_AMT3"": 0.13676804947021143}",0.6342222690582275,False
xcreditscore_lattice,584,False,infeasible,near_threshold,gurobi:Optimal,gurobi,0.34775614738464355,0.3477562367916107,0.21527366826299799,1,"{""BILL_AMT1"": 0.11882272995054194}",0.3477562367916107,False
xcreditscore_lattice,586,False,infeasible,very_high_risk,gurobi:Infeasible|refined_6,gurobi,0.830514669418335,0.8211020231246948,0.2662744165342923,1,"{""BILL_AMT3"": 0.13313720826714615}",0.8211020231246948,False
xcreditscore_lattice,587,False,infeasible,very_high_risk,gurobi:Optimal|refined_6,gurobi,0.5255600214004517,0.5257011651992798,0.7056370387642905,4,"{""BILL_AMT1"": 0.12633495886614443, ""BILL_AMT2"": 0.12411174914914297, ""BILL_AMT3"": 0.0330063430621258, ""BILL_AMT5"": 0.11246766253018084}",0.5257011651992798,False
xcreditscore_lattice,590,False,infeasible,very_high_risk,gurobi:Optimal|refined_6,gurobi,0.6205787062644958,0.6064416766166687,1.389609614508463,6,"{""BILL_AMT1"": 0.20207222250243564, ""BILL_AMT2"": 0.16375053620168017, ""BILL_AMT3"": 0.13664640319793322, ""BILL_AMT4"": 0.028735153698643226, ""BILL_AMT5"": 0.11246766253018084, ""BILL_AMT6"": -0.1432804738984296}",0.6064416766166687,False
xcreditscore_lattice,594,False,infeasible,very_high_risk,gurobi:Optimal,gurobi,0.6234381198883057,0.624070405960083,4.098210012221154,8,"{""BILL_AMT1"": 0.20207222250243567, ""BILL_AMT2"": 0.16375053620168017, ""BILL_AMT3"": -0.050324462792605655, ""BILL_AMT4"": 0.18025408049993838, ""BILL_AMT5"": 0.11246766253018085, ""BILL_AMT6"": -0.1432804738984296, ""PAY_AMT1"": 0.11591067274758687, ""PAY_AMT2"": 0.2090618592275654}",0.624070405960083,False
xcreditscore_lattice,607,False,infeasible,very_high_risk,gurobi:Infeasible|refined_6,gurobi,0.7097896933555603,0.6973744630813599,0.2690531883324315,1,"{""BILL_AMT3"": 0.13452659416621576}",0.6973744630813599,False
xcreditscore_lattice,614,False,infeasible,very_high_risk,gurobi:Infeasible|refined_6,gurobi,0.6401438117027283,0.6283472180366516,0.27299114546057573,1,"{""BILL_AMT3"": 0.13649557273028787}",0.6283472180366516,False
xcreditscore_lattice,616,False,infeasible,high_risk,gurobi:Optimal|refined_6,gurobi,0.4785754382610321,0.46044400334358215,1.091556908500982,4,"{""BILL_AMT1"": 0.20207222250243562, ""BILL_AMT2"": 0.1458823381635373, ""BILL_AMT3"": 0.1344344048387941, ""BILL_AMT5"": 0.11246766253018084}",0.46044400334358215,False
xcreditscore_lattice,617,False,near_feasible,near_threshold,gurobi:Optimal,gurobi,0.30142146348953247,0.3014216125011444,0.21120535029079235,1,"{""BILL_AMT1"": 0.11657717594635342}",0.3014216125011444,False
xcreditscore_lattice,618,False,infeasible,very_high_risk,gurobi:Optimal|refined_7,gurobi,0.5613985061645508,0.5380615592002869,1.23959287015902,5,"{""BILL_AMT1"": 0.20207222250243562, ""BILL_AMT2"": 0.16375053620168015, ""BILL_AMT3"": 0.1557873077661599, ""BILL_AMT5"": 0.11246766253018084, ""BILL_AMT6"": -0.04381936022564323}",0.5380615592002869,False
xcreditscore_lattice,624,False,infeasible,very_high_risk,gurobi:Infeasible|refined_5,gurobi,0.6323400139808655,0.6230641603469849,0.22240080646569038,1,"{""BILL_AMT3"": 0.11120040323284519}",0.6230641603469849,False
xcreditscore_lattice,625,False,near_feasible,near_threshold,gurobi:Optimal|refined_2,gurobi,0.31460776925086975,0.31459230184555054,0.33549371384533094,2,"{""BILL_AMT1"": 0.14980342732215868, ""BILL_AMT3"": 0.03204582846020912}",0.31459230184555054,False
xcreditscore_lattice,636,False,infeasible,high_risk,gurobi:Optimal|refined_7,gurobi,0.4424266517162323,0.4239548146724701,0.6481912897058112,2,"{""BILL_AMT1"": 0.18438735917126026, ""BILL_AMT3"": 0.15706639377171083}",0.4239548146724701,False
xcreditscore_lattice,643,False,near_feasible,near_threshold,gurobi:Optimal|refined_5,gurobi,0.31816861033439636,0.3134837746620178,0.4903262839513429,2,"{""BILL_AMT1"": 0.14422583282751444, ""BILL_AMT3"": 0.11451463682859987}",0.3134837746620178,False
xcreditscore_lattice,644,False,infeasible,very_high_risk,gurobi:Infeasible|refined_6,gurobi,0.7601149082183838,0.7479081153869629,0.2660142135213922,1,"{""BILL_AMT3"": 0.1330071067606961}",0.7479081153869629,False
xcreditscore_lattice,653,False,near_feasible,near_threshold,gurobi:Optimal|refined_2,gurobi,0.3184412717819214,0.3184228837490082,0.27645073203644405,2,"{""BILL_AMT1"": 0.11744733547487657, ""BILL_AMT3"": 0.031834447605914085}",0.3184228837490082,False
xcreditscore_lattice,655,False,infeasible,very_high_risk,gurobi:Optimal|refined_6,gurobi,0.5112017393112183,0.4923901855945587,1.105047047504084,4,"{""BILL_AMT1"": 0.20207222250243567, ""BILL_AMT2"": 0.15281345544901356, ""BILL_AMT3"": 0.13388099612477528, ""BILL_AMT5"": 0.11246766253018084}",0.4923901855945587,False
xcreditscore_lattice,656,False,infeasible,very_high_risk,gurobi:Infeasible|refined_5,gurobi,0.8052753210067749,0.8004159927368164,0.22573315062754196,1,"{""BILL_AMT3"": 0.11286657531377098}",0.8004159927368164,False
xcreditscore_lattice,657,False,infeasible,very_high_risk,gurobi:Optimal,gurobi,0.5485472679138184,0.5728039741516113,5.490764263149642,9,"{""BILL_AMT1"": 0.20207222250243567, ""BILL_AMT2"": 0.16375053620168012, ""BILL_AMT3"": -0.14945144622689266, ""BILL_AMT4"": 0.18025408049993835, ""BILL_AMT5"": 0.11246766253018084, ""BILL_AMT6"": -0.1432804738984296, ""PAY_AMT1"": 0.11591067274758687, ""PAY_AMT2"": 0.303407910331517, ""PAY_AMT5"": 0.17783878704613287}",0.5728039741516113,False
xcreditscore_lattice,659,False,infeasible,very_high_risk,gurobi:Optimal|refined_6,gurobi,0.7498149871826172,0.7500107884407043,1.105923602688978,5,"{""BILL_AMT1"": 0.18370772796173052, ""BILL_AMT2"": 0.16375053620168012, ""BILL_AMT3"": -0.02875604513464436, ""BILL_AMT5"": 0.11246766253018081, ""BILL_AMT6"": -0.1432804738984296}",0.7500107884407043,False
xcreditscore_lattice,662,False,infeasible,very_high_risk,gurobi:Infeasible|refined_5,gurobi,0.798760175704956,0.7936872243881226,0.22553808019271382,1,"{""BILL_AMT3"": 0.11276904009635691}",0.7936872243881226,False
xcreditscore_lattice,664,False,near_feasible,near_threshold,gurobi:Optimal|refined_6,gurobi,0.3196769952774048,0.30522847175598145,0.7328942254397889,3,"{""BILL_AMT1"": 0.20207222250243564, ""BILL_AMT3"": 0.1326871716096148, ""BILL_AMT5"": 0.07636954539272452}",0.30522847175598145,False
xcreditscore_lattice,666,False,infeasible,high_risk,gurobi:Optimal|refined_5,gurobi,0.4498545825481415,0.4498548209667206,0.2291029300670652,1,"{""BILL_AMT1"": 0.1264559470272933}",0.4498548209667206,False
xcreditscore_lattice,669,False,infeasible,moderate_risk,gurobi:Optimal|refined_6,gurobi,0.36450204253196716,0.3510163128376007,0.5818608209674878,2,"{""BILL_AMT1"": 0.17245837754281756, ""BILL_AMT3"": 0.13470715432820712}",0.3510163128376007,False
xcreditscore_lattice,690,False,infeasible,very_high_risk,gurobi:Infeasible|refined_5,gurobi,0.6009491682052612,0.5953241586685181,0.22841787840173164,1,"{""BILL_AMT3"": 0.11420893920086582}",0.5953241586685181,False
xcreditscore_lattice,695,False,infeasible,very_high_risk,gurobi:Infeasible|refined_5,gurobi,0.8098331093788147,0.8059535026550293,0.22792387452650686,1,"{""BILL_AMT3"": 0.11396193726325343}",0.8059535026550293,False
xcreditscore_lattice,698,False,infeasible,very_high_risk,gurobi:Optimal|refined_6,gurobi,0.6158651113510132,0.6026908755302429,0.9255224157297856,4,"{""BILL_AMT1"": 0.20207222250243564, ""BILL_AMT2"": 0.06500440233480062, ""BILL_AMT3"": 0.1365817615689424, ""BILL_AMT5"": 0.11246766253018084}",0.6026908755302429,False
xcreditscore_lattice,712,False,infeasible,very_high_risk,gurobi:Optimal|refined_5,gurobi,0.5234028697013855,0.517300546169281,1.432238256073432,6,"{""BILL_AMT1"": 0.20207222250243567, ""BILL_AMT2"": 0.16375053620168015, ""BILL_AMT3"": 0.11470905266465348, ""BILL_AMT4"": 0.10050539170546546, ""BILL_AMT5"": 0.11246766253018084, ""BILL_AMT6"": -0.1432804738984296}",0.517300546169281,False
xcreditscore_lattice,717,False,infeasible,very_high_risk,gurobi:Optimal|refined_6,gurobi,0.5367316603660583,0.5190045237541199,1.3441478498221655,5,"{""BILL_AMT1"": 0.20207222250243567, ""BILL_AMT2"": 0.16375053620168015, ""BILL_AMT3"": 0.13458878104980188, ""BILL_AMT5"": 0.11246766253018084, ""BILL_AMT6"": -0.1389356885905817}",0.5190045237541199,False
xcreditscore_lattice,718,False,infeasible,moderate_risk,gurobi:Optimal|refined_3,gurobi,0.38094016909599304,0.3808756172657013,0.4352011982464722,2,"{""BILL_AMT1"": 0.17335224412123973, ""BILL_AMT3"": 0.060567624417407095}",0.3808756172657013,False
xcreditscore_lattice,721,False,near_feasible,near_threshold,gurobi:Optimal|refined_7,gurobi,0.32738345861434937,0.30745941400527954,1.1615155625895355,4,"{""BILL_AMT1"": 0.20207222250243564, ""BILL_AMT2"": 0.15806914016388351, ""BILL_AMT3"": 0.15658100878035153, ""BILL_AMT5"": 0.11246766253018084}",0.30745941400527954,False
xcreditscore_lattice,723,False,infeasible,very_high_risk,gurobi:Optimal|refined_6,gurobi,0.6153373122215271,0.6015092134475708,0.8556325598855079,4,"{""BILL_AMT1"": 0.20207222250243567, ""BILL_AMT2"": 0.03230690269134129, ""BILL_AMT3"": 0.1360673560319095, ""BILL_AMT5"": 0.11246766253018084}",0.6015092134475708,False
xcreditscore_lattice,725,False,infeasible,very_high_risk,gurobi:Infeasible|refined_6,gurobi,0.7017187476158142,0.6916964650154114,0.274594366959345,1,"{""BILL_AMT3"": 0.1372971834796725}",0.6916964650154114,False
xcreditscore_lattice,728,False,infeasible,very_high_risk,gurobi:Optimal|refined_2,gurobi,0.6074662804603577,0.6076328158378601,1.212619808956134,6,"{""BILL_AMT1"": 0.20207222250243562, ""BILL_AMT2"": 0.16375053620168012, ""BILL_AMT3"": 0.03312280709410512, ""BILL_AMT4"": 0.05367321653518456, ""BILL_AMT5"": 0.11246766253018084, ""BILL_AMT6"": -0.1432804738984296}",0.6076328158378601,False
xcreditscore_lattice,731,True,feasible,near_threshold,gurobi:Optimal|refined_3,gurobi,0.31200674176216125,0.2956239879131317,0.15552645015448532,1,"{""BILL_AMT3"": 0.07776322507724266}",0.2956239879131317,True
xcreditscore_lattice,732,False,infeasible,very_high_risk,gurobi:Infeasible|refined_7,gurobi,0.8365615010261536,0.8255091905593872,0.31174022902229126,1,"{""BILL_AMT3"": 0.15587011451114563}",0.8255091905593872,False
xcreditscore_lattice,735,False,infeasible,very_high_risk,gurobi:Infeasible|refined_5,gurobi,0.7375186085700989,0.7289721369743347,0.2210850629287622,1,"{""BILL_AMT3"": 0.1105425314643811}",0.7289721369743347,False
xcreditscore_lattice,742,False,infeasible,very_high_risk,gurobi:Optimal,gurobi,0.6339095234870911,0.6387501358985901,4.88287714830763,8,"{""BILL_AMT1"": 0.20207222250243564, ""BILL_AMT2"": 0.16375053620168015, ""BILL_AMT3"": -0.06705382547523872, ""BILL_AMT4"": 0.18025408049993835, ""BILL_AMT5"": 0.11246766253018084, ""BILL_AMT6"": -0.1432804738984296, ""PAY_AMT1"": 0.11591067274758687, ""PAY_AMT2"": 0.2949142490242751}",0.6387501358985901,False
xcreditscore_lattice,757,False,infeasible,very_high_risk,gurobi:Infeasible|refined_4,gurobi,0.7343205213546753,0.7325136661529541,0.17518863354687797,1,"{""BILL_AMT3"": 0.08759431677343898}",0.7325136661529541,False
xcreditscore_lattice,762,False,infeasible,moderate_risk,gurobi:Optimal|refined_7,gurobi,0.38069483637809753,0.3637402057647705,0.6683341967986505,2,"{""BILL_AMT1"": 0.19462927953783354, ""BILL_AMT3"": 0.15786009478590263}",0.3637402057647705,False
xcreditscore_lattice,765,False,infeasible,very_high_risk,gurobi:Optimal|refined_5,gurobi,0.6149901151657104,0.6042289733886719,1.123239105525741,5,"{""BILL_AMT1"": 0.20207222250243562, ""BILL_AMT2"": 0.16375053620168017, ""BILL_AMT3"": 0.11127153629968407, ""BILL_AMT5"": 0.11246766253018085, ""BILL_AMT6"": -0.026134750110635402}",0.6042289733886719,False
xcreditscore_lattice,771,False,infeasible,very_high_risk,gurobi:Optimal,gurobi,0.5004971623420715,0.5251420140266418,2.91854508858388,8,"{""BILL_AMT1"": 0.20207222250243562, ""BILL_AMT2"": 0.16375053620168017, ""BILL_AMT3"": -0.14577151011573308, ""BILL_AMT4"": 0.18025408049993835, ""BILL_AMT5"": 0.11246766253018087, ""BILL_AMT6"": -0.1432804738984296, ""PAY_AMT1"": 0.11591067274758687, ""PAY_AMT2"": 0.052426542852305094}",0.5251420140266418,False
xcreditscore_lattice,779,False,infeasible,very_high_risk,gurobi:Optimal|refined_6,gurobi,0.5850677490234375,0.5704551339149475,1.1180368874684783,4,"{""BILL_AMT1"": 0.20207222250243564, ""BILL_AMT2"": 0.15619983483384473, ""BILL_AMT3"": 0.13681005289158096, ""BILL_AMT5"": 0.11246766253018085}",0.5704551339149475,False
xcreditscore_lattice,781,False,infeasible,very_high_risk,gurobi:Optimal|refined_5,gurobi,0.6170172095298767,0.610482931137085,1.505136913709194,6,"{""BILL_AMT1"": 0.20207222250243567, ""BILL_AMT2"": 0.16375053620168017, ""BILL_AMT3"": 0.10309857046067544, ""BILL_AMT4"": 0.18025408049993835, ""BILL_AMT5"": 0.11246766253018084, ""BILL_AMT6"": -0.1432804738984296}",0.610482931137085,False
xcreditscore_lattice,785,False,infeasible,very_high_risk,gurobi:Infeasible|refined_6,gurobi,0.7023263573646545,0.6924898624420166,0.27466309983067705,1,"{""BILL_AMT3"": 0.13733154991533852}",0.6924898624420166,False
xcreditscore_lattice,795,False,infeasible,very_high_risk,gurobi:Infeasible|refined_7,gurobi,0.803838849067688,0.7923989295959473,0.3165757501701957,1,"{""BILL_AMT3"": 0.15828787508509784}",0.7923989295959473,False
xcreditscore_lattice,796,False,infeasible,very_high_risk,gurobi:Infeasible|refined_6,gurobi,0.7633480429649353,0.7517408728599548,0.26721649327072466,1,"{""BILL_AMT3"": 0.13360824663536233}",0.7517408728599548,False
xcreditscore_lattice,804,False,infeasible,very_high_risk,gurobi:Optimal|refined_4,gurobi,0.556351900100708,0.556297242641449,0.5194614034040601,2,"{""BILL_AMT1"": 0.1885082660827206, ""BILL_AMT3"": 0.08896848325099935}",0.556297242641449,False
xcreditscore_lattice,807,False,infeasible,very_high_risk,gurobi:Infeasible|refined_3,gurobi,0.765819251537323,0.7657981514930725,0.12529391484979135,1,"{""BILL_AMT3"": 0.06264695742489568}",0.7657981514930725,False
xcreditscore_lattice,812,False,infeasible,moderate_risk,gurobi:Optimal|refined_7,gurobi,0.3611901104450226,0.3443882167339325,0.8198738417057387,3,"{""BILL_AMT1"": 0.20207222250243562, ""BILL_AMT3"": 0.15756290694223823, ""BILL_AMT5"": 0.10440207428372517}",0.3443882167339325,False
xcreditscore_lattice,825,False,infeasible,very_high_risk,gurobi:Infeasible|refined_7,gurobi,0.5887262225151062,0.5695609450340271,0.31142733080803675,1,"{""BILL_AMT3"": 0.15571366540401838}",0.5695609450340271,False
xcreditscore_lattice,836,False,infeasible,very_high_risk,gurobi:Optimal,gurobi,0.5205298662185669,0.5249404907226562,1.487280160768068,7,"{""BILL_AMT1"": 0.20207222250243564, ""BILL_AMT2"": 0.16375053620168015, ""BILL_AMT3"": -0.06250654598774591, ""BILL_AMT4"": 0.18025408049993835, ""BILL_AMT5"": 0.11246766253018085, ""BILL_AMT6"": -0.1432804738984296, ""PAY_AMT1"": 0.008443639467297736}",0.5249404907226562,False
xcreditscore_lattice,840,False,infeasible,moderate_risk,gurobi:Optimal|refined_3,gurobi,0.3785725235939026,0.37850672006607056,0.3803619556016008,2,"{""BILL_AMT1"": 0.1432248606419519, ""BILL_AMT3"": 0.060439213957791504}",0.37850672006607056,False
xcreditscore_lattice,868,False,infeasible,very_high_risk,gurobi:Optimal,gurobi,0.6378154754638672,0.6390148997306824,2.7100672371137,8,"{""BILL_AMT1"": 0.20207222250243567, ""BILL_AMT2"": 0.16375053620168015, ""BILL_AMT3"": -0.054869560284183154, ""BILL_AMT4"": 0.18025408049993838, ""BILL_AMT5"": 0.11246766253018085, ""BILL_AMT6"": -0.1432804738984296, ""PAY_AMT1"": 0.11591067274758687, ""PAY_AMT2"": 0.04937809121721021}",0.6390148997306824,False
xcreditscore_lattice,872,False,infeasible,very_high_risk,gurobi:Optimal|refined_2,gurobi,0.5290310382843018,0.5290071368217468,0.560157498645753,3,"{""BILL_AMT1"": 0.20207222250243564, ""BILL_AMT3"": 0.031570426100162335, ""BILL_AMT5"": 0.09858039908910257}",0.5290071368217468,False
xcreditscore_lattice,877,False,infeasible,very_high_risk,gurobi:Optimal,gurobi,0.5770235061645508,0.600942850112915,3.5542459931907935,8,"{""BILL_AMT1"": 0.20207222250243562, ""BILL_AMT2"": 0.16375053620168017, ""BILL_AMT3"": -0.18365423219927735, ""BILL_AMT4"": 0.18025408049993838, ""BILL_AMT5"": 0.11246766253018087, ""BILL_AMT6"": -0.1432804738984296, ""PAY_AMT1"": 0.11591067274758687, ""PAY_AMT2"": 0.1164191669025708}",0.600942850112915,False
xcreditscore_lattice,886,False,infeasible,very_high_risk,gurobi:Infeasible|refined_5,gurobi,0.808968722820282,0.8021443486213684,0.22104840539738513,1,"{""BILL_AMT3"": 0.11052420269869256}",0.8021443486213684,False
xcreditscore_lattice,890,False,infeasible,very_high_risk,gurobi:Infeasible|refined_2,gurobi,0.7724798321723938,0.7724639773368835,0.06349946322900485,1,"{""BILL_AMT3"": 0.031749731614502424}",0.7724639773368835,False
xcreditscore_lattice,898,False,near_feasible,near_threshold,gurobi:Optimal|refined_7,gurobi,0.3318985402584076,0.31500494480133057,0.410030464266095,2,"{""BILL_AMT1"": 0.053573858119324996, ""BILL_AMT3"": 0.15648478276048666}",0.31500494480133057,False
xcreditscore_lattice,922,False,infeasible,very_high_risk,gurobi:Optimal|refined_5,gurobi,0.6413449048995972,0.6313314437866211,1.2943095109712193,5,"{""BILL_AMT1"": 0.20207222250243562, ""BILL_AMT2"": 0.16375053620168012, ""BILL_AMT3"": 0.11177274076142928, ""BILL_AMT5"": 0.11246766253018084, ""BILL_AMT6"": -0.13621314141128782}",0.6313314437866211,False
xcreditscore_lattice,927,False,near_feasible,near_threshold,gurobi:Optimal|refined_5,gurobi,0.3248194456100464,0.31982943415641785,0.5676805465027686,2,"{""BILL_AMT1"": 0.18715941221160762, ""BILL_AMT3"": 0.11429992843053396}",0.31982943415641785,False
xcreditscore_lattice,932,False,infeasible,high_risk,gurobi:Optimal|refined_7,gurobi,0.47634121775627136,0.45789191126823425,0.8474549212225355,4,"{""BILL_AMT1"": 0.20207222250243562, ""BILL_AMT2"": 0.007672116042651486, ""BILL_AMT3"": 0.15791900867561579, ""BILL_AMT5"": 0.11246766253018083}",0.45789191126823425,False
xcreditscore_lattice,938,False,infeasible,very_high_risk,gurobi:Optimal|refined_5,gurobi,0.6553865075111389,0.6492516398429871,1.2822547257188708,5,"{""BILL_AMT1"": 0.20207222250243567, ""BILL_AMT2"": 0.16375053620168017, ""BILL_AMT3"": 0.11450983643758617, ""BILL_AMT5"": 0.11246766253018084, ""BILL_AMT6"": -0.12486731747469233}",0.6492516398429871,False
xcreditscore_lattice,940,False,infeasible,very_high_risk,gurobi:Infeasible|refined_6,gurobi,0.7029938697814941,0.6899882555007935,0.26806092568994716,1,"{""BILL_AMT3"": 0.13403046284497358}",0.6899882555007935,False
xcreditscore_lattice,952,False,infeasible,very_high_risk,gurobi:Infeasible|refined_7,gurobi,0.8362160921096802,0.8258638978004456,0.3150708275874107,1,"{""BILL_AMT3"": 0.15753541379370534}",0.8258638978004456,False
xcreditscore_lattice,961,False,infeasible,very_high_risk,gurobi:Infeasible|refined_6,gurobi,0.7448550462722778,0.7344414591789246,0.2715886675860143,1,"{""BILL_AMT3"": 0.13579433379300715}",0.7344414591789246,False
xcreditscore_lattice,978,False,infeasible,very_high_risk,gurobi:Optimal|refined_6,gurobi,0.5197957754135132,0.5014826059341431,1.5672352326025913,6,"{""BILL_AMT1"": 0.20207222250243567, ""BILL_AMT2"": 0.16375053620168017, ""BILL_AMT3"": 0.13431521331192106, ""BILL_AMT4"": 0.17997616467747773, ""BILL_AMT5"": 0.11246766253018084, ""BILL_AMT6"": -0.1432804738984296}",0.5014826059341431,False
xcreditscore_lattice,982,False,infeasible,very_high_risk,gurobi:Optimal|refined_8,gurobi,0.744259238243103,0.743273913860321,0.32519334928985805,4,"{""BILL_AMT1"": 0.10103611125121797, ""BILL_AMT3"": -0.04199796637980696, ""BILL_AMT5"": 0.027116566411474363, ""BILL_AMT6"": -0.014328047389842946}",0.743273913860321,False
xcreditscore_lattice,983,False,infeasible,moderate_risk,gurobi:Optimal|refined_7,gurobi,0.36515364050865173,0.34928232431411743,0.6600803230181905,2,"{""BILL_AMT1"": 0.18910730934270456, ""BILL_AMT3"": 0.15873529334753084}",0.34928232431411743,False
xcreditscore_lattice,987,False,infeasible,very_high_risk,gurobi:Infeasible|refined_4,gurobi,0.7890152335166931,0.7859659790992737,0.17273683383664706,1,"{""BILL_AMT3"": 0.08636841691832353}",0.7859659790992737,False
xcreditscore_lattice,996,False,infeasible,very_high_risk,gurobi:Optimal|refined_7,gurobi,0.5415571331977844,0.5187765955924988,1.5848178698944198,6,"{""BILL_AMT1"": 0.20207222250243567, ""BILL_AMT2"": 0.16375053620168015, ""BILL_AMT3"": 0.1569956971040553, ""BILL_AMT4"": 0.15692899313622555, ""BILL_AMT5"": 0.11246766253018085, ""BILL_AMT6"": -0.1432804738984296}",0.5187765955924988,False
xcreditscore_lattice,997,False,infeasible,very_high_risk,gurobi:Optimal|refined_4,gurobi,0.5683643817901611,0.5655775666236877,1.1997220500807237,5,"{""BILL_AMT1"": 0.20207222250243562, ""BILL_AMT2"": 0.16375053620168015, ""BILL_AMT3"": 0.0876051176532198, ""BILL_AMT5"": 0.11246766253018084, ""BILL_AMT6"": -0.10627588402284957}",0.5655775666236877,False
xcreditscore_lattice,1002,False,infeasible,very_high_risk,gurobi:Infeasible|refined_7,gurobi,0.7777733206748962,0.7636763453483582,0.31016919196327264,1,"{""BILL_AMT3"": 0.15508459598163632}",0.7636763453483582,False
xcreditscore_lattice,1005,False,infeasible,very_high_risk,gurobi:Optimal,gurobi,0.6445293426513672,0.6539326310157776,1.4491926060070026,6,"{""BILL_AMT1"": 0.20207222250243564, ""BILL_AMT2"": 0.16375053620168015, ""BILL_AMT3"": -0.08156846230383857, ""BILL_AMT4"": 0.1695643860057683, ""BILL_AMT5"": 0.11246766253018084, ""BILL_AMT6"": -0.1432804738984296}",0.6539326310157776,False
xcreditscore_lattice,1007,False,infeasible,very_high_risk,gurobi:Optimal|refined_6,gurobi,0.5591764450073242,0.5460669994354248,1.0670011393431449,4,"{""BILL_AMT1"": 0.20207222250243567, ""BILL_AMT2"": 0.13075286198122774, ""BILL_AMT3"": 0.13808788424948065, ""BILL_AMT5"": 0.11246766253018083}",0.5460669994354248,False
xcreditscore_lattice,1026,False,infeasible,very_high_risk,gurobi:Optimal,gurobi,0.6869367957115173,0.6888388395309448,2.5157939623583996,8,"{""BILL_AMT1"": 0.20207222250243562, ""BILL_AMT2"": 0.16375053620168012, ""BILL_AMT3"": -0.05785016670448793, ""BILL_AMT4"": 0.18025408049993835, ""BILL_AMT5"": 0.11246766253018084, ""BILL_AMT6"": -0.1432804738984296, ""PAY_AMT1"": 0.11591067274758687, ""PAY_AMT5"": 0.11179598129292023}",0.6888388395309448,False
xcreditscore_lattice,1027,False,infeasible,very_high_risk,gurobi:Optimal|refined_6,gurobi,0.6174860596656799,0.6011430621147156,1.1326619586124025,5,"{""BILL_AMT1"": 0.20207222250243562, ""BILL_AMT2"": 0.16375053620168012, ""BILL_AMT3"": 0.13356078822420445, ""BILL_AMT5"": 0.11246766253018085, ""BILL_AMT6"": -0.003379866415925137}",0.6011430621147156,False
xcreditscore_lattice,1030,False,infeasible,high_risk,gurobi:Optimal|refined_7,gurobi,0.40059080719947815,0.3816978335380554,0.6554644984079258,2,"{""BILL_AMT1"": 0.19022110062781716, ""BILL_AMT3"": 0.15541844135667776}",0.3816978335380554,False
xcreditscore_lattice,1037,False,infeasible,very_high_risk,gurobi:Optimal|refined_11,gurobi,0.6325766444206238,0.6328248977661133,0.9800754466316003,5,"{""BILL_AMT1"": 0.1274587621704802, ""BILL_AMT2"": 0.16375053620168017, ""BILL_AMT3"": -0.016785691224743493, ""BILL_AMT5"": 0.11246766253018081, ""BILL_AMT6"": -0.1432804738984296}",0.6328248977661133,False
xcreditscore_lattice,1044,False,infeasible,very_high_risk,gurobi:Infeasible|refined_4,gurobi,0.7989537119865417,0.797491192817688,0.17535261053991308,1,"{""BILL_AMT3"": 0.08767630526995654}",0.797491192817688,False
xcreditscore_lattice,1050,False,infeasible,high_risk,gurobi:Optimal|refined_6,gurobi,0.47167569398880005,0.45963308215141296,0.6701548807905944,3,"{""BILL_AMT1"": 0.20207222250243567, ""BILL_AMT3"": 0.13705880042592558, ""BILL_AMT5"": 0.022543654219915776}",0.45963308215141296,False
xcreditscore_lattice,1051,False,infeasible,very_high_risk,gurobi:Infeasible|refined_5,gurobi,0.7475435137748718,0.7437151670455933,0.22972402115663246,1,"{""BILL_AMT3"": 0.11486201057831623}",0.7437151670455933,False
xcreditscore_lattice,1063,False,infeasible,near_threshold,gurobi:Optimal|refined_6,gurobi,0.3498837351799011,0.33923572301864624,0.6028433828132376,2,"{""BILL_AMT1"": 0.18115786449171067, ""BILL_AMT3"": 0.13731791244086794}",0.33923572301864624,False
xcreditscore_lattice,1064,False,infeasible,moderate_risk,gurobi:Optimal|refined_6,gurobi,0.38667601346969604,0.3711793124675751,1.057334773741369,4,"{""BILL_AMT1"": 0.20207222250243562, ""BILL_AMT2"": 0.12849129140347068, ""BILL_AMT3"": 0.13563613908914765, ""BILL_AMT5"": 0.11246766253018083}",0.3711793124675751,False
xcreditscore_lattice,1072,False,infeasible,very_high_risk,gurobi:Infeasible|refined_5,gurobi,0.7736879587173462,0.7685337662696838,0.22629610557369034,1,"{""BILL_AMT3"": 0.11314805278684517}",0.7685337662696838,False
xcreditscore_lattice,1074,False,infeasible,very_high_risk,gurobi:Infeasible|refined_2,gurobi,0.6472290754318237,0.647201657295227,0.06384421858362282,1,"{""BILL_AMT3"": 0.03192210929181141}",0.647201657295227,False
xcreditscore_lattice,1075,False,infeasible,very_high_risk,gurobi:Infeasible|refined_5,gurobi,0.6615270376205444,0.6519426703453064,0.22132857367291003,1,"{""BILL_AMT3"": 0.11066428683645502}",0.6519426703453064,False
xcreditscore_lattice,1079,False,infeasible,very_high_risk,gurobi:Optimal,gurobi,0.6511660814285278,0.651650071144104,4.947619415462427,8,"{""BILL_AMT1"": 0.20207222250243562, ""BILL_AMT2"": 0.16375053620168017, ""BILL_AMT3"": -0.04904799518215302, ""BILL_AMT4"": 0.1802540804999383, ""BILL_AMT5"": 0.11246766253018084, ""BILL_AMT6"": -0.1432804738984296, ""PAY_AMT1"": 0.11591067274758687, ""PAY_AMT2"": 0.306428983623243}",0.651650071144104,False
xcreditscore_lattice,1094,False,infeasible,moderate_risk,gurobi:Optimal|refined_5,gurobi,0.378135621547699,0.3720960319042206,0.6068967855243395,3,"{""BILL_AMT1"": 0.20207222250243562, ""BILL_AMT3"": 0.11376817602597455, ""BILL_AMT5"": 0.009986107427416263}",0.3720960319042206,False
xcreditscore_lattice,1102,False,infeasible,very_high_risk,gurobi:Infeasible,gurobi,0.7560963034629822,0.7560963034629822,0.0,0,{},0.7560963034629822,False
xcreditscore_lattice,1103,False,infeasible,very_high_risk,gurobi:Infeasible|refined_2,gurobi,0.7478602528572083,0.7478512525558472,0.06487826644788519,1,"{""BILL_AMT3"": 0.032439133223942596}",0.7478512525558472,False
xcreditscore_lattice,1108,False,infeasible,high_risk,gurobi:Optimal|refined_4,gurobi,0.49583080410957336,0.49129197001457214,0.7314980153522351,4,"{""BILL_AMT1"": 0.20207222250243562, ""BILL_AMT2"": 0.020024165667491878, ""BILL_AMT3"": 0.08693382660987659, ""BILL_AMT5"": 0.11246766253018087}",0.49129197001457214,False
xcreditscore_lattice,1109,False,infeasible,very_high_risk,gurobi:Infeasible|refined_7,gurobi,0.5503231883049011,0.5307886600494385,0.31007100214708394,1,"{""BILL_AMT3"": 0.15503550107354197}",0.5307886600494385,False
xcreditscore_lattice,1113,False,infeasible,very_high_risk,gurobi:Optimal|refined_7,gurobi,0.6456905007362366,0.6456907987594604,0.09675516603740422,1,"{""BILL_AMT1"": 0.05340510550197386}",0.6456907987594604,False
xcreditscore_lattice,1115,False,infeasible,very_high_risk,gurobi:Infeasible|refined_3,gurobi,0.6644098162651062,0.6643739938735962,0.12596946078516946,1,"{""BILL_AMT3"": 0.06298473039258473}",0.6643739938735962,False
xcreditscore_lattice,1117,False,infeasible,very_high_risk,gurobi:Optimal,gurobi,0.7632917761802673,0.7806597352027893,5.607667695036097,9,"{""BILL_AMT1"": 0.20207222250243562, ""BILL_AMT2"": 0.16375053620168012, ""BILL_AMT3"": -0.20014903032101525, ""BILL_AMT4"": 0.18025408049993835, ""BILL_AMT5"": 0.11246766253018081, ""BILL_AMT6"": -0.1432804738984296, ""PAY_AMT1"": 0.11591067274758687, ""PAY_AMT2"": 0.3051802833255981, ""PAY_AMT5"": 0.17783878704613287}",0.7806597352027893,False
xcreditscore_lattice,1121,False,infeasible,very_high_risk,gurobi:Infeasible|refined_6,gurobi,0.8221849203109741,0.8132251501083374,0.2686184256463072,1,"{""BILL_AMT3"": 0.1343092128231536}",0.8132251501083374,False
xcreditscore_lattice,1127,False,infeasible,high_risk,gurobi:Optimal|refined_2,gurobi,0.4936128854751587,0.4935954511165619,0.3859742974465024,2,"{""BILL_AMT1"": 0.1776235178272917, ""BILL_AMT3"": 0.03208499528688882}",0.4935954511165619,False
xcreditscore_lattice,1133,False,infeasible,moderate_risk,gurobi:Optimal|refined_4,gurobi,0.37455591559410095,0.3710666298866272,0.534227898025161,2,"{""BILL_AMT1"": 0.198973913580817, ""BILL_AMT3"": 0.08687131242690313}",0.3710666298866272,False
xcreditscore_lattice,1143,False,infeasible,moderate_risk,gurobi:Optimal|refined_7,gurobi,0.3690503239631653,0.35065650939941406,0.31007100214708394,1,"{""BILL_AMT3"": 0.15503550107354197}",0.35065650939941406,False
xcreditscore_lattice,1144,False,infeasible,high_risk,gurobi:Optimal|refined_6,gurobi,0.4614717364311218,0.4489452540874481,0.8322318272142056,4,"{""BILL_AMT1"": 0.20207222250243567, ""BILL_AMT2"": 0.019592639929378597, ""BILL_AMT3"": 0.13775512987239694, ""BILL_AMT5"": 0.11246766253018083}",0.4489452540874481,False
xcreditscore_lattice,1153,False,infeasible,very_high_risk,gurobi:Optimal|refined_4,gurobi,0.6062707901000977,0.6063690781593323,1.3854003377464226,6,"{""BILL_AMT1"": 0.20207222250243567, ""BILL_AMT2"": 0.16375053620168012, ""BILL_AMT3"": 0.04323028247929006, ""BILL_AMT4"": 0.18025408049993813, ""BILL_AMT5"": 0.11246766253018081, ""BILL_AMT6"": -0.1432804738984296}",0.6063690781593323,False
xcreditscore_lattice,1158,False,infeasible,high_risk,gurobi:Optimal|refined_6,gurobi,0.4694754481315613,0.45168471336364746,1.0898554546213903,4,"{""BILL_AMT1"": 0.20207222250243562, ""BILL_AMT2"": 0.14488664145238922, ""BILL_AMT3"": 0.13463214821861857, ""BILL_AMT5"": 0.11246766253018084}",0.45168471336364746,False
xcreditscore_lattice,1165,False,infeasible,very_high_risk,gurobi:Optimal|refined_3,gurobi,0.5653214454650879,0.565278947353363,0.47325731182192965,2,"{""BILL_AMT1"": 0.19403617663527492, ""BILL_AMT3"": 0.06085892087210015}",0.565278947353363,False
xcreditscore_lattice,1167,True,feasible,near_threshold,gurobi:Optimal|refined_1,gurobi,0.3012915551662445,0.2987028658390045,0.08659251661519307,2,"{""BILL_AMT1"": 0.0157105040194373, ""BILL_AMT3"": 0.029064731090823415}",0.2987028658390045,True
xcreditscore_lattice,1178,False,infeasible,near_threshold,gurobi:Optimal|refined_6,gurobi,0.33412155508995056,0.3243023455142975,0.6130499720347347,2,"{""BILL_AMT1"": 0.18609447322391554, ""BILL_AMT3"": 0.1379493275088589}",0.3243023455142975,False
xcreditscore_lattice,1181,False,infeasible,very_high_risk,gurobi:Infeasible|refined_7,gurobi,0.7828027606010437,0.7694385647773743,0.31331584827273196,1,"{""BILL_AMT3"": 0.15665792413636598}",0.7694385647773743,False
xcreditscore_lattice,1190,False,infeasible,high_risk,gurobi:Optimal|refined_6,gurobi,0.4749337434768677,0.457972913980484,0.8470019705458512,4,"{""BILL_AMT1"": 0.20207222250243564, ""BILL_AMT2"": 0.029905141813319408, ""BILL_AMT3"": 0.13428111962574402, ""BILL_AMT5"": 0.11246766253018084}",0.457972913980484,False
xcreditscore_lattice,1191,False,infeasible,very_high_risk,gurobi:Infeasible|refined_5,gurobi,0.8108323812484741,0.8048063516616821,0.22278309215005154,1,"{""BILL_AMT3"": 0.11139154607502577}",0.8048063516616821,False
xcreditscore_lattice,1195,False,infeasible,very_high_risk,gurobi:Infeasible|refined_7,gurobi,0.8459488749504089,0.8361709713935852,0.31539158098696046,1,"{""BILL_AMT3"": 0.15769579049348023}",0.8361709713935852,False
xcreditscore_lattice,1197,False,infeasible,very_high_risk,gurobi:Infeasible|refined_6,gurobi,0.7290295958518982,0.7169756293296814,0.26878152984097625,1,"{""BILL_AMT3"": 0.13439076492048813}",0.7169756293296814,False
xcreditscore_lattice,1204,False,infeasible,very_high_risk,gurobi:Optimal|refined_5,gurobi,0.6085423827171326,0.5978747606277466,1.5062053227233971,6,"{""BILL_AMT1"": 0.20207222250243564, ""BILL_AMT2"": 0.16375053620168015, ""BILL_AMT3"": 0.11165971337301699, ""BILL_AMT4"": 0.1669344731348424, ""BILL_AMT5"": 0.11246766253018084, ""BILL_AMT6"": -0.1432804738984296}",0.5978747606277466,False
xcreditscore_lattice,1206,False,infeasible,very_high_risk,gurobi:Optimal,gurobi,0.7532273530960083,0.7707419991493225,6.172370450488189,10,"{""BILL_AMT1"": 0.20207222250243562, ""BILL_AMT2"": 0.16375053620168017, ""BILL_AMT3"": -0.1918934487754639, ""BILL_AMT4"": 0.18025408049993832, ""BILL_AMT5"": 0.11246766253018087, ""BILL_AMT6"": -0.1432804738984296, ""PAY_AMT1"": 0.11591067274758687, ""PAY_AMT2"": 0.34642105817415636, ""PAY_AMT4"": 0.08814285544732407, ""PAY_AMT5"": 0.17783878704613287}",0.7707419991493225,False
xcreditscore_lattice,1208,False,infeasible,moderate_risk,gurobi:Optimal|refined_7,gurobi,0.37248244881629944,0.3549674153327942,0.3689749431574342,2,"{""BILL_AMT1"": 0.030503432216563625, ""BILL_AMT3"": 0.15685561296629252}",0.3549674153327942,False
xcreditscore_lattice,1222,False,infeasible,very_high_risk,gurobi:Optimal|refined_4,gurobi,0.5824599862098694,0.57961106300354,1.0289033294196093,4,"{""BILL_AMT1"": 0.20207222250243562, ""BILL_AMT2"": 0.16099695124695124, ""BILL_AMT3"": 0.08719190217675912, ""BILL_AMT5"": 0.11246766253018084}",0.57961106300354,False
xcreditscore_lattice,1226,False,infeasible,very_high_risk,gurobi:Infeasible|refined_7,gurobi,0.811803936958313,0.8008447885513306,0.3170293871209874,1,"{""BILL_AMT3"": 0.1585146935604937}",0.8008447885513306,False
xcreditscore_lattice,1228,False,infeasible,moderate_risk,gurobi:Optimal|refined_5,gurobi,0.37541526556015015,0.3696748912334442,0.557008788666393,2,"{""BILL_AMT1"": 0.18157781740355614, ""BILL_AMT3"": 0.11402019655419204}",0.3696748912334442,False
xcreditscore_lattice,1238,False,near_feasible,near_threshold,gurobi:Optimal|refined_7,gurobi,0.33517733216285706,0.3177069425582886,0.44191119695803643,2,"{""BILL_AMT1"": 0.07244983686568779, ""BILL_AMT3"": 0.15532614292946045}",0.3177069425582886,False
xcreditscore_lattice,1240,False,near_feasible,near_threshold,gurobi:Optimal|refined_7,gurobi,0.33409279584884644,0.3165671229362488,0.31007100214708394,1,"{""BILL_AMT3"": 0.15503550107354197}",0.3165671229362488,False
xcreditscore_lattice,1243,False,infeasible,moderate_risk,gurobi:Optimal|refined_7,gurobi,0.3813982307910919,0.36312335729599,0.6594448326189424,2,"{""BILL_AMT1"": 0.19149565845657174, ""BILL_AMT3"": 0.15625403669244337}",0.36312335729599,False
xcreditscore_lattice,1267,False,infeasible,very_high_risk,gurobi:Optimal|refined_6,gurobi,0.5856437683105469,0.5716776847839355,1.1017033410960169,4,"{""BILL_AMT1"": 0.20207222250243556, ""BILL_AMT2"": 0.1479835880223488, ""BILL_AMT3"": 0.1372950014837572, ""BILL_AMT5"": 0.11246766253018083}",0.5716776847839355,False
xcreditscore_lattice,1295,False,near_feasible,near_threshold,gurobi:Optimal|refined_6,gurobi,0.31185510754585266,0.3006606996059418,0.5261584135199289,2,"{""BILL_AMT1"": 0.14023081908622564, ""BILL_AMT3"": 0.13604962731509768}",0.3006606996059418,False
xcreditscore_lattice,1305,False,infeasible,very_high_risk,gurobi:Infeasible|refined_5,gurobi,0.8092196583747864,0.8053610920906067,0.22794351248974465,1,"{""BILL_AMT3"": 0.11397175624487232}",0.8053610920906067,False
xcreditscore_lattice,1320,False,infeasible,moderate_risk,gurobi:Optimal|refined_3,gurobi,0.37595707178115845,0.3759271502494812,0.4438733116837268,2,"{""BILL_AMT1"": 0.17621540404626002, ""BILL_AMT3"": 0.062310057255572815}",0.3759271502494812,False
xcreditscore_lattice,1321,True,feasible,near_threshold,gurobi:Optimal|refined_2,gurobi,0.30902478098869324,0.2969263792037964,0.1052415905877424,1,"{""BILL_AMT3"": 0.0526207952938712}",0.2969263792037964,True
xcreditscore_lattice,1324,False,infeasible,very_high_risk,gurobi:Optimal|refined_3,gurobi,0.7025381922721863,0.7026069760322571,1.085180242876489,5,"{""BILL_AMT1"": 0.20207222250243564, ""BILL_AMT2"": 0.16375053620168017, ""BILL_AMT3"": 0.06255618639481908, ""BILL_AMT5"": 0.11246766253018081, ""BILL_AMT6"": -0.06456382822554546}",0.7026069760322571,False
xcreditscore_lattice,1325,False,infeasible,very_high_risk,gurobi:Optimal|refined_7,gurobi,0.5267289876937866,0.5255123972892761,0.09190254373263732,2,"{""BILL_AMT1"": -0.004293867716939015, ""BILL_AMT3"": -0.04206162611063591}",0.5255123972892761,False
xcreditscore_lattice,1327,False,infeasible,very_high_risk,gurobi:Optimal|refined_7,gurobi,0.5889511108398438,0.5889509320259094,0.17170297031038478,2,"{""BILL_AMT1"": 0.08255494081203546, ""BILL_AMT6"": 0.014328047389842974}",0.5889509320259094,False
xcreditscore_lattice,1333,False,infeasible,very_high_risk,gurobi:Infeasible|refined_6,gurobi,0.8353461027145386,0.8260826468467712,0.2661685897324001,1,"{""BILL_AMT3"": 0.13308429486620005}",0.8260826468467712,False
xcreditscore_lattice,1337,False,infeasible,very_high_risk,gurobi:Infeasible|refined_5,gurobi,0.6698501706123352,0.6613543033599854,0.22303314888194525,1,"{""BILL_AMT3"": 0.11151657444097263}",0.6613543033599854,False
xcreditscore_lattice,1338,False,infeasible,very_high_risk,gurobi:Infeasible|refined_4,gurobi,0.5739005208015442,0.5738504528999329,0.17957248154031458,1,"{""BILL_AMT3"": 0.08978624077015729}",0.5738504528999329,False
xcreditscore_lattice,1344,False,infeasible,high_risk,gurobi:Optimal|refined_7,gurobi,0.44968143105506897,0.43004611134529114,0.31017901094489153,1,"{""BILL_AMT3"": 0.15508950547244577}",0.43004611134529114,False
xcreditscore_lattice,1346,True,feasible,near_threshold,gurobi:Optimal|refined_3,gurobi,0.3139970302581787,0.29617035388946533,0.7122559991259039,4,"{""BILL_AMT1"": 0.20207222250243564, ""BILL_AMT2"": 0.019814939876741614, ""BILL_AMT3"": 0.07753313360797387, ""BILL_AMT5"": 0.11246766253018084}",0.29617035388946533,True
xcreditscore_lattice,1348,False,near_feasible,near_threshold,gurobi:Optimal|refined_7,gurobi,0.3287937343120575,0.311410129070282,0.4312007599234977,2,"{""BILL_AMT1"": 0.06693119904624115, ""BILL_AMT3"": 0.15497004119608287}",0.311410129070282,False
xcreditscore_lattice,1366,False,infeasible,high_risk,gurobi:Optimal|refined_2,gurobi,0.4722597897052765,0.4722602069377899,0.3058053090413679,1,"{""BILL_AMT1"": 0.16879269047096063}",0.4722602069377899,False
xcreditscore_lattice,1368,False,infeasible,very_high_risk,gurobi:Infeasible|refined_6,gurobi,0.75395268201828,0.7443014979362488,0.2725847487213504,1,"{""BILL_AMT3"": 0.1362923743606752}",0.7443014979362488,False
xcreditscore_lattice,1371,False,infeasible,very_high_risk,gurobi:Infeasible|refined_5,gurobi,0.6672688722610474,0.6616012454032898,0.22764326985179895,1,"{""BILL_AMT3"": 0.11382163492589947}",0.6616012454032898,False
xcreditscore_lattice,1372,False,infeasible,high_risk,gurobi:Optimal|refined_6,gurobi,0.45967286825180054,0.447791188955307,0.7383201401642907,3,"{""BILL_AMT1"": 0.20207222250243562, ""BILL_AMT3"": 0.13720035741093095, ""BILL_AMT5"": 0.07365842696798384}",0.447791188955307,False
xcreditscore_lattice,1381,False,infeasible,high_risk,gurobi:Optimal|refined_6,gurobi,0.41293221712112427,0.39387011528015137,0.9626114532181517,4,"{""BILL_AMT1"": 0.20207222250243564, ""BILL_AMT2"": 0.08592268236517372, ""BILL_AMT3"": 0.13309929608811774, ""BILL_AMT5"": 0.11246766253018083}",0.39387011528015137,False
xcreditscore_lattice,1384,False,infeasible,high_risk,gurobi:Optimal|refined_4,gurobi,0.40894272923469543,0.40671393275260925,0.5108718758682752,2,"{""BILL_AMT1"": 0.1852167679247394, ""BILL_AMT3"": 0.0876553581091696}",0.40671393275260925,False
xcreditscore_lattice,1398,False,infeasible,very_high_risk,gurobi:Infeasible|refined_3,gurobi,0.6249659657478333,0.6249263882637024,0.12198928203606407,1,"{""BILL_AMT3"": 0.060994641018032036}",0.6249263882637024,False
xcreditscore_lattice,1402,False,infeasible,very_high_risk,gurobi:Optimal,gurobi,0.5666313767433167,0.5726181864738464,1.40180387051065,6,"{""BILL_AMT1"": 0.20207222250243567, ""BILL_AMT2"": 0.16375053620168015, ""BILL_AMT3"": -0.06915399654371848, ""BILL_AMT4"": 0.15084693010756461, ""BILL_AMT5"": 0.11246766253018085, ""BILL_AMT6"": -0.1432804738984296}",0.5726181864738464,False
xcreditscore_lattice,1408,False,infeasible,very_high_risk,gurobi:Infeasible|refined_6,gurobi,0.8259034156799316,0.8179590106010437,0.2714151989107477,1,"{""BILL_AMT3"": 0.13570759945537386}",0.8179590106010437,False
xcreditscore_lattice,1416,False,infeasible,very_high_risk,gurobi:Optimal|refined_4,gurobi,0.544674277305603,0.5446251630783081,0.4968203638606909,2,"{""BILL_AMT1"": 0.17502634914108928, ""BILL_AMT3"": 0.08986070138076704}",0.5446251630783081,False
xcreditscore_lattice,1432,False,infeasible,very_high_risk,gurobi:Optimal|refined_8,gurobi,0.5968011617660522,0.5970665216445923,1.1682578065655191,6,"{""BILL_AMT1"": 0.1259808280926049, ""BILL_AMT2"": 0.16375053620168017, ""BILL_AMT3"": 0.003587216083844741, ""BILL_AMT4"": 0.18025408049993802, ""BILL_AMT5"": 0.11246766253018087, ""BILL_AMT6"": -0.1432804738984296}",0.5970665216445923,False
xcreditscore_lattice,1434,False,infeasible,very_high_risk,gurobi:Infeasible|refined_6,gurobi,0.7426806688308716,0.7337936758995056,0.27530406113079775,1,"{""BILL_AMT3"": 0.13765203056539888}",0.7337936758995056,False
xcreditscore_lattice,1435,True,feasible,near_threshold,gurobi:Optimal|refined_3,gurobi,0.31205135583877563,0.29524901509284973,0.15503550107354197,1,"{""BILL_AMT3"": 0.07751775053677099}",0.29524901509284973,True
xcreditscore_lattice,1438,False,infeasible,moderate_risk,gurobi:Optimal|refined_6,gurobi,0.36275607347488403,0.34884023666381836,0.5552614839644516,2,"{""BILL_AMT1"": 0.15830258515556891, ""BILL_AMT3"": 0.13423066097020264}",0.34884023666381836,False
xcreditscore_lattice,1451,False,infeasible,very_high_risk,gurobi:Optimal|refined_15,gurobi,0.5528737306594849,0.548977792263031,0.523832567698534,2,"{""BILL_AMT1"": -0.19183269311940387, ""BILL_AMT3"": -0.08814259779705691}",0.548977792263031,False
xcreditscore_lattice,1452,False,infeasible,very_high_risk,gurobi:Optimal|refined_6,gurobi,0.5952877402305603,0.5786768198013306,1.5532098162666905,6,"{""BILL_AMT1"": 0.20207222250243562, ""BILL_AMT2"": 0.16375053620168017, ""BILL_AMT3"": 0.1352496530626498, ""BILL_AMT4"": 0.16678895872108876, ""BILL_AMT5"": 0.11246766253018084, ""BILL_AMT6"": -0.1432804738984296}",0.5786768198013306,False
xcreditscore_lattice,1453,False,infeasible,very_high_risk,gurobi:Optimal|refined_6,gurobi,0.5157735347747803,0.5060917139053345,1.0990007436984361,5,"{""BILL_AMT1"": 0.20207222250243567, ""BILL_AMT2"": 0.16375053620168015, ""BILL_AMT3"": 0.11263484734756579, ""BILL_AMT5"": 0.11246766253018084, ""BILL_AMT6"": -0.008681366097168075}",0.5060917139053345,False
xcreditscore_lattice,1454,False,infeasible,very_high_risk,gurobi:Optimal|refined_2,gurobi,0.5957853198051453,0.5957724452018738,0.4229942220911771,2,"{""BILL_AMT1"": 0.1975053576755522, ""BILL_AMT3"": 0.032584781451289124}",0.5957724452018738,False
xcreditscore_lattice,1455,False,infeasible,very_high_risk,gurobi:Optimal|refined_6,gurobi,0.5104259252548218,0.49353137612342834,1.2746863805401196,5,"{""BILL_AMT1"": 0.20207222250243564, ""BILL_AMT2"": 0.16375053620168012, ""BILL_AMT3"": 0.1352076496412799, ""BILL_AMT5"": 0.11246766253018084, ""BILL_AMT6"": -0.09317484543927261}",0.49353137612342834,False
xcreditscore_lattice,1459,False,infeasible,very_high_risk,gurobi:Infeasible|refined_6,gurobi,0.7778058648109436,0.767185628414154,0.26847932340670666,1,"{""BILL_AMT3"": 0.13423966170335333}",0.767185628414154,False
xcreditscore_lattice,1466,False,infeasible,very_high_risk,gurobi:Optimal,gurobi,0.7365667819976807,0.7448156476020813,2.8825035107774264,8,"{""BILL_AMT1"": 0.20207222250243567, ""BILL_AMT2"": 0.16375053620168017, ""BILL_AMT3"": -0.08358353553162148, ""BILL_AMT4"": 0.18025408049993835, ""BILL_AMT5"": 0.11246766253018085, ""BILL_AMT6"": -0.1432804738984296, ""PAY_AMT1"": 0.11591067274758687, ""PAY_AMT2"": 0.06252189957936442}",0.7448156476020813,False
xcreditscore_lattice,1473,False,infeasible,very_high_risk,gurobi:Optimal|refined_6,gurobi,0.5387206077575684,0.5209925770759583,1.3420675772891302,5,"{""BILL_AMT1"": 0.20207222250243564, ""BILL_AMT2"": 0.16375053620168015, ""BILL_AMT3"": 0.13474752125264028, ""BILL_AMT5"": 0.11246766253018084, ""BILL_AMT6"": -0.13738371648749564}",0.5209925770759583,False
xcreditscore_lattice,1498,False,infeasible,very_high_risk,gurobi:Optimal|refined_3,gurobi,0.5324264764785767,0.5323588848114014,0.30176074590857516,2,"{""BILL_AMT1"": 0.09964854017533542, ""BILL_AMT3"": 0.060612682633058135}",0.5323588848114014,False
xcreditscore_lattice,1502,False,infeasible,very_high_risk,gurobi:Optimal|refined_6,gurobi,0.6400399208068848,0.6259223818778992,1.4238217903185317,6,"{""BILL_AMT1"": 0.20207222250243564, ""BILL_AMT2"": 0.16375053620168015, ""BILL_AMT3"": 0.13662103749541782, ""BILL_AMT4"": 0.05716245986770081, ""BILL_AMT5"": 0.11246766253018084, ""BILL_AMT6"": -0.1432804738984296}",0.6259223818778992,False
xcreditscore_lattice,1503,False,infeasible,very_high_risk,gurobi:Optimal|refined_3,gurobi,0.5590553283691406,0.5590136051177979,0.611776842067609,3,"{""BILL_AMT1"": 0.20207222250243567, ""BILL_AMT3"": 0.060984822036413144, ""BILL_AMT5"": 0.09315173567544358}",0.5590136051177979,False
xcreditscore_lattice,1510,False,near_feasible,near_threshold,gurobi:Optimal|refined_5,gurobi,0.32413265109062195,0.31540223956108093,0.452043182007155,2,"{""BILL_AMT1"": 0.12675779492569475, ""BILL_AMT3"": 0.11119669383978914}",0.31540223956108093,False
xcreditscore_lattice,1518,False,infeasible,very_high_risk,gurobi:Optimal,gurobi,0.6143763661384583,0.6212247014045715,1.8385291165726707,7,"{""BILL_AMT1"": 0.20207222250243567, ""BILL_AMT2"": 0.16375053620168017, ""BILL_AMT3"": -0.07302267530155185, ""BILL_AMT4"": 0.18025408049993832, ""BILL_AMT5"": 0.11246766253018084, ""BILL_AMT6"": -0.1432804738984296, ""PAY_AMT1"": 0.05247253242422989}",0.6212247014045715,False
xcreditscore_lattice,1522,False,infeasible,very_high_risk,gurobi:Infeasible|refined_2,gurobi,0.7568163871765137,0.7567916512489319,0.06353830275629724,1,"{""BILL_AMT3"": 0.03176915137814862}",0.7567916512489319,False
xcreditscore_lattice,1525,False,infeasible,very_high_risk,gurobi:Infeasible|refined_4,gurobi,0.7510199546813965,0.7509795427322388,0.17849370275978838,1,"{""BILL_AMT3"": 0.08924685137989419}",0.7509795427322388,False
xcreditscore_lattice,1554,False,infeasible,very_high_risk,gurobi:Optimal|refined_4,gurobi,0.6214382648468018,0.6177131533622742,0.9042751446736137,4,"{""BILL_AMT1"": 0.20207222250243567, ""BILL_AMT2"": 0.10238289661930847, ""BILL_AMT3"": 0.08659850838759228, ""BILL_AMT5"": 0.11246766253018084}",0.6177131533622742,False
xcreditscore_lattice,1556,False,infeasible,very_high_risk,gurobi:Optimal,gurobi,0.6849750280380249,0.7057182788848877,2.342028934415659,7,"{""BILL_AMT1"": 0.20207222250243562, ""BILL_AMT2"": 0.16375053620168015, ""BILL_AMT3"": -0.14348477839649487, ""BILL_AMT4"": 0.18025408049993835, ""BILL_AMT5"": 0.11246766253018087, ""BILL_AMT6"": -0.1432804738984296, ""PAY_AMT1"": 0.10081594731131019}",0.7057182788848877,False
xcreditscore_lattice,1562,False,infeasible,high_risk,gurobi:Optimal|refined_5,gurobi,0.4559071362018585,0.44638562202453613,0.6380333855887275,3,"{""BILL_AMT1"": 0.20207222250243567, ""BILL_AMT3"": 0.11142885820517745, ""BILL_AMT5"": 0.03695472521553886}",0.44638562202453613,False
xcreditscore_lattice,1563,False,infeasible,very_high_risk,gurobi:Optimal|refined_7,gurobi,0.6303344964981079,0.6081052422523499,1.3761427429375692,5,"{""BILL_AMT1"": 0.20207222250243562, ""BILL_AMT2"": 0.16375053620168015, ""BILL_AMT3"": 0.15503550107354197, ""BILL_AMT5"": 0.11246766253018085, ""BILL_AMT6"": -0.13317600569180832}",0.6081052422523499,False
xcreditscore_lattice,1566,False,infeasible,moderate_risk,gurobi:Optimal|refined_6,gurobi,0.36350440979003906,0.34949538111686707,0.5862785568848845,2,"{""BILL_AMT1"": 0.1755254816553763, ""BILL_AMT3"": 0.13413765339431283}",0.34949538111686707,False
xcreditscore_lattice,1567,False,infeasible,very_high_risk,gurobi:Optimal,gurobi,0.6570546627044678,0.6790869235992432,2.2215587796244445,7,"{""BILL_AMT1"": 0.20207222250243564, ""BILL_AMT2"": 0.16375053620168017, ""BILL_AMT3"": -0.1743294726552272, ""BILL_AMT4"": 0.18025408049993835, ""BILL_AMT5"": 0.11246766253018081, ""BILL_AMT6"": -0.1432804738984296, ""PAY_AMT1"": 0.07652800820348626}",0.6790869235992432,False
xcreditscore_lattice,1569,False,infeasible,very_high_risk,gurobi:Infeasible|refined_6,gurobi,0.8273246884346008,0.8179228901863098,0.266829734494737,1,"{""BILL_AMT3"": 0.1334148672473685}",0.8179228901863098,False
xcreditscore_lattice,1574,False,infeasible,very_high_risk,gurobi:Optimal,gurobi,0.5964052081108093,0.6019647121429443,2.6187554688204,8,"{""BILL_AMT1"": 0.20207222250243567, ""BILL_AMT2"": 0.16375053620168015, ""BILL_AMT3"": -0.06908308167647112, ""BILL_AMT4"": 0.18025408049993832, ""BILL_AMT5"": 0.11246766253018084, ""BILL_AMT6"": -0.1432804738984296, ""PAY_AMT1"": 0.11591067274758687, ""PAY_AMT5"": 0.1506146562367887}",0.6019647121429443,False
xcreditscore_lattice,1576,False,infeasible,very_high_risk,gurobi:Optimal,gurobi,0.6241159439086914,0.6455186605453491,4.954241269681182,8,"{""BILL_AMT1"": 0.20207222250243567, ""BILL_AMT2"": 0.16375053620168017, ""BILL_AMT3"": -0.12147062160699637, ""BILL_AMT4"": 0.18025408049993832, ""BILL_AMT5"": 0.11246766253018084, ""BILL_AMT6"": -0.1432804738984296, ""PAY_AMT1"": 0.11591067274758687, ""PAY_AMT2"": 0.290632023779708}",0.6455186605453491,False
xcreditscore_lattice,1583,False,infeasible,very_high_risk,gurobi:Infeasible|refined_7,gurobi,0.7727306485176086,0.7584172487258911,0.31020192190200224,1,"{""BILL_AMT3"": 0.15510096095100112}",0.7584172487258911,False
xcreditscore_lattice,1591,False,infeasible,very_high_risk,gurobi:Infeasible|refined_7,gurobi,0.7985114455223083,0.7854005098342896,0.3104637614118388,1,"{""BILL_AMT3"": 0.1552318807059194}",0.7854005098342896,False
xcreditscore_lattice,1594,True,feasible,near_threshold,gurobi:Optimal|refined_3,gurobi,0.3154371380805969,0.2984143793582916,0.683256964955338,4,"{""BILL_AMT1"": 0.20207222250243564, ""BILL_AMT2"": 0.005770626146154159, ""BILL_AMT3"": 0.07782230261664949, ""BILL_AMT5"": 0.11246766253018085}",0.2984143793582916,True
xcreditscore_lattice,1599,False,infeasible,very_high_risk,gurobi:Infeasible|refined_7,gurobi,0.7803462147712708,0.766548216342926,0.311698989299492,1,"{""BILL_AMT3"": 0.155849494649746}",0.766548216342926,False
xcreditscore_lattice,1604,False,infeasible,very_high_risk,gurobi:Infeasible|refined_4,gurobi,0.7077949643135071,0.7069956064224243,0.17679043674830247,1,"{""BILL_AMT3"": 0.08839521837415124}",0.7069956064224243,False
xcreditscore_lattice,1615,False,infeasible,very_high_risk,gurobi:Optimal|refined_4,gurobi,0.5531908869743347,0.5531379580497742,0.5003439129157161,2,"{""BILL_AMT1"": 0.17755563586218098, ""BILL_AMT3"": 0.08933129462181646}",0.5531379580497742,False
xcreditscore_lattice,1626,False,infeasible,very_high_risk,gurobi:Infeasible|refined_5,gurobi,0.613738477230072,0.605643093585968,0.22452781608392836,1,"{""BILL_AMT3"": 0.11226390804196418}",0.605643093585968,False
xcreditscore_lattice,1630,False,infeasible,moderate_risk,gurobi:Optimal|refined_6,gurobi,0.3656542897224426,0.35139235854148865,0.6145999616713619,2,"{""BILL_AMT1"": 0.19134869435019877, ""BILL_AMT3"": 0.13396473021802496}",0.35139235854148865,False
xcreditscore_lattice,1631,False,infeasible,moderate_risk,gurobi:Optimal|refined_6,gurobi,0.35156872868537903,0.3402724862098694,0.5812498546122751,2,"{""BILL_AMT1"": 0.16991231986953367, ""BILL_AMT3"": 0.13670804458254054}",0.3402724862098694,False
xcreditscore_lattice,1634,False,infeasible,very_high_risk,gurobi:Infeasible|refined_5,gurobi,0.7877459526062012,0.7820851802825928,0.22469321137430828,1,"{""BILL_AMT3"": 0.11234660568715414}",0.7820851802825928,False
xcreditscore_lattice,1639,False,near_feasible,near_threshold,gurobi:Optimal|refined_6,gurobi,0.32728350162506104,0.3139960765838623,0.580232416725349,2,"{""BILL_AMT1"": 0.1721497063083584, ""BILL_AMT3"": 0.13417256532895772}",0.3139960765838623,False
xcreditscore_lattice,1643,False,infeasible,very_high_risk,gurobi:Infeasible|refined_4,gurobi,0.7776539325714111,0.7756857872009277,0.1746181507148219,1,"{""BILL_AMT3"": 0.08730907535741095}",0.7756857872009277,False
xcreditscore_lattice,1649,False,infeasible,very_high_risk,gurobi:Infeasible|refined_6,gurobi,0.787531316280365,0.7784317135810852,0.27182977813465536,1,"{""BILL_AMT3"": 0.13591488906732768}",0.7784317135810852,False
xcreditscore_lattice,1653,False,infeasible,very_high_risk,gurobi:Infeasible|refined_5,gurobi,0.8089125752449036,0.8019871115684509,0.22081711383036293,1,"{""BILL_AMT3"": 0.11040855691518146}",0.8019871115684509,False
xcreditscore_lattice,1654,False,infeasible,very_high_risk,gurobi:Infeasible|refined_6,gurobi,0.8271771669387817,0.8204110264778137,0.27501603766997756,1,"{""BILL_AMT3"": 0.13750801883498878}",0.8204110264778137,False
xcreditscore_lattice,1655,False,infeasible,very_high_risk,gurobi:Infeasible|refined_4,gurobi,0.6895705461502075,0.6894994378089905,0.17803646551573654,1,"{""BILL_AMT3"": 0.08901823275786827}",0.6894994378089905,False
xcreditscore_lattice,1660,False,infeasible,very_high_risk,gurobi:Optimal,gurobi,0.6434992551803589,0.6662807464599609,1.6614568336370767,6,"{""BILL_AMT1"": 0.20207222250243562, ""BILL_AMT2"": 0.16375053620168017, ""BILL_AMT3"": -0.1905078813692461, ""BILL_AMT4"": 0.16490604657407462, ""BILL_AMT5"": 0.11246766253018087, ""BILL_AMT6"": -0.1432804738984296}",0.6662807464599609,False
xcreditscore_lattice,1664,False,infeasible,very_high_risk,gurobi:Infeasible|refined_6,gurobi,0.811075747013092,0.8014426231384277,0.26810020161642256,1,"{""BILL_AMT3"": 0.13405010080821128}",0.8014426231384277,False
xcreditscore_lattice,1665,False,infeasible,very_high_risk,gurobi:Optimal|refined_5,gurobi,0.5698656439781189,0.5697833895683289,0.5382129187881616,3,"{""BILL_AMT1"": 0.1865770572316978, ""BILL_AMT3"": 0.08902543334438881, ""BILL_AMT6"": 0.014328047389842974}",0.5697833895683289,False
xcreditscore_lattice,1692,False,infeasible,very_high_risk,gurobi:Infeasible|refined_6,gurobi,0.7875637412071228,0.7789577841758728,0.27296714350550744,1,"{""BILL_AMT3"": 0.13648357175275372}",0.7789577841758728,False
xcreditscore_lattice,1693,False,infeasible,very_high_risk,gurobi:Optimal|refined_7,gurobi,0.5913905501365662,0.5703616738319397,1.436946500789491,6,"{""BILL_AMT1"": 0.20207222250243564, ""BILL_AMT2"": 0.16375053620168015, ""BILL_AMT3"": 0.15815400963569404, ""BILL_AMT4"": 0.03232076691849471, ""BILL_AMT5"": 0.11246766253018084, ""BILL_AMT6"": -0.1432804738984296}",0.5703616738319397,False
xcreditscore_lattice,1695,False,infeasible,very_high_risk,gurobi:Infeasible|refined_4,gurobi,0.6263787150382996,0.6263322830200195,0.1801642388325449,1,"{""BILL_AMT3"": 0.09008211941627245}",0.6263322830200195,False
xcreditscore_lattice,1699,False,infeasible,high_risk,gurobi:Optimal|refined_4,gurobi,0.439278781414032,0.4370095431804657,0.8606446087054472,4,"{""BILL_AMT1"": 0.20207222250243564, ""BILL_AMT2"": 0.08027644340515952, ""BILL_AMT3"": 0.08806137299910977, ""BILL_AMT5"": 0.11246766253018084}",0.4370095431804657,False
xcreditscore_lattice,1701,False,infeasible,very_high_risk,gurobi:Optimal,gurobi,0.7390241026878357,0.7464427351951599,4.145413619492882,8,"{""BILL_AMT1"": 0.20207222250243562, ""BILL_AMT2"": 0.16375053620168015, ""BILL_AMT3"": -0.08064766002758045, ""BILL_AMT4"": 0.18025408049993835, ""BILL_AMT5"": 0.11246766253018084, ""BILL_AMT6"": -0.1432804738984296, ""PAY_AMT1"": 0.11591067274758687, ""PAY_AMT2"": 0.20752554069062593}",0.7464427351951599,False
xcreditscore_lattice,1708,False,infeasible,moderate_risk,gurobi:Optimal|refined_7,gurobi,0.3677702248096466,0.3501642048358917,0.6550421103414248,2,"{""BILL_AMT1"": 0.18897266873627822, ""BILL_AMT3"": 0.15633815263497824}",0.3501642048358917,False
xcreditscore_lattice,1712,True,feasible,near_threshold,gurobi:Optimal|refined_3,gurobi,0.3144354820251465,0.2975798547267914,0.21575531855178415,2,"{""BILL_AMT1"": 0.03345356506762304, ""BILL_AMT3"": 0.07757339143261124}",0.2975798547267914,True
xcreditscore_lattice,1724,False,infeasible,very_high_risk,gurobi:Optimal,gurobi,0.7305963039398193,0.7394196391105652,3.9340306683811423,8,"{""BILL_AMT1"": 0.20207222250243562, ""BILL_AMT2"": 0.16375053620168017, ""BILL_AMT3"": -0.08570989055108488, ""BILL_AMT4"": 0.18025408049993835, ""BILL_AMT5"": 0.11246766253018085, ""BILL_AMT6"": -0.1432804738984296, ""PAY_AMT1"": 0.11591067274758687, ""PAY_AMT2"": 0.1822104078724832}",0.7394196391105652,False
xcreditscore_lattice,1753,False,infeasible,very_high_risk,gurobi:Optimal,gurobi,0.7121127247810364,0.7121288776397705,0.5870891231622757,3,"{""BILL_AMT1"": 0.20207222250243562, ""BILL_AMT2"": 0.03401215890057033, ""BILL_AMT5"": 0.11246766253018081}",0.7121288776397705,False
xcreditscore_lattice,1763,False,infeasible,very_high_risk,gurobi:Infeasible|refined_6,gurobi,0.8370416760444641,0.8280686736106873,0.266701542234713,1,"{""BILL_AMT3"": 0.1333507711173565}",0.8280686736106873,False
xcreditscore_lattice,1767,False,infeasible,very_high_risk,gurobi:Optimal|refined_6,gurobi,0.6170703768730164,0.6015937328338623,1.1662919113539203,5,"{""BILL_AMT1"": 0.20207222250243562, ""BILL_AMT2"": 0.16375053620168012, ""BILL_AMT3"": 0.13527556426414372, ""BILL_AMT5"": 0.11246766253018084, ""BILL_AMT6"": -0.0229274096895275}",0.6015937328338623,False
xcreditscore_lattice,1784,False,infeasible,very_high_risk,gurobi:Optimal,gurobi,0.757164478302002,0.7748807072639465,4.219804771841834,8,"{""BILL_AMT1"": 0.20207222250243562, ""BILL_AMT2"": 0.16375053620168017, ""BILL_AMT3"": -0.20981636322376807, ""BILL_AMT4"": 0.18025408049993835, ""BILL_AMT5"": 0.11246766253018087, ""BILL_AMT6"": -0.1432804738984296, ""PAY_AMT1"": 0.11591067274758687, ""PAY_AMT2"": 0.18650311165709185}",0.7748807072639465,False
xcreditscore_lattice,1794,False,near_feasible,near_threshold,gurobi:Optimal|refined_7,gurobi,0.3198285400867462,0.3026558458805084,0.30827085551695843,1,"{""BILL_AMT3"": 0.15413542775847922}",0.3026558458805084,False
xcreditscore_lattice,1796,False,infeasible,very_high_risk,gurobi:Infeasible|refined_4,gurobi,0.7873235940933228,0.78643399477005,0.17639276799273834,1,"{""BILL_AMT3"": 0.08819638399636917}",0.78643399477005,False
xcreditscore_lattice,1797,False,infeasible,very_high_risk,gurobi:Infeasible|refined_5,gurobi,0.8101226687431335,0.8062728643417358,0.22769694695131526,1,"{""BILL_AMT3"": 0.11384847347565763}",0.8062728643417358,False
xcreditscore_lattice,1799,False,infeasible,very_high_risk,gurobi:Optimal|refined_5,gurobi,0.6163370609283447,0.6042264103889465,1.3791749616491797,6,"{""BILL_AMT1"": 0.20207222250243564, ""BILL_AMT2"": 0.16375053620168012, ""BILL_AMT3"": 0.110477071586922, ""BILL_AMT4"": 0.06350214310834482, ""BILL_AMT5"": 0.11246766253018084, ""BILL_AMT6"": -0.1432804738984296}",0.6042264103889465,False
xcreditscore_lattice,1819,False,infeasible,very_high_risk,gurobi:Infeasible|refined_6,gurobi,0.7841484546661377,0.7763499021530151,0.2753526105399131,1,"{""BILL_AMT3"": 0.13767630526995656}",0.7763499021530151,False
xcreditscore_lattice,1820,False,near_feasible,near_threshold,gurobi:Optimal|refined_7,gurobi,0.3336164951324463,0.31637221574783325,0.3100330354181578,1,"{""BILL_AMT3"": 0.1550165177090789}",0.31637221574783325,False
xcreditscore_lattice,1822,False,infeasible,very_high_risk,gurobi:Optimal,gurobi,0.5195894837379456,0.5195900201797485,0.16510397930536586,1,"{""BILL_AMT1"": 0.0911310041077299}",0.5195900201797485,False
xcreditscore_lattice,1827,False,infeasible,very_high_risk,gurobi:Infeasible|refined_6,gurobi,0.7918223738670349,0.7839573621749878,0.2745545455338908,1,"{""BILL_AMT3"": 0.1372772727669454}",0.7839573621749878,False
xcreditscore_lattice,1840,False,infeasible,very_high_risk,gurobi:Infeasible|refined_6,gurobi,0.782987654209137,0.774802565574646,0.2743581659015134,1,"{""BILL_AMT3"": 0.1371790829507567}",0.774802565574646,False
xcreditscore_lattice,1847,False,infeasible,moderate_risk,gurobi:Optimal|refined_6,gurobi,0.3574428856372833,0.3451233208179474,0.7444129491717005,3,"{""BILL_AMT1"": 0.20207222250243567, ""BILL_AMT3"": 0.13575751261193642, ""BILL_AMT5"": 0.0804191725676491}",0.3451233208179474,False
xcreditscore_lattice,1859,False,infeasible,very_high_risk,gurobi:Optimal|refined_2,gurobi,0.5705648064613342,0.5705450773239136,0.6626329371180558,4,"{""BILL_AMT1"": 0.20207222250243564, ""BILL_AMT2"": 0.03989118597765984, ""BILL_AMT3"": 0.031581281529840965, ""BILL_AMT5"": 0.11246766253018084}",0.5705450773239136,False
xcreditscore_lattice,1861,False,infeasible,very_high_risk,gurobi:Optimal,gurobi,0.7673848867416382,0.7732378244400024,4.713183729939303,8,"{""BILL_AMT1"": 0.20207222250243567, ""BILL_AMT2"": 0.16375053620168015, ""BILL_AMT3"": -0.07641458795189135, ""BILL_AMT4"": 0.18025408049993832, ""BILL_AMT5"": 0.11246766253018083, ""BILL_AMT6"": -0.1432804738984296, ""PAY_AMT1"": 0.11591067274758687, ""PAY_AMT2"": 0.27338111264466003}",0.7732378244400024,False
xcreditscore_lattice,1864,False,infeasible,very_high_risk,gurobi:Optimal|refined_8,gurobi,0.5920872092247009,0.5923512578010559,1.0020269671223003,5,"{""BILL_AMT1"": 0.1289391739249317, ""BILL_AMT2"": 0.16375053620168012, ""BILL_AMT3"": -0.026420404731590408, ""BILL_AMT5"": 0.11246766253018081, ""BILL_AMT6"": -0.1432804738984296}",0.5923512578010559,False
xcreditscore_lattice,1867,False,infeasible,very_high_risk,gurobi:Optimal|refined_15,gurobi,0.6000855565071106,0.5884674787521362,0.6190299612917725,3,"{""BILL_AMT1"": -0.09000136421194882, ""BILL_AMT3"": -0.18658421631434696, ""BILL_AMT6"": -0.05359589652477337}",0.5884674787521362,False
xcreditscore_lattice,1870,False,infeasible,very_high_risk,gurobi:Infeasible|refined_6,gurobi,0.8372635841369629,0.8290204405784607,0.2690308228742996,1,"{""BILL_AMT3"": 0.1345154114371498}",0.8290204405784607,False
xcreditscore_lattice,1893,False,infeasible,moderate_risk,gurobi:Optimal|refined_7,gurobi,0.3604193925857544,0.34423938393592834,0.3166124077015726,1,"{""BILL_AMT3"": 0.1583062038507863}",0.34423938393592834,False
xcreditscore_lattice,1916,False,infeasible,very_high_risk,gurobi:Optimal|refined_5,gurobi,0.5388216376304626,0.531292736530304,1.0030515781900733,4,"{""BILL_AMT1"": 0.20207222250243562, ""BILL_AMT2"": 0.12324334955107778, ""BILL_AMT3"": 0.11402063295337507, ""BILL_AMT5"": 0.11246766253018084}",0.531292736530304,False
xcreditscore_lattice,1918,False,infeasible,high_risk,gurobi:Optimal|refined_6,gurobi,0.4243355691432953,0.4095616936683655,0.7025392300342259,3,"{""BILL_AMT1"": 0.20207222250243564, ""BILL_AMT3"": 0.13421729624522144, ""BILL_AMT5"": 0.05120810378216267}",0.4095616936683655,False
xcreditscore_lattice,1922,False,infeasible,moderate_risk,gurobi:Optimal|refined_6,gurobi,0.3989923596382141,0.385917067527771,0.6283382234009425,2,"{""BILL_AMT1"": 0.19714498923936966, ""BILL_AMT3"": 0.13558322568820153}",0.385917067527771,False
xcreditscore_lattice,1925,False,infeasible,very_high_risk,gurobi:Infeasible|refined_6,gurobi,0.6566369533538818,0.6414274573326111,0.26566073018311315,1,"{""BILL_AMT3"": 0.13283036509155657}",0.6414274573326111,False
xcreditscore_lattice,1942,False,infeasible,very_high_risk,gurobi:Infeasible|refined_7,gurobi,0.5434523224830627,0.523521363735199,0.3097273377904236,1,"{""BILL_AMT3"": 0.1548636688952118}",0.523521363735199,False
xcreditscore_lattice,1944,False,infeasible,very_high_risk,gurobi:Infeasible|refined_5,gurobi,0.8085587024688721,0.8044192790985107,0.22739495871663726,1,"{""BILL_AMT3"": 0.11369747935831863}",0.8044192790985107,False
xcreditscore_lattice,1963,False,infeasible,very_high_risk,gurobi:Optimal|refined_25,gurobi,0.6183977723121643,0.6046983599662781,0.8798596821219511,3,"{""BILL_AMT1"": -0.12124333350146133, ""BILL_AMT3"": -0.23323027039293398, ""BILL_AMT6"": -0.12540036644272923}",0.6046983599662781,False
xcreditscore_lattice,1978,False,infeasible,very_high_risk,gurobi:Infeasible|refined_3,gurobi,0.7715858221054077,0.7715525031089783,0.12043155515212878,1,"{""BILL_AMT3"": 0.06021577757606439}",0.7715525031089783,False
xcreditscore_lattice,1991,False,near_feasible,near_threshold,gurobi:Optimal|refined_5,gurobi,0.31434401869773865,0.30588239431381226,0.497683394618701,2,"{""BILL_AMT1"": 0.1519185931390556, ""BILL_AMT3"": 0.11122462338750505}",0.30588239431381226,False
xcreditscore_lattice,1992,False,infeasible,high_risk,gurobi:Optimal|refined_6,gurobi,0.45740851759910583,0.4452388286590576,0.6150688951358549,2,"{""BILL_AMT1"": 0.1883370410085967, ""BILL_AMT3"": 0.13692733517202862}",0.4452388286590576,False
xcreditscore_lattice,1993,False,infeasible,high_risk,gurobi:Optimal|refined_6,gurobi,0.4597976505756378,0.4461928606033325,0.7535357840365241,3,"{""BILL_AMT1"": 0.20207222250243562, ""BILL_AMT3"": 0.13560477289786516, ""BILL_AMT5"": 0.08751862618120804}",0.4461928606033325,False
xcreditscore_lattice,2006,True,feasible,near_threshold,gurobi:Optimal|refined_3,gurobi,0.31388306617736816,0.29829317331314087,0.15503190078028173,1,"{""BILL_AMT3"": 0.07751595039014086}",0.29829317331314087,True
xcreditscore_lattice,2013,False,infeasible,very_high_risk,gurobi:Infeasible|refined_7,gurobi,0.7758319973945618,0.7618371248245239,0.311698989299492,1,"{""BILL_AMT3"": 0.155849494649746}",0.7618371248245239,False
xcreditscore_lattice,2014,False,infeasible,moderate_risk,gurobi:Optimal|refined_6,gurobi,0.36509209871292114,0.35140830278396606,0.6037049052049126,2,"{""BILL_AMT1"": 0.1847301465333452, ""BILL_AMT3"": 0.13451268394225568}",0.35140830278396606,False
xcreditscore_lattice,2020,False,infeasible,very_high_risk,gurobi:Infeasible|refined_6,gurobi,0.8258428573608398,0.8173574805259705,0.2697557910171593,1,"{""BILL_AMT3"": 0.13487789550857965}",0.8173574805259705,False
xcreditscore_lattice,2022,False,infeasible,very_high_risk,gurobi:Infeasible|refined_3,gurobi,0.757429301738739,0.7574003338813782,0.12275690819906782,1,"{""BILL_AMT3"": 0.06137845409953391}",0.7574003338813782,False
xcreditscore_lattice,2037,False,infeasible,very_high_risk,gurobi:Optimal|refined_6,gurobi,0.5320825576782227,0.5320824384689331,0.15319883054093344,1,"{""BILL_AMT1"": 0.08455982293136338}",0.5320824384689331,False
xcreditscore_lattice,2038,False,infeasible,very_high_risk,gurobi:Optimal,gurobi,0.533615231513977,0.533615231513977,0.1702382197195009,1,"{""BILL_AMT1"": 0.0939649060296529}",0.533615231513977,False
xcreditscore_lattice,2045,False,infeasible,very_high_risk,gurobi:Infeasible|refined_6,gurobi,0.7097799181938171,0.6967364549636841,0.2676070705395639,1,"{""BILL_AMT3"": 0.13380353526978195}",0.6967364549636841,False
xcreditscore_lattice,2050,False,near_feasible,near_threshold,gurobi:Optimal|refined_5,gurobi,0.32516059279441833,0.3197494149208069,0.5585286260325848,2,"{""BILL_AMT1"": 0.1825048692005376, ""BILL_AMT3"": 0.11394033550369198}",0.3197494149208069,False
xcreditscore_lattice,2051,False,infeasible,very_high_risk,gurobi:Optimal,gurobi,0.5272434949874878,0.5272434949874878,0.21693482602083158,1,"{""BILL_AMT1"": 0.11973962471643207}",0.5272434949874878,False
xcreditscore_lattice,2053,False,infeasible,very_high_risk,gurobi:Optimal,gurobi,0.5963916778564453,0.60556960105896,3.4389114914868575,8,"{""BILL_AMT1"": 0.20207222250243562, ""BILL_AMT2"": 0.16375053620168012, ""BILL_AMT3"": -0.08013489098748408, ""BILL_AMT4"": 0.18025408049993838, ""BILL_AMT5"": 0.11246766253018084, ""BILL_AMT6"": -0.1432804738984296, ""PAY_AMT1"": 0.11591067274758687, ""PAY_AMT2"": 0.12689964469910234}",0.60556960105896,False
xcreditscore_lattice,2057,False,infeasible,very_high_risk,gurobi:Infeasible|refined_7,gurobi,0.6278671622276306,0.6090251207351685,0.31007100214708394,1,"{""BILL_AMT3"": 0.15503550107354197}",0.6090251207351685,False
xcreditscore_lattice,2060,False,infeasible,very_high_risk,gurobi:Optimal,gurobi,0.7971898913383484,0.7997620105743408,4.030029390697251,8,"{""BILL_AMT1"": 0.20207222250243567, ""BILL_AMT2"": 0.16375053620168015, ""BILL_AMT3"": -0.06355826801892228, ""BILL_AMT4"": 0.18025408049993835, ""BILL_AMT5"": 0.11246766253018085, ""BILL_AMT6"": -0.1432804738984296, ""PAY_AMT1"": 0.11591067274758687, ""PAY_AMT2"": 0.1982449184302472}",0.7997620105743408,False
xcreditscore_lattice,2068,False,infeasible,very_high_risk,gurobi:Optimal|refined_7,gurobi,0.5639197826385498,0.5403692126274109,1.0077876173454943,4,"{""BILL_AMT1"": 0.20207222250243567, ""BILL_AMT2"": 0.08642052612188679, ""BILL_AMT3"": 0.1551631478345873, ""BILL_AMT5"": 0.11246766253018085}",0.5403692126274109,False
xcreditscore_lattice,2073,True,feasible,near_threshold,gurobi:Optimal|refined_1,gurobi,0.3005666732788086,0.29461437463760376,0.05230669698186324,1,"{""BILL_AMT3"": 0.02615334849093162}",0.29461437463760376,True
xcreditscore_lattice,2077,False,infeasible,very_high_risk,gurobi:Optimal,gurobi,0.6440516114234924,0.652683436870575,3.1130929653725152,8,"{""BILL_AMT1"": 0.20207222250243564, ""BILL_AMT2"": 0.16375053620168012, ""BILL_AMT3"": -0.07982722956342625, ""BILL_AMT4"": 0.18025408049993835, ""BILL_AMT5"": 0.11246766253018085, ""BILL_AMT6"": -0.1432804738984296, ""PAY_AMT1"": 0.11591067274758687, ""PAY_AMT2"": 0.0897335643258192}",0.652683436870575,False
xcreditscore_lattice,2080,False,infeasible,very_high_risk,gurobi:Optimal|refined_7,gurobi,0.7452862858772278,0.744332492351532,0.2728476106899585,3,"{""BILL_AMT1"": 0.09218427920290623, ""BILL_AMT3"": -0.04184948155777052, ""BILL_AMT6"": -0.014328047389842946}",0.744332492351532,False
xcreditscore_lattice,2086,False,infeasible,very_high_risk,gurobi:Infeasible|refined_6,gurobi,0.7836706042289734,0.7749577164649963,0.27280731230471145,1,"{""BILL_AMT3"": 0.13640365615235572}",0.7749577164649963,False
xcreditscore_lattice,2090,False,infeasible,very_high_risk,gurobi:Optimal|refined_6,gurobi,0.6396873593330383,0.6258765459060669,1.372724726567205,6,"{""BILL_AMT1"": 0.20207222250243567, ""BILL_AMT2"": 0.16375053620168015, ""BILL_AMT3"": 0.13685151081397173, ""BILL_AMT4"": 0.01438572356864043, ""BILL_AMT5"": 0.11246766253018085, ""BILL_AMT6"": -0.1432804738984296}",0.6258765459060669,False
xcreditscore_lattice,2099,False,near_feasible,near_threshold,gurobi:Optimal|refined_7,gurobi,0.32963550090789795,0.31436893343925476,0.6830443191999163,2,"{""BILL_AMT1"": 0.20199138513619302, ""BILL_AMT3"": 0.15854611430167406}",0.31436893343925476,False
xcreditscore_lattice,2102,False,infeasible,moderate_risk,gurobi:Optimal|refined_3,gurobi,0.3751436769962311,0.3750896751880646,0.39065510654786445,2,"{""BILL_AMT1"": 0.1477505610140984, ""BILL_AMT3"": 0.061486135597954183}",0.3750896751880646,False
xcreditscore_lattice,2103,False,infeasible,moderate_risk,gurobi:Optimal|refined_7,gurobi,0.37482374906539917,0.3566145598888397,0.6761188497147257,2,"{""BILL_AMT1"": 0.20094042751510358, ""BILL_AMT3"": 0.15603540070172983}",0.3566145598888397,False
xcreditscore_lattice,2106,False,infeasible,very_high_risk,gurobi:Optimal,gurobi,0.5711644887924194,0.586588978767395,5.393802686408227,9,"{""BILL_AMT1"": 0.20207222250243567, ""BILL_AMT2"": 0.16375053620168017, ""BILL_AMT3"": -0.09363817270934069, ""BILL_AMT4"": 0.18025408049993835, ""BILL_AMT5"": 0.11246766253018084, ""BILL_AMT6"": -0.1432804738984296, ""PAY_AMT1"": 0.11591067274758687, ""PAY_AMT2"": 0.3464210581741558, ""PAY_AMT4"": 0.002828905428375184}",0.586588978767395,False
xcreditscore_lattice,2107,False,infeasible,very_high_risk,gurobi:Infeasible|refined_4,gurobi,0.621023416519165,0.617355227470398,0.1735681742803778,1,"{""BILL_AMT3"": 0.0867840871401889}",0.617355227470398,False
xcreditscore_lattice,2108,False,infeasible,very_high_risk,gurobi:Optimal,gurobi,0.504715085029602,0.5108733177185059,1.6345976409573972,7,"{""BILL_AMT1"": 0.20207222250243564, ""BILL_AMT2"": 0.16375053620168015, ""BILL_AMT3"": -0.06954893780438842, ""BILL_AMT4"": 0.18025408049993832, ""BILL_AMT5"": 0.11246766253018083, ""BILL_AMT6"": -0.1432804738984296, ""PAY_AMT1"": 0.026207999008103663}",0.5108733177185059,False
xcreditscore_lattice,2113,False,infeasible,very_high_risk,gurobi:Infeasible|refined_3,gurobi,0.7581043839454651,0.7580813765525818,0.12474383367954334,1,"{""BILL_AMT3"": 0.06237191683977167}",0.7580813765525818,False
xcreditscore_lattice,2121,False,infeasible,very_high_risk,gurobi:Infeasible|refined_3,gurobi,0.5827693343162537,0.582729697227478,0.12236109414003182,1,"{""BILL_AMT3"": 0.06118054707001591}",0.582729697227478,False
xcreditscore_lattice,2122,False,infeasible,very_high_risk,gurobi:Infeasible|refined_7,gurobi,0.8259932994842529,0.8143748641014099,0.31164203920610256,1,"{""BILL_AMT3"": 0.15582101960305128}",0.8143748641014099,False
xcreditscore_lattice,2123,False,infeasible,very_high_risk,gurobi:Infeasible|refined_7,gurobi,0.5472398996353149,0.527388334274292,0.31007100214708394,1,"{""BILL_AMT3"": 0.15503550107354197}",0.527388334274292,False
xcreditscore_lattice,2129,False,infeasible,very_high_risk,gurobi:Infeasible|refined_6,gurobi,0.8360062837600708,0.8276718854904175,0.2686915225094699,1,"{""BILL_AMT3"": 0.13434576125473496}",0.8276718854904175,False
xcreditscore_lattice,2131,False,infeasible,very_high_risk,gurobi:Optimal,gurobi,0.5058070421218872,0.5165959596633911,3.3219103808304844,8,"{""BILL_AMT1"": 0.20207222250243564, ""BILL_AMT2"": 0.16375053620168015, ""BILL_AMT3"": -0.08377227817829525, ""BILL_AMT4"": 0.18025408049993838, ""BILL_AMT5"": 0.11246766253018084, ""BILL_AMT6"": -0.1432804738984296, ""PAY_AMT1"": 0.11591067274758687, ""PAY_AMT2"": 0.11269668640904566}",0.5165959596633911,False
xcreditscore_lattice,2137,False,infeasible,high_risk,gurobi:Optimal|refined_6,gurobi,0.4642608165740967,0.4446810781955719,1.5158461537186088,6,"{""BILL_AMT1"": 0.20207222250243567, ""BILL_AMT2"": 0.16375053620168015, ""BILL_AMT3"": 0.13302019873618828, ""BILL_AMT4"": 0.13948848747027354, ""BILL_AMT5"": 0.11246766253018085, ""BILL_AMT6"": -0.1432804738984296}",0.4446810781955719,False
xcreditscore_lattice,2138,False,infeasible,very_high_risk,gurobi:Infeasible|refined_6,gurobi,0.8241965174674988,0.8172591924667358,0.274770017630527,1,"{""BILL_AMT3"": 0.1373850088152635}",0.8172591924667358,False
xcreditscore_lattice,2139,False,infeasible,very_high_risk,gurobi:Infeasible|refined_3,gurobi,0.7577409744262695,0.7576919198036194,0.1214352732731685,1,"{""BILL_AMT3"": 0.06071763663658425}",0.7576919198036194,False
xcreditscore_lattice,2143,False,near_feasible,near_threshold,gurobi:Optimal|refined_6,gurobi,0.3277439773082733,0.31485888361930847,0.6100037460844377,2,"{""BILL_AMT1"": 0.18815025708998828, ""BILL_AMT3"": 0.13456396084626537}",0.31485888361930847,False
xcreditscore_lattice,2152,False,infeasible,very_high_risk,gurobi:Optimal,gurobi,0.5249114036560059,0.5249122381210327,0.30851108241602,1,"{""BILL_AMT1"": 0.17028617261207818}",0.5249122381210327,False
xcreditscore_lattice,2154,False,infeasible,very_high_risk,gurobi:Infeasible|refined_5,gurobi,0.6488736271858215,0.6392356157302856,0.221614415137815,1,"{""BILL_AMT3"": 0.1108072075689075}",0.6392356157302856,False
xcreditscore_lattice,2157,False,near_feasible,near_threshold,gurobi:Optimal|refined_5,gurobi,0.32316094636917114,0.3178970217704773,0.5334703777627421,2,"{""BILL_AMT1"": 0.16854120485779767, ""BILL_AMT3"": 0.11406034527903364}",0.3178970217704773,False
xcreditscore_lattice,2179,False,infeasible,very_high_risk,gurobi:Optimal,gurobi,0.6206815838813782,0.6435964107513428,4.441652823013866,8,"{""BILL_AMT1"": 0.20207222250243567, ""BILL_AMT2"": 0.16375053620168012, ""BILL_AMT3"": -0.14326439680904918, ""BILL_AMT4"": 0.18025408049993838, ""BILL_AMT5"": 0.11246766253018087, ""BILL_AMT6"": -0.1432804738984296, ""PAY_AMT1"": 0.11591067274758687, ""PAY_AMT2"": 0.2270690526858313}",0.6435964107513428,False
xcreditscore_lattice,2180,False,infeasible,very_high_risk,gurobi:Optimal,gurobi,0.6481091976165771,0.655471920967102,3.508176431753398,8,"{""BILL_AMT1"": 0.20207222250243564, ""BILL_AMT2"": 0.16375053620168017, ""BILL_AMT3"": -0.07579162811807216, ""BILL_AMT4"": 0.18025408049993832, ""BILL_AMT5"": 0.11246766253018084, ""BILL_AMT6"": -0.1432804738984296, ""PAY_AMT1"": 0.11591067274758687, ""PAY_AMT2"": 0.13580838367114392}",0.655471920967102,False
xcreditscore_lattice,2182,False,infeasible,near_threshold,gurobi:Optimal|refined_6,gurobi,0.3324597477912903,0.32155030965805054,0.7710177205050168,3,"{""BILL_AMT1"": 0.20207222250243567, ""BILL_AMT3"": 0.1367715952135738, ""BILL_AMT5"": 0.09892518220811114}",0.32155030965805054,False
xcreditscore_lattice,2192,False,infeasible,very_high_risk,gurobi:Infeasible|refined_4,gurobi,0.677362322807312,0.6772933006286621,0.17907956866304747,1,"{""BILL_AMT3"": 0.08953978433152374}",0.6772933006286621,False
xcreditscore_lattice,2193,False,infeasible,very_high_risk,gurobi:Infeasible|refined_7,gurobi,0.71319580078125,0.6988512277603149,0.31742738317593877,1,"{""BILL_AMT3"": 0.15871369158796939}",0.6988512277603149,False
xcreditscore_lattice,2196,False,infeasible,very_high_risk,gurobi:Optimal|refined_2,gurobi,0.5291821360588074,0.5274714231491089,0.08474468465795026,1,"{""BILL_AMT3"": -0.04237234232897513}",0.5274714231491089,False
xcreditscore_lattice,2201,False,infeasible,very_high_risk,gurobi:Optimal|refined_5,gurobi,0.6084207892417908,0.6009736061096191,0.925721485369762,4,"{""BILL_AMT1"": 0.20207222250243567, ""BILL_AMT2"": 0.08671261883679948, ""BILL_AMT3"": 0.11382250772426558, ""BILL_AMT5"": 0.11246766253018085}",0.6009736061096191,False
xcreditscore_lattice,2205,False,infeasible,very_high_risk,gurobi:Optimal|refined_4,gurobi,0.5050961375236511,0.5050159096717834,0.5528524529030076,3,"{""BILL_AMT1"": 0.20207222250243564, ""BILL_AMT3"": 0.08935076893536054, ""BILL_AMT5"": 0.006063377089280481}",0.5050159096717834,False
xcreditscore_lattice,2206,False,infeasible,very_high_risk,gurobi:Optimal|refined_2,gurobi,0.5519996881484985,0.5519772171974182,0.3996904983338373,2,"{""BILL_AMT1"": 0.18557304608585862, ""BILL_AMT3"": 0.031741930979105215}",0.5519772171974182,False
xcreditscore_lattice,2212,False,infeasible,near_threshold,gurobi:Optimal|refined_6,gurobi,0.3491591811180115,0.33697444200515747,0.5540790845355849,2,"{""BILL_AMT1"": 0.15597104454603844, ""BILL_AMT3"": 0.13575151212316933}",0.33697444200515747,False
xcreditscore_lattice,2213,False,infeasible,very_high_risk,gurobi:Optimal|refined_5,gurobi,0.5405846834182739,0.5333499908447266,0.8150876985444979,4,"{""BILL_AMT1"": 0.20207222250243564, ""BILL_AMT2"": 0.034015510738657356, ""BILL_AMT3"": 0.11399575819994066, ""BILL_AMT5"": 0.11246766253018084}",0.5333499908447266,False
xcreditscore_lattice,2214,False,infeasible,very_high_risk,gurobi:Infeasible|refined_7,gurobi,0.8381355404853821,0.8270823955535889,0.31085652067659336,1,"{""BILL_AMT3"": 0.15542826033829668}",0.8270823955535889,False
xcreditscore_lattice,2215,False,infeasible,very_high_risk,gurobi:Optimal|refined_6,gurobi,0.6571467518806458,0.6407952904701233,1.1746112787060943,5,"{""BILL_AMT1"": 0.20207222250243567, ""BILL_AMT2"": 0.16375053620168017, ""BILL_AMT3"": 0.13451459318868153, ""BILL_AMT5"": 0.11246766253018084, ""BILL_AMT6"": -0.02929730608712991}",0.6407952904701233,False
xcreditscore_lattice,2218,False,infeasible,very_high_risk,gurobi:Infeasible|refined_6,gurobi,0.7930592894554138,0.7854885458946228,0.2755195332274338,1,"{""BILL_AMT3"": 0.1377597666137169}",0.7854885458946228,False
xcreditscore_lattice,2219,False,infeasible,moderate_risk,gurobi:Optimal|refined_6,gurobi,0.36309561133384705,0.3494085669517517,0.6171759820787259,2,"{""BILL_AMT1"": 0.1922153399588442, ""BILL_AMT3"": 0.13446768027650255}",0.3494085669517517,False
xcreditscore_lattice,2223,False,near_feasible,near_threshold,gurobi:Optimal|refined_5,gurobi,0.31959041953086853,0.31448763608932495,0.5156485080717939,2,"{""BILL_AMT1"": 0.15853850050122553, ""BILL_AMT3"": 0.11421046659800657}",0.31448763608932495,False
xcreditscore_lattice,2225,True,feasible,near_threshold,gurobi:Optimal|refined_2,gurobi,0.3088466227054596,0.29758426547050476,0.10335700071569465,1,"{""BILL_AMT3"": 0.05167850035784732}",0.29758426547050476,True
xcreditscore_lattice,2229,False,infeasible,moderate_risk,gurobi:Optimal|refined_6,gurobi,0.36723217368125916,0.35375404357910156,0.6305940570975932,2,"{""BILL_AMT1"": 0.19926901640665912, ""BILL_AMT3"": 0.1347870699286051}",0.35375404357910156,False
xcreditscore_lattice,2230,False,infeasible,high_risk,gurobi:Optimal|refined_6,gurobi,0.48052600026130676,0.4603274464607239,1.2210027518198374,5,"{""BILL_AMT1"": 0.20207222250243567, ""BILL_AMT2"": 0.16375053620168015, ""BILL_AMT3"": 0.13278808892069754, ""BILL_AMT5"": 0.11246766253018083, ""BILL_AMT6"": -0.061559697997566054}",0.4603274464607239,False
xcreditscore_lattice,2231,False,infeasible,very_high_risk,gurobi:Optimal|refined_2,gurobi,0.703283965587616,0.7234920263290405,1.9449865906801294,7,"{""BILL_AMT1"": 0.18349588661444077, ""BILL_AMT2"": 0.16375053620168012, ""BILL_AMT3"": -0.24248957005952487, ""BILL_AMT4"": 0.18025408049993835, ""BILL_AMT5"": 0.11246766253018081, ""BILL_AMT6"": -0.1432804738984296, ""PAY_AMT1"": 0.02596304277128917}",0.7234920263290405,False
xcreditscore_lattice,2232,False,infeasible,very_high_risk,gurobi:Infeasible|refined_4,gurobi,0.7722505331039429,0.7697056531906128,0.17377339099621214,1,"{""BILL_AMT3"": 0.08688669549810607}",0.7697056531906128,False
xcreditscore_lattice,2237,False,near_feasible,near_threshold,gurobi:Optimal,gurobi,0.30739477276802063,0.3073948919773102,0.10106013112787345,1,"{""BILL_AMT1"": 0.05578127955297951}",0.3073948919773102,False
xcreditscore_lattice,2241,False,infeasible,high_risk,gurobi:Optimal,gurobi,0.47725483775138855,0.4772549867630005,0.17887893167720983,1,"{""BILL_AMT1"": 0.09873424448063772}",0.4772549867630005,False
xcreditscore_lattice,2245,False,infeasible,very_high_risk,gurobi:Optimal,gurobi,0.5507177114486694,0.5507442355155945,4.957256243675042,8,"{""BILL_AMT1"": 0.20207222250243567, ""BILL_AMT2"": 0.16375053620168015, ""BILL_AMT3"": -0.045330965140433256, ""BILL_AMT4"": 0.1802540804999383, ""BILL_AMT5"": 0.11246766253018084, ""BILL_AMT6"": -0.14328047389842957, ""PAY_AMT1"": 0.11591067274758687, ""PAY_AMT2"": 0.3083799422856493}",0.5507442355155945,False
xcreditscore_lattice,2246,False,infeasible,very_high_risk,gurobi:Infeasible|refined_6,gurobi,0.7190816402435303,0.7079422473907471,0.27139719744444646,1,"{""BILL_AMT3"": 0.13569859872222323}",0.7079422473907471,False
xcreditscore_lattice,2248,False,infeasible,very_high_risk,gurobi:Infeasible|refined_6,gurobi,0.7961380481719971,0.7849218249320984,0.2651528706338262,1,"{""BILL_AMT3"": 0.1325764353169131}",0.7849218249320984,False
xcreditscore_lattice,2250,False,infeasible,very_high_risk,gurobi:Optimal,gurobi,0.6712554097175598,0.6832118034362793,4.716851748839591,8,"{""BILL_AMT1"": 0.20207222250243564, ""BILL_AMT2"": 0.16375053620168017, ""BILL_AMT3"": -0.09232570216628555, ""BILL_AMT4"": 0.18025408049993832, ""BILL_AMT5"": 0.11246766253018083, ""BILL_AMT6"": -0.1432804738984296, ""PAY_AMT1"": 0.11591067274758686, ""PAY_AMT2"": 0.2701634886985458}",0.6832118034362793,False
xcreditscore_lattice,2254,False,infeasible,very_high_risk,gurobi:Infeasible|refined_6,gurobi,0.8099510073661804,0.8011131286621094,0.27051294359976963,1,"{""BILL_AMT3"": 0.13525647179988481}",0.8011131286621094,False
xcreditscore_lattice,2265,False,infeasible,very_high_risk,gurobi:Infeasible|refined_6,gurobi,0.6214870810508728,0.610436737537384,0.2748916639028051,1,"{""BILL_AMT3"": 0.13744583195140256}",0.610436737537384,False
xcreditscore_lattice,2266,False,near_feasible,near_threshold,gurobi:Optimal|refined_5,gurobi,0.31377267837524414,0.30831238627433777,0.5730817480100072,2,"{""BILL_AMT1"": 0.19066457043021084, ""BILL_AMT3"": 0.11382534431895541}",0.30831238627433777,False
xcreditscore_lattice,2290,False,infeasible,very_high_risk,gurobi:Optimal,gurobi,0.5248982906341553,0.5336163640022278,3.3428315741330676,8,"{""BILL_AMT1"": 0.20207222250243562, ""BILL_AMT2"": 0.16375053620168015, ""BILL_AMT3"": -0.07792016513345087, ""BILL_AMT4"": 0.18025408049993835, ""BILL_AMT5"": 0.11246766253018083, ""BILL_AMT6"": -0.1432804738984296, ""PAY_AMT1"": 0.11591067274758687, ""PAY_AMT2"": 0.11642530576816253}",0.5336163640022278,False
xcreditscore_lattice,2291,False,infeasible,very_high_risk,gurobi:Infeasible|refined_2,gurobi,0.7585973739624023,0.7585943341255188,0.06584478153856899,1,"{""BILL_AMT3"": 0.03292239076928449}",0.7585943341255188,False
xcreditscore_lattice,2294,False,infeasible,very_high_risk,gurobi:Infeasible|refined_6,gurobi,0.8371493816375732,0.8288474678993225,0.26895063452441215,1,"{""BILL_AMT3"": 0.13447531726220607}",0.8288474678993225,False
xcreditscore_lattice,2296,False,infeasible,very_high_risk,gurobi:Infeasible|refined_6,gurobi,0.7316062450408936,0.7220381498336792,0.2742136086721247,1,"{""BILL_AMT3"": 0.13710680433606234}",0.7220381498336792,False
xcreditscore_lattice,2303,False,infeasible,very_high_risk,gurobi:Optimal|refined_5,gurobi,0.5689054727554321,0.5568913221359253,1.0371468327475157,4,"{""BILL_AMT1"": 0.20207222250243567, ""BILL_AMT2"": 0.14117248777368463, ""BILL_AMT3"": 0.1121888473824777, ""BILL_AMT5"": 0.11246766253018084}",0.5568913221359253,False
xcreditscore_lattice,2304,False,infeasible,very_high_risk,gurobi:Optimal|refined_6,gurobi,0.6593864560127258,0.6596813201904297,0.9159299905188242,5,"{""BILL_AMT1"": 0.10400688971065158, ""BILL_AMT2"": 0.16375053620168012, ""BILL_AMT4"": 0.009884979032104446, ""BILL_AMT5"": 0.11246766253018081, ""BILL_AMT6"": -0.1432804738984296}",0.6596813201904297,False
xcreditscore_lattice,2305,False,infeasible,very_high_risk,gurobi:Infeasible|refined_6,gurobi,0.695458710193634,0.6854257583618164,0.2748665709497791,1,"{""BILL_AMT3"": 0.13743328547488956}",0.6854257583618164,False
xcreditscore_lattice,2312,False,infeasible,very_high_risk,gurobi:Infeasible,gurobi,0.6470551490783691,0.6470551490783691,0.0,0,{},0.6470551490783691,False
xcreditscore_lattice,2316,False,infeasible,very_high_risk,gurobi:Optimal|refined_3,gurobi,0.6724088191986084,0.6724745631217957,1.1750972553708494,5,"{""BILL_AMT1"": 0.20207222250243567, ""BILL_AMT2"": 0.16375053620168012, ""BILL_AMT3"": 0.06158847120638189, ""BILL_AMT5"": 0.11246766253018087, ""BILL_AMT6"": -0.12401633754580049}",0.6724745631217957,False
xcreditscore_lattice,2322,False,infeasible,very_high_risk,gurobi:Infeasible|refined_6,gurobi,0.6416714191436768,0.6307423114776611,0.27462709689807463,1,"{""BILL_AMT3"": 0.13731354844903731}",0.6307423114776611,False
xcreditscore_lattice,2324,True,feasible,near_threshold,gurobi:Optimal|refined_2,gurobi,0.3065410852432251,0.29531607031822205,0.27936122264533575,2,"{""BILL_AMT1"": 0.09714028973894248, ""BILL_AMT3"": 0.05168504634559325}",0.29531607031822205,True
xcreditscore_lattice,2326,False,infeasible,very_high_risk,gurobi:Optimal|refined_4,gurobi,0.5636525750160217,0.5636207461357117,0.8493752650152753,4,"{""BILL_AMT1"": 0.20207222250243562, ""BILL_AMT2"": 0.0727332923836452, ""BILL_AMT3"": 0.09036965192801161, ""BILL_AMT5"": 0.11246766253018087}",0.5636207461357117,False
xcreditscore_lattice,2337,False,infeasible,very_high_risk,gurobi:Optimal|refined_3,gurobi,0.5487681031227112,0.5487378835678101,0.45305215375415364,2,"{""BILL_AMT1"": 0.1812052915280255, ""BILL_AMT3"": 0.062379335625883714}",0.5487378835678101,False
xcreditscore_lattice,2342,False,infeasible,very_high_risk,gurobi:Infeasible|refined_5,gurobi,0.8167020678520203,0.8138375282287598,0.2300242637945782,1,"{""BILL_AMT3"": 0.1150121318972891}",0.8138375282287598,False
xcreditscore_lattice,2350,False,infeasible,very_high_risk,gurobi:Optimal|refined_5,gurobi,0.6080597639083862,0.6011372208595276,1.0543368692317325,4,"{""BILL_AMT1"": 0.20207222250243562, ""BILL_AMT2"": 0.14747532201450528, ""BILL_AMT3"": 0.11414697051687119, ""BILL_AMT5"": 0.11246766253018085}",0.6011372208595276,False
xcreditscore_lattice,2351,False,infeasible,very_high_risk,gurobi:Infeasible|refined_6,gurobi,0.8231503963470459,0.8143026232719421,0.26896372649990397,1,"{""BILL_AMT3"": 0.13448186324995198}",0.8143026232719421,False
xcreditscore_lattice,2362,False,infeasible,very_high_risk,gurobi:Optimal|refined_8,gurobi,0.616258978843689,0.6065999269485474,1.5024170636032006,6,"{""BILL_AMT1"": 0.20207222250243567, ""BILL_AMT2"": 0.16375053620168015, ""BILL_AMT3"": 0.10173864540767885, ""BILL_AMT4"": 0.18025408049993838, ""BILL_AMT5"": 0.11246766253018084, ""BILL_AMT6"": -0.1432804738984296}",0.6065999269485474,False
xcreditscore_lattice,2365,False,infeasible,high_risk,gurobi:Optimal|refined_7,gurobi,0.43032270669937134,0.4072883129119873,1.014100354854415,4,"{""BILL_AMT1"": 0.20207222250243562, ""BILL_AMT2"": 0.08953924430299147, ""BILL_AMT3"": 0.15503550107354197, ""BILL_AMT5"": 0.11246766253018084}",0.4072883129119873,False
xcreditscore_lattice,2370,False,infeasible,very_high_risk,gurobi:Infeasible|refined_7,gurobi,0.7775501012802124,0.7639337182044983,0.31323467802468263,1,"{""BILL_AMT3"": 0.15661733901234132}",0.7639337182044983,False
xcreditscore_lattice,2376,False,infeasible,high_risk,gurobi:Optimal|refined_2,gurobi,0.4948282837867737,0.49480384588241577,0.37604347506414293,2,"{""BILL_AMT1"": 0.17206332209917802, ""BILL_AMT3"": 0.032156346553319254}",0.49480384588241577,False
xcreditscore_lattice,2379,False,infeasible,very_high_risk,gurobi:Infeasible|refined_7,gurobi,0.8323191404342651,0.8219286203384399,0.31556046747080496,1,"{""BILL_AMT3"": 0.15778023373540248}",0.8219286203384399,False
xcreditscore_lattice,2381,False,infeasible,very_high_risk,gurobi:Optimal|refined_6,gurobi,0.6536678671836853,0.6381459832191467,1.4472469108724124,6,"{""BILL_AMT1"": 0.20207222250243564, ""BILL_AMT2"": 0.16375053620168015, ""BILL_AMT3"": 0.13526519978354604, ""BILL_AMT4"": 0.07884768047287717, ""BILL_AMT5"": 0.11246766253018084, ""BILL_AMT6"": -0.1432804738984296}",0.6381459832191467,False
xcreditscore_lattice,2382,False,infeasible,very_high_risk,gurobi:Infeasible|refined_2,gurobi,0.766656756401062,0.7666532397270203,0.06576732068357571,1,"{""BILL_AMT3"": 0.03288366034178786}",0.7666532397270203,False
xcreditscore_lattice,2389,False,infeasible,very_high_risk,gurobi:Optimal,gurobi,0.6631495952606201,0.6666190028190613,3.4190598943630186,8,"{""BILL_AMT1"": 0.20207222250243562, ""BILL_AMT2"": 0.16375053620168015, ""BILL_AMT3"": -0.06251745596732244, ""BILL_AMT4"": 0.18025408049993835, ""BILL_AMT5"": 0.11246766253018084, ""BILL_AMT6"": -0.1432804738984296, ""PAY_AMT1"": 0.11591067274758687, ""PAY_AMT2"": 0.12865773303241482}",0.6666190028190613,False
xcreditscore_lattice,2393,False,infeasible,very_high_risk,gurobi:Infeasible|refined_5,gurobi,0.6383013129234314,0.6292789578437805,0.22276258138844773,1,"{""BILL_AMT3"": 0.11138129069422387}",0.6292789578437805,False
xcreditscore_lattice,2398,False,infeasible,moderate_risk,gurobi:Optimal|refined_7,gurobi,0.38913214206695557,0.3703249990940094,0.5370994023105901,2,"{""BILL_AMT1"": 0.12531088684183775, ""BILL_AMT3"": 0.15503550107354197}",0.3703249990940094,False
xcreditscore_lattice,2400,False,infeasible,very_high_risk,gurobi:Optimal,gurobi,0.5513486266136169,0.5543062686920166,2.5061530971161465,8,"{""BILL_AMT1"": 0.20207222250243564, ""BILL_AMT2"": 0.16375053620168015, ""BILL_AMT3"": -0.06000816066472325, ""BILL_AMT4"": 0.18025408049993838, ""BILL_AMT5"": 0.11246766253018083, ""BILL_AMT6"": -0.1432804738984296, ""PAY_AMT1"": 0.11591067274758687, ""PAY_AMT5"": 0.10506535215109676}",0.5543062686920166,False
xcreditscore_lattice,2410,False,infeasible,very_high_risk,gurobi:Infeasible|refined_6,gurobi,0.8028987646102905,0.7928040027618408,0.26767743990783244,1,"{""BILL_AMT3"": 0.13383871995391622}",0.7928040027618408,False
xcreditscore_lattice,2412,False,infeasible,very_high_risk,gurobi:Optimal|refined_6,gurobi,0.5816962122917175,0.562511146068573,1.5633816163281036,6,"{""BILL_AMT1"": 0.20207222250243562, ""BILL_AMT2"": 0.16375053620168015, ""BILL_AMT3"": 0.13334531612756859, ""BILL_AMT4"": 0.17838830171747883, ""BILL_AMT5"": 0.11246766253018084, ""BILL_AMT6"": -0.1432804738984296}",0.562511146068573,False
xcreditscore_lattice,2419,False,infeasible,very_high_risk,gurobi:Optimal|refined_4,gurobi,0.6373654007911682,0.6367524862289429,1.3530337316000898,6,"{""BILL_AMT1"": 0.20207222250243562, ""BILL_AMT2"": 0.16375053620168017, ""BILL_AMT3"": 0.08854724893954996, ""BILL_AMT4"": 0.07820278750657414, ""BILL_AMT5"": 0.11246766253018084, ""BILL_AMT6"": -0.1432804738984296}",0.6367524862289429,False
xcreditscore_lattice,2422,False,infeasible,very_high_risk,gurobi:Infeasible|refined_5,gurobi,0.6285269856452942,0.6208069920539856,0.22493104892907656,1,"{""BILL_AMT3"": 0.11246552446453828}",0.6208069920539856,False
xcreditscore_lattice,2423,False,infeasible,very_high_risk,gurobi:Optimal,gurobi,0.6195798516273499,0.6236816048622131,6.003909860122263,10,"{""BILL_AMT1"": 0.20207222250243564, ""BILL_AMT2"": 0.16375053620168012, ""BILL_AMT3"": -0.05113616527309862, ""BILL_AMT4"": 0.18025408049993835, ""BILL_AMT5"": 0.11246766253018083, ""BILL_AMT6"": -0.1432804738984296, ""PAY_AMT1"": 0.11591067274758687, ""PAY_AMT2"": 0.34642105817415636, ""PAY_AMT4"": 0.1333644461028462, ""PAY_AMT5"": 0.17783878704613287}",0.6236816048622131,False
xcreditscore_lattice,2432,False,infeasible,very_high_risk,gurobi:Optimal,gurobi,0.6237132549285889,0.6463255882263184,6.160734311085481,10,"{""BILL_AMT1"": 0.20207222250243567, ""BILL_AMT2"": 0.16375053620168012, ""BILL_AMT3"": -0.13495535636357292, ""BILL_AMT4"": 0.18025408049993835, ""BILL_AMT5"": 0.11246766253018084, ""BILL_AMT6"": -0.1432804738984296, ""PAY_AMT1"": 0.11591067274758687, ""PAY_AMT2"": 0.34642105817415636, ""PAY_AMT4"": 0.12903887361575306, ""PAY_AMT5"": 0.17783878704613287}",0.6463255882263184,False
xcreditscore_lattice,2433,False,infeasible,very_high_risk,gurobi:Optimal|refined_5,gurobi,0.612041711807251,0.6011372208595276,1.2694678216878414,5,"{""BILL_AMT1"": 0.20207222250243564, ""BILL_AMT2"": 0.16375053620168012, ""BILL_AMT3"": 0.11133001379021423, ""BILL_AMT5"": 0.11246766253018083, ""BILL_AMT6"": -0.12070720318727617}",0.6011372208595276,False
xcreditscore_lattice,2434,False,infeasible,moderate_risk,gurobi:Optimal|refined_5,gurobi,0.366387277841568,0.360196590423584,0.6316864028765581,3,"{""BILL_AMT1"": 0.20207222250243567, ""BILL_AMT3"": 0.11365340304082949, ""BILL_AMT5"": 0.028825359486579855}",0.360196590423584,False
xcreditscore_lattice,2436,False,infeasible,high_risk,gurobi:Optimal|refined_6,gurobi,0.4732411801815033,0.45531338453292847,1.1031917687226924,4,"{""BILL_AMT1"": 0.20207222250243564, ""BILL_AMT2"": 0.15132277247708675, ""BILL_AMT3"": 0.13452304842285337, ""BILL_AMT5"": 0.11246766253018084}",0.45531338453292847,False
xcreditscore_lattice,2437,False,infeasible,very_high_risk,gurobi:Optimal|refined_5,gurobi,0.5308017730712891,0.530802309513092,0.27079005268677864,2,"{""BILL_AMT1"": 0.12605144187503498, ""BILL_AMT5"": 0.03194193816045038}",0.530802309513092,False
xcreditscore_lattice,2451,False,infeasible,very_high_risk,gurobi:Infeasible|refined_4,gurobi,0.6263964176177979,0.6263512372970581,0.18068038996631003,1,"{""BILL_AMT3"": 0.09034019498315501}",0.6263512372970581,False
xcreditscore_lattice,2457,False,infeasible,very_high_risk,gurobi:Optimal|refined_9,gurobi,0.6050751209259033,0.6052817106246948,0.9889542236683609,5,"{""BILL_AMT1"": 0.14972112865247128, ""BILL_AMT2"": 0.16375053620168017, ""BILL_AMT3"": -0.0010584782065818366, ""BILL_AMT5"": 0.11246766253018081, ""BILL_AMT6"": -0.1432804738984296}",0.6052817106246948,False
xcreditscore_lattice,2460,False,infeasible,very_high_risk,gurobi:Infeasible|refined_7,gurobi,0.8476436138153076,0.8373022675514221,0.31265012131897285,1,"{""BILL_AMT3"": 0.15632506065948643}",0.8373022675514221,False
xcreditscore_lattice,2475,False,near_feasible,near_threshold,gurobi:Optimal|refined_7,gurobi,0.3187917172908783,0.30178284645080566,0.3671265005999782,2,"{""BILL_AMT1"": 0.031190368262970086, ""BILL_AMT3"": 0.15530912336132108}",0.30178284645080566,False
xcreditscore_lattice,2490,False,infeasible,very_high_risk,gurobi:Optimal,gurobi,0.6243162751197815,0.6256138682365417,1.6259537288500803,7,"{""BILL_AMT1"": 0.20207222250243562, ""BILL_AMT2"": 0.16375053620168015, ""BILL_AMT3"": -0.05414295564438704, ""BILL_AMT4"": 0.18025408049993835, ""BILL_AMT5"": 0.11246766253018084, ""BILL_AMT6"": -0.1432804738984296, ""PAY_AMT1"": 0.029163739303128444}",0.6256138682365417,False
xcreditscore_lattice,2499,False,infeasible,very_high_risk,gurobi:Infeasible|refined_5,gurobi,0.786619246006012,0.7799858450889587,0.2225648925585211,1,"{""BILL_AMT3"": 0.11128244627926055}",0.7799858450889587,False
xcreditscore_lattice,2508,False,near_feasible,near_threshold,gurobi:Optimal|refined_7,gurobi,0.31874242424964905,0.30165719985961914,0.39051232796658936,2,"{""BILL_AMT1"": 0.0444004973382876, ""BILL_AMT3"": 0.15503550107354197}",0.30165719985961914,False
xcreditscore_lattice,2511,False,infeasible,very_high_risk,gurobi:Infeasible|refined_7,gurobi,0.5503552556037903,0.5305230617523193,0.31007100214708394,1,"{""BILL_AMT3"": 0.15503550107354197}",0.5305230617523193,False
xcreditscore_lattice,2513,False,infeasible,very_high_risk,gurobi:Infeasible|refined_5,gurobi,0.8077479004859924,0.8011785745620728,0.22171304135318654,1,"{""BILL_AMT3"": 0.11085652067659327}",0.8011785745620728,False
xcreditscore_lattice,2514,False,infeasible,near_threshold,gurobi:Optimal|refined_3,gurobi,0.3276120126247406,0.327581524848938,0.38100551134087485,2,"{""BILL_AMT1"": 0.14191683349262213, ""BILL_AMT3"": 0.06194588213730867}",0.327581524848938,False
xcreditscore_lattice,2522,False,infeasible,very_high_risk,gurobi:Optimal|refined_6,gurobi,0.5638484358787537,0.5445119142532349,1.3069921027225462,5,"{""BILL_AMT1"": 0.20207222250243564, ""BILL_AMT2"": 0.16375053620168017, ""BILL_AMT3"": 0.13320212264562642, ""BILL_AMT5"": 0.11246766253018084, ""BILL_AMT6"": -0.11668128039579642}",0.5445119142532349,False
xcreditscore_lattice,2538,False,near_feasible,near_threshold,gurobi:Optimal,gurobi,0.3199364244937897,0.3199365437030792,0.2353086873917033,1,"{""BILL_AMT1"": 0.12988128479699773}",0.3199365437030792,False
xcreditscore_lattice,2543,False,infeasible,very_high_risk,gurobi:Optimal|refined_7,gurobi,0.5607317686080933,0.5369751453399658,1.1998508136882498,5,"{""BILL_AMT1"": 0.20207222250243567, ""BILL_AMT2"": 0.16375053620168015, ""BILL_AMT3"": 0.15514220067380036, ""BILL_AMT5"": 0.11246766253018084, ""BILL_AMT6"": -0.01893098011911512}",0.5369751453399658,False
xcreditscore_lattice,2554,False,infeasible,near_threshold,gurobi:Optimal|refined_4,gurobi,0.3431773781776428,0.3371713161468506,0.2731902525878471,1,"{""BILL_AMT3"": -0.13659512629392356}",0.3371713161468506,False
xcreditscore_lattice,2567,False,infeasible,very_high_risk,gurobi:Optimal|refined_3,gurobi,0.5252969264984131,0.525269627571106,0.6689950672478917,4,"{""BILL_AMT1"": 0.20207222250243562, ""BILL_AMT2"": 0.013359659300585747, ""BILL_AMT3"": 0.06270008902543334, ""BILL_AMT5"": 0.11246766253018081}",0.525269627571106,False
xcreditscore_lattice,2576,False,infeasible,very_high_risk,gurobi:Infeasible|refined_6,gurobi,0.6008583307266235,0.5892863869667053,0.27405104997643454,1,"{""BILL_AMT3"": 0.13702552498821727}",0.5892863869667053,False
xcreditscore_lattice,2579,False,infeasible,very_high_risk,gurobi:Infeasible|refined_6,gurobi,0.6416980028152466,0.6309223175048828,0.2749587602772008,1,"{""BILL_AMT3"": 0.1374793801386004}",0.6309223175048828,False
xcreditscore_lattice,2585,False,near_feasible,near_threshold,gurobi:Optimal|refined_6,gurobi,0.3271970748901367,0.31668493151664734,0.6043952417565999,2,"{""BILL_AMT1"": 0.18224838082718098, ""BILL_AMT3"": 0.13710598608759408}",0.31668493151664734,False
xcreditscore_lattice,2595,True,feasible,near_threshold,gurobi:Optimal|refined_6,gurobi,0.3169859051704407,0.299998015165329,0.30998786810271095,1,"{""BILL_AMT3"": 0.15499393405135548}",0.299998015165329,True
xcreditscore_lattice,2597,False,infeasible,very_high_risk,gurobi:Optimal,gurobi,0.5606892108917236,0.5628042817115784,2.178118789536457,7,"{""BILL_AMT1"": 0.20207222250243564, ""BILL_AMT2"": 0.16375053620168015, ""BILL_AMT3"": -0.0577127009618238, ""BILL_AMT4"": 0.18025408049993838, ""BILL_AMT5"": 0.11246766253018084, ""BILL_AMT6"": -0.1432804738984296, ""PAY_AMT1"": 0.10183381530999555}",0.5628042817115784,False
xcreditscore_lattice,2614,False,infeasible,very_high_risk,gurobi:Optimal|refined_8,gurobi,0.5869463682174683,0.5649112462997437,1.1917288921983311,5,"{""BILL_AMT1"": 0.20207222250243564, ""BILL_AMT2"": 0.16174020458961183, ""BILL_AMT3"": 0.15675382285684364, ""BILL_AMT5"": 0.11246766253018084, ""BILL_AMT6"": 0.014328047389842974}",0.5649112462997437,False
xcreditscore_lattice,2625,False,infeasible,moderate_risk,gurobi:Optimal|refined_6,gurobi,0.3637736439704895,0.35022225975990295,0.5900399894308749,2,"{""BILL_AMT1"": 0.17705094528268706, ""BILL_AMT3"": 0.13463651221044914}",0.35022225975990295,False
xcreditscore_lattice,2634,False,infeasible,very_high_risk,gurobi:Infeasible|refined_5,gurobi,0.6099509596824646,0.6020736694335938,0.22491664775603537,1,"{""BILL_AMT3"": 0.11245832387801769}",0.6020736694335938,False
xcreditscore_lattice,2643,False,infeasible,very_high_risk,gurobi:Optimal,gurobi,0.6945687532424927,0.7152737379074097,2.446287865245479,7,"{""BILL_AMT1"": 0.20207222250243562, ""BILL_AMT2"": 0.16375053620168017, ""BILL_AMT3"": -0.22109946410180323, ""BILL_AMT4"": 0.18025408049993832, ""BILL_AMT5"": 0.11246766253018081, ""BILL_AMT6"": -0.1432804738984296, ""PAY_AMT1"": 0.09401988856720397}",0.7152737379074097,False
xcreditscore_lattice,2647,False,infeasible,very_high_risk,gurobi:Infeasible|refined_4,gurobi,0.7684649229049683,0.7684298753738403,0.1802650470438319,1,"{""BILL_AMT3"": 0.09013252352191595}",0.7684298753738403,False
xcreditscore_lattice,2649,False,infeasible,very_high_risk,gurobi:Infeasible|refined_7,gurobi,0.8536842465400696,0.8435645699501038,0.31164203920610256,1,"{""BILL_AMT3"": 0.15582101960305128}",0.8435645699501038,False
xcreditscore_lattice,2653,False,infeasible,near_threshold,gurobi:Optimal,gurobi,0.3368645906448364,0.3368645906448364,0.16021426534518138,1,"{""BILL_AMT1"": 0.0884320713208524}",0.3368645906448364,False
xcreditscore_lattice,2658,False,infeasible,very_high_risk,gurobi:Optimal,gurobi,0.624279797077179,0.6271028518676758,2.798745916846431,8,"{""BILL_AMT1"": 0.20207222250243562, ""BILL_AMT2"": 0.16375053620168017, ""BILL_AMT3"": -0.05893352767643619, ""BILL_AMT4"": 0.18025408049993832, ""BILL_AMT5"": 0.11246766253018084, ""BILL_AMT6"": -0.1432804738984296, ""PAY_AMT1"": 0.11591067274758687, ""PAY_AMT2"": 0.058583890639864494}",0.6271028518676758,False
xcreditscore_lattice,2663,False,infeasible,very_high_risk,gurobi:Optimal,gurobi,0.6091197729110718,0.6191632747650146,1.65119255337899,7,"{""BILL_AMT1"": 0.20207222250243564, ""BILL_AMT2"": 0.16375053620168017, ""BILL_AMT3"": -0.08255036046572523, ""BILL_AMT4"": 0.18025408049993835, ""BILL_AMT5"": 0.11246766253018084, ""BILL_AMT6"": -0.1432804738984296, ""PAY_AMT1"": 0.024953607954626197}",0.6191632747650146,False
xcreditscore_lattice,2667,False,infeasible,high_risk,gurobi:Optimal|refined_5,gurobi,0.43590080738067627,0.42867162823677063,0.9438680518145668,4,"{""BILL_AMT1"": 0.20207222250243562, ""BILL_AMT2"": 0.09497901194417327, ""BILL_AMT3"": 0.11419126503395183, ""BILL_AMT5"": 0.11246766253018084}",0.42867162823677063,False
xcreditscore_lattice,2669,False,infeasible,very_high_risk,gurobi:Optimal,gurobi,0.7647140622138977,0.7752169370651245,5.930799298657163,10,"{""BILL_AMT1"": 0.20207222250243567, ""BILL_AMT2"": 0.16375053620168012, ""BILL_AMT3"": -0.09731701782254265, ""BILL_AMT4"": 0.18025408049993835, ""BILL_AMT5"": 0.11246766253018084, ""BILL_AMT6"": -0.1432804738984296, ""PAY_AMT1"": 0.11591067274758687, ""PAY_AMT2"": 0.34642105817415636, ""PAY_AMT4"": 0.06717553947725087, ""PAY_AMT5"": 0.17783878704613287}",0.7752169370651245,False
xcreditscore_lattice,2674,False,near_feasible,near_threshold,gurobi:Optimal|refined_7,gurobi,0.32840821146965027,0.3115381896495819,0.31225867125176743,1,"{""BILL_AMT3"": 0.15612933562588371}",0.3115381896495819,False
xcreditscore_lattice,2686,False,infeasible,very_high_risk,gurobi:Infeasible|refined_4,gurobi,0.7740978598594666,0.7740588784217834,0.17781782952502312,1,"{""BILL_AMT3"": 0.08890891476251156}",0.7740588784217834,False
xcreditscore_lattice,2690,False,infeasible,very_high_risk,gurobi:Optimal,gurobi,0.648055911064148,0.6703387498855591,5.917732011620877,10,"{""BILL_AMT1"": 0.20207222250243567, ""BILL_AMT2"": 0.16375053620168017, ""BILL_AMT3"": -0.16073782009880078, ""BILL_AMT4"": 0.18025408049993835, ""BILL_AMT5"": 0.11246766253018081, ""BILL_AMT6"": -0.1432804738984296, ""PAY_AMT1"": 0.11591067274758687, ""PAY_AMT2"": 0.34642105817415636, ""PAY_AMT4"": 0.011211982841729428, ""PAY_AMT5"": 0.17783878704613287}",0.6703387498855591,False
xcreditscore_lattice,2718,False,infeasible,very_high_risk,gurobi:Infeasible|refined_7,gurobi,0.8318793177604675,0.8217689990997314,0.3166091347076999,1,"{""BILL_AMT3"": 0.15830456735384996}",0.8217689990997314,False
xcreditscore_lattice,2719,False,infeasible,very_high_risk,gurobi:Optimal|refined_15,gurobi,0.535656750202179,0.5251803994178772,0.6359030972239659,3,"{""BILL_AMT1"": -0.08082888900097429, ""BILL_AMT3"": -0.18658421631434718, ""BILL_AMT6"": -0.0752733842139206}",0.5251803994178772,False
xcreditscore_lattice,2732,False,infeasible,very_high_risk,gurobi:Infeasible|refined_5,gurobi,0.663335919380188,0.6588845252990723,0.22984010333932667,1,"{""BILL_AMT3"": 0.11492005166966333}",0.6588845252990723,False
xcreditscore_lattice,2734,False,infeasible,high_risk,gurobi:Optimal|refined_3,gurobi,0.4886172115802765,0.4885638356208801,0.4517849241101745,2,"{""BILL_AMT1"": 0.18109609512557784, ""BILL_AMT3"": 0.06184463752683855}",0.4885638356208801,False
xcreditscore_lattice,2749,False,infeasible,very_high_risk,gurobi:Optimal|refined_7,gurobi,0.6500342488288879,0.631696343421936,0.7084922829055185,3,"{""BILL_AMT1"": 0.20207222250243567, ""BILL_AMT3"": 0.1551631478345873, ""BILL_AMT5"": 0.02414655567680024}",0.631696343421936,False
xcreditscore_lattice,2750,False,infeasible,high_risk,gurobi:Optimal|refined_6,gurobi,0.4720083773136139,0.4556066691875458,0.8544654143603966,4,"{""BILL_AMT1"": 0.20207222250243562, ""BILL_AMT2"": 0.03278749208870785, ""BILL_AMT3"": 0.13497772182170478, ""BILL_AMT5"": 0.11246766253018085}",0.4556066691875458,False
xcreditscore_lattice,2758,False,infeasible,very_high_risk,gurobi:Infeasible|refined_6,gurobi,0.812052309513092,0.8036721348762512,0.27150138774940213,1,"{""BILL_AMT3"": 0.13575069387470107}",0.8036721348762512,False
xcreditscore_lattice,2760,False,infeasible,very_high_risk,gurobi:Optimal|refined_6,gurobi,0.553130567073822,0.5398363471031189,1.49739996414586,6,"{""BILL_AMT1"": 0.20207222250243567, ""BILL_AMT2"": 0.16375053620168015, ""BILL_AMT3"": 0.13776985834482516, ""BILL_AMT4"": 0.11630261099351129, ""BILL_AMT5"": 0.11246766253018083, ""BILL_AMT6"": -0.1432804738984296}",0.5398363471031189,False
xcreditscore_lattice,2767,False,infeasible,high_risk,gurobi:Optimal,gurobi,0.4959004521369934,0.4993486702442169,3.690786699068347,8,"{""BILL_AMT1"": 0.20207222250243567, ""BILL_AMT2"": 0.16375053620168015, ""BILL_AMT3"": -0.06153664880339344, ""BILL_AMT4"": 0.18025408049993835, ""BILL_AMT5"": 0.11246766253018083, ""BILL_AMT6"": -0.1432804738984296, ""PAY_AMT1"": 0.11591067274758687, ""PAY_AMT2"": 0.15993640949335033}",0.4993486702442169,False
xcreditscore_lattice,2776,False,infeasible,very_high_risk,gurobi:Infeasible|refined_5,gurobi,0.620871365070343,0.6147155165672302,0.22747874735978502,1,"{""BILL_AMT3"": 0.11373937367989251}",0.6147155165672302,False
xcreditscore_lattice,2779,False,infeasible,very_high_risk,gurobi:Optimal|refined_5,gurobi,0.5381490588188171,0.538188636302948,0.4682874230519113,3,"{""BILL_AMT1"": 0.12776634801976128, ""BILL_AMT2"": 0.041523938788116166, ""BILL_AMT5"": 0.11246766253018087}",0.538188636302948,False
xcreditscore_lattice,2787,False,infeasible,very_high_risk,gurobi:Optimal,gurobi,0.6469790935516357,0.6477258801460266,3.197079858977055,8,"{""BILL_AMT1"": 0.20207222250243564, ""BILL_AMT2"": 0.16375053620168015, ""BILL_AMT3"": -0.05137618482378201, ""BILL_AMT4"": 0.18025408049993835, ""BILL_AMT5"": 0.11246766253018085, ""BILL_AMT6"": -0.1432804738984296, ""PAY_AMT1"": 0.11591067274758687, ""PAY_AMT2"": 0.10583516239254247}",0.6477258801460266,False
xcreditscore_lattice,2793,False,infeasible,moderate_risk,gurobi:Optimal|refined_6,gurobi,0.35052490234375,0.3390539288520813,0.6094859510561892,2,"{""BILL_AMT1"": 0.18573330871526564, ""BILL_AMT3"": 0.1364944817323302}",0.3390539288520813,False
xcreditscore_lattice,2813,False,infeasible,very_high_risk,gurobi:Infeasible|refined_7,gurobi,0.6988396644592285,0.6819361448287964,0.3112073856197741,1,"{""BILL_AMT3"": 0.15560369280988706}",0.6819361448287964,False
xcreditscore_lattice,2819,False,infeasible,very_high_risk,gurobi:Infeasible|refined_6,gurobi,0.6105849742889404,0.5996088981628418,0.27504604011381295,1,"{""BILL_AMT3"": 0.13752302005690648}",0.5996088981628418,False
xcreditscore_lattice,2842,False,infeasible,very_high_risk,gurobi:Optimal|refined_4,gurobi,0.5627471208572388,0.5626955032348633,0.6294409937734968,3,"{""BILL_AMT1"": 0.20207222250243567, ""BILL_AMT3"": 0.08951769162288131, ""BILL_AMT5"": 0.06348262051542153}",0.5626955032348633,False
xcreditscore_lattice,2854,False,infeasible,very_high_risk,gurobi:Infeasible|refined_6,gurobi,0.8275219202041626,0.8202878832817078,0.2734133616701869,1,"{""BILL_AMT3"": 0.13670668083509346}",0.8202878832817078,False
xcreditscore_lattice,2858,False,infeasible,very_high_risk,gurobi:Optimal|refined_7,gurobi,0.5882558226585388,0.5658491253852844,1.1528963650799464,4,"{""BILL_AMT1"": 0.20207222250243564, ""BILL_AMT2"": 0.15544417662005208, ""BILL_AMT3"": 0.15503550107354197, ""BILL_AMT5"": 0.11246766253018085}",0.5658491253852844,False
xcreditscore_lattice,2859,False,infeasible,very_high_risk,gurobi:Optimal,gurobi,0.619556188583374,0.634637176990509,1.4606572686586625,6,"{""BILL_AMT1"": 0.20207222250243564, ""BILL_AMT2"": 0.16375053620168012, ""BILL_AMT3"": -0.09922953724230629, ""BILL_AMT4"": 0.14977026609879188, ""BILL_AMT5"": 0.11246766253018084, ""BILL_AMT6"": -0.1432804738984296}",0.634637176990509,False
xcreditscore_lattice,2863,False,infeasible,very_high_risk,gurobi:Infeasible|refined_7,gurobi,0.7829166054725647,0.7690843343734741,0.3104637614118388,1,"{""BILL_AMT3"": 0.1552318807059194}",0.7690843343734741,False
xcreditscore_lattice,2872,False,infeasible,very_high_risk,gurobi:Infeasible|refined_6,gurobi,0.8128790855407715,0.8046934604644775,0.2720196117792867,1,"{""BILL_AMT3"": 0.13600980588964334}",0.8046934604644775,False
xcreditscore_lattice,2873,False,infeasible,very_high_risk,gurobi:Infeasible|refined_6,gurobi,0.7896643877029419,0.7816200256347656,0.27424797510779064,1,"{""BILL_AMT3"": 0.13712398755389532}",0.7816200256347656,False
xcreditscore_lattice,2878,False,infeasible,very_high_risk,gurobi:Optimal,gurobi,0.7508408427238464,0.7688806653022766,3.4462228746978947,8,"{""BILL_AMT1"": 0.20207222250243562, ""BILL_AMT2"": 0.16375053620168017, ""BILL_AMT3"": -0.2289033724928867, ""BILL_AMT4"": 0.18025408049993835, ""BILL_AMT5"": 0.11246766253018087, ""BILL_AMT6"": -0.1432804738984296, ""PAY_AMT1"": 0.11591067274758686, ""PAY_AMT2"": 0.09373100700770023}",0.7688806653022766,False
xcreditscore_lattice,2879,False,infeasible,very_high_risk,gurobi:Infeasible|refined_6,gurobi,0.6504709720611572,0.6382780075073242,0.271749589784768,1,"{""BILL_AMT3"": 0.135874794892384}",0.6382780075073242,False
xcreditscore_lattice,2886,False,infeasible,high_risk,gurobi:Optimal|refined_7,gurobi,0.4347202777862549,0.41545620560646057,0.31122964197811037,1,"{""BILL_AMT3"": 0.15561482098905519}",0.41545620560646057,False
xcreditscore_lattice,2898,False,infeasible,moderate_risk,gurobi:Optimal|refined_6,gurobi,0.37102434039115906,0.3578157424926758,0.7953371438209658,4,"{""BILL_AMT1"": 0.20207222250243562, ""BILL_AMT2"": 0.004374967076591504, ""BILL_AMT3"": 0.1353320234084522, ""BILL_AMT5"": 0.11246766253018084}",0.3578157424926758,False
xcreditscore_lattice,2928,False,infeasible,very_high_risk,gurobi:Infeasible|refined_7,gurobi,0.848874568939209,0.8384852409362793,0.31164203920610256,1,"{""BILL_AMT3"": 0.15582101960305128}",0.8384852409362793,False
xcreditscore_lattice,2938,False,infeasible,very_high_risk,gurobi:Optimal,gurobi,0.7238362431526184,0.7350221872329712,3.568036441262441,8,"{""BILL_AMT1"": 0.20207222250243564, ""BILL_AMT2"": 0.16375053620168015, ""BILL_AMT3"": -0.09453933702236111, ""BILL_AMT4"": 0.18025408049993838, ""BILL_AMT5"": 0.11246766253018084, ""BILL_AMT6"": -0.1432804738984296, ""PAY_AMT1"": 0.11591067274758687, ""PAY_AMT2"": 0.1383643370083399}",0.7350221872329712,False
xcreditscore_lattice,2945,False,infeasible,very_high_risk,gurobi:Optimal,gurobi,0.5155398845672607,0.5191442966461182,2.900843128156268,8,"{""BILL_AMT1"": 0.20207222250243564, ""BILL_AMT2"": 0.16375053620168017, ""BILL_AMT3"": -0.06203087087820972, ""BILL_AMT4"": 0.18025408049993835, ""BILL_AMT5"": 0.11246766253018083, ""BILL_AMT6"": -0.1432804738984296, ""PAY_AMT1"": 0.11591067274758687, ""PAY_AMT2"": 0.06954417920058333}",0.5191442966461182,False
xcreditscore_lattice,2947,False,near_feasible,near_threshold,gurobi:Optimal|refined_5,gurobi,0.3216932713985443,0.3145856261253357,0.5224883873181017,2,"{""BILL_AMT1"": 0.16421507896737222, ""BILL_AMT3"": 0.11248821722205737}",0.3145856261253357,False
xcreditscore_lattice,2957,False,infeasible,very_high_risk,gurobi:Infeasible|refined_6,gurobi,0.7957422137260437,0.7856988906860352,0.26835058564770364,1,"{""BILL_AMT3"": 0.13417529282385182}",0.7856988906860352,False
xcreditscore_lattice,2963,False,infeasible,high_risk,gurobi:Optimal|refined_7,gurobi,0.439447283744812,0.4182191491127014,1.0350170160298826,4,"{""BILL_AMT1"": 0.20207222250243564, ""BILL_AMT2"": 0.09648662334332907, ""BILL_AMT3"": 0.15817822979035387, ""BILL_AMT5"": 0.11246766253018085}",0.4182191491127014,False
xcreditscore_lattice,2965,False,infeasible,very_high_risk,gurobi:Optimal|refined_5,gurobi,0.5839908719062805,0.5842655897140503,1.0335276195889427,5,"{""BILL_AMT1"": 0.1270927739447532, ""BILL_AMT2"": 0.16375053620168012, ""BILL_AMT4"": 0.07275198492429225, ""BILL_AMT5"": 0.11246766253018087, ""BILL_AMT6"": -0.1432804738984296}",0.5842655897140503,False
xcreditscore_lattice,2976,False,infeasible,moderate_risk,gurobi:Optimal|refined_4,gurobi,0.3992508351802826,0.39829733967781067,0.5343300251287209,2,"{""BILL_AMT1"": 0.1973671592252445, ""BILL_AMT3"": 0.08837787150662457}",0.39829733967781067,False
xcreditscore_lattice,2987,False,infeasible,very_high_risk,gurobi:Optimal|refined_4,gurobi,0.6316197514533997,0.6298601627349854,0.9846880701034253,4,"{""BILL_AMT1"": 0.20207222250243564, ""BILL_AMT2"": 0.13945580981716044, ""BILL_AMT3"": 0.0877671308499311, ""BILL_AMT5"": 0.11246766253018084}",0.6298601627349854,False
xcreditscore_lattice,2991,False,infeasible,very_high_risk,gurobi:Infeasible|refined_6,gurobi,0.8373556733131409,0.8289074897766113,0.26839422556600984,1,"{""BILL_AMT3"": 0.13419711278300492}",0.8289074897766113,False
xcreditscore_lattice,2996,False,infeasible,very_high_risk,gurobi:Infeasible|refined_6,gurobi,0.7069412469863892,0.6958111524581909,0.2718816005376439,1,"{""BILL_AMT3"": 0.13594080026882194}",0.6958111524581909,False
xcreditscore_lattice,2997,False,near_feasible,near_threshold,gurobi:Optimal|refined_7,gurobi,0.3317009210586548,0.314241498708725,0.31007100214708394,1,"{""BILL_AMT3"": 0.15503550107354197}",0.314241498708725,False
xcreditscore_lattice,3000,False,near_feasible,near_threshold,gurobi:Optimal|refined_7,gurobi,0.3202517628669739,0.3031593859195709,0.35037809034498224,2,"{""BILL_AMT1"": 0.022148590957795256, ""BILL_AMT3"": 0.1551255084050483}",0.3031593859195709,False
xcreditscore_lattice,3006,False,infeasible,very_high_risk,gurobi:Infeasible|refined_6,gurobi,0.7043219804763794,0.6941913366317749,0.2742070626843787,1,"{""BILL_AMT3"": 0.13710353134218936}",0.6941913366317749,False
xcreditscore_lattice,3007,False,infeasible,high_risk,gurobi:Infeasible|refined_7,gurobi,0.4635879695415497,0.4438910484313965,0.3104840539738509,1,"{""BILL_AMT3"": 0.15524202698692546}",0.4438910484313965,False
xcreditscore_lattice,3008,False,infeasible,very_high_risk,gurobi:Optimal,gurobi,0.6043155193328857,0.6102738976478577,1.385145207234577,6,"{""BILL_AMT1"": 0.20207222250243564, ""BILL_AMT2"": 0.16375053620168015, ""BILL_AMT3"": -0.06890524900937386, ""BILL_AMT4"": 0.13743830503682128, ""BILL_AMT5"": 0.11246766253018083, ""BILL_AMT6"": -0.1432804738984296}",0.6102738976478577,False
xcreditscore_lattice,3009,False,infeasible,very_high_risk,gurobi:Optimal|refined_8,gurobi,0.5316829681396484,0.5138521790504456,0.33826770496888137,2,"{""BILL_AMT3"": 0.15806563880112418, ""BILL_AMT6"": 0.014328047389842974}",0.5138521790504456,False
xcreditscore_lattice,3018,False,infeasible,high_risk,gurobi:Optimal|refined_3,gurobi,0.4583755135536194,0.4583345651626587,0.7150818091515188,4,"{""BILL_AMT1"": 0.20207222250243564, ""BILL_AMT2"": 0.0371589898353924, ""BILL_AMT3"": 0.06068272470193936, ""BILL_AMT5"": 0.11246766253018081}",0.4583345651626587,False
xcreditscore_lattice,3026,False,infeasible,very_high_risk,gurobi:Optimal|refined_7,gurobi,0.54808109998703,0.5282347798347473,0.8146557098047795,3,"{""BILL_AMT1"": 0.20207222250243564, ""BILL_AMT3"": 0.15503550107354197, ""BILL_AMT5"": 0.10427909536200357}",0.5282347798347473,False
xcreditscore_lattice,3028,False,infeasible,very_high_risk,gurobi:Infeasible|refined_6,gurobi,0.618955671787262,0.6050986051559448,0.2694917695114074,1,"{""BILL_AMT3"": 0.1347458847557037}",0.6050986051559448,False
xcreditscore_lattice,3048,False,infeasible,near_threshold,gurobi:Optimal|refined_6,gurobi,0.33930525183677673,0.3260141611099243,0.2891022846720034,2,"{""BILL_AMT1"": 0.011196096571912673, ""BILL_AMT3"": 0.13440903913627872}",0.3260141611099243,False
xcreditscore_lattice,3060,False,infeasible,very_high_risk,gurobi:Optimal|refined_6,gurobi,0.6012653112411499,0.5836706161499023,1.420116995111785,6,"{""BILL_AMT1"": 0.20207222250243567, ""BILL_AMT2"": 0.16375053620168012, ""BILL_AMT3"": 0.1342287517237768, ""BILL_AMT4"": 0.058058330504716316, ""BILL_AMT5"": 0.11246766253018085, ""BILL_AMT6"": -0.1432804738984296}",0.5836706161499023,False
xcreditscore_lattice,3071,False,infeasible,very_high_risk,gurobi:Optimal,gurobi,0.51445072889328,0.5307713150978088,4.186002756697942,8,"{""BILL_AMT1"": 0.20207222250243562, ""BILL_AMT2"": 0.16375053620168012, ""BILL_AMT3"": -0.10055073576902265, ""BILL_AMT4"": 0.18025408049993832, ""BILL_AMT5"": 0.11246766253018084, ""BILL_AMT6"": -0.1432804738984296, ""PAY_AMT1"": 0.11591067274758687, ""PAY_AMT2"": 0.20761502477316027}",0.5307713150978088,False
xcreditscore_lattice,3075,False,infeasible,very_high_risk,gurobi:Optimal|refined_5,gurobi,0.598617672920227,0.5934865474700928,1.281240456346263,5,"{""BILL_AMT1"": 0.20207222250243564, ""BILL_AMT2"": 0.16375053620168015, ""BILL_AMT3"": 0.1151786181856268, ""BILL_AMT5"": 0.11246766253018083, ""BILL_AMT6"": -0.12334506764469688}",0.5934865474700928,False
xcreditscore_lattice,3080,False,infeasible,very_high_risk,gurobi:Optimal|refined_6,gurobi,0.518959641456604,0.503793478012085,1.522473730150018,6,"{""BILL_AMT1"": 0.20207222250243562, ""BILL_AMT2"": 0.16375053620168017, ""BILL_AMT3"": 0.13685151081397212, ""BILL_AMT4"": 0.13862972734319146, ""BILL_AMT5"": 0.11246766253018085, ""BILL_AMT6"": -0.1432804738984296}",0.503793478012085,False
xcreditscore_lattice,3083,False,infeasible,near_threshold,gurobi:Optimal|refined_7,gurobi,0.3390692174434662,0.3214460611343384,0.46566082439087647,2,"{""BILL_AMT1"": 0.08573864563753517, ""BILL_AMT3"": 0.1551631478345873}",0.3214460611343384,False
xcreditscore_lattice,3088,False,infeasible,very_high_risk,gurobi:Infeasible|refined_6,gurobi,0.769020676612854,0.758493185043335,0.269468313055318,1,"{""BILL_AMT3"": 0.134734156527659}",0.758493185043335,False
xcreditscore_lattice,3091,False,infeasible,very_high_risk,gurobi:Infeasible|refined_5,gurobi,0.7508392930030823,0.7471613883972168,0.22981130099324454,1,"{""BILL_AMT3"": 0.11490565049662227}",0.7471613883972168,False
xcreditscore_lattice,3097,False,near_feasible,near_threshold,gurobi:Optimal,gurobi,0.3083760738372803,0.3083761930465698,0.09796358758205742,1,"{""BILL_AMT1"": 0.05407210740715496}",0.3083761930465698,False
xcreditscore_lattice,3103,False,infeasible,very_high_risk,gurobi:Infeasible|refined_5,gurobi,0.6223511695861816,0.612586498260498,0.22185050709585075,1,"{""BILL_AMT3"": 0.11092525354792537}",0.612586498260498,False
xcreditscore_lattice,3107,False,infeasible,moderate_risk,gurobi:Optimal|refined_6,gurobi,0.3654734492301941,0.3509702682495117,0.6111453377264671,2,"{""BILL_AMT1"": 0.18975651924816234, ""BILL_AMT3"": 0.13367970700158854}",0.3509702682495117,False
xcreditscore_lattice,3108,False,infeasible,very_high_risk,gurobi:Infeasible|refined_2,gurobi,0.6399370431900024,0.6399314999580383,0.06563301883498873,1,"{""BILL_AMT3"": 0.032816509417494366}",0.6399314999580383,False
xcreditscore_lattice,3113,False,infeasible,very_high_risk,gurobi:Optimal,gurobi,0.5680593252182007,0.5781488418579102,1.404938566315088,6,"{""BILL_AMT1"": 0.20207222250243564, ""BILL_AMT2"": 0.16375053620168017, ""BILL_AMT3"": -0.0812509818981619, ""BILL_AMT4"": 0.1333744356794416, ""BILL_AMT5"": 0.11246766253018083, ""BILL_AMT6"": -0.1432804738984296}",0.5781488418579102,False
xcreditscore_lattice,3123,False,near_feasible,near_threshold,gurobi:Optimal|refined_5,gurobi,0.3252457082271576,0.3159131407737732,0.5220686574077418,2,"{""BILL_AMT1"": 0.16600218147627413, ""BILL_AMT3"": 0.11065948644544135}",0.3159131407737732,False
xcreditscore_lattice,3132,False,infeasible,very_high_risk,gurobi:Optimal|refined_3,gurobi,0.5590235590934753,0.5589844584465027,0.5392058405397857,3,"{""BILL_AMT1"": 0.20207222250243564, ""BILL_AMT3"": 0.0613265225967497, ""BILL_AMT5"": 0.03799169142660555}",0.5589844584465027,False
xcreditscore_lattice,3134,False,infeasible,very_high_risk,gurobi:Optimal|refined_9,gurobi,0.7448506951332092,0.7435030937194824,0.25563211160710725,4,"{""BILL_AMT1"": 0.08082888900097451, ""BILL_AMT3"": -0.04242378288267845, ""BILL_AMT5"": 0.0016631356383046136, ""BILL_AMT6"": -0.014328047389842946}",0.7435030937194824,False
xcreditscore_lattice,3138,False,infeasible,very_high_risk,gurobi:Optimal,gurobi,0.5619101524353027,0.5860775113105774,3.414795880246304,8,"{""BILL_AMT1"": 0.20207222250243562, ""BILL_AMT2"": 0.16375053620168015, ""BILL_AMT3"": -0.15979192486951665, ""BILL_AMT4"": 0.18025408049993835, ""BILL_AMT5"": 0.11246766253018084, ""BILL_AMT6"": -0.1432804738984296, ""PAY_AMT1"": 0.11591067274758687, ""PAY_AMT2"": 0.10593625281286013}",0.5860775113105774,False
xcreditscore_lattice,3144,False,infeasible,high_risk,gurobi:Optimal|refined_7,gurobi,0.45953670144081116,0.4398614168167114,0.310581589191265,1,"{""BILL_AMT3"": 0.1552907945956325}",0.4398614168167114,False
xcreditscore_lattice,3147,False,infeasible,near_threshold,gurobi:Optimal|refined_2,gurobi,0.3233093023300171,0.3232897222042084,0.28913879735595505,2,"{""BILL_AMT1"": 0.12453785319065899, ""BILL_AMT3"": 0.0317554593537801}",0.3232897222042084,False
xcreditscore_lattice,3158,False,infeasible,very_high_risk,gurobi:Infeasible|refined_4,gurobi,0.5993738174438477,0.5957778692245483,0.17366276380330614,1,"{""BILL_AMT3"": 0.08683138190165307}",0.5957778692245483,False
xcreditscore_lattice,3162,False,infeasible,moderate_risk,gurobi:Optimal,gurobi,0.36537474393844604,0.36636319756507874,5.065722165117142,8,"{""BILL_AMT1"": 0.20207222250243567, ""BILL_AMT2"": 0.16375053620168012, ""BILL_AMT3"": -0.053056321678565825, ""BILL_AMT4"": 0.18025408049993835, ""BILL_AMT5"": 0.11246766253018084, ""BILL_AMT6"": -0.1432804738984296, ""PAY_AMT1"": 0.11591067274758687, ""PAY_AMT2"": 0.3190102518131732}",0.36636319756507874,False
xcreditscore_lattice,3183,False,infeasible,very_high_risk,gurobi:Optimal|refined_3,gurobi,0.5324524641036987,0.5305768251419067,0.21728373905773368,2,"{""BILL_AMT1"": 0.026065696948614103, ""BILL_AMT3"": -0.08502998062387623}",0.5305768251419067,False
xcreditscore_lattice,3187,False,infeasible,very_high_risk,gurobi:Infeasible|refined_7,gurobi,0.7983154654502869,0.785161554813385,0.31016919196327264,1,"{""BILL_AMT3"": 0.15508459598163632}",0.785161554813385,False
xcreditscore_lattice,3195,False,infeasible,very_high_risk,gurobi:Optimal,gurobi,0.6145830750465393,0.637709379196167,3.6661615593732724,8,"{""BILL_AMT1"": 0.20207222250243567, ""BILL_AMT2"": 0.16375053620168012, ""BILL_AMT3"": -0.15344668074781365, ""BILL_AMT4"": 0.18025408049993835, ""BILL_AMT5"": 0.11246766253018087, ""BILL_AMT6"": -0.1432804738984296, ""PAY_AMT1"": 0.11591067274758689, ""PAY_AMT2"": 0.1361141005123315}",0.637709379196167,False
xcreditscore_lattice,3205,False,infeasible,very_high_risk,gurobi:Infeasible|refined_4,gurobi,0.5478810667991638,0.5478293895721436,0.1792203073995845,1,"{""BILL_AMT3"": 0.08961015369979225}",0.5478293895721436,False
xcreditscore_lattice,3207,False,infeasible,near_threshold,gurobi:Optimal|refined_2,gurobi,0.32507094740867615,0.32505127787590027,0.2227788827886662,2,"{""BILL_AMT1"": 0.08790920769205177, ""BILL_AMT3"": 0.03175595030286105}",0.32505127787590027,False
xcreditscore_lattice,3211,False,infeasible,very_high_risk,gurobi:Optimal,gurobi,0.7040562033653259,0.7243477702140808,1.7469209818572409,6,"{""BILL_AMT1"": 0.20207222250243562, ""BILL_AMT2"": 0.16375053620168017, ""BILL_AMT3"": -0.2362359697662646, ""BILL_AMT4"": 0.1599345702841654, ""BILL_AMT5"": 0.11246766253018081, ""BILL_AMT6"": -0.1432804738984296}",0.7243477702140808,False
xcreditscore_lattice,3214,False,infeasible,high_risk,gurobi:Optimal|refined_6,gurobi,0.4228493571281433,0.40838074684143066,0.6661591830113072,3,"{""BILL_AMT1"": 0.20207222250243564, ""BILL_AMT3"": 0.13450504695655213, ""BILL_AMT5"": 0.023380838610406796}",0.40838074684143066,False
xcreditscore_lattice,3215,False,near_feasible,near_threshold,gurobi:Optimal,gurobi,0.31781670451164246,0.31781691312789917,0.1636649429955166,1,"{""BILL_AMT1"": 0.09033671178106528}",0.31781691312789917,False
xcreditscore_lattice,3222,False,near_feasible,near_threshold,gurobi:Optimal|refined_6,gurobi,0.3251982033252716,0.31346461176872253,0.6340863983116973,2,"{""BILL_AMT1"": 0.20010458445764517, ""BILL_AMT3"": 0.13577633232670583}",0.31346461176872253,False
xcreditscore_lattice,3223,False,infeasible,very_high_risk,gurobi:Infeasible|refined_5,gurobi,0.6337065696716309,0.6280155181884766,0.22800198998027477,1,"{""BILL_AMT3"": 0.11400099499013738}",0.6280155181884766,False
xcreditscore_lattice,3239,False,infeasible,very_high_risk,gurobi:Infeasible|refined_7,gurobi,0.8436095714569092,0.8328925371170044,0.311249279941348,1,"{""BILL_AMT3"": 0.155624639970674}",0.8328925371170044,False
xcreditscore_lattice,3253,False,infeasible,very_high_risk,gurobi:Infeasible|refined_5,gurobi,0.7804486155509949,0.7750259041786194,0.2254870214882958,1,"{""BILL_AMT3"": 0.1127435107441479}",0.7750259041786194,False
xcreditscore_lattice,3260,False,near_feasible,near_threshold,gurobi:Optimal|refined_7,gurobi,0.3299177289009094,0.31253594160079956,0.30997281233089535,1,"{""BILL_AMT3"": 0.15498640616544768}",0.31253594160079956,False
xcreditscore_lattice,3267,True,feasible,near_threshold,gurobi:Optimal|refined_2,gurobi,0.3090737760066986,0.29730942845344543,0.4587336055528789,2,"{""BILL_AMT1"": 0.19582268183413723, ""BILL_AMT3"": 0.05197874299579311}",0.29730942845344543,True
xcreditscore_lattice,3270,False,infeasible,very_high_risk,gurobi:Infeasible|refined_6,gurobi,0.7034841775894165,0.6933255195617676,0.2741934252099082,1,"{""BILL_AMT3"": 0.1370967126049541}",0.6933255195617676,False
xcreditscore_lattice,3276,False,infeasible,very_high_risk,gurobi:Optimal,gurobi,0.6519787907600403,0.654504120349884,4.854056251009275,8,"{""BILL_AMT1"": 0.20207222250243564, ""BILL_AMT2"": 0.16375053620168015, ""BILL_AMT3"": -0.05980850803847295, ""BILL_AMT4"": 0.18025408049993838, ""BILL_AMT5"": 0.11246766253018083, ""BILL_AMT6"": -0.1432804738984296, ""PAY_AMT1"": 0.11591067274758687, ""PAY_AMT2"": 0.2932765047471525}",0.654504120349884,False
xcreditscore_lattice,3291,False,infeasible,very_high_risk,gurobi:Infeasible|refined_6,gurobi,0.6375536918640137,0.6262481212615967,0.27394031368373284,1,"{""BILL_AMT3"": 0.13697015684186642}",0.6262481212615967,False
xcreditscore_lattice,3297,False,infeasible,very_high_risk,gurobi:Infeasible|refined_5,gurobi,0.5298076272010803,0.5236687064170837,0.22809232461116832,1,"{""BILL_AMT3"": 0.11404616230558416}",0.5236687064170837,False
xcreditscore_lattice,3305,False,infeasible,very_high_risk,gurobi:Optimal|refined_5,gurobi,0.6097166538238525,0.6010884046554565,0.965264220029985,4,"{""BILL_AMT1"": 0.20207222250243556, ""BILL_AMT2"": 0.10623044474564769, ""BILL_AMT3"": 0.11304157138617832, ""BILL_AMT5"": 0.11246766253018084}",0.6010884046554565,False
xcreditscore_lattice,3319,False,infeasible,very_high_risk,gurobi:Optimal,gurobi,0.5848769545555115,0.5944492220878601,3.3357241737183836,8,"{""BILL_AMT1"": 0.20207222250243564, ""BILL_AMT2"": 0.16375053620168015, ""BILL_AMT3"": -0.08090404454762862, ""BILL_AMT4"": 0.18025408049993835, ""BILL_AMT5"": 0.11246766253018085, ""BILL_AMT6"": -0.1432804738984296, ""PAY_AMT1"": 0.11591067274758687, ""PAY_AMT2"": 0.11493100185467221}",0.5944492220878601,False
xcreditscore_lattice,3338,False,infeasible,moderate_risk,gurobi:Optimal|refined_6,gurobi,0.38513216376304626,0.3747018575668335,0.6057330918344465,2,"{""BILL_AMT1"": 0.18208143166396626, ""BILL_AMT3"": 0.13792614380225887}",0.3747018575668335,False
xcreditscore_lattice,3340,False,infeasible,moderate_risk,gurobi:Optimal,gurobi,0.3532477617263794,0.35465240478515625,3.96779393513276,8,"{""BILL_AMT1"": 0.20207222250243564, ""BILL_AMT2"": 0.16375053620168015, ""BILL_AMT3"": -0.054439707088868326, ""BILL_AMT4"": 0.18025408049993835, ""BILL_AMT5"": 0.11246766253018084, ""BILL_AMT6"": -0.1432804738984296, ""PAY_AMT1"": 0.11591067274758687, ""PAY_AMT2"": 0.1932165374354605}",0.35465240478515625,False
xcreditscore_lattice,3341,False,infeasible,very_high_risk,gurobi:Optimal,gurobi,0.6714688539505005,0.6928337812423706,4.3840075831517575,8,"{""BILL_AMT1"": 0.20207222250243562, ""BILL_AMT2"": 0.16375053620168015, ""BILL_AMT3"": -0.16726307888351633, ""BILL_AMT4"": 0.18025408049993835, ""BILL_AMT5"": 0.11246766253018087, ""BILL_AMT6"": -0.1432804738984296, ""PAY_AMT1"": 0.11591067274758687, ""PAY_AMT2"": 0.21499561222742633}",0.6928337812423706,False
xcreditscore_lattice,3346,False,infeasible,very_high_risk,gurobi:Infeasible|refined_7,gurobi,0.8259860873222351,0.8142269849777222,0.3102673817794612,1,"{""BILL_AMT3"": 0.1551336908897306}",0.8142269849777222,False
xcreditscore_lattice,3353,False,infeasible,moderate_risk,gurobi:Optimal|refined_3,gurobi,0.35764193534851074,0.35759052634239197,0.4036815619945882,2,"{""BILL_AMT1"": 0.15477855088490972, ""BILL_AMT3"": 0.06163298392305411}",0.35759052634239197,False
xcreditscore_lattice,3356,False,infeasible,moderate_risk,gurobi:Optimal|refined_6,gurobi,0.3756037950515747,0.36218610405921936,0.6147123697019139,2,"{""BILL_AMT1"": 0.19035389818250878, ""BILL_AMT3"": 0.13492208092586447}",0.36218610405921936,False
xcreditscore_lattice,3365,False,infeasible,very_high_risk,gurobi:Infeasible|refined_5,gurobi,0.7775620818138123,0.7727927565574646,0.22683724056068574,1,"{""BILL_AMT3"": 0.11341862028034287}",0.7727927565574646,False
xcreditscore_lattice,3368,False,infeasible,moderate_risk,gurobi:Optimal|refined_5,gurobi,0.3541550040245056,0.34777337312698364,0.5089899655827208,2,"{""BILL_AMT1"": 0.15579567172869693, ""BILL_AMT3"": 0.11336581597919249}",0.34777337312698364,False
xcreditscore_lattice,3375,False,infeasible,very_high_risk,gurobi:Optimal,gurobi,0.680835485458374,0.7018904089927673,5.307969953404612,8,"{""BILL_AMT1"": 0.20207222250243564, ""BILL_AMT2"": 0.16375053620168015, ""BILL_AMT3"": -0.148447728105853, ""BILL_AMT4"": 0.18025408049993835, ""BILL_AMT5"": 0.11246766253018087, ""BILL_AMT6"": -0.1432804738984296, ""PAY_AMT1"": 0.11591067274758687, ""PAY_AMT2"": 0.32489196329121856}",0.7018904089927673,False
xcreditscore_lattice,3377,True,feasible,near_threshold,gurobi:Optimal|refined_1,gurobi,0.30032041668891907,0.2968425154685974,0.09329210815717348,1,"{""BILL_AMT3"": -0.04664605407858674}",0.2968425154685974,True
xcreditscore_lattice,3378,False,infeasible,very_high_risk,gurobi:Optimal|refined_5,gurobi,0.5680140852928162,0.5593577027320862,0.5761436340196888,2,"{""BILL_AMT1"": 0.19429944136238703, ""BILL_AMT3"": 0.11206360081693933}",0.5593577027320862,False
xcreditscore_lattice,3381,False,infeasible,moderate_risk,gurobi:Optimal,gurobi,0.35633790493011475,0.35633814334869385,0.10525872733815717,1,"{""BILL_AMT1"": 0.05809874210049565}",0.35633814334869385,False
xcreditscore_lattice,3386,False,infeasible,very_high_risk,gurobi:Infeasible|refined_6,gurobi,0.7645710706710815,0.7563437223434448,0.27559372108855423,1,"{""BILL_AMT3"": 0.13779686054427712}",0.7563437223434448,False
xcreditscore_lattice,3388,False,near_feasible,near_threshold,gurobi:Optimal|refined_7,gurobi,0.3299661874771118,0.31255537271499634,0.31007100214708394,1,"{""BILL_AMT3"": 0.15503550107354197}",0.31255537271499634,False
xcreditscore_lattice,3398,False,infeasible,very_high_risk,gurobi:Optimal,gurobi,0.6573752164840698,0.6794371008872986,2.475640794932845,7,"{""BILL_AMT1"": 0.20207222250243562, ""BILL_AMT2"": 0.16375053620168017, ""BILL_AMT3"": -0.1832745649100145, ""BILL_AMT4"": 0.18025408049993835, ""BILL_AMT5"": 0.11246766253018081, ""BILL_AMT6"": -0.1432804738984296, ""PAY_AMT1"": 0.10802025230999643}",0.6794371008872986,False
xcreditscore_lattice,3399,False,infeasible,high_risk,gurobi:Optimal|refined_7,gurobi,0.41488367319107056,0.39326509833335876,1.2524917076796949,5,"{""BILL_AMT1"": 0.20207222250243567, ""BILL_AMT2"": 0.16375053620168015, ""BILL_AMT3"": 0.1573393614607153, ""BILL_AMT5"": 0.11246766253018085, ""BILL_AMT6"": -0.050159107609961645}",0.39326509833335876,False
xcreditscore_lattice,3410,False,infeasible,moderate_risk,gurobi:Optimal|refined_7,gurobi,0.36593636870384216,0.34938839077949524,0.6440758441742824,2,"{""BILL_AMT1"": 0.1811210973974188, ""BILL_AMT3"": 0.15796744898493553}",0.34938839077949524,False
xcreditscore_lattice,3416,False,infeasible,very_high_risk,gurobi:Optimal,gurobi,0.6548222899436951,0.6611254215240479,1.3976046540337304,6,"{""BILL_AMT1"": 0.20207222250243564, ""BILL_AMT2"": 0.16375053620168012, ""BILL_AMT3"": -0.07140036133852357, ""BILL_AMT4"": 0.14363538175625357, ""BILL_AMT5"": 0.11246766253018084, ""BILL_AMT6"": -0.1432804738984296}",0.6611254215240479,False
xcreditscore_lattice,3417,False,infeasible,very_high_risk,gurobi:Optimal|refined_12,gurobi,0.5347740054130554,0.5326013565063477,0.4682841420397606,2,"{""BILL_AMT1"": -0.16165777800194836, ""BILL_AMT3"": 0.08770265287063383}",0.5326013565063477,False
xcreditscore_lattice,3419,False,near_feasible,near_threshold,gurobi:Optimal|refined_5,gurobi,0.3125697672367096,0.30327028036117554,0.22110601008954922,1,"{""BILL_AMT3"": 0.11055300504477461}",0.30327028036117554,False
xcreditscore_lattice,3421,False,infeasible,very_high_risk,gurobi:Infeasible|refined_6,gurobi,0.7832416892051697,0.7748695611953735,0.2739986820744672,1,"{""BILL_AMT3"": 0.1369993410372336}",0.7748695611953735,False
xcreditscore_lattice,3426,False,infeasible,very_high_risk,gurobi:Optimal|refined_6,gurobi,0.6139530539512634,0.6011359691619873,1.1480820915904653,5,"{""BILL_AMT1"": 0.20207222250243567, ""BILL_AMT2"": 0.16375053620168015, ""BILL_AMT3"": 0.13717662820535204, ""BILL_AMT5"": 0.11246766253018083, ""BILL_AMT6"": -0.008679933175400029}",0.6011359691619873,False
xcreditscore_lattice,3430,False,infeasible,very_high_risk,gurobi:Optimal,gurobi,0.6695160269737244,0.6722773909568787,3.525454565938619,8,"{""BILL_AMT1"": 0.20207222250243564, ""BILL_AMT2"": 0.16375053620168017, ""BILL_AMT3"": -0.06059293557002462, ""BILL_AMT4"": 0.18025408049993835, ""BILL_AMT5"": 0.11246766253018084, ""BILL_AMT6"": -0.1432804738984296, ""PAY_AMT1"": 0.11591067274758687, ""PAY_AMT2"": 0.14125701444615144}",0.6722773909568787,False
xcreditscore_lattice,3432,False,near_feasible,near_threshold,gurobi:Optimal|refined_4,gurobi,0.3188515901565552,0.31546750664711,0.45744689156134566,2,"{""BILL_AMT1"": 0.15675347123231032, ""BILL_AMT3"": 0.08672664609771849}",0.31546750664711,False
xcreditscore_lattice,3435,False,infeasible,very_high_risk,gurobi:Infeasible|refined_6,gurobi,0.8237351775169373,0.8148425221443176,0.2688377162357952,1,"{""BILL_AMT3"": 0.1344188581178976}",0.8148425221443176,False
xcreditscore_lattice,3437,False,infeasible,very_high_risk,gurobi:Optimal,gurobi,0.7323331832885742,0.7394530177116394,5.350479524225431,8,"{""BILL_AMT1"": 0.20207222250243564, ""BILL_AMT2"": 0.16375053620168015, ""BILL_AMT3"": -0.07955120708014035, ""BILL_AMT4"": 0.18025408049993835, ""BILL_AMT5"": 0.11246766253018084, ""BILL_AMT6"": -0.1432804738984296, ""PAY_AMT1"": 0.11591067274758687, ""PAY_AMT2"": 0.34549797619090356}",0.7394530177116394,False
xcreditscore_lattice,3448,False,infeasible,very_high_risk,gurobi:Infeasible|refined_6,gurobi,0.6611931324005127,0.6484449505805969,0.2704425742315011,1,"{""BILL_AMT3"": 0.13522128711575054}",0.6484449505805969,False
xcreditscore_lattice,3453,False,infeasible,very_high_risk,gurobi:Optimal,gurobi,0.5870909094810486,0.6000158786773682,1.841720972358654,7,"{""BILL_AMT1"": 0.20207222250243562, ""BILL_AMT2"": 0.16375053620168012, ""BILL_AMT3"": -0.09206277165849147, ""BILL_AMT4"": 0.18025408049993832, ""BILL_AMT5"": 0.11246766253018084, ""BILL_AMT6"": -0.1432804738984296, ""PAY_AMT1"": 0.047820754167177106}",0.6000158786773682,False
xcreditscore_lattice,3456,False,infeasible,very_high_risk,gurobi:Optimal|refined_4,gurobi,0.5100758075714111,0.509689450263977,1.3786728261921957,6,"{""BILL_AMT1"": 0.20207222250243564, ""BILL_AMT2"": 0.16375053620168015, ""BILL_AMT3"": 0.08990112285509799, ""BILL_AMT4"": 0.0972285056440233, ""BILL_AMT5"": 0.11246766253018087, ""BILL_AMT6"": -0.1432804738984296}",0.509689450263977,False
xcreditscore_lattice,3459,True,feasible,near_threshold,gurobi:Optimal|refined_3,gurobi,0.3137049973011017,0.29689428210258484,0.2902191852791641,2,"{""BILL_AMT1"": 0.07450957227397384, ""BILL_AMT3"": 0.07761430385602318}",0.29689428210258484,True
xcreditscore_lattice,3466,False,infeasible,very_high_risk,gurobi:Infeasible|refined_4,gurobi,0.7976244688034058,0.7955461144447327,0.1733272819313283,1,"{""BILL_AMT3"": 0.08666364096566415}",0.7955461144447327,False
xcreditscore_lattice,3472,False,infeasible,very_high_risk,gurobi:Infeasible|refined_3,gurobi,0.7592018842697144,0.759168803691864,0.12124042103793187,1,"{""BILL_AMT3"": 0.060620210518965933}",0.759168803691864,False
xcreditscore_lattice,3475,False,infeasible,very_high_risk,gurobi:Infeasible|refined_6,gurobi,0.6478272080421448,0.6370980143547058,0.274970761254735,1,"{""BILL_AMT3"": 0.1374853806273675}",0.6370980143547058,False
xcreditscore_lattice,3477,False,infeasible,high_risk,gurobi:Optimal|refined_7,gurobi,0.45023077726364136,0.4291151463985443,1.0142968442006488,4,"{""BILL_AMT1"": 0.20207222250243564, ""BILL_AMT2"": 0.08644036985176352, ""BILL_AMT3"": 0.1583968657810673, ""BILL_AMT5"": 0.11246766253018084}",0.4291151463985443,False
xcreditscore_lattice,3491,False,near_feasible,near_threshold,gurobi:Optimal|refined_7,gurobi,0.3203100264072418,0.3031092882156372,0.3095879082514358,1,"{""BILL_AMT3"": 0.1547939541257179}",0.3031092882156372,False
xcreditscore_lattice,3498,False,infeasible,very_high_risk,gurobi:Optimal|refined_8,gurobi,0.6913190484046936,0.6913191676139832,0.19909403509621676,2,"{""BILL_AMT1"": 0.060621666750730774, ""BILL_AMT5"": 0.06721551222728034}",0.6913191676139832,False
xcreditscore_lattice,3503,False,infeasible,very_high_risk,gurobi:Infeasible|refined_7,gurobi,0.8363869786262512,0.8253157734870911,0.31164203920610256,1,"{""BILL_AMT3"": 0.15582101960305128}",0.8253157734870911,False
xcreditscore_lattice,3519,False,infeasible,very_high_risk,gurobi:Infeasible|refined_4,gurobi,0.7894113063812256,0.7886407971382141,0.17647884773159705,1,"{""BILL_AMT3"": 0.08823942386579853}",0.7886407971382141,False
xcreditscore_lattice,3524,False,infeasible,very_high_risk,gurobi:Infeasible|refined_3,gurobi,0.6707866191864014,0.6707503199577332,0.12580362909560638,1,"{""BILL_AMT3"": 0.06290181454780319}",0.6707503199577332,False
xcreditscore_lattice,3525,False,infeasible,very_high_risk,gurobi:Infeasible,gurobi,0.7130219340324402,0.7130219340324402,0.0,0,{},0.7130219340324402,False
xcreditscore_lattice,3526,False,infeasible,very_high_risk,gurobi:Optimal|refined_6,gurobi,0.5884106755256653,0.5884106755256653,0.1100244376023019,1,"{""BILL_AMT1"": 0.06072922964831401}",0.5884106755256653,False
xcreditscore_lattice,3528,True,feasible,near_threshold,gurobi:Optimal|refined_3,gurobi,0.31200844049453735,0.29527953267097473,0.15530912336132105,1,"{""BILL_AMT3"": 0.07765456168066052}",0.29527953267097473,True
xcreditscore_lattice,3534,False,infeasible,moderate_risk,gurobi:Optimal|refined_7,gurobi,0.37716811895370483,0.3567203879356384,1.0295125006016566,4,"{""BILL_AMT1"": 0.20207222250243567, ""BILL_AMT2"": 0.09433571613413597, ""BILL_AMT3"": 0.15769088100267073, ""BILL_AMT5"": 0.11246766253018083}",0.3567203879356384,False
xcreditscore_lattice,3535,False,infeasible,moderate_risk,gurobi:Optimal|refined_6,gurobi,0.3522548973560333,0.3409290313720703,0.6142300368907677,2,"{""BILL_AMT1"": 0.18813778235670084, ""BILL_AMT3"": 0.13668840661930282}",0.3409290313720703,False
xcreditscore_lattice,3538,False,infeasible,very_high_risk,gurobi:Infeasible|refined_6,gurobi,0.8114559650421143,0.8045051693916321,0.2756428159966484,1,"{""BILL_AMT3"": 0.1378214079983242}",0.8045051693916321,False
xcreditscore_lattice,3540,False,infeasible,very_high_risk,gurobi:Optimal|refined_3,gurobi,0.6191783547401428,0.6191353797912598,0.48367404273770365,2,"{""BILL_AMT1"": 0.2001756657075618, ""BILL_AMT3"": 0.06050576483320824}",0.6191353797912598,False
xcreditscore_lattice,3541,False,infeasible,very_high_risk,gurobi:Optimal|refined_3,gurobi,0.571617603302002,0.5716707706451416,1.0323572731120254,5,"{""BILL_AMT1"": 0.20207222250243562, ""BILL_AMT2"": 0.16375053620168015, ""BILL_AMT3"": 0.06031604028837256, ""BILL_AMT5"": 0.11246766253018084, ""BILL_AMT6"": -0.03327349562404966}",0.5716707706451416,False
xcreditscore_lattice,3544,False,infeasible,very_high_risk,gurobi:Optimal,gurobi,0.5662265419960022,0.5761285424232483,1.4810166617616116,7,"{""BILL_AMT1"": 0.20207222250243562, ""BILL_AMT2"": 0.16375053620168015, ""BILL_AMT3"": -0.08094986646184998, ""BILL_AMT4"": 0.18025408049993835, ""BILL_AMT5"": 0.11246766253018084, ""BILL_AMT6"": -0.1432804738984296, ""PAY_AMT1"": 0.0026902874733425166}",0.5761285424232483,False
xcreditscore_lattice,3552,False,near_feasible,near_threshold,gurobi:Optimal|refined_7,gurobi,0.31955328583717346,0.3024439215660095,0.8043665704007628,3,"{""BILL_AMT1"": 0.20207222250243567, ""BILL_AMT3"": 0.1550348464747674, ""BILL_AMT5"": 0.09653243237798785}",0.3024439215660095,False
xcreditscore_lattice,3554,False,infeasible,very_high_risk,gurobi:Infeasible|refined_5,gurobi,0.7915886044502258,0.7870256304740906,0.22705936774486354,1,"{""BILL_AMT3"": 0.11352968387243177}",0.7870256304740906,False
xcreditscore_lattice,3561,False,infeasible,very_high_risk,gurobi:Infeasible|refined_3,gurobi,0.7706559896469116,0.770634651184082,0.12507702445581026,1,"{""BILL_AMT3"": 0.06253851222790513}",0.770634651184082,False
xcreditscore_lattice,3566,False,infeasible,very_high_risk,gurobi:Optimal|refined_8,gurobi,0.744594156742096,0.7436619997024536,0.32965699225238826,4,"{""BILL_AMT1"": 0.10103611125121797, ""BILL_AMT3"": -0.041937688742646695, ""BILL_AMT5"": 0.03056843508349777, ""BILL_AMT6"": -0.014328047389842946}",0.7436619997024536,False
xcreditscore_lattice,3571,False,infeasible,moderate_risk,gurobi:Optimal|refined_6,gurobi,0.35319027304649353,0.3384348154067993,0.26626187005777924,1,"{""BILL_AMT3"": 0.13313093502888962}",0.3384348154067993,False
xcreditscore_lattice,3574,False,infeasible,very_high_risk,gurobi:Optimal|refined_5,gurobi,0.558997631072998,0.5505545735359192,1.1790733585321758,5,"{""BILL_AMT1"": 0.20207222250243564, ""BILL_AMT2"": 0.16375053620168015, ""BILL_AMT3"": 0.11337061637020616, ""BILL_AMT5"": 0.11246766253018084, ""BILL_AMT6"": -0.05955678219142388}",0.5505545735359192,False
xcreditscore_lattice,3575,False,infeasible,very_high_risk,gurobi:Optimal,gurobi,0.6484995484352112,0.6491805911064148,4.004188348581714,8,"{""BILL_AMT1"": 0.20207222250243567, ""BILL_AMT2"": 0.16375053620168017, ""BILL_AMT3"": -0.05074995199608987, ""BILL_AMT4"": 0.18025408049993835, ""BILL_AMT5"": 0.11246766253018084, ""BILL_AMT6"": -0.1432804738984296, ""PAY_AMT1"": 0.11591067274758687, ""PAY_AMT2"": 0.19821927156511884}",0.6491805911064148,False
xcreditscore_lattice,3586,False,infeasible,very_high_risk,gurobi:Optimal|refined_3,gurobi,0.537311851978302,0.5373049378395081,0.28668860865731755,2,"{""BILL_AMT1"": 0.12210824887091076, ""BILL_AMT3"": 0.032731247927103885}",0.5373049378395081,False
xcreditscore_lattice,3594,False,infeasible,very_high_risk,gurobi:Infeasible|refined_4,gurobi,0.7475407123565674,0.7452523112297058,0.17440344231675609,1,"{""BILL_AMT3"": 0.08720172115837804}",0.7452523112297058,False
xcreditscore_lattice,3600,False,infeasible,very_high_risk,gurobi:Optimal,gurobi,0.6748485565185547,0.6955592632293701,2.7293684225866137,8,"{""BILL_AMT1"": 0.20207222250243564, ""BILL_AMT2"": 0.16375053620168015, ""BILL_AMT3"": -0.12473488749629064, ""BILL_AMT4"": 0.18025408049993835, ""BILL_AMT5"": 0.11246766253018081, ""BILL_AMT6"": -0.1432804738984296, ""PAY_AMT1"": 0.11591067274758687, ""PAY_AMT5"": 0.1502815896095404}",0.6955592632293701,False
xcreditscore_lattice,3612,False,infeasible,very_high_risk,gurobi:Infeasible|refined_3,gurobi,0.697829008102417,0.6977976560592651,0.12331200795992114,1,"{""BILL_AMT3"": 0.06165600397996057}",0.6977976560592651,False
xcreditscore_lattice,3614,False,infeasible,high_risk,gurobi:Optimal|refined_5,gurobi,0.42553064227104187,0.4187517464160919,0.5373167374845429,2,"{""BILL_AMT1"": 0.1713215956116988, ""BILL_AMT3"": 0.11346487859374732}",0.4187517464160919,False
xcreditscore_lattice,3617,False,infeasible,very_high_risk,gurobi:Infeasible|refined_6,gurobi,0.7010253667831421,0.6874131560325623,0.2668722834150855,1,"{""BILL_AMT3"": 0.13343614170754275}",0.6874131560325623,False
xcreditscore_lattice,3620,False,infeasible,very_high_risk,gurobi:Optimal,gurobi,0.5543241500854492,0.5550835728645325,4.054436322452571,8,"{""BILL_AMT1"": 0.20207222250243562, ""BILL_AMT2"": 0.16375053620168012, ""BILL_AMT3"": -0.05034082776197043, ""BILL_AMT4"": 0.1802540804999383, ""BILL_AMT5"": 0.11246766253018083, ""BILL_AMT6"": -0.1432804738984296, ""PAY_AMT1"": 0.11591067274758687, ""PAY_AMT2"": 0.2040554112610156}",0.5550835728645325,False
xcreditscore_lattice,3635,False,infeasible,very_high_risk,gurobi:Infeasible|refined_5,gurobi,0.7188213467597961,0.714510440826416,0.22933998987553905,1,"{""BILL_AMT3"": 0.11466999493776953}",0.714510440826416,False
xcreditscore_lattice,3642,False,infeasible,very_high_risk,gurobi:Infeasible|refined_6,gurobi,0.7987105250358582,0.7890341281890869,0.2692659329341735,1,"{""BILL_AMT3"": 0.13463296646708675}",0.7890341281890869,False
xcreditscore_lattice,3643,False,infeasible,high_risk,gurobi:Optimal|refined_4,gurobi,0.48818764090538025,0.4831700325012207,0.8409183460236378,4,"{""BILL_AMT1"": 0.20207222250243556, ""BILL_AMT2"": 0.0722556348217649, ""BILL_AMT3"": 0.08664416665212005, ""BILL_AMT5"": 0.11246766253018084}",0.4831700325012207,False
xcreditscore_lattice,3646,False,infeasible,very_high_risk,gurobi:Infeasible|refined_7,gurobi,0.7213996648788452,0.707186222076416,0.3172853352418525,1,"{""BILL_AMT3"": 0.15864266762092624}",0.707186222076416,False
xcreditscore_lattice,3647,False,infeasible,very_high_risk,gurobi:Optimal|refined_5,gurobi,0.5384282469749451,0.527422308921814,0.9341105280056261,4,"{""BILL_AMT1"": 0.20207222250243567, ""BILL_AMT2"": 0.09257298285739005, ""BILL_AMT3"": 0.1118460558241835, ""BILL_AMT5"": 0.11246766253018084}",0.527422308921814,False
xcreditscore_lattice,3656,False,near_feasible,near_threshold,gurobi:Optimal|refined_7,gurobi,0.3235129415988922,0.3063524663448334,0.31028374674882614,1,"{""BILL_AMT3"": 0.15514187337441307}",0.3063524663448334,False
xcreditscore_lattice,3658,False,near_feasible,near_threshold,gurobi:Optimal|refined_7,gurobi,0.33166906237602234,0.3142105042934418,0.31007100214708394,1,"{""BILL_AMT3"": 0.15503550107354197}",0.3142105042934418,False
xcreditscore_lattice,3667,False,infeasible,very_high_risk,gurobi:Optimal|refined_7,gurobi,0.5468636155128479,0.5230291485786438,1.3178004662327685,5,"{""BILL_AMT1"": 0.20207222250243562, ""BILL_AMT2"": 0.16375053620168017, ""BILL_AMT3"": 0.15503550107354197, ""BILL_AMT5"": 0.11246766253018084, ""BILL_AMT6"": -0.09541332196635118}",0.5230291485786438,False
xcreditscore_lattice,3682,False,infeasible,very_high_risk,gurobi:Infeasible|refined_2,gurobi,0.7649812698364258,0.7649634480476379,0.06312066873810812,1,"{""BILL_AMT3"": 0.03156033436905406}",0.7649634480476379,False
xcreditscore_lattice,3684,False,infeasible,near_threshold,gurobi:Optimal|refined_6,gurobi,0.3343657851219177,0.32097598910331726,0.6811463597186109,3,"{""BILL_AMT1"": 0.20207222250243562, ""BILL_AMT3"": 0.1341755655733412, ""BILL_AMT5"": 0.03516227036728585}",0.32097598910331726,False
xcreditscore_lattice,3685,False,infeasible,very_high_risk,gurobi:Optimal,gurobi,0.5279781222343445,0.5292180180549622,5.168356416882144,8,"{""BILL_AMT1"": 0.20207222250243564, ""BILL_AMT2"": 0.16375053620168015, ""BILL_AMT3"": -0.05422914448304154, ""BILL_AMT4"": 0.18025408049993835, ""BILL_AMT5"": 0.11246766253018083, ""BILL_AMT6"": -0.1432804738984296, ""PAY_AMT1"": 0.11591067274758687, ""PAY_AMT2"": 0.33047180680243615}",0.5292180180549622,False
xcreditscore_lattice,3686,False,infeasible,moderate_risk,gurobi:Optimal|refined_6,gurobi,0.3627281188964844,0.3489832580089569,0.5586469893724798,2,"{""BILL_AMT1"": 0.1600068555649451, ""BILL_AMT3"": 0.13437958219142215}",0.3489832580089569,False
xcreditscore_lattice,3689,False,infeasible,very_high_risk,gurobi:Infeasible|refined_6,gurobi,0.8339732885360718,0.8252020478248596,0.2677205343271599,1,"{""BILL_AMT3"": 0.13386026716357996}",0.8252020478248596,False
xcreditscore_lattice,3694,False,infeasible,very_high_risk,gurobi:Infeasible|refined_6,gurobi,0.6887658834457397,0.6775037050247192,0.27253019882346785,1,"{""BILL_AMT3"": 0.13626509941173393}",0.6775037050247192,False
xcreditscore_lattice,3695,False,infeasible,near_threshold,gurobi:Optimal|refined_6,gurobi,0.345825731754303,0.336172491312027,0.5927657223459748,2,"{""BILL_AMT1"": 0.17495947490407926, ""BILL_AMT3"": 0.1378939593625081}",0.336172491312027,False
xcreditscore_lattice,3700,False,infeasible,very_high_risk,gurobi:Infeasible|refined_7,gurobi,0.8259984850883484,0.8143803477287292,0.31164203920610256,1,"{""BILL_AMT3"": 0.15582101960305128}",0.8143803477287292,False
xcreditscore_lattice,3703,False,infeasible,moderate_risk,gurobi:Optimal|refined_7,gurobi,0.3680713474750519,0.3507607579231262,0.6435114562368405,2,"{""BILL_AMT1"": 0.18174646218078608, ""BILL_AMT3"": 0.15711876167367816}",0.3507607579231262,False
xcreditscore_lattice,3708,False,infeasible,very_high_risk,gurobi:Infeasible|refined_7,gurobi,0.7872593998908997,0.7737630009651184,0.31164203920610256,1,"{""BILL_AMT3"": 0.15582101960305128}",0.7737630009651184,False
xcreditscore_lattice,3714,False,infeasible,very_high_risk,gurobi:Optimal|refined_6,gurobi,0.5623468160629272,0.5451421141624451,1.4598189362446583,6,"{""BILL_AMT1"": 0.20207222250243564, ""BILL_AMT2"": 0.16375053620168015, ""BILL_AMT3"": 0.13497472157732118, ""BILL_AMT4"": 0.0897604684007154, ""BILL_AMT5"": 0.11246766253018084, ""BILL_AMT6"": -0.1432804738984296}",0.5451421141624451,False
xcreditscore_lattice,3720,False,infeasible,very_high_risk,gurobi:Optimal|refined_8,gurobi,0.5930814146995544,0.5739578604698181,0.38244636339761,3,"{""BILL_AMT1"": 0.02684834220451454, ""BILL_AMT3"": 0.15583411157854316, ""BILL_AMT6"": 0.014328047389842974}",0.5739578604698181,False
xcreditscore_lattice,3721,False,infeasible,very_high_risk,gurobi:Infeasible,gurobi,0.7686535716056824,0.7686535716056824,0.0,0,{},0.7686535716056824,False
xcreditscore_lattice,3722,False,infeasible,very_high_risk,gurobi:Optimal|refined_5,gurobi,0.5316959619522095,0.5316885113716125,0.14643941814924666,1,"{""BILL_AMT1"": -0.08082888900097429}",0.5316885113716125,False
xcreditscore_lattice,3723,False,infeasible,moderate_risk,gurobi:Optimal|refined_3,gurobi,0.38109493255615234,0.38103169202804565,0.39855362072906775,2,"{""BILL_AMT1"": 0.15301484279104882, ""BILL_AMT3"": 0.060666687031961875}",0.38103169202804565,False
xcreditscore_lattice,3742,False,infeasible,moderate_risk,gurobi:Optimal|refined_5,gurobi,0.3881508409976959,0.37790626287460327,0.5405745665016077,2,"{""BILL_AMT1"": 0.1763251207410083, ""BILL_AMT3"": 0.11056129662925274}",0.37790626287460327,False
xcreditscore_lattice,3750,False,infeasible,very_high_risk,gurobi:Infeasible|refined_6,gurobi,0.7204546928405762,0.7083129286766052,0.2690788267844363,1,"{""BILL_AMT3"": 0.13453941339221814}",0.7083129286766052,False
xcreditscore_lattice,3754,False,infeasible,very_high_risk,gurobi:Infeasible|refined_6,gurobi,0.6425690650939941,0.6314457058906555,0.2742572485904307,1,"{""BILL_AMT3"": 0.13712862429521536}",0.6314457058906555,False
xcreditscore_lattice,3755,False,infeasible,very_high_risk,gurobi:Optimal,gurobi,0.6609320640563965,0.6612986922264099,5.583154057300046,9,"{""BILL_AMT1"": 0.20207222250243564, ""BILL_AMT2"": 0.16375053620168017, ""BILL_AMT3"": -0.050324462792605655, ""BILL_AMT4"": 0.18025408049993838, ""BILL_AMT5"": 0.11246766253018084, ""BILL_AMT6"": -0.1432804738984296, ""PAY_AMT1"": 0.11591067274758687, ""PAY_AMT2"": 0.34642105817415564, ""PAY_AMT4"": 0.11322042171849128}",0.6612986922264099,False
xcreditscore_lattice,3763,False,infeasible,very_high_risk,gurobi:Infeasible|refined_4,gurobi,0.7617893218994141,0.7617512345314026,0.17902818265924209,1,"{""BILL_AMT3"": 0.08951409132962104}",0.7617512345314026,False
xcreditscore_lattice,3767,False,infeasible,high_risk,gurobi:Optimal|refined_7,gurobi,0.4027731716632843,0.3801550567150116,1.0942816152858565,4,"{""BILL_AMT1"": 0.20207222250243567, ""BILL_AMT2"": 0.12747830162504697, ""BILL_AMT3"": 0.15517623981007903, ""BILL_AMT5"": 0.11246766253018083}",0.3801550567150116,False
xcreditscore_lattice,3779,False,infeasible,moderate_risk,gurobi:Optimal|refined_3,gurobi,0.3824997544288635,0.3824615776538849,0.4192445594322784,2,"{""BILL_AMT1"": 0.16191034247705643, ""BILL_AMT3"": 0.06295407334997472}",0.3824615776538849,False
xcreditscore_lattice,3781,False,infeasible,very_high_risk,gurobi:Infeasible|refined_6,gurobi,0.722113311290741,0.7112349271774292,0.27174740778885265,1,"{""BILL_AMT3"": 0.13587370389442632}",0.7112349271774292,False
xcreditscore_lattice,3787,False,infeasible,very_high_risk,gurobi:Optimal|refined_6,gurobi,0.563948392868042,0.5451153516769409,1.4204094707021973,6,"{""BILL_AMT1"": 0.20207222250243562, ""BILL_AMT2"": 0.16375053620168015, ""BILL_AMT3"": 0.13375007636985708, ""BILL_AMT4"": 0.05909528847840764, ""BILL_AMT5"": 0.11246766253018084, ""BILL_AMT6"": -0.1432804738984296}",0.5451153516769409,False
xcreditscore_lattice,3788,False,infeasible,high_risk,gurobi:Optimal|refined_5,gurobi,0.45604050159454346,0.4459573030471802,0.5784175090843028,2,"{""BILL_AMT1"": 0.1966305230053736, ""BILL_AMT3"": 0.11108890324157317}",0.4459573030471802,False
xcreditscore_lattice,3791,False,infeasible,high_risk,gurobi:Optimal|refined_3,gurobi,0.41535550355911255,0.41531503200531006,0.483857016964031,2,"{""BILL_AMT1"": 0.1996631506183118, ""BILL_AMT3"": 0.06106151919283609}",0.41531503200531006,False
xcreditscore_lattice,3802,False,infeasible,very_high_risk,gurobi:Infeasible|refined_7,gurobi,0.7297338247299194,0.7142906188964844,0.31326740796341224,1,"{""BILL_AMT3"": 0.15663370398170612}",0.7142906188964844,False
xcreditscore_lattice,3804,False,near_feasible,near_threshold,gurobi:Optimal|refined_6,gurobi,0.3330797553062439,0.3187996447086334,0.6060474096676202,2,"{""BILL_AMT1"": 0.18740333464355344, ""BILL_AMT3"": 0.13326240028278669}",0.3187996447086334,False
xcreditscore_lattice,3805,False,infeasible,very_high_risk,gurobi:Infeasible|refined_7,gurobi,0.7137669920921326,0.697232186794281,0.31035117042260896,1,"{""BILL_AMT3"": 0.15517558521130448}",0.697232186794281,False
xcreditscore_lattice,3810,False,infeasible,very_high_risk,gurobi:Infeasible|refined_7,gurobi,0.7583966255187988,0.7454701662063599,0.31751444481295943,1,"{""BILL_AMT3"": 0.15875722240647971}",0.7454701662063599,False
xcreditscore_lattice,3813,False,infeasible,very_high_risk,gurobi:Optimal|refined_4,gurobi,0.565226137638092,0.5652268528938293,0.23725297254381247,1,"{""BILL_AMT1"": 0.1309544549224479}",0.5652268528938293,False
xcreditscore_lattice,3814,False,infeasible,high_risk,gurobi:Optimal|refined_6,gurobi,0.4303276240825653,0.41454043984413147,0.5592689539604573,2,"{""BILL_AMT1"": 0.16156085618010388, ""BILL_AMT3"": 0.13328285649449267}",0.41454043984413147,False
xcreditscore_lattice,3821,False,infeasible,very_high_risk,gurobi:Infeasible|refined_7,gurobi,0.8192641735076904,0.8073012828826904,0.31164203920610256,1,"{""BILL_AMT3"": 0.15582101960305128}",0.8073012828826904,False
xcreditscore_lattice,3825,False,infeasible,very_high_risk,gurobi:Infeasible|refined_6,gurobi,0.8277673721313477,0.8192384839057922,0.26947322254612743,1,"{""BILL_AMT3"": 0.13473661127306372}",0.8192384839057922,False
xcreditscore_lattice,3826,False,infeasible,very_high_risk,gurobi:Infeasible|refined_7,gurobi,0.5528409481048584,0.5332256555557251,0.31061824672264216,1,"{""BILL_AMT3"": 0.15530912336132108}",0.5332256555557251,False
xcreditscore_lattice,3828,False,infeasible,very_high_risk,gurobi:Infeasible|refined_3,gurobi,0.6823331117630005,0.6822953224182129,0.12539035906924784,1,"{""BILL_AMT3"": 0.06269517953462392}",0.6822953224182129,False
xcreditscore_lattice,3833,False,infeasible,very_high_risk,gurobi:Infeasible|refined_5,gurobi,0.7831554412841797,0.7785966992378235,0.22722389023687747,1,"{""BILL_AMT3"": 0.11361194511843874}",0.7785966992378235,False
xcreditscore_lattice,3839,False,infeasible,very_high_risk,gurobi:Optimal|refined_6,gurobi,0.5199832916259766,0.5053776502609253,1.1307486489331642,4,"{""BILL_AMT1"": 0.20207222250243564, ""BILL_AMT2"": 0.16213529912557786, ""BILL_AMT3"": 0.13691587969347324, ""BILL_AMT5"": 0.11246766253018084}",0.5053776502609253,False
xcreditscore_lattice,3843,False,infeasible,moderate_risk,gurobi:Optimal|refined_6,gurobi,0.3923965096473694,0.37497878074645996,1.2837733196014747,5,"{""BILL_AMT1"": 0.20207222250243567, ""BILL_AMT2"": 0.16375053620168015, ""BILL_AMT3"": 0.13410083221324212, ""BILL_AMT5"": 0.11246766253018083, ""BILL_AMT6"": -0.10048926686508178}",0.37497878074645996,False
xcreditscore_lattice,3844,False,infeasible,very_high_risk,gurobi:Infeasible|refined_6,gurobi,0.8334318995475769,0.8264284133911133,0.2735404629322535,1,"{""BILL_AMT3"": 0.13677023146612674}",0.8264284133911133,False
xcreditscore_lattice,3845,False,infeasible,high_risk,gurobi:Optimal,gurobi,0.4368831217288971,0.4377037286758423,2.746377314178093,8,"{""BILL_AMT1"": 0.20207222250243564, ""BILL_AMT2"": 0.16375053620168015, ""BILL_AMT3"": -0.05138927679927383, ""BILL_AMT4"": 0.18025408049993835, ""BILL_AMT5"": 0.11246766253018084, ""BILL_AMT6"": -0.1432804738984296, ""PAY_AMT1"": 0.11591067274758687, ""PAY_AMT2"": 0.054323307678263}",0.4377037286758423,False
xcreditscore_lattice,3848,False,infeasible,very_high_risk,gurobi:Optimal|refined_2,gurobi,0.7462098598480225,0.7647290229797363,5.7591992578011,9,"{""BILL_AMT1"": 0.18306561153039885, ""BILL_AMT2"": 0.16375053620168017, ""BILL_AMT3"": -0.2621842651910556, ""BILL_AMT4"": 0.18025408049993835, ""BILL_AMT5"": 0.11246766253018081, ""BILL_AMT6"": -0.1432804738984296, ""PAY_AMT1"": 0.11591067274758686, ""PAY_AMT2"": 0.31225408613266936, ""PAY_AMT5"": 0.17783878704613287}",0.7647290229797363,False
xcreditscore_lattice,3865,False,infeasible,very_high_risk,gurobi:Optimal|refined_3,gurobi,0.5060853958129883,0.506027340888977,0.5444894406622033,3,"{""BILL_AMT1"": 0.20207222250243562, ""BILL_AMT3"": 0.06145482395656954, ""BILL_AMT5"": 0.04177698472162522}",0.506027340888977,False
xcreditscore_lattice,3873,False,infeasible,very_high_risk,gurobi:Infeasible|refined_7,gurobi,0.8221404552459717,0.8112538456916809,0.3156259273482642,1,"{""BILL_AMT3"": 0.1578129636741321}",0.8112538456916809,False
xcreditscore_lattice,3879,False,infeasible,high_risk,gurobi:Optimal|refined_4,gurobi,0.4935249090194702,0.49330252408981323,0.6700934574027573,3,"{""BILL_AMT1"": 0.20207222250243564, ""BILL_AMT3"": 0.0887428103234591, ""BILL_AMT5"": 0.09526059674589907}",0.49330252408981323,False
xcreditscore_lattice,3892,False,infeasible,very_high_risk,gurobi:Infeasible|refined_3,gurobi,0.6373530030250549,0.6373107433319092,0.12108113533611464,1,"{""BILL_AMT3"": 0.06054056766805732}",0.6373107433319092,False
xcreditscore_lattice,3894,False,infeasible,very_high_risk,gurobi:Optimal|refined_2,gurobi,0.5465406775474548,0.5465174317359924,0.40675830876207153,2,"{""BILL_AMT1"": 0.1896643749617587, ""BILL_AMT3"": 0.03156966240159198}",0.5465174317359924,False
xcreditscore_lattice,3897,False,infeasible,very_high_risk,gurobi:Optimal|refined_6,gurobi,0.5667546391487122,0.5520982146263123,1.5190992437694846,6,"{""BILL_AMT1"": 0.20207222250243562, ""BILL_AMT2"": 0.16375053620168012, ""BILL_AMT3"": 0.13673231928709856, ""BILL_AMT4"": 0.1360277598893304, ""BILL_AMT5"": 0.11246766253018085, ""BILL_AMT6"": -0.1432804738984296}",0.5520982146263123,False
xcreditscore_lattice,3937,False,infeasible,very_high_risk,gurobi:Infeasible|refined_4,gurobi,0.7655938863754272,0.762634813785553,0.17333120952397574,1,"{""BILL_AMT3"": 0.08666560476198787}",0.762634813785553,False
xcreditscore_lattice,3940,False,infeasible,high_risk,gurobi:Optimal|refined_7,gurobi,0.4922395646572113,0.4710868000984192,1.2099654550136631,5,"{""BILL_AMT1"": 0.20207222250243567, ""BILL_AMT2"": 0.16375053620168015, ""BILL_AMT3"": 0.15844759718609802, ""BILL_AMT5"": 0.11246766253018084, ""BILL_AMT6"": -0.021198884676135732}",0.4710868000984192,False
xcreditscore_lattice,3941,False,near_feasible,near_threshold,gurobi:Optimal|refined_6,gurobi,0.32697102427482605,0.3141443133354187,0.5823904600245309,2,"{""BILL_AMT1"": 0.17283713186445362, ""BILL_AMT3"": 0.13462887522474556}",0.3141443133354187,False
xcreditscore_lattice,3950,False,infeasible,moderate_risk,gurobi:Optimal|refined_7,gurobi,0.3657923638820648,0.3494572043418884,0.649934269253623,2,"{""BILL_AMT1"": 0.1840421853159008, ""BILL_AMT3"": 0.15825056295494622}",0.3494572043418884,False
xcreditscore_lattice,3964,False,infeasible,high_risk,gurobi:Optimal|refined_5,gurobi,0.4273722171783447,0.4208526611328125,0.5839498221113419,2,"{""BILL_AMT1"": 0.19697959601512105, ""BILL_AMT3"": 0.11353884825527605}",0.4208526611328125,False
xcreditscore_lattice,3972,False,infeasible,high_risk,gurobi:Optimal|refined_5,gurobi,0.4980740249156952,0.4921584129333496,0.5623268500061906,2,"{""BILL_AMT1"": 0.1843479407988008, ""BILL_AMT3"": 0.11416988147398188}",0.4921584129333496,False
xcreditscore_lattice,3976,False,infeasible,high_risk,gurobi:Optimal|refined_6,gurobi,0.4089969992637634,0.39745742082595825,0.6379823742299082,2,"{""BILL_AMT1"": 0.20072274334777748, ""BILL_AMT3"": 0.1371643544783284}",0.39745742082595825,False
xcreditscore_lattice,3984,True,feasible,near_threshold,gurobi:Optimal|refined_2,gurobi,0.31165599822998047,0.2976839244365692,0.7080622049831002,4,"{""BILL_AMT1"": 0.20207222250243562, ""BILL_AMT2"": 0.040067943676765916, ""BILL_AMT3"": 0.05410978930647442, ""BILL_AMT5"": 0.11246766253018084}",0.2976839244365692,True
xcreditscore_lattice,3985,False,infeasible,very_high_risk,gurobi:Infeasible|refined_4,gurobi,0.6827164888381958,0.6826745271682739,0.18064962382390415,1,"{""BILL_AMT3"": 0.09032481191195207}",0.6826745271682739,False
xcreditscore_lattice,3995,False,infeasible,very_high_risk,gurobi:Infeasible|refined_4,gurobi,0.6651556491851807,0.6616753339767456,0.17355999179569537,1,"{""BILL_AMT3"": 0.08677999589784768}",0.6616753339767456,False
xcreditscore_lattice,3996,False,infeasible,very_high_risk,gurobi:Optimal|refined_5,gurobi,0.5079376697540283,0.5002122521400452,1.2161497933912009,5,"{""BILL_AMT1"": 0.20207222250243564, ""BILL_AMT2"": 0.16375053620168012, ""BILL_AMT3"": 0.11389320439192141, ""BILL_AMT5"": 0.11246766253018084, ""BILL_AMT6"": -0.0828784128807423}",0.5002122521400452,False
xcreditscore_lattice,4006,False,infeasible,very_high_risk,gurobi:Infeasible|refined_6,gurobi,0.6782286167144775,0.6644943356513977,0.267735262799588,1,"{""BILL_AMT3"": 0.133867631399794}",0.6644943356513977,False
xcreditscore_lattice,4012,False,infeasible,very_high_risk,gurobi:Infeasible|refined_6,gurobi,0.8171898126602173,0.8094809651374817,0.2728656806954457,1,"{""BILL_AMT3"": 0.13643284034772285}",0.8094809651374817,False
xcreditscore_lattice,4017,False,infeasible,very_high_risk,gurobi:Optimal|refined_7,gurobi,0.5563827157020569,0.5326074361801147,1.1343278974816464,4,"{""BILL_AMT1"": 0.20207222250243567, ""BILL_AMT2"": 0.14652903384848326, ""BILL_AMT3"": 0.15513892767992743, ""BILL_AMT5"": 0.11246766253018084}",0.5326074361801147,False
xcreditscore_lattice,4032,False,infeasible,very_high_risk,gurobi:Optimal|refined_4,gurobi,0.6467158198356628,0.6468673944473267,1.3136182439427961,6,"{""BILL_AMT1"": 0.20207222250243562, ""BILL_AMT2"": 0.16375053620168012, ""BILL_AMT3"": 0.00733923557747676, ""BILL_AMT4"": 0.18025408049993816, ""BILL_AMT5"": 0.11246766253018084, ""BILL_AMT6"": -0.1432804738984296}",0.6468673944473267,False
xcreditscore_lattice,4035,False,infeasible,very_high_risk,gurobi:Optimal|refined_2,gurobi,0.5747820138931274,0.5727575421333313,0.10008386118299864,2,"{""BILL_AMT1"": 0.008498005569805456, ""BILL_AMT3"": -0.04234392183217833}",0.5727575421333313,False
xcreditscore_lattice,4046,False,infeasible,very_high_risk,gurobi:Optimal|refined_5,gurobi,0.6091457605361938,0.6018310189247131,0.7735733044527132,4,"{""BILL_AMT1"": 0.20207222250243564, ""BILL_AMT2"": 0.014708213289394895, ""BILL_AMT3"": 0.11356917799849885, ""BILL_AMT5"": 0.11246766253018084}",0.6018310189247131,False
xcreditscore_lattice,4050,False,infeasible,very_high_risk,gurobi:Optimal|refined_6,gurobi,0.5250610709190369,0.5083431005477905,1.3375743497778991,5,"{""BILL_AMT1"": 0.20207222250243564, ""BILL_AMT2"": 0.16375053620168017, ""BILL_AMT3"": 0.13510345933632412, ""BILL_AMT5"": 0.11246766253018084, ""BILL_AMT6"": -0.134014655575326}",0.5083431005477905,False
xcreditscore_lattice,4057,False,infeasible,very_high_risk,gurobi:Optimal|refined_4,gurobi,0.5670764446258545,0.5636684894561768,0.6778693404384722,3,"{""BILL_AMT1"": 0.20207222250243564, ""BILL_AMT3"": 0.08696393815350778, ""BILL_AMT5"": 0.10379473756114388}",0.5636684894561768,False
xcreditscore_lattice,4062,False,infeasible,very_high_risk,gurobi:Optimal|refined_7,gurobi,0.5058553814888,0.4836691915988922,1.180441582853434,5,"{""BILL_AMT1"": 0.20207222250243567, ""BILL_AMT2"": 0.16375053620168015, ""BILL_AMT3"": 0.157509557142109, ""BILL_AMT5"": 0.11246766253018085, ""BILL_AMT6"": -0.003303545537858471}",0.4836691915988922,False
xcreditscore_lattice,4065,False,infeasible,very_high_risk,gurobi:Optimal,gurobi,0.6673799157142639,0.6813156008720398,2.873823849331921,8,"{""BILL_AMT1"": 0.20207222250243564, ""BILL_AMT2"": 0.16375053620168015, ""BILL_AMT3"": -0.09895242376106272, ""BILL_AMT4"": 0.18025408049993835, ""BILL_AMT5"": 0.11246766253018084, ""BILL_AMT6"": -0.1432804738984296, ""PAY_AMT1"": 0.11591067274758687, ""PAY_AMT2"": 0.058017049533148665}",0.6813156008720398,False
xcreditscore_lattice,4085,False,infeasible,very_high_risk,gurobi:Optimal,gurobi,0.6786919236183167,0.6851210594177246,5.781762839116085,10,"{""BILL_AMT1"": 0.20207222250243564, ""BILL_AMT2"": 0.16375053620168015, ""BILL_AMT3"": -0.0739380225880217, ""BILL_AMT4"": 0.18025408049993835, ""BILL_AMT5"": 0.11246766253018084, ""BILL_AMT6"": -0.1432804738984296, ""PAY_AMT1"": 0.11591067274758687, ""PAY_AMT2"": 0.34642105817415636, ""PAY_AMT4"": 0.026264151848436126, ""PAY_AMT5"": 0.17783878704613287}",0.6851210594177246,False
xcreditscore_lattice,4089,False,near_feasible,near_threshold,gurobi:Optimal|refined_5,gurobi,0.3081507384777069,0.30261361598968506,0.22735830118526024,1,"{""BILL_AMT3"": 0.11367915059263012}",0.30261361598968506,False
xcreditscore_lattice,4103,False,infeasible,very_high_risk,gurobi:Infeasible|refined_4,gurobi,0.8033407926559448,0.8013976216316223,0.17438249515596915,1,"{""BILL_AMT3"": 0.08719124757798458}",0.8013976216316223,False
xcreditscore_lattice,4123,True,feasible,near_threshold,gurobi:Optimal|refined_2,gurobi,0.30987799167633057,0.29859429597854614,0.10335700071569465,1,"{""BILL_AMT3"": 0.05167850035784732}",0.29859429597854614,True
xcreditscore_lattice,4124,False,infeasible,very_high_risk,gurobi:Optimal|refined_3,gurobi,0.5635894536972046,0.5635626316070557,0.6205267312426104,3,"{""BILL_AMT1"": 0.20207222250243567, ""BILL_AMT3"": 0.06283253617749229, ""BILL_AMT5"": 0.096957708783177}",0.5635626316070557,False
xcreditscore_lattice,4125,False,infeasible,moderate_risk,gurobi:Optimal|refined_3,gurobi,0.37861454486846924,0.3785797655582428,0.41799917758120836,2,"{""BILL_AMT1"": 0.1626572327963668, ""BILL_AMT3"": 0.06165480388220712}",0.3785797655582428,False
xcreditscore_lattice,4129,False,infeasible,moderate_risk,gurobi:Optimal|refined_6,gurobi,0.36235806345939636,0.3489716053009033,0.5387098143358156,2,"{""BILL_AMT1"": 0.14859251750521907, ""BILL_AMT3"": 0.13475079424651315}",0.3489716053009033,False
xcreditscore_lattice,4135,False,infeasible,very_high_risk,gurobi:Infeasible|refined_4,gurobi,0.5965250134468079,0.5952624678611755,0.17568220102291976,1,"{""BILL_AMT3"": 0.08784110051145988}",0.5952624678611755,False
xcreditscore_lattice,4136,False,infeasible,very_high_risk,gurobi:Infeasible|refined_7,gurobi,0.8465825319290161,0.8368155360221863,0.31530451934993986,1,"{""BILL_AMT3"": 0.15765225967496993}",0.8368155360221863,False
xcreditscore_lattice,4144,False,infeasible,moderate_risk,gurobi:Optimal|refined_7,gurobi,0.36284467577934265,0.3465856909751892,0.3165606943983803,1,"{""BILL_AMT3"": 0.15828034719919015}",0.3465856909751892,False
xcreditscore_lattice,4148,False,infeasible,very_high_risk,gurobi:Infeasible|refined_6,gurobi,0.8281269669532776,0.8210431933403015,0.273836668877756,1,"{""BILL_AMT3"": 0.136918334438878}",0.8210431933403015,False
xcreditscore_lattice,4160,False,infeasible,very_high_risk,gurobi:Infeasible|refined_7,gurobi,0.6978945732116699,0.681185245513916,0.31267499607240734,1,"{""BILL_AMT3"": 0.15633749803620367}",0.681185245513916,False
xcreditscore_lattice,4181,False,infeasible,very_high_risk,gurobi:Optimal|refined_6,gurobi,0.5616372227668762,0.5451040267944336,1.3202908188488547,5,"{""BILL_AMT1"": 0.20207222250243567, ""BILL_AMT2"": 0.16375053620168012, ""BILL_AMT3"": 0.1354727621449893, ""BILL_AMT5"": 0.11246766253018085, ""BILL_AMT6"": -0.12234962841326882}",0.5451040267944336,False
xcreditscore_lattice,4184,False,infeasible,very_high_risk,gurobi:Infeasible|refined_4,gurobi,0.6237064599990845,0.6236611008644104,0.18067155288285303,1,"{""BILL_AMT3"": 0.09033577644142651}",0.6236611008644104,False
xcreditscore_lattice,4209,False,infeasible,very_high_risk,gurobi:Infeasible|refined_6,gurobi,0.7779757380485535,0.7686780095100403,0.2718494160978929,1,"{""BILL_AMT3"": 0.13592470804894646}",0.7686780095100403,False
xcreditscore_lattice,4211,False,infeasible,very_high_risk,gurobi:Optimal,gurobi,0.5441828370094299,0.5441840291023254,0.334813907424599,1,"{""BILL_AMT1"": 0.18480431362834265}",0.5441840291023254,False
xcreditscore_lattice,4216,False,infeasible,very_high_risk,gurobi:Infeasible|refined_7,gurobi,0.7145610451698303,0.6992946863174438,0.3150970115383944,1,"{""BILL_AMT3"": 0.1575485057691972}",0.6992946863174438,False
xcreditscore_lattice,4229,True,feasible,near_threshold,gurobi:Optimal|refined_2,gurobi,0.31003886461257935,0.2981482148170471,0.46412639002822886,2,"{""BILL_AMT1"": 0.19646424342991098, ""BILL_AMT3"": 0.05409396983608847}",0.2981482148170471,True
xcreditscore_lattice,4234,False,infeasible,very_high_risk,gurobi:Optimal|refined_5,gurobi,0.6089038848876953,0.6009904146194458,1.0201113932689412,4,"{""BILL_AMT1"": 0.20207222250243564, ""BILL_AMT2"": 0.13205383810740695, ""BILL_AMT3"": 0.1132730811527921, ""BILL_AMT5"": 0.11246766253018085}",0.6009904146194458,False
xcreditscore_lattice,4241,False,infeasible,very_high_risk,gurobi:Optimal|refined_7,gurobi,0.5481552481651306,0.530400812625885,0.3163270026358511,1,"{""BILL_AMT3"": 0.15816350131792556}",0.530400812625885,False
xcreditscore_lattice,4247,False,infeasible,very_high_risk,gurobi:Infeasible|refined_4,gurobi,0.6810702085494995,0.6810006499290466,0.17879612739364953,1,"{""BILL_AMT3"": 0.08939806369682476}",0.6810006499290466,False
xcreditscore_lattice,4258,False,infeasible,moderate_risk,gurobi:Optimal|refined_6,gurobi,0.3522445559501648,0.3382816016674042,0.2677789027178942,1,"{""BILL_AMT3"": 0.1338894513589471}",0.3382816016674042,False
xcreditscore_lattice,4263,False,infeasible,high_risk,gurobi:Optimal|refined_7,gurobi,0.4873579740524292,0.46614405512809753,0.9429720011498317,4,"{""BILL_AMT1"": 0.20207222250243564, ""BILL_AMT2"": 0.05284121945310204, ""BILL_AMT3"": 0.15811440640983115, ""BILL_AMT5"": 0.11246766253018084}",0.46614405512809753,False
xcreditscore_lattice,4275,False,infeasible,very_high_risk,gurobi:Optimal|refined_2,gurobi,0.5267882943153381,0.5267890691757202,0.32237293787131444,1,"{""BILL_AMT1"": 0.17793738012235133}",0.5267890691757202,False
xcreditscore_lattice,4281,False,infeasible,very_high_risk,gurobi:Optimal|refined_6,gurobi,0.5702138543128967,0.5580844283103943,0.845976793200075,4,"{""BILL_AMT1"": 0.20207222250243564, ""BILL_AMT2"": 0.025911210180290828, ""BILL_AMT3"": 0.13797414771239552, ""BILL_AMT5"": 0.11246766253018085}",0.5580844283103943,False
xcreditscore_lattice,4282,False,infeasible,very_high_risk,gurobi:Infeasible|refined_6,gurobi,0.7397297620773315,0.7312607765197754,0.27416778675790315,1,"{""BILL_AMT3"": 0.13708389337895158}",0.7312607765197754,False
xcreditscore_lattice,4283,False,infeasible,very_high_risk,gurobi:Optimal,gurobi,0.6523992419242859,0.6580952405929565,3.8394926129879634,8,"{""BILL_AMT1"": 0.20207222250243564, ""BILL_AMT2"": 0.16375053620168015, ""BILL_AMT3"": -0.07037591425628853, ""BILL_AMT4"": 0.18025408049993838, ""BILL_AMT5"": 0.11246766253018084, ""BILL_AMT6"": -0.1432804738984296, ""PAY_AMT1"": 0.11591067274758687, ""PAY_AMT2"": 0.1749109675520734}",0.6580952405929565,False
xcreditscore_lattice,4284,False,infeasible,very_high_risk,gurobi:Optimal,gurobi,0.6545717120170593,0.6612139940261841,1.3848301601402495,6,"{""BILL_AMT1"": 0.20207222250243564, ""BILL_AMT2"": 0.16375053620168017, ""BILL_AMT3"": -0.07245535636357289, ""BILL_AMT4"": 0.1312859982209857, ""BILL_AMT5"": 0.11246766253018085, ""BILL_AMT6"": -0.1432804738984296}",0.6612139940261841,False
xcreditscore_lattice,4285,False,infeasible,very_high_risk,gurobi:Infeasible|refined_3,gurobi,0.6502817273139954,0.6502342224121094,0.12391729362682635,1,"{""BILL_AMT3"": 0.061958646813413176}",0.6502342224121094,False
xcreditscore_lattice,4289,False,infeasible,very_high_risk,gurobi:Infeasible|refined_6,gurobi,0.6654766201972961,0.6510134339332581,0.26681718801822407,1,"{""BILL_AMT3"": 0.13340859400911204}",0.6510134339332581,False
xcreditscore_lattice,4295,False,infeasible,very_high_risk,gurobi:Optimal|refined_2,gurobi,0.5314391851425171,0.53143709897995,0.3306818487276722,2,"{""BILL_AMT1"": 0.14604148444152376, ""BILL_AMT3"": 0.03304769188472079}",0.53143709897995,False
xcreditscore_lattice,4304,False,infeasible,very_high_risk,gurobi:Optimal|refined_4,gurobi,0.5111022591590881,0.5059622526168823,0.870772822795647,4,"{""BILL_AMT1"": 0.20207222250243567, ""BILL_AMT2"": 0.08650472628423134, ""BILL_AMT3"": 0.08656708764641197, ""BILL_AMT5"": 0.11246766253018084}",0.5059622526168823,False
xcreditscore_lattice,4319,False,infeasible,near_threshold,gurobi:Optimal|refined_6,gurobi,0.3475641906261444,0.3369855582714081,0.6015835490885755,2,"{""BILL_AMT1"": 0.1803589086091076, ""BILL_AMT3"": 0.13741173826522596}",0.3369855582714081,False
xcreditscore_lattice,4321,False,infeasible,very_high_risk,gurobi:Optimal|refined_5,gurobi,0.5434945225715637,0.5318238139152527,1.5058899108213608,6,"{""BILL_AMT1"": 0.20207222250243562, ""BILL_AMT2"": 0.16375053620168012, ""BILL_AMT3"": 0.11140311065337714, ""BILL_AMT4"": 0.16709857880766754, ""BILL_AMT5"": 0.11246766253018084, ""BILL_AMT6"": -0.1432804738984296}",0.5318238139152527,False
xcreditscore_lattice,4332,False,infeasible,high_risk,gurobi:Optimal|refined_6,gurobi,0.45042744278907776,0.43420538306236267,0.8128464252341077,4,"{""BILL_AMT1"": 0.20207222250243567, ""BILL_AMT2"": 0.014141282924746479, ""BILL_AMT3"": 0.1338027170213138, ""BILL_AMT5"": 0.11246766253018083}",0.43420538306236267,False
xcreditscore_lattice,4337,False,infeasible,high_risk,gurobi:Optimal|refined_6,gurobi,0.4279415011405945,0.41167688369750977,0.5666240802362443,2,"{""BILL_AMT1"": 0.1661375800499439, ""BILL_AMT3"": 0.1328145456211706}",0.41167688369750977,False
xcreditscore_lattice,4342,False,infeasible,very_high_risk,gurobi:Infeasible,gurobi,0.7673988342285156,0.7673988342285156,0.0,0,{},0.7673988342285156,False
xcreditscore_lattice,4361,False,infeasible,very_high_risk,gurobi:Infeasible|refined_7,gurobi,0.6813939809799194,0.6652416586875916,0.31520894792884946,1,"{""BILL_AMT3"": 0.15760447396442473}",0.6652416586875916,False
xcreditscore_lattice,4366,False,infeasible,very_high_risk,gurobi:Infeasible|refined_5,gurobi,0.7758508920669556,0.7699972987174988,0.22466353622986013,1,"{""BILL_AMT3"": 0.11233176811493006}",0.7699972987174988,False
xcreditscore_lattice,4371,False,infeasible,moderate_risk,gurobi:Optimal|refined_4,gurobi,0.3938889503479004,0.3930031657218933,0.49500948916050497,2,"{""BILL_AMT1"": 0.1757168588141637, ""BILL_AMT3"": 0.08832975849669211}",0.3930031657218933,False
xcreditscore_lattice,4372,False,infeasible,very_high_risk,gurobi:Optimal|refined_7,gurobi,0.6614676713943481,0.6405942440032959,1.1125248456615473,4,"{""BILL_AMT1"": 0.20207222250243564, ""BILL_AMT2"": 0.13627444508034053, ""BILL_AMT3"": 0.15503550107354197, ""BILL_AMT5"": 0.11246766253018085}",0.6405942440032959,False
xcreditscore_lattice,4375,False,infeasible,moderate_risk,gurobi:Optimal|refined_4,gurobi,0.3516581952571869,0.3515876829624176,0.6006092879856506,3,"{""BILL_AMT1"": 0.20207222250243564, ""BILL_AMT3"": 0.0895923158831847, ""BILL_AMT5"": 0.04166016801794517}",0.3515876829624176,False
xcreditscore_lattice,4378,False,infeasible,very_high_risk,gurobi:Infeasible|refined_5,gurobi,0.7083257436752319,0.6998032331466675,0.22211191020650412,1,"{""BILL_AMT3"": 0.11105595510325206}",0.6998032331466675,False
xcreditscore_lattice,4409,False,infeasible,very_high_risk,gurobi:Optimal,gurobi,0.5581254959106445,0.5625075697898865,3.777245188174704,8,"{""BILL_AMT1"": 0.20207222250243564, ""BILL_AMT2"": 0.16375053620168015, ""BILL_AMT3"": -0.06482164365388307, ""BILL_AMT4"": 0.18025408049993838, ""BILL_AMT5"": 0.11246766253018084, ""BILL_AMT6"": -0.1432804738984296, ""PAY_AMT1"": 0.11591067274758687, ""PAY_AMT2"": 0.16906652371110778}",0.5625075697898865,False
xcreditscore_lattice,4418,False,infeasible,moderate_risk,gurobi:Optimal|refined_7,gurobi,0.39728543162345886,0.3767177164554596,0.996082170779557,4,"{""BILL_AMT1"": 0.20207222250243564, ""BILL_AMT2"": 0.07813770018306672, ""BILL_AMT3"": 0.15803225426362005, ""BILL_AMT5"": 0.11246766253018084}",0.3767177164554596,False
xcreditscore_lattice,4423,False,infeasible,very_high_risk,gurobi:Optimal|refined_4,gurobi,0.5784750580787659,0.5782370567321777,0.8981516203439914,4,"{""BILL_AMT1"": 0.20207222250243567, ""BILL_AMT2"": 0.09721818822707559, ""BILL_AMT3"": 0.08897519288843891, ""BILL_AMT5"": 0.11246766253018085}",0.5782370567321777,False
xcreditscore_lattice,4430,False,infeasible,very_high_risk,gurobi:Infeasible|refined_2,gurobi,0.7523413896560669,0.7523263096809387,0.06380036046572524,1,"{""BILL_AMT3"": 0.03190018023286262}",0.7523263096809387,False
xcreditscore_lattice,4434,False,infeasible,very_high_risk,gurobi:Infeasible|refined_6,gurobi,0.8306065797805786,0.8215959072113037,0.2675361556723166,1,"{""BILL_AMT3"": 0.1337680778361583}",0.8215959072113037,False
xcreditscore_lattice,4439,False,infeasible,very_high_risk,gurobi:Infeasible|refined_6,gurobi,0.7496400475502014,0.739219605922699,0.27120136331104794,1,"{""BILL_AMT3"": 0.13560068165552397}",0.739219605922699,False
xcreditscore_lattice,4442,False,infeasible,very_high_risk,gurobi:Infeasible|refined_7,gurobi,0.6170384883880615,0.5982906222343445,0.31157134253844676,1,"{""BILL_AMT3"": 0.15578567126922338}",0.5982906222343445,False
xcreditscore_lattice,4444,False,infeasible,very_high_risk,gurobi:Infeasible|refined_5,gurobi,0.7687715888023376,0.7622617483139038,0.22371349520833705,1,"{""BILL_AMT3"": 0.11185674760416853}",0.7622617483139038,False
xcreditscore_lattice,4453,False,infeasible,very_high_risk,gurobi:Infeasible|refined_5,gurobi,0.669097900390625,0.6623579859733582,0.22546083753731214,1,"{""BILL_AMT3"": 0.11273041876865607}",0.6623579859733582,False
xcreditscore_lattice,4461,False,infeasible,very_high_risk,gurobi:Infeasible|refined_7,gurobi,0.6195623278617859,0.6005673408508301,0.31007100214708394,1,"{""BILL_AMT3"": 0.15503550107354197}",0.6005673408508301,False
xcreditscore_lattice,4465,False,infeasible,very_high_risk,gurobi:Optimal|refined_6,gurobi,0.5852006077766418,0.570358157157898,1.1207691105146442,4,"{""BILL_AMT1"": 0.20207222250243562, ""BILL_AMT2"": 0.15761141286069263, ""BILL_AMT3"": 0.13668977036674995, ""BILL_AMT5"": 0.11246766253018084}",0.570358157157898,False
xcreditscore_lattice,4476,False,infeasible,very_high_risk,gurobi:Infeasible|refined_5,gurobi,0.7954021096229553,0.7921425104141235,0.2296965280080996,1,"{""BILL_AMT3"": 0.1148482640040498}",0.7921425104141235,False
xcreditscore_lattice,4483,False,near_feasible,near_threshold,gurobi:Optimal|refined_7,gurobi,0.33089447021484375,0.3134576082229614,0.31007100214708394,1,"{""BILL_AMT3"": 0.15503550107354197}",0.3134576082229614,False
xcreditscore_lattice,4489,False,infeasible,very_high_risk,gurobi:Infeasible|refined_5,gurobi,0.8232858777046204,0.8167649507522583,0.22090352086860898,1,"{""BILL_AMT3"": 0.11045176043430449}",0.8167649507522583,False
xcreditscore_lattice,4493,False,infeasible,very_high_risk,gurobi:Infeasible|refined_7,gurobi,0.5828556418418884,0.5633196234703064,0.31007100214708394,1,"{""BILL_AMT3"": 0.15503550107354197}",0.5633196234703064,False
monotone_xgboost,2,False,infeasible,very_high_risk,gurobi:Optimal|refined_2,gurobi,0.5636935830116272,0.7568277716636658,0.5954331696234303,4,"{""BILL_AMT1"": 0.20207222250243567, ""BILL_AMT4"": -0.018025408049993835, ""BILL_AMT5"": 0.11246766253018081, ""BILL_AMT6"": -0.03770171165770714}",0.7568277716636658,False
monotone_xgboost,4,False,infeasible,very_high_risk,gurobi:Optimal|refined_8,gurobi,0.6534907221794128,0.637834906578064,0.6425146960876844,4,"{""BILL_AMT1"": 0.15491973655218905, ""BILL_AMT3"": -0.027214889503726844, ""BILL_AMT5"": 0.09348300702525028, ""BILL_AMT6"": -0.1186202599852363}",0.637834906578064,False
monotone_xgboost,8,False,infeasible,very_high_risk,gurobi:Optimal|refined_2,gurobi,0.6119043827056885,0.37721389532089233,0.16612686277629873,2,"{""BILL_AMT1"": 0.07947714534803826, ""BILL_AMT6"": -0.014328047389842974}",0.37721389532089233,False
monotone_xgboost,15,False,infeasible,very_high_risk,gurobi:Optimal|refined_6,gurobi,0.6167271733283997,0.7619699835777283,1.8107419158106075,6,"{""BILL_AMT1"": 0.1681315486982906, ""BILL_AMT3"": -0.06313059681952277, ""BILL_AMT4"": 0.16222867244994454, ""BILL_AMT5"": 0.10372604994521598, ""BILL_AMT6"": -0.1432804738984296, ""PAY_AMT1"": 0.11003013619311185}",0.7619699835777283,False
monotone_xgboost,19,False,infeasible,very_high_risk,gurobi:Optimal|refined_6,gurobi,0.771308183670044,0.9183034300804138,0.6361455311315837,4,"{""BILL_AMT1"": 0.14244405981465222, ""BILL_AMT3"": -0.003675733536410486, ""BILL_AMT5"": 0.11246766253018084, ""BILL_AMT6"": -0.1432804738984296}",0.9183034300804138,False
monotone_xgboost,21,True,feasible,near_threshold,gurobi:Optimal,gurobi,0.24967382848262787,0.24967382848262787,0.0,0,{},0.24967382848262787,True
monotone_xgboost,23,False,infeasible,very_high_risk,gurobi:Optimal,gurobi,0.927828311920166,0.9205151796340942,1.9975210564256258,6,"{""BILL_AMT1"": 0.20207222250243564, ""BILL_AMT3"": -0.05294285789097004, ""BILL_AMT4"": 0.18025408049993835, ""BILL_AMT5"": 0.11246766253018084, ""BILL_AMT6"": -0.1432804738984296, ""PAY_AMT2"": 0.10714911435326978}",0.9205151796340942,False
monotone_xgboost,29,False,infeasible,high_risk,gurobi:Optimal|refined_5,gurobi,0.40971827507019043,0.33442530035972595,0.35385273347300666,3,"{""BILL_AMT1"": 0.14071205671523235, ""BILL_AMT3"": -0.02732442569867509, ""BILL_AMT6"": -0.02865609477968592}",0.33442530035972595,False
monotone_xgboost,30,True,feasible,near_threshold,gurobi:Optimal,gurobi,0.28961554169654846,0.28961554169654846,0.0,0,{},0.28961554169654846,True
monotone_xgboost,37,False,infeasible,very_high_risk,gurobi:Optimal|refined_8,gurobi,0.5446985363960266,0.6455222368240356,0.6411137303692901,5,"{""BILL_AMT1"": 0.20207222250243567, ""BILL_AMT3"": -0.05649209244680295, ""BILL_AMT4"": -0.018025408049993835, ""BILL_AMT5"": 0.07231175484553858, ""BILL_AMT6"": -0.028656094779685892}",0.6455222368240356,False
monotone_xgboost,38,False,infeasible,very_high_risk,gurobi:Optimal|refined_8,gurobi,0.7680060863494873,0.6888049244880676,0.4443921423036957,4,"{""BILL_AMT1"": 0.14702223095308267, ""BILL_AMT4"": -0.018025408049993835, ""BILL_AMT5"": 0.10102658541526793, ""BILL_AMT6"": -0.014328047389842974}",0.6888049244880676,False
monotone_xgboost,55,False,infeasible,very_high_risk,gurobi:Optimal|refined_7,gurobi,0.5926956534385681,0.54264235496521,0.3700666323039807,4,"{""BILL_AMT1"": 0.10905566708741582, ""BILL_AMT3"": -0.06431302040602582, ""BILL_AMT4"": -0.018025408049993835, ""BILL_AMT6"": -0.014328047389842946}",0.54264235496521,False
monotone_xgboost,58,False,infeasible,very_high_risk,gurobi:Optimal|refined_3,gurobi,0.6922065019607544,0.6162391901016235,0.41742767788689245,3,"{""BILL_AMT1"": 0.1801212880551467, ""BILL_AMT3"": -0.038081010962347506, ""BILL_AMT5"": 0.01124676625301807}",0.6162391901016235,False
monotone_xgboost,61,False,infeasible,very_high_risk,gurobi:Optimal|refined_3,gurobi,0.7384952306747437,0.8572420477867126,0.5713104639494345,3,"{""BILL_AMT1"": 0.20207222250243567, ""BILL_AMT5"": 0.09396897387717466, ""BILL_AMT6"": -0.052051404786809}",0.8572420477867126,False
monotone_xgboost,62,True,feasible,near_threshold,gurobi:Optimal,gurobi,0.2648734152317047,0.2499018758535385,0.15210602209584925,1,"{""BILL_AMT1"": 0.08395663498085532}",0.2499018758535385,True
monotone_xgboost,63,False,infeasible,very_high_risk,gurobi:Optimal|refined_5,gurobi,0.5805611610412598,0.59965580701828,0.38719759672860166,3,"{""BILL_AMT1"": 0.17674125159072576, ""BILL_AMT3"": -0.027182814163771885, ""BILL_AMT5"": 0.009507349988349095}",0.59965580701828,False
monotone_xgboost,66,True,feasible,near_threshold,gurobi:Optimal,gurobi,0.18536220490932465,0.1837875247001648,0.003069179466422778,1,"{""BILL_AMT1"": 0.0016940682334774249}",0.1837875247001648,True
monotone_xgboost,71,False,infeasible,very_high_risk,gurobi:Optimal|refined_5,gurobi,0.707128643989563,0.5747273564338684,0.4257614188182135,4,"{""BILL_AMT1"": 0.19103594312316444, ""BILL_AMT4"": -0.018025408049993835, ""BILL_AMT5"": 0.026953694282272206, ""BILL_AMT6"": -0.014328047389842946}",0.5747273564338684,False
monotone_xgboost,72,False,infeasible,very_high_risk,gurobi:Optimal|refined_5,gurobi,0.8075156211853027,0.9118744730949402,1.3056822927994403,6,"{""BILL_AMT1"": 0.17902036207703625, ""BILL_AMT3"": -0.07269864890812924, ""BILL_AMT4"": 0.18025408049993835, ""BILL_AMT5"": 0.09402965776074487, ""BILL_AMT6"": -0.1432804738984296, ""PAY_AMT1"": 0.03632723257918533}",0.9118744730949402,False
monotone_xgboost,83,False,infeasible,very_high_risk,gurobi:Optimal|refined_9,gurobi,0.7181845903396606,0.803077220916748,0.508963688800218,4,"{""BILL_AMT1"": 0.11657410774884489, ""BILL_AMT3"": -0.027652434234643114, ""BILL_AMT5"": 0.11246766253018084, ""BILL_AMT6"": -0.06025882164849164}",0.803077220916748,False
monotone_xgboost,88,False,infeasible,very_high_risk,gurobi:Infeasible|refined_8,gurobi,0.9143015742301941,0.8135331273078918,0.23687440055965303,4,"{""BILL_AMT1"": -0.01572475136957996, ""BILL_AMT3"": -0.06352008309040447, ""BILL_AMT5"": -0.011246766253018098, ""BILL_AMT6"": -0.042984142169528894}",0.8135331273078918,False
monotone_xgboost,100,False,infeasible,very_high_risk,gurobi:Optimal|refined_5,gurobi,0.6283645033836365,0.6036614775657654,0.34110854761305287,4,"{""BILL_AMT1"": 0.13538428724391388, ""BILL_AMT3"": 0.029378720303035594, ""BILL_AMT5"": -0.011246766253018098, ""BILL_AMT6"": -0.014328047389842974}",0.6036614775657654,False
monotone_xgboost,105,False,infeasible,very_high_risk,gurobi:Optimal|refined_2,gurobi,0.7864062190055847,0.8521898984909058,0.3857275386674344,2,"{""BILL_AMT1"": 0.18427790328389482, ""BILL_AMT5"": 0.03905573821683672}",0.8521898984909058,False
monotone_xgboost,106,True,feasible,near_threshold,gurobi:Optimal|refined_3,gurobi,0.32329830527305603,0.29187509417533875,0.3198598954413986,2,"{""BILL_AMT1"": 0.15211337633697933, ""BILL_AMT6"": -0.028656094779685892}",0.29187509417533875,True
monotone_xgboost,112,True,feasible,near_threshold,gurobi:Optimal|refined_1,gurobi,0.1860312968492508,0.2609997093677521,0.25862446981289805,2,"{""BILL_AMT1"": 0.13053224312503997, ""BILL_AMT6"": -0.014328047389842974}",0.2609997093677521,True
monotone_xgboost,114,False,infeasible,very_high_risk,gurobi:Optimal|refined_9,gurobi,0.5507298707962036,0.46818581223487854,0.5022635922905399,4,"{""BILL_AMT1"": 0.1478609032213286, ""BILL_AMT3"": -0.06904969713896697, ""BILL_AMT5"": -0.02249353250603614, ""BILL_AMT6"": 0.04298414216952884}",0.46818581223487854,False
monotone_xgboost,121,False,infeasible,very_high_risk,gurobi:Optimal|refined_9,gurobi,0.5334060192108154,0.5301761627197266,0.2907725225410569,3,"{""BILL_AMT1"": 0.13106820601172814, ""BILL_AMT5"": 0.006807515034360043, ""BILL_AMT6"": -0.028656094779685948}",0.5301761627197266,False
monotone_xgboost,129,False,infeasible,very_high_risk,gurobi:Optimal|refined_7,gurobi,0.6423921585083008,0.4713544249534607,0.3931785164752917,4,"{""BILL_AMT1"": 0.15511048797679222, ""BILL_AMT4"": -0.03605081609998767, ""BILL_AMT5"": -0.018401118487265805, ""BILL_AMT6"": -0.02865609477968592}",0.4713544249534607,False
monotone_xgboost,137,False,infeasible,very_high_risk,gurobi:Optimal|refined_9,gurobi,0.7540560364723206,0.8090834617614746,0.6764944664594913,5,"{""BILL_AMT1"": 0.12907482671749432, ""BILL_AMT3"": -0.031091001990129694, ""BILL_AMT4"": 0.018025408049993835, ""BILL_AMT5"": 0.1034423131268561, ""BILL_AMT6"": -0.1432804738984296}",0.8090834617614746,False
monotone_xgboost,141,True,feasible,moderate_risk,gurobi:Optimal,gurobi,0.38821184635162354,0.27014878392219543,0.02367629099327964,1,"{""BILL_AMT1"": 0.013068395933533095}",0.27014878392219543,True
monotone_xgboost,145,False,infeasible,very_high_risk,gurobi:Optimal|refined_3,gurobi,0.6608210802078247,0.7053448557853699,0.3357862945180465,2,"{""BILL_AMT1"": 0.1733492931281655, ""BILL_AMT4"": 0.018025408049993835}",0.7053448557853699,False
monotone_xgboost,152,False,infeasible,very_high_risk,gurobi:Optimal|refined_2,gurobi,0.773978054523468,0.8773636221885681,0.7933905185085423,5,"{""BILL_AMT1"": 0.20207222250243562, ""BILL_AMT3"": -0.017420575902990038, ""BILL_AMT4"": -0.018025408049993835, ""BILL_AMT5"": 0.11246766253018084, ""BILL_AMT6"": -0.1432804738984296}",0.8773636221885681,False
monotone_xgboost,154,False,infeasible,moderate_risk,gurobi:Optimal|refined_3,gurobi,0.39567747712135315,0.4734753370285034,0.4241059199205598,3,"{""BILL_AMT1"": 0.18638882204934354, ""BILL_AMT3"": -0.03234781669488715, ""BILL_AMT4"": -0.018025408049993835}",0.4734753370285034,False
monotone_xgboost,160,False,infeasible,very_high_risk,gurobi:Optimal|refined_4,gurobi,0.7883968353271484,0.8788768649101257,1.0242418356065126,5,"{""BILL_AMT1"": 0.18757064696559836, ""BILL_AMT3"": -0.14701306579154083, ""BILL_AMT4"": -0.01631555882199548, ""BILL_AMT5"": 0.11246766253018081, ""BILL_AMT6"": -0.1432804738984296}",0.8788768649101257,False
monotone_xgboost,163,True,feasible,near_threshold,gurobi:Optimal|refined_2,gurobi,0.29615160822868347,0.2582179307937622,0.3324110131727133,2,"{""BILL_AMT1"": 0.15904110737254418, ""BILL_AMT6"": -0.02865609477968592}",0.2582179307937622,True
monotone_xgboost,170,False,infeasible,very_high_risk,gurobi:Optimal|refined_9,gurobi,0.6076191067695618,0.5672101974487305,0.41393025736102285,4,"{""BILL_AMT1"": 0.15975273088372033, ""BILL_AMT4"": -0.018025408049993835, ""BILL_AMT5"": -0.010716168982801283, ""BILL_AMT6"": -0.05731218955937181}",0.5672101974487305,False
monotone_xgboost,176,True,feasible,near_threshold,gurobi:Optimal,gurobi,0.2970030903816223,0.2970030903816223,0.0,0,{},0.2970030903816223,True
monotone_xgboost,181,True,feasible,near_threshold,gurobi:Optimal|refined_3,gurobi,0.32879918813705444,0.23757973313331604,0.3297351798053213,3,"{""BILL_AMT1"": 0.1505394754945663, ""BILL_AMT5"": 0.009583155264475632, ""BILL_AMT6"": -0.02865609477968592}",0.23757973313331604,True
monotone_xgboost,183,False,infeasible,very_high_risk,gurobi:Optimal|refined_4,gurobi,0.7779183387756348,0.8335837125778198,0.8127955284197749,5,"{""BILL_AMT1"": 0.20207222250243564, ""BILL_AMT3"": -0.02712308085860632, ""BILL_AMT4"": -0.018025408049993835, ""BILL_AMT5"": 0.11246766253018084, ""BILL_AMT6"": -0.1432804738984296}",0.8335837125778198,False
monotone_xgboost,203,False,infeasible,very_high_risk,gurobi:Optimal|refined_6,gurobi,0.6492264866828918,0.6837756037712097,0.5832335557971321,4,"{""BILL_AMT1"": 0.16614148772090026, ""BILL_AMT3"": -0.027389940126032075, ""BILL_AMT5"": -0.00966173692743208, ""BILL_AMT6"": -0.13891548782637242}",0.6837756037712097,False
monotone_xgboost,207,False,infeasible,very_high_risk,gurobi:Optimal|refined_9,gurobi,0.6544702053070068,0.7127393484115601,0.5208196299225021,5,"{""BILL_AMT1"": 0.15596761676714532, ""BILL_AMT3"": -0.026928338890149603, ""BILL_AMT4"": 0.018025408049993835, ""BILL_AMT5"": 0.08915025857198174, ""BILL_AMT6"": -0.02865609477968592}",0.7127393484115601,False
monotone_xgboost,208,False,infeasible,very_high_risk,gurobi:Optimal|refined_2,gurobi,0.5949139595031738,0.5998791456222534,0.10433819328608002,1,"{""BILL_AMT1"": 0.057590642944835735}",0.5998791456222534,False
monotone_xgboost,211,True,feasible,moderate_risk,gurobi:Optimal|refined_2,gurobi,0.35339197516441345,0.23065878450870514,0.3317275456701486,2,"{""BILL_AMT1"": 0.15866385977351127, ""BILL_AMT6"": -0.028656094779685948}",0.23065878450870514,True
monotone_xgboost,213,False,infeasible,very_high_risk,gurobi:Optimal|refined_6,gurobi,0.5344415903091431,0.34151536226272583,0.5274690153501692,5,"{""BILL_AMT1"": 0.19113580233804178, ""BILL_AMT3"": 0.026172713704679954, ""BILL_AMT4"": -0.018025408049993835, ""BILL_AMT5"": 0.06398682733170877, ""BILL_AMT6"": -0.014328047389842974}",0.34151536226272583,False
monotone_xgboost,236,False,infeasible,very_high_risk,gurobi:Optimal|refined_2,gurobi,0.8615202307701111,0.9735194444656372,1.0505737609080974,5,"{""BILL_AMT1"": 0.20207222250243562, ""BILL_AMT3"": -0.06277384048737061, ""BILL_AMT4"": 0.1561480859453655, ""BILL_AMT5"": 0.11246766253018084, ""BILL_AMT6"": -0.1432804738984296}",0.9735194444656372,False
monotone_xgboost,242,True,feasible,near_threshold,gurobi:Optimal|refined_2,gurobi,0.322354793548584,0.2711171507835388,0.36224433845796056,3,"{""BILL_AMT1"": 0.17575294258144247, ""BILL_AMT4"": -0.017997923775850022, ""BILL_AMT6"": -0.014328047389842974}",0.2711171507835388,True
monotone_xgboost,249,False,infeasible,very_high_risk,gurobi:Optimal|refined_2,gurobi,0.8713495135307312,0.8972207903862,0.9801671107549172,5,"{""BILL_AMT1"": 0.19122150340105354, ""BILL_AMT3"": -0.053051957686735214, ""BILL_AMT4"": 0.13017539412503004, ""BILL_AMT5"": 0.11246766253018085, ""BILL_AMT6"": -0.1432804738984296}",0.8972207903862,False
monotone_xgboost,271,False,infeasible,high_risk,gurobi:Optimal|refined_7,gurobi,0.4149487018585205,0.3626313805580139,0.31045129593309845,3,"{""BILL_AMT1"": 0.1457478204061051, ""BILL_AMT4"": -0.018025408049993835, ""BILL_AMT5"": 0.018577220737626493}",0.3626313805580139,False
monotone_xgboost,277,False,infeasible,very_high_risk,gurobi:Optimal,gurobi,0.8401462435722351,0.9093660116195679,2.5487071296281334,6,"{""BILL_AMT1"": 0.20207222250243564, ""BILL_AMT3"": -0.08242271370467996, ""BILL_AMT4"": 0.18025408049993835, ""BILL_AMT5"": 0.11246766253018084, ""BILL_AMT6"": -0.1432804738984296, ""PAY_AMT2"": 0.16340355567613693}",0.9093660116195679,False
monotone_xgboost,279,True,feasible,moderate_risk,gurobi:Optimal|refined_2,gurobi,0.35667264461517334,0.28161048889160156,0.23867011250072012,3,"{""BILL_AMT1"": 0.11273259316860379, ""BILL_AMT5"": 0.009257028968621878, ""BILL_AMT6"": -0.014328047389842974}",0.28161048889160156,True
monotone_xgboost,282,False,infeasible,very_high_risk,gurobi:Optimal|refined_4,gurobi,0.7519268989562988,0.8632377982139587,0.8655804442583047,5,"{""BILL_AMT1"": 0.20207222250243564, ""BILL_AMT3"": -0.06083144774139827, ""BILL_AMT4"": -0.018025408049993835, ""BILL_AMT5"": 0.10145000768464216, ""BILL_AMT6"": -0.1432804738984296}",0.8632377982139587,False
monotone_xgboost,283,False,infeasible,high_risk,gurobi:Optimal|refined_5,gurobi,0.4739964008331299,0.4071371257305145,0.3930036991388859,4,"{""BILL_AMT1"": 0.1696853515148678, ""BILL_AMT3"": 0.026151711993995144, ""BILL_AMT5"": 0.008389308927571018, ""BILL_AMT6"": -0.014328047389842974}",0.4071371257305145,False
monotone_xgboost,284,False,infeasible,very_high_risk,gurobi:Optimal|refined_4,gurobi,0.6363804340362549,0.6557793617248535,0.5217088162451105,2,"{""BILL_AMT1"": 0.16881352917596892, ""BILL_AMT6"": -0.1397214957766827}",0.6557793617248535,False
monotone_xgboost,292,False,infeasible,very_high_risk,gurobi:Optimal|refined_10,gurobi,0.5718780755996704,0.4807543158531189,0.35518937522371813,4,"{""BILL_AMT1"": 0.13980404654845055, ""BILL_AMT4"": -0.018025408049993835, ""BILL_AMT5"": -0.010367534122289926, ""BILL_AMT6"": -0.04298414216952892}",0.4807543158531189,False
monotone_xgboost,293,False,near_feasible,near_threshold,gurobi:Optimal|refined_12,gurobi,0.3261013925075531,0.30690300464630127,0.11342938515241692,4,"{""BILL_AMT1"": -0.00650193627792553, ""BILL_AMT3"": -0.03249395587131462, ""BILL_AMT4"": -0.018025408049993835, ""BILL_AMT5"": -0.011246766253018098}",0.30690300464630127,False
monotone_xgboost,295,False,infeasible,high_risk,gurobi:Optimal|refined_9,gurobi,0.4126296043395996,0.34426674246788025,0.3494903274254172,3,"{""BILL_AMT1"": 0.16487999638967138, ""BILL_AMT5"": 0.004895112475267721, ""BILL_AMT6"": -0.028656094779685948}",0.34426674246788025,False
monotone_xgboost,299,False,infeasible,very_high_risk,gurobi:Optimal|refined_5,gurobi,0.6897885799407959,0.7837633490562439,0.4306835208854574,4,"{""BILL_AMT1"": 0.19304784523587626, ""BILL_AMT4"": -0.018025408049993863, ""BILL_AMT5"": 0.01124676625301807, ""BILL_AMT6"": -0.028656094779685892}",0.7837633490562439,False
monotone_xgboost,308,True,feasible,near_threshold,gurobi:Optimal|refined_3,gurobi,0.30614185333251953,0.2915962338447571,0.028671633422526925,1,"{""BILL_AMT1"": -0.015825631545627494}",0.2915962338447571,True
monotone_xgboost,316,False,infeasible,very_high_risk,gurobi:Optimal|refined_4,gurobi,0.516796886920929,0.36172816157341003,0.4104358421961619,3,"{""BILL_AMT1"": 0.19115526979685707, ""BILL_AMT5"": 0.03161014823066417, ""BILL_AMT6"": -0.014328047389842974}",0.36172816157341003,False
monotone_xgboost,318,False,infeasible,very_high_risk,gurobi:Optimal|refined_4,gurobi,0.7916073203086853,0.9328196048736572,0.6581124865711896,5,"{""BILL_AMT1"": 0.20207222250243562, ""BILL_AMT3"": -0.02836081920854644, ""BILL_AMT4"": -0.018025408049993835, ""BILL_AMT5"": 0.11246766253018084, ""BILL_AMT6"": -0.04155788496458446}",0.9328196048736572,False
monotone_xgboost,329,False,infeasible,very_high_risk,gurobi:Optimal,gurobi,0.8502421379089355,0.8944902420043945,4.299963021255309,7,"{""BILL_AMT1"": 0.20207222250243564, ""BILL_AMT3"": -0.08156191631609266, ""BILL_AMT4"": 0.18025408049993835, ""BILL_AMT5"": 0.11246766253018084, ""BILL_AMT6"": -0.1432804738984296, ""PAY_AMT1"": 0.020209911939557363, ""PAY_AMT2"": 0.34642105817415636}",0.8944902420043945,False
monotone_xgboost,338,False,infeasible,very_high_risk,gurobi:Optimal|refined_6,gurobi,0.5504242777824402,0.3882504403591156,0.43601812923775646,4,"{""BILL_AMT1"": 0.16873760608658953, ""BILL_AMT4"": -0.018025408049993835, ""BILL_AMT5"": 0.06509661088104124, ""BILL_AMT6"": -0.014328047389842974}",0.3882504403591156,False
monotone_xgboost,345,False,infeasible,very_high_risk,gurobi:Optimal|refined_2,gurobi,0.827100932598114,0.9259486794471741,0.8380218507274965,5,"{""BILL_AMT1"": 0.20207222250243564, ""BILL_AMT3"": -0.03973624201246712, ""BILL_AMT4"": 0.018025408049993835, ""BILL_AMT5"": 0.11246766253018083, ""BILL_AMT6"": -0.1432804738984296}",0.9259486794471741,False
monotone_xgboost,346,False,infeasible,very_high_risk,gurobi:Optimal|refined_5,gurobi,0.8628209829330444,0.9310134649276733,0.8219384544177156,5,"{""BILL_AMT1"": 0.18777186969898885, ""BILL_AMT3"": -0.1331943800586754, ""BILL_AMT4"": 0.018025408049993835, ""BILL_AMT5"": 0.11246766253018087, ""BILL_AMT6"": 0.028656094779685892}",0.9310134649276733,False
monotone_xgboost,351,True,feasible,moderate_risk,gurobi:Optimal|refined_2,gurobi,0.3813711702823639,0.2811247706413269,0.3540548595837029,3,"{""BILL_AMT1"": 0.17132012350728623, ""BILL_AMT4"": -0.017866463840809116, ""BILL_AMT6"": -0.014328047389842974}",0.2811247706413269,True
monotone_xgboost,354,True,feasible,high_risk,gurobi:Optimal|refined_6,gurobi,0.4094269573688507,0.2947240173816681,0.4040832034026044,4,"{""BILL_AMT1"": 0.17305955732709466, ""BILL_AMT4"": 0.018025408049993835, ""BILL_AMT5"": 0.018485203345546125, ""BILL_AMT6"": -0.028656094779685948}",0.2947240173816681,True
monotone_xgboost,360,False,infeasible,very_high_risk,gurobi:Optimal|refined_3,gurobi,0.7868083119392395,0.8728040456771851,0.9108234241756882,5,"{""BILL_AMT1"": 0.20207222250243564, ""BILL_AMT3"": -0.06315350777663345, ""BILL_AMT4"": 0.049325095413052064, ""BILL_AMT5"": 0.1036140524836268, ""BILL_AMT6"": -0.1432804738984296}",0.8728040456771851,False
monotone_xgboost,362,False,infeasible,very_high_risk,gurobi:Optimal|refined_8,gurobi,0.7343308329582214,0.5747984051704407,0.4001551501960012,4,"{""BILL_AMT1"": 0.14819956976916004, ""BILL_AMT4"": -0.018025408049993835, ""BILL_AMT5"": 0.06611030374792554, ""BILL_AMT6"": -0.014328047389842974}",0.5747984051704407,False
monotone_xgboost,366,False,infeasible,very_high_risk,gurobi:Optimal|refined_6,gurobi,0.6696070432662964,0.6873400807380676,0.5094333829846428,4,"{""BILL_AMT1"": 0.2005766454814678, ""BILL_AMT3"": -0.02916008431232217, ""BILL_AMT4"": -0.03605081609998767, ""BILL_AMT6"": -0.028656094779685892}",0.6873400807380676,False
monotone_xgboost,384,False,infeasible,very_high_risk,gurobi:Optimal|refined_6,gurobi,0.652218222618103,0.6652316451072693,0.8197404113139534,5,"{""BILL_AMT1"": 0.16917243832576312, ""BILL_AMT3"": -0.05719993192172745, ""BILL_AMT4"": 0.03286526512488848, ""BILL_AMT5"": 0.10381593546883755, ""BILL_AMT6"": -0.1432804738984296}",0.6652316451072693,False
monotone_xgboost,387,False,infeasible,very_high_risk,gurobi:Optimal|refined_4,gurobi,0.5627760887145996,0.37707653641700745,0.41521014031333414,3,"{""BILL_AMT1"": 0.19122150340105354, ""BILL_AMT4"": -0.017749290794721054, ""BILL_AMT5"": 0.03567468050252097}",0.37707653641700745,False
monotone_xgboost,390,False,infeasible,very_high_risk,gurobi:Optimal|refined_2,gurobi,0.5001823902130127,0.5434024333953857,0.29560548946176907,1,"{""BILL_AMT1"": 0.16316278497796616}",0.5434024333953857,False
monotone_xgboost,392,False,infeasible,very_high_risk,gurobi:Optimal|refined_8,gurobi,0.7043269872665405,0.72285395860672,0.47466044058139095,4,"{""BILL_AMT1"": 0.15576550914926315, ""BILL_AMT4"": 0.018025408049993835, ""BILL_AMT5"": 0.09398543388480969, ""BILL_AMT6"": -0.029719140102698244}",0.72285395860672,False
monotone_xgboost,412,False,infeasible,very_high_risk,gurobi:Optimal|refined_5,gurobi,0.5416399836540222,0.5635775923728943,0.3154635848617686,3,"{""BILL_AMT1"": 0.1562671817143011, ""BILL_AMT4"": -0.017749290794721054, ""BILL_AMT5"": 0.008251381996122978}",0.5635775923728943,False
monotone_xgboost,415,True,feasible,very_high_risk,gurobi:Optimal|refined_1,gurobi,0.5419122576713562,0.25127583742141724,0.04593690540598944,2,"{""BILL_AMT1"": 0.013136942374713773, ""BILL_AMT6"": -0.014328047389842974}",0.25127583742141724,True
monotone_xgboost,416,False,infeasible,very_high_risk,gurobi:Optimal|refined_5,gurobi,0.7500655055046082,0.8293156027793884,0.6326945305571035,4,"{""BILL_AMT1"": 0.20207222250243564, ""BILL_AMT4"": 0.018025408049993835, ""BILL_AMT5"": 0.08997413002414467, ""BILL_AMT6"": -0.08115463269337034}",0.8293156027793884,False
monotone_xgboost,419,True,feasible,high_risk,gurobi:Optimal|refined_5,gurobi,0.4212723672389984,0.2816103994846344,0.3720243422173188,3,"{""BILL_AMT1"": 0.17394927010815342, ""BILL_AMT5"": 0.009490642089032775, ""BILL_AMT6"": -0.02865609477968592}",0.2816103994846344,True
monotone_xgboost,425,True,feasible,high_risk,gurobi:Optimal|refined_2,gurobi,0.4715881943702698,0.2842678725719452,0.26932240715634975,3,"{""BILL_AMT1"": 0.1303886356237957, ""BILL_AMT5"": 0.008251381996122978, ""BILL_AMT6"": -0.014328047389842974}",0.2842678725719452,True
monotone_xgboost,433,True,feasible,high_risk,gurobi:Optimal|refined_7,gurobi,0.4301582872867584,0.2994728684425354,0.38966717405370976,4,"{""BILL_AMT1"": 0.15992185620138363, ""BILL_AMT4"": -0.03605081609998767, ""BILL_AMT5"": -0.009193370384876623, ""BILL_AMT6"": -0.028656094779685892}",0.2994728684425354,True
monotone_xgboost,445,False,infeasible,very_high_risk,gurobi:Optimal|refined_4,gurobi,0.7318205833435059,0.7916554808616638,1.945760504208287,6,"{""BILL_AMT1"": 0.16715291069480245, ""BILL_AMT3"": -0.05409386073629271, ""BILL_AMT4"": 0.18025408049993832, ""BILL_AMT5"": 0.11246766253018084, ""BILL_AMT6"": -0.1432804738984296, ""PAY_AMT2"": 0.10820071462034012}",0.7916554808616638,False
monotone_xgboost,447,False,infeasible,very_high_risk,gurobi:Optimal|refined_10,gurobi,0.6630452871322632,0.8023672103881836,0.4653235810069286,4,"{""BILL_AMT1"": 0.11785165973359646, ""BILL_AMT4"": -0.018025408049993835, ""BILL_AMT5"": 0.10380775504335629, ""BILL_AMT6"": -0.059692565857358756}",0.8023672103881836,False
monotone_xgboost,451,False,infeasible,very_high_risk,gurobi:Optimal|refined_9,gurobi,0.6586836576461792,0.7092120051383972,0.5967866732503937,4,"{""BILL_AMT1"": 0.11561369836588387, ""BILL_AMT3"": -0.0083008729738632, ""BILL_AMT5"": 0.11246766253018085, ""BILL_AMT6"": -0.1432804738984296}",0.7092120051383972,False
monotone_xgboost,456,True,feasible,very_high_risk,gurobi:Optimal|refined_4,gurobi,0.5208713412284851,0.2899624705314636,0.44031910812693686,4,"{""BILL_AMT1"": 0.19998874272899528, ""BILL_AMT4"": -0.018025408049993835, ""BILL_AMT5"": -0.00903343067213351, ""BILL_AMT6"": -0.02865609477968592}",0.2899624705314636,True
monotone_xgboost,457,False,infeasible,very_high_risk,gurobi:Optimal|refined_11,gurobi,0.8411065340042114,0.8353981375694275,0.5999395457057899,4,"{""BILL_AMT1"": 0.18600962223396167, ""BILL_AMT4"": -0.03605081609998767, ""BILL_AMT5"": 0.08193197794399948, ""BILL_AMT6"": -0.07164023694921473}",0.8353981375694275,False
monotone_xgboost,458,False,infeasible,very_high_risk,gurobi:Optimal|refined_3,gurobi,0.8102394342422485,0.9421223998069763,3.93150292487032,6,"{""BILL_AMT1"": 0.20207222250243564, ""BILL_AMT3"": -0.06783170701904448, ""BILL_AMT4"": 0.16222867244994452, ""BILL_AMT5"": 0.1033863887635659, ""BILL_AMT6"": -0.1432804738984296, ""PAY_AMT2"": 0.3286336972212491}",0.9421223998069763,False
monotone_xgboost,460,True,feasible,moderate_risk,gurobi:Optimal|refined_2,gurobi,0.390785276889801,0.2510058879852295,0.3390065581231302,3,"{""BILL_AMT1"": 0.16297520471340318, ""BILL_AMT4"": -0.017924844797105627, ""BILL_AMT6"": -0.014328047389842974}",0.2510058879852295,True
monotone_xgboost,470,False,infeasible,very_high_risk,gurobi:Optimal|refined_8,gurobi,0.6740111112594604,0.6027374267578125,0.36053681031747425,2,"{""BILL_AMT1"": 0.1501285567628208, ""BILL_AMT6"": -0.057312189559371784}",0.6027374267578125,False
monotone_xgboost,471,True,feasible,high_risk,gurobi:Optimal|refined_2,gurobi,0.4641329348087311,0.18606415390968323,0.07192465750832758,2,"{""BILL_AMT1"": -0.010974204732185272, ""BILL_AMT3"": -0.026021228638259994}",0.18606415390968323,True
monotone_xgboost,473,False,infeasible,very_high_risk,gurobi:Optimal|refined_2,gurobi,0.5733860731124878,0.5845272541046143,0.3204875870549986,2,"{""BILL_AMT1"": 0.14636041637037026, ""BILL_AMT3"": -0.027661653167385267}",0.5845272541046143,False
monotone_xgboost,486,False,infeasible,very_high_risk,gurobi:Optimal|refined_8,gurobi,0.7624001502990723,0.8433523178100586,0.7849537322598087,5,"{""BILL_AMT1"": 0.18463982104096044, ""BILL_AMT3"": -0.06633071202890709, ""BILL_AMT4"": 0.03605081609998767, ""BILL_AMT5"": 0.10122089627716277, ""BILL_AMT6"": -0.09055199152753604}",0.8433523178100586,False
monotone_xgboost,489,False,near_feasible,near_threshold,gurobi:Optimal|refined_7,gurobi,0.2888844311237335,0.3146287202835083,0.3397421212083619,3,"{""BILL_AMT1"": 0.1134777588375189, ""BILL_AMT3"": -0.05960798261385655, ""BILL_AMT5"": -0.011246766253018098}",0.3146287202835083,False
monotone_xgboost,498,False,infeasible,very_high_risk,gurobi:Optimal|refined_8,gurobi,0.7867131233215332,0.7207322120666504,3.8804379461403533,6,"{""BILL_AMT1"": 0.169139786088023, ""BILL_AMT3"": -0.05697409534449351, ""BILL_AMT4"": 0.10815244829996302, ""BILL_AMT5"": 0.11246766253018083, ""BILL_AMT6"": -0.1432804738984296, ""PAY_AMT2"": 0.33816872310270285}",0.7207322120666504,False
monotone_xgboost,514,False,infeasible,very_high_risk,gurobi:Optimal|refined_9,gurobi,0.7914741635322571,0.8585086464881897,0.6173388102135865,4,"{""BILL_AMT1"": 0.13435997632049093, ""BILL_AMT4"": -0.018025408049993835, ""BILL_AMT5"": 0.10339045418713841, ""BILL_AMT6"": -0.13908622234906343}",0.8585086464881897,False
monotone_xgboost,517,False,infeasible,very_high_risk,gurobi:Optimal|refined_2,gurobi,0.718741774559021,0.9206631779670715,0.8545813875514507,5,"{""BILL_AMT1"": 0.20207222250243562, ""BILL_AMT3"": -0.048016010424444276, ""BILL_AMT4"": -0.018025408049993835, ""BILL_AMT5"": 0.11246766253018085, ""BILL_AMT6"": -0.1432804738984296}",0.9206631779670715,False
monotone_xgboost,518,False,infeasible,very_high_risk,gurobi:Optimal|refined_9,gurobi,0.8238988518714905,0.8839737176895142,0.588975175142383,5,"{""BILL_AMT1"": 0.18631667715254785, ""BILL_AMT3"": 0.03245337074728996, ""BILL_AMT4"": -0.018025408049993835, ""BILL_AMT5"": 0.11246766253018081, ""BILL_AMT6"": 0.009985941902791118}",0.8839737176895142,False
monotone_xgboost,522,True,feasible,high_risk,gurobi:Optimal|refined_2,gurobi,0.48432961106300354,0.2728903293609619,0.03023813409805095,2,"{""BILL_AMT1"": 0.010678166625519542, ""BILL_AMT5"": 0.008201803659872789}",0.2728903293609619,True
monotone_xgboost,523,False,infeasible,very_high_risk,gurobi:Optimal|refined_11,gurobi,0.599536657333374,0.5301854014396667,0.5529155117587616,4,"{""BILL_AMT1"": 0.1397978127425136, ""BILL_AMT4"": -0.054076224149981506, ""BILL_AMT5"": 0.09365018517508591, ""BILL_AMT6"": -0.07125901183216188}",0.5301854014396667,False
monotone_xgboost,527,False,infeasible,very_high_risk,gurobi:Optimal|refined_3,gurobi,0.6521017551422119,0.7250500917434692,0.38782423685645123,2,"{""BILL_AMT1"": 0.20207222250243562, ""BILL_AMT4"": -0.018025408049993835}",0.7250500917434692,False
monotone_xgboost,528,False,infeasible,very_high_risk,gurobi:Optimal|refined_9,gurobi,0.6808881163597107,0.6538636684417725,0.2359315348056567,3,"{""BILL_AMT1"": 0.057525687441431106, ""BILL_AMT4"": -0.07210163219997545, ""BILL_AMT5"": -0.03374029875905421}",0.6538636684417725,False
monotone_xgboost,532,False,infeasible,very_high_risk,gurobi:Optimal|refined_5,gurobi,0.5251457691192627,0.48951345682144165,0.2849088462503776,2,"{""BILL_AMT1"": 0.14504020124434627, ""BILL_AMT6"": -0.014328047389842974}",0.48951345682144165,False
monotone_xgboost,538,False,infeasible,very_high_risk,gurobi:Optimal|refined_6,gurobi,0.7350901961326599,0.7923250198364258,0.6601094884935497,5,"{""BILL_AMT1"": 0.20207222250243564, ""BILL_AMT3"": -0.029952748878454102, ""BILL_AMT4"": 0.018025408049993835, ""BILL_AMT5"": 0.0787273637711266, ""BILL_AMT6"": -0.0697923180998627}",0.7923250198364258,False
monotone_xgboost,544,False,infeasible,high_risk,gurobi:Optimal|refined_4,gurobi,0.4956420063972473,0.5039228796958923,0.38457762950862406,3,"{""BILL_AMT1"": 0.18089128180288308, ""BILL_AMT5"": 0.009472793887982708, ""BILL_AMT6"": -0.028656094779685892}",0.5039228796958923,False
monotone_xgboost,546,False,infeasible,high_risk,gurobi:Optimal|refined_12,gurobi,0.44708725810050964,0.5355517864227295,0.43527929110482233,4,"{""BILL_AMT1"": 0.13230500906564172, ""BILL_AMT4"": -0.018025408049993835, ""BILL_AMT5"": 0.0975735298234805, ""BILL_AMT6"": -0.028656094779685948}",0.5355517864227295,False
monotone_xgboost,547,True,feasible,very_high_risk,gurobi:Optimal|refined_4,gurobi,0.5701372623443604,0.28804412484169006,0.07798823304465803,4,"{""BILL_AMT1"": -0.01098876108207214, ""BILL_AMT4"": -0.018025408049993835, ""BILL_AMT5"": -0.010705707953852492, ""BILL_AMT6"": -0.014328047389842946}",0.28804412484169006,True
monotone_xgboost,554,False,infeasible,very_high_risk,gurobi:Optimal|refined_5,gurobi,0.6580467820167542,0.8178631663322449,0.4754044527479104,4,"{""BILL_AMT1"": 0.20207222250243567, ""BILL_AMT3"": -0.033053419623998465, ""BILL_AMT5"": -0.015860018706355145, ""BILL_AMT6"": -0.014328047389842946}",0.8178631663322449,False
monotone_xgboost,557,False,infeasible,high_risk,gurobi:Optimal|refined_6,gurobi,0.4494597911834717,0.32130172848701477,0.3216367917731918,3,"{""BILL_AMT1"": 0.14595056759212102, ""BILL_AMT5"": 0.009745375580686264, ""BILL_AMT6"": -0.028656094779685948}",0.32130172848701477,False
monotone_xgboost,565,False,infeasible,very_high_risk,gurobi:Optimal|refined_11,gurobi,0.6891147494316101,0.8457942605018616,1.5641744351480662,6,"{""BILL_AMT1"": 0.14832743557819678, ""BILL_AMT3"": -0.050542662384136024, ""BILL_AMT4"": 0.0914562348394524, ""BILL_AMT5"": 0.11246766253018083, ""BILL_AMT6"": -0.1432804738984296, ""PAY_AMT1"": 0.09512073308625761}",0.8457942605018616,False
monotone_xgboost,567,True,feasible,near_threshold,gurobi:Optimal|refined_1,gurobi,0.3108934164047241,0.20526473224163055,0.022136427366633002,1,"{""BILL_AMT6"": -0.014328047389842974}",0.20526473224163055,True
monotone_xgboost,568,False,infeasible,very_high_risk,gurobi:Optimal|refined_12,gurobi,0.8484305143356323,0.889775812625885,0.7093841558642211,5,"{""BILL_AMT1"": 0.13061107468336636, ""BILL_AMT3"": 0.08202957259064009, ""BILL_AMT4"": -0.03605081609998767, ""BILL_AMT5"": 0.11246766253018085, ""BILL_AMT6"": -0.0750058465144815}",0.889775812625885,False
monotone_xgboost,580,True,feasible,high_risk,gurobi:Optimal|refined_1,gurobi,0.44726818799972534,0.17077098786830902,0.01960525363996488,1,"{""BILL_AMT1"": -0.010821340936260887}",0.17077098786830902,True
monotone_xgboost,583,False,infeasible,very_high_risk,gurobi:Optimal|refined_8,gurobi,0.6836687922477722,0.6342678070068359,0.6462549722889497,4,"{""BILL_AMT1"": 0.14170208416844318, ""BILL_AMT4"": -0.03605081609998767, ""BILL_AMT5"": 0.11246766253018083, ""BILL_AMT6"": -0.12732793439340878}",0.6342678070068359,False
monotone_xgboost,584,False,infeasible,high_risk,gurobi:Optimal|refined_14,gurobi,0.4770817160606384,0.3236313462257385,0.2916749008199035,4,"{""BILL_AMT1"": 0.022179385632599913, ""BILL_AMT3"": -0.09994708659905391, ""BILL_AMT4"": -0.018025408049993835, ""BILL_AMT5"": -0.022493532506036196}",0.3236313462257385,False
monotone_xgboost,586,False,infeasible,very_high_risk,gurobi:Optimal|refined_6,gurobi,0.86707603931427,0.8603829145431519,3.3676031448468615,6,"{""BILL_AMT1"": 0.16779361131094758, ""BILL_AMT3"": -0.06608829228271684, ""BILL_AMT4"": 0.16222867244994454, ""BILL_AMT5"": 0.10349332923485756, ""BILL_AMT6"": -0.1432804738984296, ""PAY_AMT2"": 0.2716677907292437}",0.8603829145431519,False
monotone_xgboost,587,False,infeasible,very_high_risk,gurobi:Optimal|refined_5,gurobi,0.7171337604522705,0.7310655117034912,0.36426717893758215,2,"{""BILL_AMT1"": 0.16440602664113085, ""BILL_AMT6"": 0.042984142169528866}",0.7310655117034912,False
monotone_xgboost,590,False,infeasible,very_high_risk,gurobi:Optimal|refined_7,gurobi,0.5520066022872925,0.4996647834777832,0.4431468502075996,4,"{""BILL_AMT1"": 0.1654261913421131, ""BILL_AMT4"": -0.017746207293508204, ""BILL_AMT5"": 0.058566784315838005, ""BILL_AMT6"": -0.028656094779685948}",0.4996647834777832,False
monotone_xgboost,594,False,infeasible,very_high_risk,gurobi:Optimal|refined_3,gurobi,0.5631303191184998,0.49834951758384705,0.4357980674548819,3,"{""BILL_AMT1"": 0.20207222250243567, ""BILL_AMT4"": 0.017749290794721054, ""BILL_AMT5"": 0.036374548579177324}",0.49834951758384705,False
monotone_xgboost,607,False,infeasible,very_high_risk,gurobi:Optimal|refined_8,gurobi,0.6642396450042725,0.8288467526435852,0.5269033692245444,3,"{""BILL_AMT1"": 0.14462795473992812, ""BILL_AMT5"": 0.09404919162522747, ""BILL_AMT6"": -0.09060186926192709}",0.8288467526435852,False
monotone_xgboost,614,False,infeasible,very_high_risk,gurobi:Optimal|refined_12,gurobi,0.6974848508834839,0.7080048322677612,0.6454640989494784,5,"{""BILL_AMT1"": 0.13059541222786475, ""BILL_AMT3"": -0.027299114546057573, ""BILL_AMT4"": -0.03605081609998767, ""BILL_AMT5"": 0.09342113326161003, ""BILL_AMT6"": -0.12087314027369639}",0.7080048322677612,False
monotone_xgboost,616,True,feasible,high_risk,gurobi:Optimal|refined_7,gurobi,0.4374639689922333,0.28359895944595337,0.47615954585698367,4,"{""BILL_AMT1"": 0.1905965094846344, ""BILL_AMT4"": -0.03605081609998767, ""BILL_AMT5"": 0.015806170770409217, ""BILL_AMT6"": -0.04298414216952892}",0.28359895944595337,True
monotone_xgboost,617,True,feasible,near_threshold,gurobi:Optimal|refined_4,gurobi,0.3450748920440674,0.28814461827278137,0.32164894570969027,3,"{""BILL_AMT1"": 0.07818703136246113, ""BILL_AMT3"": -0.06786149126328833, ""BILL_AMT6"": -0.028656094779685892}",0.28814461827278137,True
monotone_xgboost,618,True,feasible,high_risk,gurobi:Optimal|refined_3,gurobi,0.4082754850387573,0.2787136733531952,0.42999832786423836,4,"{""BILL_AMT1"": 0.20207222250243562, ""BILL_AMT4"": -0.017976853184228925, ""BILL_AMT5"": 0.015132285087846767, ""BILL_AMT6"": -0.014328047389842974}",0.2787136733531952,True
monotone_xgboost,624,False,infeasible,very_high_risk,gurobi:Optimal|refined_6,gurobi,0.6711123585700989,0.6506901979446411,0.5840966315323106,3,"{""BILL_AMT1"": 0.14048581043473496, ""BILL_AMT5"": 0.11246766253018084, ""BILL_AMT6"": -0.11664592056800421}",0.6506901979446411,False
monotone_xgboost,625,True,feasible,near_threshold,gurobi:Optimal|refined_2,gurobi,0.19151800870895386,0.28880345821380615,0.23798869030616956,2,"{""BILL_AMT1"": 0.11936880211483325, ""BILL_AMT4"": 0.018025408049993835}",0.28880345821380615,True
monotone_xgboost,636,False,infeasible,very_high_risk,gurobi:Optimal|refined_3,gurobi,0.5398357510566711,0.42390522360801697,0.3048660959679218,3,"{""BILL_AMT1"": 0.14406408985986857, ""BILL_AMT4"": -0.018025408049993835, ""BILL_AMT6"": -0.014328047389842946}",0.42390522360801697,False
monotone_xgboost,643,True,feasible,near_threshold,gurobi:Optimal|refined_6,gurobi,0.29532113671302795,0.25631895661354065,0.32346978261544335,3,"{""BILL_AMT1"": 0.12157469729096759, ""BILL_AMT5"": -0.011042344856991293, ""BILL_AMT6"": -0.05731218955937181}",0.25631895661354065,True
monotone_xgboost,644,False,infeasible,very_high_risk,gurobi:Optimal|refined_8,gurobi,0.7887911796569824,0.7400856614112854,0.44195336263189855,4,"{""BILL_AMT1"": 0.16831949816430708, ""BILL_AMT3"": 0.026601421352139235, ""BILL_AMT4"": 0.018025408049993835, ""BILL_AMT5"": 0.046743397959793015}",0.7400856614112854,False
monotone_xgboost,653,False,infeasible,moderate_risk,gurobi:Optimal|refined_2,gurobi,0.36542701721191406,0.35192903876304626,0.19154782673531495,2,"{""BILL_AMT1"": 0.09373524351347173, ""BILL_AMT4"": -0.018025408049993835}",0.35192903876304626,False
monotone_xgboost,655,False,infeasible,moderate_risk,gurobi:Optimal|refined_7,gurobi,0.3896438777446747,0.42105424404144287,0.4157522859987677,4,"{""BILL_AMT1"": 0.1790408913972415, ""BILL_AMT4"": -0.018025408049993835, ""BILL_AMT5"": 0.019112124430905014, ""BILL_AMT6"": -0.028656094779685948}",0.42105424404144287,False
monotone_xgboost,656,False,infeasible,very_high_risk,gurobi:Optimal|refined_3,gurobi,0.830681324005127,0.9590672254562378,0.8236430656759469,5,"{""BILL_AMT1"": 0.20207222250243567, ""BILL_AMT3"": -0.032546849486692314, ""BILL_AMT4"": -0.018025408049993835, ""BILL_AMT5"": 0.11246766253018084, ""BILL_AMT6"": -0.1432804738984296}",0.9590672254562378,False
monotone_xgboost,657,False,infeasible,very_high_risk,gurobi:Optimal|refined_5,gurobi,0.7201139330863953,0.7634896636009216,0.6830961845027912,4,"{""BILL_AMT1"": 0.18732217140035629, ""BILL_AMT3"": -0.06159119870127604, ""BILL_AMT5"": 0.11246766253018084, ""BILL_AMT6"": -0.046070337840497605}",0.7634896636009216,False
monotone_xgboost,659,False,infeasible,very_high_risk,gurobi:Optimal|refined_5,gurobi,0.8197887539863586,0.8531488180160522,0.50217975406833,4,"{""BILL_AMT1"": 0.20207222250243562, ""BILL_AMT3"": -0.03553189423429398, ""BILL_AMT5"": 0.015620510292429945, ""BILL_AMT6"": -0.028656094779685892}",0.8531488180160522,False
monotone_xgboost,662,False,infeasible,very_high_risk,gurobi:Optimal|refined_2,gurobi,0.7694042921066284,0.874411404132843,0.8053644307020799,4,"{""BILL_AMT1"": 0.20207222250243564, ""BILL_AMT3"": -0.034270377741426244, ""BILL_AMT5"": 0.11246766253018083, ""BILL_AMT6"": -0.1432804738984296}",0.874411404132843,False
monotone_xgboost,664,True,feasible,near_threshold,gurobi:Optimal|refined_1,gurobi,0.3376997113227844,0.29452958703041077,0.3241653989091562,2,"{""BILL_AMT1"": 0.16693500868799113, ""BILL_AMT4"": -0.018025408049993835}",0.29452958703041077,True
monotone_xgboost,666,False,infeasible,very_high_risk,gurobi:Optimal|refined_8,gurobi,0.583249568939209,0.5602682828903198,0.46763158838691515,5,"{""BILL_AMT1"": 0.16156324684990997, ""BILL_AMT3"": -0.036337214376734706, ""BILL_AMT4"": -0.05407622414998153, ""BILL_AMT5"": 0.01124676625301807, ""BILL_AMT6"": -0.014328047389842946}",0.5602682828903198,False
monotone_xgboost,669,False,infeasible,moderate_risk,gurobi:Optimal|refined_8,gurobi,0.36889657378196716,0.3678310513496399,0.37898626748675074,4,"{""BILL_AMT1"": 0.15920382229823027, ""BILL_AMT4"": 0.018025408049993835, ""BILL_AMT5"": 0.01848956623913614, ""BILL_AMT6"": -0.02865609477968592}",0.3678310513496399,False
monotone_xgboost,690,False,infeasible,very_high_risk,gurobi:Optimal|refined_3,gurobi,0.6770508289337158,0.7703790068626404,0.7398873114169044,5,"{""BILL_AMT1"": 0.20207222250243562, ""BILL_AMT3"": -0.02855223480021646, ""BILL_AMT4"": -0.018025408049993835, ""BILL_AMT5"": 0.11246766253018084, ""BILL_AMT6"": -0.09423975286645468}",0.7703790068626404,False
monotone_xgboost,695,False,infeasible,very_high_risk,gurobi:Optimal|refined_2,gurobi,0.7738412618637085,0.8976362943649292,2.270762877375395,6,"{""BILL_AMT1"": 0.20207222250243562, ""BILL_AMT3"": -0.10334914553039959, ""BILL_AMT4"": 0.16222867244994454, ""BILL_AMT5"": 0.11246766253018084, ""BILL_AMT6"": -0.1432804738984296, ""PAY_AMT2"": 0.12933825002804064}",0.8976362943649292,False
monotone_xgboost,698,False,infeasible,very_high_risk,gurobi:Optimal|refined_7,gurobi,0.5990628004074097,0.5993825197219849,0.3762176188139692,4,"{""BILL_AMT1"": 0.1519959946771021, ""BILL_AMT3"": -0.02731635231378847, ""BILL_AMT4"": 0.018025408049993835, ""BILL_AMT5"": 0.01843691404603845}",0.5993825197219849,False
monotone_xgboost,712,False,infeasible,very_high_risk,gurobi:Optimal|refined_3,gurobi,0.540249228477478,0.7316759824752808,0.4403454528327264,3,"{""BILL_AMT1"": 0.20207222250243567, ""BILL_AMT5"": 0.03923882092861217, ""BILL_AMT6"": -0.014328047389842974}",0.7316759824752808,False
monotone_xgboost,717,False,infeasible,very_high_risk,gurobi:Optimal|refined_7,gurobi,0.5398949384689331,0.5820409655570984,0.4179627122602735,4,"{""BILL_AMT1"": 0.1789067429083145, ""BILL_AMT4"": -0.018025408049993835, ""BILL_AMT5"": 0.02095956683105546, ""BILL_AMT6"": -0.02865609477968592}",0.5820409655570984,False
monotone_xgboost,718,False,near_feasible,very_high_risk,gurobi:Optimal|refined_8,gurobi,0.5306430459022522,0.30646443367004395,0.5448949532838474,5,"{""BILL_AMT1"": 0.1903859948039649, ""BILL_AMT3"": -0.060567624417407095, ""BILL_AMT4"": 0.018025408049993835, ""BILL_AMT5"": 0.0096645133142622, ""BILL_AMT6"": -0.02865609477968592}",0.30646443367004395,False
monotone_xgboost,721,True,feasible,near_threshold,gurobi:Optimal,gurobi,0.32371026277542114,0.2355298548936844,0.3171588488425992,1,"{""BILL_AMT1"": 0.17505940485674562}",0.2355298548936844,True
monotone_xgboost,723,False,infeasible,very_high_risk,gurobi:Optimal|refined_7,gurobi,0.5759119391441345,0.47846612334251404,0.38716629061207297,5,"{""BILL_AMT1"": 0.1532900749436802, ""BILL_AMT3"": -0.0272134712063819, ""BILL_AMT4"": -0.018025408049993835, ""BILL_AMT5"": 0.008402149716659812, ""BILL_AMT6"": -0.014328047389842974}",0.47846612334251404,False
monotone_xgboost,725,False,infeasible,very_high_risk,gurobi:Optimal|refined_6,gurobi,0.5479463934898376,0.7716401219367981,0.5583188600522268,3,"{""BILL_AMT1"": 0.1421133342359156, ""BILL_AMT5"": 0.11246766253018084, ""BILL_AMT6"": -0.09805244635828651}",0.7716401219367981,False
monotone_xgboost,728,False,infeasible,very_high_risk,gurobi:Optimal|refined_6,gurobi,0.6919334530830383,0.7824232578277588,0.582094524187391,3,"{""BILL_AMT1"": 0.20207222250243562, ""BILL_AMT3"": -0.09936842128231535, ""BILL_AMT5"": 0.012996006858389503}",0.7824232578277588,False
monotone_xgboost,731,True,feasible,near_threshold,gurobi:Optimal,gurobi,0.27105244994163513,0.27105244994163513,0.0,0,{},0.27105244994163513,True
monotone_xgboost,732,False,infeasible,very_high_risk,gurobi:Optimal|refined_7,gurobi,0.9073345065116882,0.9509043097496033,1.5714768622760342,6,"{""BILL_AMT1"": 0.1695134285646023, ""BILL_AMT3"": -0.0531065075846178, ""BILL_AMT4"": 0.1266130617111376, ""BILL_AMT5"": 0.11246766253018085, ""BILL_AMT6"": -0.1432804738984296, ""PAY_AMT1"": 0.08464309950793124}",0.9509043097496033,False
monotone_xgboost,735,False,infeasible,very_high_risk,gurobi:Optimal|refined_8,gurobi,0.7090160250663757,0.7349028587341309,0.6880208723904009,5,"{""BILL_AMT1"": 0.14134879403517062, ""BILL_AMT3"": -0.019742716583495787, ""BILL_AMT4"": 0.018025408049993835, ""BILL_AMT5"": 0.11246766253018085, ""BILL_AMT6"": -0.1432804738984296}",0.7349028587341309,False
monotone_xgboost,742,False,infeasible,very_high_risk,gurobi:Optimal|refined_7,gurobi,0.5629000067710876,0.5069348216056824,0.5707521484964384,4,"{""BILL_AMT1"": 0.16814442376764346, ""BILL_AMT4"": -0.03605081609998767, ""BILL_AMT5"": -0.009123861557453747, ""BILL_AMT6"": -0.13628284719458944}",0.5069348216056824,False
monotone_xgboost,757,False,infeasible,very_high_risk,gurobi:Optimal|refined_4,gurobi,0.7763689756393433,0.8758547306060791,0.5913555973565879,4,"{""BILL_AMT1"": 0.20207222250243564, ""BILL_AMT3"": -0.02919810559114633, ""BILL_AMT4"": 0.03605081609998767, ""BILL_AMT5"": 0.09292644412842507}",0.8758547306060791,False
monotone_xgboost,762,False,infeasible,high_risk,gurobi:Optimal|refined_2,gurobi,0.4234459698200226,0.3870246112346649,0.3203916872805956,2,"{""BILL_AMT1"": 0.16462535567419856, ""BILL_AMT6"": -0.014328047389842974}",0.3870246112346649,False
monotone_xgboost,765,False,infeasible,very_high_risk,gurobi:Optimal|refined_5,gurobi,0.7080514430999756,0.6581001877784729,0.45326842268934997,4,"{""BILL_AMT1"": 0.20207222250243562, ""BILL_AMT4"": -0.018025408049993835, ""BILL_AMT5"": 0.03261043414386845, ""BILL_AMT6"": -0.014328047389842974}",0.6581001877784729,False
monotone_xgboost,771,False,infeasible,high_risk,gurobi:Optimal|refined_3,gurobi,0.48725616931915283,0.6253831386566162,0.44311337503735493,3,"{""BILL_AMT1"": 0.1879334053629309, ""BILL_AMT5"": 0.0606114081902657, ""BILL_AMT6"": 0.014328047389842946}",0.6253831386566162,False
monotone_xgboost,779,False,infeasible,very_high_risk,gurobi:Optimal|refined_7,gurobi,0.6061723232269287,0.5079611539840698,0.46551950342030746,5,"{""BILL_AMT1"": 0.17122749392931672, ""BILL_AMT3"": -0.027362010578316193, ""BILL_AMT4"": -0.03605081609998767, ""BILL_AMT5"": 0.009679535550146015, ""BILL_AMT6"": -0.028656094779685948}",0.5079611539840698,False
monotone_xgboost,781,False,infeasible,very_high_risk,gurobi:Optimal|refined_6,gurobi,0.6275755763053894,0.7787905931472778,0.6204540896014845,5,"{""BILL_AMT1"": 0.20207222250243567, ""BILL_AMT3"": -0.028580109798034464, ""BILL_AMT4"": 0.018025408049993835, ""BILL_AMT5"": 0.09399872087892477, ""BILL_AMT6"": -0.03277481160098758}",0.7787905931472778,False
monotone_xgboost,785,False,infeasible,very_high_risk,gurobi:Optimal|refined_8,gurobi,0.6709643006324768,0.8085148334503174,1.5423545569988666,6,"{""BILL_AMT1"": 0.14184388690822244, ""BILL_AMT3"": -0.08286565887548658, ""BILL_AMT4"": 0.14420326439995063, ""BILL_AMT5"": 0.11246766253018084, ""BILL_AMT6"": -0.1432804738984296, ""PAY_AMT1"": 0.07668146524640311}",0.8085148334503174,False
monotone_xgboost,795,False,infeasible,very_high_risk,gurobi:Optimal|refined_6,gurobi,0.8262090682983398,0.7961568832397461,1.0465063863632358,6,"{""BILL_AMT1"": 0.16886556038407535, ""BILL_AMT3"": -0.06116570949779183, ""BILL_AMT4"": 0.16222867244994454, ""BILL_AMT5"": 0.10369218794155707, ""BILL_AMT6"": -0.1432804738984296, ""PAY_AMT1"": 0.008484721591925072}",0.7961568832397461,False
monotone_xgboost,796,False,infeasible,very_high_risk,gurobi:Optimal|refined_7,gurobi,0.7932050824165344,0.868272066116333,0.4916424833356259,4,"{""BILL_AMT1"": 0.15644421555432267, ""BILL_AMT3"": 0.026721649327072466, ""BILL_AMT4"": 0.018025408049993835, ""BILL_AMT5"": 0.10017830862085261}",0.868272066116333,False
monotone_xgboost,804,False,infeasible,very_high_risk,gurobi:Optimal|refined_5,gurobi,0.5828869938850403,0.5669656991958618,0.24960615758118532,4,"{""BILL_AMT1"": 0.10531860244742769, ""BILL_AMT4"": -0.018025408049993835, ""BILL_AMT5"": 0.011246766253018098, ""BILL_AMT6"": -0.014328047389842974}",0.5669656991958618,False
monotone_xgboost,807,False,infeasible,very_high_risk,gurobi:Optimal|refined_5,gurobi,0.7186583280563354,0.7523109316825867,0.7735490321911423,5,"{""BILL_AMT1"": 0.20207222250243562, ""BILL_AMT3"": -0.03132347871244784, ""BILL_AMT4"": -0.03605081609998767, ""BILL_AMT5"": 0.10122089627716277, ""BILL_AMT6"": -0.10804558985232202}",0.7523109316825867,False
monotone_xgboost,812,False,infeasible,high_risk,gurobi:Optimal|refined_5,gurobi,0.4517984688282013,0.37734293937683105,0.33296544240117737,3,"{""BILL_AMT1"": 0.16892688287934332, ""BILL_AMT5"": 0.0035997478269073763, ""BILL_AMT6"": -0.014328047389842974}",0.37734293937683105,False
monotone_xgboost,825,False,infeasible,near_threshold,gurobi:Optimal|refined_3,gurobi,0.3274247944355011,0.4974626898765564,0.6494258537832265,4,"{""BILL_AMT1"": 0.19132096441790974, ""BILL_AMT4"": -0.01783932903013609, ""BILL_AMT5"": 0.11246766253018085, ""BILL_AMT6"": -0.08540177375867987}",0.4974626898765564,False
monotone_xgboost,836,False,infeasible,very_high_risk,gurobi:Optimal|refined_7,gurobi,0.5310894250869751,0.37419021129608154,0.3691054330435585,4,"{""BILL_AMT1"": 0.1794805905011189, ""BILL_AMT4"": -0.018025408049993835, ""BILL_AMT5"": -5.610492883997842e-05, ""BILL_AMT6"": -0.014328047389842974}",0.37419021129608154,False
monotone_xgboost,840,False,infeasible,moderate_risk,gurobi:Optimal|refined_5,gurobi,0.36124780774116516,0.36340492963790894,0.2946405659991586,3,"{""BILL_AMT1"": 0.1264282527004701, ""BILL_AMT4"": 0.03605081609998767, ""BILL_AMT6"": -0.014328047389842974}",0.36340492963790894,False
monotone_xgboost,868,False,infeasible,very_high_risk,gurobi:Optimal|refined_4,gurobi,0.7856984734535217,0.7689987421035767,0.5247473149643175,4,"{""BILL_AMT1"": 0.18002753760537865, ""BILL_AMT4"": 0.017749290794721054, ""BILL_AMT5"": 0.11246766253018085, ""BILL_AMT6"": -0.01801576438738356}",0.7689987421035767,False
monotone_xgboost,872,False,infeasible,high_risk,gurobi:Optimal|refined_3,gurobi,0.45166754722595215,0.5269596576690674,0.3373725713865728,2,"{""BILL_AMT1"": 0.1739981462376081, ""BILL_AMT6"": 0.014328047389842946}",0.5269596576690674,False
monotone_xgboost,877,False,infeasible,near_threshold,gurobi:Optimal|refined_7,gurobi,0.31599658727645874,0.6142752766609192,0.5986457266431989,5,"{""BILL_AMT1"": 0.20207222250243562, ""BILL_AMT3"": 0.032505738649257265, ""BILL_AMT4"": 0.018025408049993835, ""BILL_AMT5"": 0.08997413002414473, ""BILL_AMT6"": 0.01703677030505496}",0.6142752766609192,False
monotone_xgboost,886,False,infeasible,very_high_risk,gurobi:Optimal|refined_5,gurobi,0.8009507060050964,0.9015460014343262,0.7229906097753761,4,"{""BILL_AMT1"": 0.16579571910580645, ""BILL_AMT3"": -0.02594492384113256, ""BILL_AMT5"": 0.11246766253018084, ""BILL_AMT6"": -0.1432804738984296}",0.9015460014343262,False
monotone_xgboost,890,False,infeasible,very_high_risk,gurobi:Optimal|refined_9,gurobi,0.7235625386238098,0.7273579835891724,0.7947210031975818,5,"{""BILL_AMT1"": 0.20207222250243567, ""BILL_AMT3"": -0.06349946322900485, ""BILL_AMT4"": -0.018025408049993835, ""BILL_AMT5"": 0.10122089627716274, ""BILL_AMT6"": -0.0941590527080064}",0.7273579835891724,False
monotone_xgboost,898,True,feasible,near_threshold,gurobi:Optimal,gurobi,0.09444017708301544,0.2066819816827774,0.11004665743487842,1,"{""BILL_AMT1"": 0.060741494135592405}",0.2066819816827774,True
monotone_xgboost,922,False,infeasible,very_high_risk,gurobi:Optimal|refined_3,gurobi,0.5088292360305786,0.5360444188117981,0.4296666656717872,3,"{""BILL_AMT1"": 0.20207222250243562, ""BILL_AMT5"": 0.014529197753312864, ""BILL_AMT6"": -0.02865609477968592}",0.5360444188117981,False
monotone_xgboost,927,True,feasible,high_risk,gurobi:Optimal|refined_4,gurobi,0.47875624895095825,0.2970421016216278,0.3341861559765857,4,"{""BILL_AMT1"": 0.14795018279238384, ""BILL_AMT4"": -0.018025408049993835, ""BILL_AMT5"": 0.016776337251674517, ""BILL_AMT6"": -0.014328047389842974}",0.2970421016216278,True
monotone_xgboost,932,False,infeasible,very_high_risk,gurobi:Optimal|refined_12,gurobi,0.5508674383163452,0.3522486984729767,0.35488312716302717,4,"{""BILL_AMT1"": 0.14689038316383368, ""BILL_AMT4"": -0.018025408049993835, ""BILL_AMT5"": -0.01713822966857638, ""BILL_AMT6"": -0.028656094779685948}",0.3522486984729767,False
monotone_xgboost,938,False,infeasible,very_high_risk,gurobi:Optimal|refined_3,gurobi,0.6792869567871094,0.7471262216567993,0.43128315233123715,3,"{""BILL_AMT1"": 0.20207222250243567, ""BILL_AMT5"": 0.032414973097144334, ""BILL_AMT6"": 0.014328047389842946}",0.7471262216567993,False
monotone_xgboost,940,False,infeasible,very_high_risk,gurobi:Optimal|refined_8,gurobi,0.7597388029098511,0.7923147678375244,0.5913921823507522,4,"{""BILL_AMT1"": 0.15611309177756486, ""BILL_AMT4"": 0.018025408049993835, ""BILL_AMT5"": 0.09400526521930977, ""BILL_AMT6"": -0.10485040895846402}",0.7923147678375244,False
monotone_xgboost,952,False,infeasible,very_high_risk,gurobi:Optimal|refined_4,gurobi,0.8823789358139038,0.9113065600395203,1.2876169491495615,6,"{""BILL_AMT1"": 0.1694667066634457, ""BILL_AMT3"": -0.05865750519315028, ""BILL_AMT4"": 0.18025408049993838, ""BILL_AMT5"": 0.11246766253018083, ""BILL_AMT6"": -0.1432804738984296, ""PAY_AMT1"": 0.036705794075228886}",0.9113065600395203,False
monotone_xgboost,961,False,infeasible,very_high_risk,gurobi:Optimal|refined_6,gurobi,0.7419772744178772,0.8076225519180298,2.014557957098603,6,"{""BILL_AMT1"": 0.190395596460816, ""BILL_AMT3"": -0.07671679438616091, ""BILL_AMT4"": 0.14420326439995063, ""BILL_AMT5"": 0.09350452402318286, ""BILL_AMT6"": -0.1432804738984296, ""PAY_AMT2"": 0.11392384477904291}",0.8076225519180298,False
monotone_xgboost,978,False,infeasible,very_high_risk,gurobi:Optimal|refined_5,gurobi,0.5498024225234985,0.5517613291740417,0.3751427342195692,3,"{""BILL_AMT1"": 0.18131833497826305, ""BILL_AMT5"": 0.01845436562039851, ""BILL_AMT6"": 0.014328047389842974}",0.5517613291740417,False
monotone_xgboost,982,False,infeasible,very_high_risk,gurobi:Optimal|refined_2,gurobi,0.6934844851493835,0.7876815795898438,0.2715406349708536,2,"{""BILL_AMT1"": 0.13788817651104002, ""BILL_AMT4"": -0.018025408049993863}",0.7876815795898438,False
monotone_xgboost,983,False,near_feasible,high_risk,gurobi:Optimal|refined_5,gurobi,0.4687919318675995,0.3049050569534302,0.33864560242230857,4,"{""BILL_AMT1"": 0.15620960972142414, ""BILL_AMT4"": -0.018025408049993835, ""BILL_AMT5"": -0.008866649148987854, ""BILL_AMT6"": -0.014328047389842974}",0.3049050569534302,False
monotone_xgboost,987,False,infeasible,very_high_risk,gurobi:Optimal|refined_3,gurobi,0.7874276041984558,0.8659539222717285,3.0165406142649576,6,"{""BILL_AMT1"": 0.20207222250243567, ""BILL_AMT3"": -0.10932890533628922, ""BILL_AMT4"": 0.1622286724499445, ""BILL_AMT5"": 0.10146046871359093, ""BILL_AMT6"": -0.1432804738984296, ""PAY_AMT2"": 0.21487380918288748}",0.8659539222717285,False
monotone_xgboost,996,False,infeasible,very_high_risk,gurobi:Optimal|refined_3,gurobi,0.6452878713607788,0.5246463418006897,0.3827268008585379,3,"{""BILL_AMT1"": 0.19112429883965099, ""BILL_AMT5"": 0.01078768814491357, ""BILL_AMT6"": -0.014328047389842974}",0.5246463418006897,False
monotone_xgboost,997,False,infeasible,very_high_risk,gurobi:Optimal|refined_6,gurobi,0.725092887878418,0.7255470752716064,0.565818147738167,4,"{""BILL_AMT1"": 0.20207222250243562, ""BILL_AMT3"": -0.029201705884406584, ""BILL_AMT4"": 0.054076224149981506, ""BILL_AMT5"": 0.05733221299812}",0.7255470752716064,False
monotone_xgboost,1002,False,infeasible,very_high_risk,gurobi:Optimal|refined_3,gurobi,0.6901936531066895,0.7517949938774109,2.325927613894354,6,"{""BILL_AMT1"": 0.18057873215519815, ""BILL_AMT3"": -0.050488112486253435, ""BILL_AMT4"": 0.18025408049993838, ""BILL_AMT5"": 0.11246766253018084, ""BILL_AMT6"": -0.1432804738984296, ""PAY_AMT2"": 0.1496926871643679}",0.7517949938774109,False
monotone_xgboost,1005,False,infeasible,very_high_risk,gurobi:Optimal|refined_9,gurobi,0.6593137383460999,0.5408867597579956,0.40269289431063005,4,"{""BILL_AMT1"": 0.15419483917666812, ""BILL_AMT4"": 0.01802540804999382, ""BILL_AMT5"": 0.043173808737245134, ""BILL_AMT6"": -0.028656094779685948}",0.5408867597579956,False
monotone_xgboost,1007,False,infeasible,very_high_risk,gurobi:Optimal|refined_2,gurobi,0.581082820892334,0.6087587475776672,0.2995349864053679,1,"{""BILL_AMT1"": 0.16533171514921358}",0.6087587475776672,False
monotone_xgboost,1026,False,infeasible,very_high_risk,gurobi:Optimal|refined_6,gurobi,0.6817821264266968,0.5651292204856873,0.4765085470771787,5,"{""BILL_AMT1"": 0.19111691005414605, ""BILL_AMT3"": 0.026215535374517776, ""BILL_AMT4"": -0.018025408049993835, ""BILL_AMT5"": 0.025575241403366172, ""BILL_AMT6"": -0.014328047389842974}",0.5651292204856873,False
monotone_xgboost,1027,False,infeasible,very_high_risk,gurobi:Optimal|refined_5,gurobi,0.5763041377067566,0.6191900372505188,0.32540714408223587,3,"{""BILL_AMT1"": 0.155401953114033, ""BILL_AMT4"": -0.018025408049993835, ""BILL_AMT6"": -0.014328047389842974}",0.6191900372505188,False
monotone_xgboost,1030,False,infeasible,very_high_risk,gurobi:Optimal|refined_5,gurobi,0.5065876245498657,0.34121325612068176,0.3741913833166529,3,"{""BILL_AMT1"": 0.18827225016443822, ""BILL_AMT5"": 0.008251381996122978, ""BILL_AMT6"": -0.014328047389842974}",0.34121325612068176,False
monotone_xgboost,1037,False,infeasible,very_high_risk,gurobi:Optimal|refined_6,gurobi,0.6351457834243774,0.69976806640625,0.5602368278896432,4,"{""BILL_AMT1"": 0.20207222250243567, ""BILL_AMT3"": -0.03552060240543231, ""BILL_AMT5"": 0.05935407934320108, ""BILL_AMT6"": -0.028656094779685892}",0.69976806640625,False
monotone_xgboost,1044,False,infeasible,very_high_risk,gurobi:Optimal|refined_5,gurobi,0.8048995137214661,0.8795379400253296,0.8622980637437113,5,"{""BILL_AMT1"": 0.20207222250243564, ""BILL_AMT3"": -0.04847954558789622, ""BILL_AMT4"": -0.03605081609998767, ""BILL_AMT5"": 0.10122089627716277, ""BILL_AMT6"": -0.1432804738984296}",0.8795379400253296,False
monotone_xgboost,1050,False,infeasible,very_high_risk,gurobi:Optimal|refined_8,gurobi,0.5220847129821777,0.3708360493183136,0.3699428864255501,4,"{""BILL_AMT1"": 0.14866739476078877, ""BILL_AMT4"": -0.03605081609998767, ""BILL_AMT5"": 0.009694607364366073, ""BILL_AMT6"": -0.02865609477968592}",0.3708360493183136,False
monotone_xgboost,1051,False,infeasible,very_high_risk,gurobi:Optimal|refined_2,gurobi,0.7567524313926697,0.9152355790138245,0.6627971172691891,3,"{""BILL_AMT1"": 0.20207222250243567, ""BILL_AMT5"": 0.10148565450840602, ""BILL_AMT6"": -0.10480593019333873}",0.9152355790138245,False
monotone_xgboost,1063,True,feasible,moderate_risk,gurobi:Optimal|refined_2,gurobi,0.3881487250328064,0.2641901671886444,0.31130205279993217,2,"{""BILL_AMT1"": 0.14738977854003976, ""BILL_AMT6"": -0.028656094779685892}",0.2641901671886444,True
monotone_xgboost,1064,True,feasible,high_risk,gurobi:Optimal|refined_4,gurobi,0.40969520807266235,0.28065186738967896,0.3670916112111154,3,"{""BILL_AMT1"": 0.1712224142390787, ""BILL_AMT5"": 0.009496343597701545, ""BILL_AMT6"": -0.02865609477968592}",0.28065186738967896,True
monotone_xgboost,1072,False,infeasible,very_high_risk,gurobi:Optimal,gurobi,0.7530050277709961,0.9062995314598083,0.9236658870684855,4,"{""BILL_AMT1"": 0.20207222250243567, ""BILL_AMT3"": -0.093421105924629, ""BILL_AMT5"": 0.11246766253018084, ""BILL_AMT6"": -0.1432804738984296}",0.9062995314598083,False
monotone_xgboost,1074,False,infeasible,very_high_risk,gurobi:Optimal|refined_7,gurobi,0.5705423355102539,0.6245530247688293,0.6515149166306972,5,"{""BILL_AMT1"": 0.17118205525041788, ""BILL_AMT3"": 0.03192210929181141, ""BILL_AMT4"": -0.018025408049993835, ""BILL_AMT5"": 0.10122089627716274, ""BILL_AMT6"": -0.0785684721336802}",0.6245530247688293,False
monotone_xgboost,1075,False,infeasible,very_high_risk,gurobi:Optimal|refined_6,gurobi,0.6544168591499329,0.6790288090705872,0.4960118358417339,3,"{""BILL_AMT1"": 0.14154899915139568, ""BILL_AMT5"": 0.11246766253018084, ""BILL_AMT6"": -0.058385307248025126}",0.6790288090705872,False
monotone_xgboost,1079,False,infeasible,very_high_risk,gurobi:Optimal|refined_5,gurobi,0.816929817199707,0.7388888597488403,0.5423810224605357,4,"{""BILL_AMT1"": 0.18028565841157917, ""BILL_AMT4"": 0.035338239526374216, ""BILL_AMT5"": 0.11246766253018084, ""BILL_AMT6"": -0.0154049912231147}",0.7388888597488403,False
monotone_xgboost,1094,False,infeasible,moderate_risk,gurobi:Optimal|refined_4,gurobi,0.3649803698062897,0.4625503718852997,0.3251105971652566,3,"{""BILL_AMT1"": 0.15396841951915446, ""BILL_AMT4"": 0.018025408049993835, ""BILL_AMT5"": 0.01840092017392081}",0.4625503718852997,False
monotone_xgboost,1102,False,infeasible,very_high_risk,gurobi:Infeasible|refined_4,gurobi,0.954384446144104,0.9298900365829468,0.08047197338727945,3,"{""BILL_AMT1"": -0.020207222250243573, ""BILL_AMT4"": -0.018025408049993863, ""BILL_AMT6"": -0.014328047389842946}",0.9298900365829468,False
monotone_xgboost,1103,False,infeasible,very_high_risk,gurobi:Optimal|refined_9,gurobi,0.7846670746803284,0.797321081161499,0.6491121161888744,5,"{""BILL_AMT1"": 0.18614328403641833, ""BILL_AMT3"": -0.032439133223942596, ""BILL_AMT4"": -0.018025408049993835, ""BILL_AMT5"": 0.08997413002414473, ""BILL_AMT6"": -0.06846709649281407}",0.797321081161499,False
monotone_xgboost,1108,False,infeasible,high_risk,gurobi:Optimal|refined_4,gurobi,0.4621538519859314,0.48857444524765015,0.3121021910267429,3,"{""BILL_AMT1"": 0.14358210422265788, ""BILL_AMT5"": 0.02246555049305654, ""BILL_AMT6"": -0.014328047389842974}",0.48857444524765015,False
monotone_xgboost,1109,False,infeasible,high_risk,gurobi:Optimal|refined_2,gurobi,0.4068485200405121,0.5733807682991028,0.5918581768897129,3,"{""BILL_AMT1"": 0.19128729456300422, ""BILL_AMT5"": 0.11246766253018083, ""BILL_AMT6"": -0.06209696939165024}",0.5733807682991028,False
monotone_xgboost,1113,False,infeasible,very_high_risk,gurobi:Optimal|refined_3,gurobi,0.7590184807777405,0.7990362048149109,0.37102253806312097,2,"{""BILL_AMT1"": 0.1602814709995074, ""BILL_AMT3"": -0.04031859322359349}",0.7990362048149109,False
monotone_xgboost,1115,False,infeasible,very_high_risk,gurobi:Optimal|refined_3,gurobi,0.8486406803131104,0.8812131285667419,1.5337736526846166,6,"{""BILL_AMT1"": 0.18630057225480073, ""BILL_AMT3"": -0.1633867631399794, ""BILL_AMT4"": 0.18025408049993835, ""BILL_AMT5"": 0.10421717294411037, ""BILL_AMT6"": -0.1432804738984296, ""PAY_AMT1"": 0.03899337328892405}",0.8812131285667419,False
monotone_xgboost,1117,False,infeasible,very_high_risk,gurobi:Optimal|refined_3,gurobi,0.8914213180541992,0.9443094730377197,0.6498981342136823,5,"{""BILL_AMT1"": 0.20207222250243562, ""BILL_AMT3"": 0.03333047855534413, ""BILL_AMT4"": 0.018025408049993835, ""BILL_AMT5"": 0.11246766253018081, ""BILL_AMT6"": -0.02980772063988013}",0.9443094730377197,False
monotone_xgboost,1121,False,infeasible,very_high_risk,gurobi:Optimal|refined_7,gurobi,0.8101972937583923,0.8714821338653564,1.0535047369570267,6,"{""BILL_AMT1"": 0.16774118190481999, ""BILL_AMT3"": -0.07077631050674674, ""BILL_AMT4"": 0.1622286724499445, ""BILL_AMT5"": 0.09397988111114972, ""BILL_AMT6"": -0.1432804738984296, ""PAY_AMT1"": 0.008846385678167548}",0.8714821338653564,False
monotone_xgboost,1127,False,infeasible,very_high_risk,gurobi:Optimal|refined_11,gurobi,0.6802247166633606,0.5919730067253113,0.5310742628088494,5,"{""BILL_AMT1"": 0.15686283427718906, ""BILL_AMT3"": -0.06416999057377765, ""BILL_AMT4"": -0.018025408049993835, ""BILL_AMT5"": -0.05623383126509035, ""BILL_AMT6"": -0.014328047389842946}",0.5919730067253113,False
monotone_xgboost,1133,False,infeasible,high_risk,gurobi:Optimal|refined_7,gurobi,0.4187977612018585,0.3560399115085602,0.5358844792470311,5,"{""BILL_AMT1"": 0.20207222250243567, ""BILL_AMT3"": -0.028957104142301043, ""BILL_AMT4"": -0.018025408049993835, ""BILL_AMT5"": 0.0012050330728640701, ""BILL_AMT6"": -0.05731218955937181}",0.3560399115085602,False
monotone_xgboost,1143,True,feasible,very_high_risk,gurobi:Optimal|refined_2,gurobi,0.6408014297485352,0.192199245095253,0.03052914019648386,2,"{""BILL_AMT1"": -0.010802448652365154, ""BILL_AMT5"": 0.008251381996122978}",0.192199245095253,True
monotone_xgboost,1144,False,infeasible,high_risk,gurobi:Optimal|refined_10,gurobi,0.4655207693576813,0.38949984312057495,0.34658456072364074,3,"{""BILL_AMT1"": 0.16570838100648527, ""BILL_AMT5"": 0.0015769975518206275, ""BILL_AMT6"": -0.02865609477968592}",0.38949984312057495,False
monotone_xgboost,1153,False,infeasible,very_high_risk,gurobi:Optimal|refined_3,gurobi,0.7362574934959412,0.7920268177986145,0.38839942550522677,3,"{""BILL_AMT1"": 0.19017125353468795, ""BILL_AMT4"": -0.018025408049993835, ""BILL_AMT6"": -0.014328047389842946}",0.7920268177986145,False
monotone_xgboost,1158,False,infeasible,very_high_risk,gurobi:Optimal|refined_6,gurobi,0.5632138848304749,0.5733434557914734,0.4484171605643468,3,"{""BILL_AMT1"": 0.1558897469318843, ""BILL_AMT5"": 0.10831950403210985, ""BILL_AMT6"": -0.014328047389842974}",0.5733434557914734,False
monotone_xgboost,1165,False,infeasible,very_high_risk,gurobi:Optimal|refined_5,gurobi,0.6144077777862549,0.5586081743240356,0.308258643340495,3,"{""BILL_AMT1"": 0.11211816635699182, ""BILL_AMT3"": -0.030429460436050076, ""BILL_AMT6"": -0.028656094779685892}",0.5586081743240356,False
monotone_xgboost,1167,False,infeasible,moderate_risk,gurobi:Optimal|refined_5,gurobi,0.39748841524124146,0.36967721581459045,0.11046116670167223,3,"{""BILL_AMT1"": 0.012701499259794136, ""BILL_AMT3"": -0.0290647310908234, ""BILL_AMT5"": 0.022077847903580028}",0.36967721581459045,False
monotone_xgboost,1178,True,feasible,near_threshold,gurobi:Optimal|refined_4,gurobi,0.29119977355003357,0.21129551529884338,0.3566138135841162,2,"{""BILL_AMT1"": 0.160181665287764, ""BILL_AMT6"": -0.04298414216952892}",0.21129551529884338,True
monotone_xgboost,1181,False,infeasible,very_high_risk,gurobi:Optimal|refined_4,gurobi,0.9304556846618652,0.8228546380996704,2.491653799324558,6,"{""BILL_AMT1"": 0.16919394101890903, ""BILL_AMT3"": -0.055732539668685736, ""BILL_AMT4"": 0.18025408049993835, ""BILL_AMT5"": 0.11246766253018083, ""BILL_AMT6"": -0.1432804738984296, ""PAY_AMT2"": 0.16979136138405593}",0.8228546380996704,False
monotone_xgboost,1190,False,infeasible,high_risk,gurobi:Optimal|refined_5,gurobi,0.42770034074783325,0.421036034822464,0.34168921657322443,4,"{""BILL_AMT1"": 0.14588543371686377, ""BILL_AMT4"": -0.03605081609998767, ""BILL_AMT5"": -0.00888355536164917, ""BILL_AMT6"": -0.014328047389842974}",0.421036034822464,False
monotone_xgboost,1191,False,infeasible,very_high_risk,gurobi:Optimal|refined_3,gurobi,0.7911964654922485,0.9322699904441833,1.9203382492053285,6,"{""BILL_AMT1"": 0.1774425245400592, ""BILL_AMT3"": -0.09049718958926109, ""BILL_AMT4"": 0.18025408049993835, ""BILL_AMT5"": 0.11246766253018084, ""BILL_AMT6"": -0.1432804738984296, ""PAY_AMT1"": 0.11065139038192424}",0.9322699904441833,False
monotone_xgboost,1195,False,infeasible,very_high_risk,gurobi:Infeasible|refined_3,gurobi,0.8257107138633728,0.7933182716369629,0.0316766661693046,2,"{""BILL_AMT1"": 0.01112405992083823, ""BILL_AMT5"": 0.00867671454281338}",0.7933182716369629,False
monotone_xgboost,1197,True,feasible,very_high_risk,gurobi:Optimal|refined_6,gurobi,0.6790259480476379,0.2913762032985687,5.853683471301073,10,"{""BILL_AMT1"": 0.20207222250243567, ""BILL_AMT3"": -0.07110251889608463, ""BILL_AMT4"": 0.10815244829996298, ""BILL_AMT5"": 0.094189994100178, ""BILL_AMT6"": -0.1432804738984296, ""PAY_AMT1"": 0.11591067274758687, ""PAY_AMT2"": 0.34642105817415636, ""PAY_AMT4"": 0.17033719806763287, ""PAY_AMT5"": 0.17783878704613287, ""PAY_AMT6"": 0.07173156878305816}",0.2913762032985687,True
monotone_xgboost,1204,False,infeasible,very_high_risk,gurobi:Optimal|refined_2,gurobi,0.5373643040657043,0.6517563462257385,0.383510418086855,2,"{""BILL_AMT1"": 0.19946445125857118, ""BILL_AMT6"": -0.014328047389842974}",0.6517563462257385,False
monotone_xgboost,1206,False,infeasible,very_high_risk,gurobi:Optimal|refined_6,gurobi,0.8499235510826111,0.8396193385124207,0.6002751254715738,4,"{""BILL_AMT1"": 0.20207222250243562, ""BILL_AMT3"": -0.03291769947806658, ""BILL_AMT5"": 0.07675399509470571, ""BILL_AMT6"": -0.04298414216952884}",0.8396193385124207,False
monotone_xgboost,1208,True,feasible,very_high_risk,gurobi:Optimal|refined_1,gurobi,0.543429970741272,0.2937946617603302,0.04324107668023379,2,"{""BILL_AMT1"": 0.01164894929475177, ""BILL_AMT6"": -0.014328047389842974}",0.2937946617603302,True
monotone_xgboost,1222,False,infeasible,high_risk,gurobi:Optimal|refined_7,gurobi,0.43987923860549927,0.42973634600639343,0.427481769358757,3,"{""BILL_AMT1"": 0.17906211399518296, ""BILL_AMT5"": -0.010937536254158386, ""BILL_AMT6"": -0.057312189559371784}",0.42973634600639343,False
monotone_xgboost,1226,False,infeasible,very_high_risk,gurobi:Optimal|refined_5,gurobi,0.7850056290626526,0.8563238978385925,3.176946049671016,6,"{""BILL_AMT1"": 0.17972977397395432, ""BILL_AMT3"": -0.06192177108244453, ""BILL_AMT4"": 0.16222867244994454, ""BILL_AMT5"": 0.10372719024694971, ""BILL_AMT6"": -0.1432804738984296, ""PAY_AMT2"": 0.24832383324512}",0.8563238978385925,False
monotone_xgboost,1228,True,feasible,near_threshold,gurobi:Optimal|refined_2,gurobi,0.29871097207069397,0.29250335693359375,0.3029836538987871,2,"{""BILL_AMT1"": 0.14279834441701403, ""BILL_AMT6"": -0.028656094779685948}",0.29250335693359375,True
monotone_xgboost,1238,True,feasible,near_threshold,gurobi:Optimal,gurobi,0.1838962882757187,0.23067106306552887,0.17762112572596206,1,"{""BILL_AMT1"": 0.0980399842950738}",0.23067106306552887,True
monotone_xgboost,1240,True,feasible,very_high_risk,gurobi:Optimal|refined_1,gurobi,0.5973150134086609,0.22512106597423553,0.019458083179003,1,"{""BILL_AMT1"": -0.010740108539931736}",0.22512106597423553,True
monotone_xgboost,1243,False,infeasible,very_high_risk,gurobi:Optimal|refined_5,gurobi,0.5081457495689392,0.3291803002357483,0.37943097492390954,3,"{""BILL_AMT1"": 0.1911643018659941, ""BILL_AMT5"": 0.008251381996122978, ""BILL_AMT6"": -0.014328047389842974}",0.3291803002357483,False
monotone_xgboost,1267,False,infeasible,very_high_risk,gurobi:Optimal|refined_5,gurobi,0.6143648624420166,0.49378886818885803,0.3663433813453268,3,"{""BILL_AMT1"": 0.17062051423086244, ""BILL_AMT5"": 0.009754051789530052, ""BILL_AMT6"": -0.02865609477968592}",0.49378886818885803,False
monotone_xgboost,1295,True,feasible,near_threshold,gurobi:Optimal|refined_3,gurobi,0.2961800992488861,0.2978237569332123,0.23444243922413002,3,"{""BILL_AMT1"": 0.09297450715709238, ""BILL_AMT4"": -0.018025408049993835, ""BILL_AMT6"": -0.028656094779685892}",0.2978237569332123,True
monotone_xgboost,1305,False,infeasible,very_high_risk,gurobi:Optimal|refined_3,gurobi,0.7457422018051147,0.9038935899734497,0.9442388490632821,5,"{""BILL_AMT1"": 0.20207222250243562, ""BILL_AMT3"": -0.10339824043849391, ""BILL_AMT4"": -0.0005133182157906618, ""BILL_AMT5"": 0.11246766253018083, ""BILL_AMT6"": -0.1432804738984296}",0.9038935899734497,False
monotone_xgboost,1320,False,infeasible,very_high_risk,gurobi:Optimal|refined_3,gurobi,0.5628859400749207,0.4111131727695465,0.3035619082149626,3,"{""BILL_AMT1"": 0.14709182827439182, ""BILL_AMT5"": -0.011246766253018098, ""BILL_AMT6"": -0.014328047389842946}",0.4111131727695465,False
monotone_xgboost,1321,True,feasible,high_risk,gurobi:Optimal|refined_1,gurobi,0.4393896758556366,0.25060561299324036,0.01999987247401461,1,"{""BILL_AMT1"": -0.011039155253868949}",0.25060561299324036,True
monotone_xgboost,1324,False,infeasible,very_high_risk,gurobi:Optimal|refined_7,gurobi,0.7942982912063599,0.7792894244194031,0.40878411939924925,4,"{""BILL_AMT1"": 0.17669039240832754, ""BILL_AMT4"": 0.018025408049993835, ""BILL_AMT5"": -0.03374029875905421, ""BILL_AMT6"": 0.014328047389842946}",0.7792894244194031,False
monotone_xgboost,1325,False,infeasible,very_high_risk,gurobi:Optimal|refined_7,gurobi,0.5634117126464844,0.6712859272956848,0.5785873248468169,4,"{""BILL_AMT1"": 0.1131640972427777, ""BILL_AMT3"": -0.16824650444254366, ""BILL_AMT5"": -0.01124676625301807, ""BILL_AMT6"": 0.014328047389842946}",0.6712859272956848,False
monotone_xgboost,1327,False,infeasible,very_high_risk,gurobi:Optimal|refined_6,gurobi,0.7271493077278137,0.7267894148826599,0.32290863321439234,4,"{""BILL_AMT1"": 0.14759616884892146, ""BILL_AMT4"": -0.018025408049993835, ""BILL_AMT5"": 0.008767393319814978, ""BILL_AMT6"": -0.014328047389842974}",0.7267894148826599,False
monotone_xgboost,1333,False,infeasible,very_high_risk,gurobi:Optimal|refined_10,gurobi,0.820884108543396,0.8274775147438049,0.6334388467186597,5,"{""BILL_AMT1"": 0.13424370249829443, ""BILL_AMT3"": -0.00485111762791543, ""BILL_AMT4"": -0.018025408049993835, ""BILL_AMT5"": 0.10348718152116254, ""BILL_AMT6"": -0.1432804738984296}",0.8274775147438049,False
monotone_xgboost,1337,False,infeasible,very_high_risk,gurobi:Optimal|refined_2,gurobi,0.6690568923950195,0.895761251449585,0.7067404788919458,4,"{""BILL_AMT1"": 0.20207222250243564, ""BILL_AMT3"": -0.027879143610243157, ""BILL_AMT5"": 0.11246766253018084, ""BILL_AMT6"": -0.08771862446735215}",0.895761251449585,False
monotone_xgboost,1338,False,infeasible,very_high_risk,gurobi:Optimal|refined_3,gurobi,0.5947840213775635,0.8887900114059448,1.1497029653068105,5,"{""BILL_AMT1"": 0.20207222250243567, ""BILL_AMT3"": -0.13211439768184757, ""BILL_AMT4"": 0.14404315938917034, ""BILL_AMT5"": 0.09367140470300096, ""BILL_AMT6"": -0.1432804738984296}",0.8887900114059448,False
monotone_xgboost,1344,True,feasible,high_risk,gurobi:Optimal|refined_1,gurobi,0.4453856945037842,0.17612877488136292,0.019497761489556474,1,"{""BILL_AMT1"": -0.010762009431098923}",0.17612877488136292,True
monotone_xgboost,1346,True,feasible,near_threshold,gurobi:Optimal|refined_1,gurobi,0.3071609139442444,0.23578707873821259,0.24389066813088806,2,"{""BILL_AMT1"": 0.12239975505749104, ""BILL_AMT6"": -0.014328047389842974}",0.23578707873821259,True
monotone_xgboost,1348,True,feasible,near_threshold,gurobi:Optimal,gurobi,0.12924540042877197,0.12924540042877197,0.0,0,{},0.12924540042877197,True
monotone_xgboost,1366,False,infeasible,very_high_risk,gurobi:Optimal|refined_8,gurobi,0.8147276043891907,0.7805917859077454,0.2942847156483911,5,"{""BILL_AMT1"": 0.08078274982760314, ""BILL_AMT3"": -0.033497128493375466, ""BILL_AMT4"": -0.018025408049993835, ""BILL_AMT5"": 0.01124676625301807, ""BILL_AMT6"": 0.028656094779685892}",0.7805917859077454,False
monotone_xgboost,1368,False,infeasible,very_high_risk,gurobi:Optimal|refined_8,gurobi,0.6954896450042725,0.8771629929542542,1.1373836092712744,6,"{""BILL_AMT1"": 0.14171779086816902, ""BILL_AMT3"": -0.07870895665683314, ""BILL_AMT4"": 0.18025408049993838, ""BILL_AMT5"": 0.09326694463587197, ""BILL_AMT6"": -0.1432804738984296, ""PAY_AMT1"": 0.021430628818094547}",0.8771629929542542,False
monotone_xgboost,1371,False,infeasible,very_high_risk,gurobi:Optimal,gurobi,0.6651256084442139,0.8296725153923035,0.6129592779704984,3,"{""BILL_AMT1"": 0.20207222250243562, ""BILL_AMT5"": 0.11246766253018084, ""BILL_AMT6"": -0.06310787313046454}",0.8296725153923035,False
monotone_xgboost,1372,False,infeasible,high_risk,gurobi:Optimal|refined_5,gurobi,0.4373691976070404,0.3661099374294281,0.35021342170904324,3,"{""BILL_AMT1"": 0.16909405791863596, ""BILL_AMT4"": 0.01802540804999385, ""BILL_AMT6"": -0.014328047389842974}",0.3661099374294281,False
monotone_xgboost,1381,False,infeasible,high_risk,gurobi:Optimal|refined_6,gurobi,0.4861031472682953,0.34160515666007996,0.3320820191746969,4,"{""BILL_AMT1"": 0.14025580000863638, ""BILL_AMT4"": -0.018025408049993835, ""BILL_AMT5"": -0.009020143678018455, ""BILL_AMT6"": -0.02865609477968592}",0.34160515666007996,False
monotone_xgboost,1384,False,near_feasible,very_high_risk,gurobi:Optimal|refined_11,gurobi,0.6081562042236328,0.3116295635700226,0.4328594964339804,5,"{""BILL_AMT1"": 0.14554708859209514, ""BILL_AMT3"": -0.029218452703056536, ""BILL_AMT4"": -0.03605081609998767, ""BILL_AMT5"": 0.03399312844259572, ""BILL_AMT6"": -0.014328047389842946}",0.3116295635700226,False
monotone_xgboost,1398,False,infeasible,very_high_risk,gurobi:Optimal|refined_2,gurobi,0.7859747409820557,0.8827540874481201,1.1410192474002634,5,"{""BILL_AMT1"": 0.1874478692423885, ""BILL_AMT3"": -0.14348586939445251, ""BILL_AMT4"": 0.11924109115628756, ""BILL_AMT5"": 0.11246766253018084, ""BILL_AMT6"": -0.1432804738984296}",0.8827540874481201,False
monotone_xgboost,1402,False,infeasible,very_high_risk,gurobi:Optimal|refined_9,gurobi,0.62031489610672,0.4156224727630615,0.39229171585787026,4,"{""BILL_AMT1"": 0.16140622591783316, ""BILL_AMT4"": -0.03605081609998767, ""BILL_AMT5"": -0.009144634880342686, ""BILL_AMT6"": -0.02865609477968592}",0.4156224727630615,False
monotone_xgboost,1408,False,infeasible,very_high_risk,gurobi:Optimal|refined_11,gurobi,0.7824639081954956,0.8383349776268005,0.6055363430674836,5,"{""BILL_AMT1"": 0.13151870070640329, ""BILL_AMT3"": 7.659352850755696e-05, ""BILL_AMT4"": 0.018025408049993835, ""BILL_AMT5"": 0.0933846436061299, ""BILL_AMT6"": -0.1432804738984296}",0.8383349776268005,False
monotone_xgboost,1416,False,infeasible,very_high_risk,gurobi:Optimal|refined_9,gurobi,0.6961589455604553,0.5267568230628967,0.5367128407823386,5,"{""BILL_AMT1"": 0.14096626085143926, ""BILL_AMT3"": -0.089860701380767, ""BILL_AMT4"": -0.03605081609998767, ""BILL_AMT5"": -0.010448247653705237, ""BILL_AMT6"": -0.02865609477968592}",0.5267568230628967,False
monotone_xgboost,1432,False,infeasible,very_high_risk,gurobi:Optimal|refined_8,gurobi,0.8063436150550842,0.8626788258552551,0.7459390371841773,5,"{""BILL_AMT1"": 0.20207222250243562, ""BILL_AMT3"": 0.06600624923630144, ""BILL_AMT4"": 0.03605081609998767, ""BILL_AMT5"": 0.10388841704011381, ""BILL_AMT6"": -0.04298414216952884}",0.8626788258552551,False
monotone_xgboost,1434,False,infeasible,very_high_risk,gurobi:Optimal|refined_6,gurobi,0.669296383857727,0.8898482918739319,1.7500151254284295,6,"{""BILL_AMT1"": 0.14131583208785842, ""BILL_AMT3"": -0.08414758147572748, ""BILL_AMT4"": 0.18025408049993838, ""BILL_AMT5"": 0.11246766253018083, ""BILL_AMT6"": -0.1432804738984296, ""PAY_AMT1"": 0.09836173570198536}",0.8898482918739319,False
monotone_xgboost,1435,True,feasible,high_risk,gurobi:Optimal|refined_1,gurobi,0.42103320360183716,0.14435066282749176,0.0195087431633864,1,"{""BILL_AMT1"": -0.010768070889866393}",0.14435066282749176,True
monotone_xgboost,1438,True,feasible,near_threshold,gurobi:Optimal|refined_10,gurobi,0.329336017370224,0.2498963624238968,0.1702720290506346,4,"{""BILL_AMT1"": 0.05079612842050632, ""BILL_AMT4"": 0.018025408049993835, ""BILL_AMT5"": 0.009220440156469237, ""BILL_AMT6"": -0.028656094779685892}",0.2498963624238968,True
monotone_xgboost,1451,False,infeasible,very_high_risk,gurobi:Optimal|refined_6,gurobi,0.6668829321861267,0.6103417873382568,0.16907722963163568,4,"{""BILL_AMT3"": 0.044071298898528455, ""BILL_AMT4"": 0.018025408049993807, ""BILL_AMT5"": -0.01124676625301807, ""BILL_AMT6"": 0.028656094779685892}",0.6103417873382568,False
monotone_xgboost,1452,False,infeasible,very_high_risk,gurobi:Optimal|refined_6,gurobi,0.6170061230659485,0.5222014784812927,0.39755583337429873,4,"{""BILL_AMT1"": 0.1760853213541585, ""BILL_AMT4"": 0.018025408049993835, ""BILL_AMT5"": -0.0094423527895251, ""BILL_AMT6"": -0.02865609477968592}",0.5222014784812927,False
monotone_xgboost,1453,False,infeasible,very_high_risk,gurobi:Optimal|refined_5,gurobi,0.5664094090461731,0.5726761221885681,0.32624572969815374,3,"{""BILL_AMT1"": 0.16029271398560357, ""BILL_AMT5"": -0.010318699461083491, ""BILL_AMT6"": 0.014328047389842946}",0.5726761221885681,False
monotone_xgboost,1454,False,infeasible,very_high_risk,gurobi:Optimal|refined_8,gurobi,0.6965158581733704,0.6574358940124512,0.5032192989485672,4,"{""BILL_AMT1"": 0.16870249927334893, ""BILL_AMT3"": -0.032584781451289124, ""BILL_AMT4"": -0.018025408049993835, ""BILL_AMT6"": -0.07164023694921473}",0.6574358940124512,False
monotone_xgboost,1455,False,infeasible,high_risk,gurobi:Optimal|refined_6,gurobi,0.49216604232788086,0.39443036913871765,0.3684587669935847,3,"{""BILL_AMT1"": 0.16616909611703837, ""BILL_AMT5"": 0.01741960566240322, ""BILL_AMT6"": -0.02865609477968592}",0.39443036913871765,False
monotone_xgboost,1459,False,infeasible,very_high_risk,gurobi:Optimal|refined_7,gurobi,0.7564852833747864,0.876438558101654,0.9019250672591387,5,"{""BILL_AMT1"": 0.15562711321477643, ""BILL_AMT3"": -0.07049810602754553, ""BILL_AMT4"": 0.11017681861494494, ""BILL_AMT5"": 0.09398672292155223, ""BILL_AMT6"": -0.1432804738984296}",0.876438558101654,False
monotone_xgboost,1466,False,infeasible,very_high_risk,gurobi:Optimal|refined_9,gurobi,0.7095481753349304,0.7268760800361633,0.39964443977253106,3,"{""BILL_AMT1"": 0.1657910523617645, ""BILL_AMT3"": -0.027502203815874454, ""BILL_AMT6"": -0.028656094779685892}",0.7268760800361633,False
monotone_xgboost,1473,False,infeasible,very_high_risk,gurobi:Optimal|refined_8,gurobi,0.5616286396980286,0.4926658570766449,0.46351778990927744,4,"{""BILL_AMT1"": 0.17900691183276388, ""BILL_AMT4"": 0.018025408049993835, ""BILL_AMT5"": 0.05512556456494336, ""BILL_AMT6"": -0.02865609477968592}",0.4926658570766449,False
monotone_xgboost,1498,False,infeasible,very_high_risk,gurobi:Optimal|refined_8,gurobi,0.7523037791252136,0.5466333031654358,0.34926028287829647,5,"{""BILL_AMT1"": 0.11110198148953482, ""BILL_AMT3"": 0.030306341316529067, ""BILL_AMT4"": -0.017749290794721054, ""BILL_AMT5"": 0.03300552798449191, ""BILL_AMT6"": -0.014328047389842974}",0.5466333031654358,False
monotone_xgboost,1502,False,infeasible,very_high_risk,gurobi:Optimal|refined_8,gurobi,0.6331407427787781,0.6618921756744385,0.3737724475549025,3,"{""BILL_AMT1"": 0.14217815202492537, ""BILL_AMT3"": -0.027324207499083555, ""BILL_AMT5"": 0.04633680978953311}",0.6618921756744385,False
monotone_xgboost,1503,False,infeasible,very_high_risk,gurobi:Optimal|refined_5,gurobi,0.6538122296333313,0.6671592593193054,0.44082402682386856,4,"{""BILL_AMT1"": 0.17697549185871908, ""BILL_AMT3"": -0.030492411018206572, ""BILL_AMT5"": -0.01124676625301807, ""BILL_AMT6"": -0.02865609477968592}",0.6671592593193054,False
monotone_xgboost,1510,True,feasible,moderate_risk,gurobi:Optimal|refined_5,gurobi,0.35787713527679443,0.2973923683166504,0.3228399188825357,4,"{""BILL_AMT1"": 0.1292400951623048, ""BILL_AMT3"": -0.027799173459947285, ""BILL_AMT5"": 0.008251381996122978, ""BILL_AMT6"": -0.014328047389842974}",0.2973923683166504,True
monotone_xgboost,1518,False,infeasible,very_high_risk,gurobi:Optimal|refined_11,gurobi,0.6619824171066284,0.631917417049408,0.41251339798498093,4,"{""BILL_AMT1"": 0.179044519423657, ""BILL_AMT4"": 0.018025408049993835, ""BILL_AMT5"": 0.016668315388066512, ""BILL_AMT6"": -0.02865609477968592}",0.631917417049408,False
monotone_xgboost,1522,False,infeasible,very_high_risk,gurobi:Optimal|refined_4,gurobi,0.7862294912338257,0.7982054948806763,0.6907532168334957,4,"{""BILL_AMT1"": 0.20207222250243562, ""BILL_AMT4"": -0.018025408049993835, ""BILL_AMT5"": 0.10122089627716274, ""BILL_AMT6"": -0.10906621280400541}",0.7982054948806763,False
monotone_xgboost,1525,False,infeasible,very_high_risk,gurobi:Optimal|refined_2,gurobi,0.7111157178878784,0.783667266368866,0.5913261286452982,4,"{""BILL_AMT1"": 0.20207222250243562, ""BILL_AMT4"": 0.018025408049993835, ""BILL_AMT5"": 0.11246766253018081, ""BILL_AMT6"": -0.03504338397040371}",0.783667266368866,False
monotone_xgboost,1554,False,infeasible,very_high_risk,gurobi:Optimal|refined_3,gurobi,0.6824097633361816,0.7261980175971985,0.3277714542649203,2,"{""BILL_AMT1"": 0.16869870132093628, ""BILL_AMT6"": -0.014328047389842974}",0.7261980175971985,False
monotone_xgboost,1556,False,infeasible,very_high_risk,gurobi:Optimal|refined_5,gurobi,0.7740886807441711,0.773880660533905,0.45584561825904385,4,"{""BILL_AMT1"": 0.1877050166756482, ""BILL_AMT3"": -0.030497265959118114, ""BILL_AMT5"": 0.024581818887749296, ""BILL_AMT6"": 0.014328047389842946}",0.773880660533905,False
monotone_xgboost,1562,False,infeasible,very_high_risk,gurobi:Optimal|refined_4,gurobi,0.5285629034042358,0.6209860444068909,0.2699905417990144,3,"{""BILL_AMT1"": 0.11077452305167312, ""BILL_AMT3"": -0.027857214551294363, ""BILL_AMT5"": -0.010228318154099386}",0.6209860444068909,False
monotone_xgboost,1563,False,infeasible,very_high_risk,gurobi:Optimal|refined_6,gurobi,0.7359983921051025,0.6921196579933167,0.4383996787109355,3,"{""BILL_AMT1"": 0.17892594490178226, ""BILL_AMT4"": 0.03549858158944211, ""BILL_AMT5"": 0.05380130580685348}",0.6921196579933167,False
monotone_xgboost,1566,True,feasible,near_threshold,gurobi:Optimal|refined_3,gurobi,0.3073618412017822,0.2214689999818802,0.27664194204839165,3,"{""BILL_AMT1"": 0.1162669988426453, ""BILL_AMT4"": -0.018025408049993835, ""BILL_AMT6"": -0.028656094779685948}",0.2214689999818802,True
monotone_xgboost,1567,False,infeasible,very_high_risk,gurobi:Optimal|refined_6,gurobi,0.6429060101509094,0.6909627914428711,0.5425810444009342,5,"{""BILL_AMT1"": 0.17093703073469305, ""BILL_AMT3"": 0.032039500672054744, ""BILL_AMT4"": -0.018025408049993835, ""BILL_AMT5"": 0.09408621164117736, ""BILL_AMT6"": 0.014328047389842946}",0.6909627914428711,False
monotone_xgboost,1569,False,infeasible,very_high_risk,gurobi:Optimal|refined_8,gurobi,0.8274648189544678,0.7821452617645264,0.5870791779767117,4,"{""BILL_AMT1"": 0.13375630812031936, ""BILL_AMT4"": -0.018025408049993835, ""BILL_AMT5"": 0.11246766253018084, ""BILL_AMT6"": -0.1124056081995659}",0.7821452617645264,False
monotone_xgboost,1574,False,infeasible,very_high_risk,gurobi:Optimal|refined_10,gurobi,0.6783626675605774,0.45786356925964355,0.4640145522698305,4,"{""BILL_AMT1"": 0.168067969747569, ""BILL_AMT4"": -0.03605081609998767, ""BILL_AMT5"": 0.05406338151737691, ""BILL_AMT6"": -0.02865609477968592}",0.45786356925964355,False
monotone_xgboost,1576,False,infeasible,very_high_risk,gurobi:Optimal|refined_3,gurobi,0.6918603777885437,0.7921450138092041,0.4770516998292991,3,"{""BILL_AMT1"": 0.20207222250243567, ""BILL_AMT5"": 0.050209791497321965, ""BILL_AMT6"": -0.028656094779685892}",0.7921450138092041,False
monotone_xgboost,1583,False,infeasible,very_high_risk,gurobi:Optimal|refined_6,gurobi,0.6532631516456604,0.919780433177948,0.9018573910310724,5,"{""BILL_AMT1"": 0.1698253503478923, ""BILL_AMT3"": -0.050542662384136024, ""BILL_AMT4"": 0.10152875651860366, ""BILL_AMT5"": 0.11246766253018084, ""BILL_AMT6"": -0.1432804738984296}",0.919780433177948,False
monotone_xgboost,1591,False,infeasible,very_high_risk,gurobi:Optimal|refined_4,gurobi,0.7966522574424744,0.9119121432304382,2.749404946486134,6,"{""BILL_AMT1"": 0.16977225727839612, ""BILL_AMT3"": -0.05097906156719675, ""BILL_AMT4"": 0.18025408049993838, ""BILL_AMT5"": 0.11246766253018084, ""BILL_AMT6"": -0.1432804738984296, ""PAY_AMT2"": 0.20021540201163696}",0.9119121432304382,False
monotone_xgboost,1594,True,feasible,near_threshold,gurobi:Optimal,gurobi,0.19517959654331207,0.19389377534389496,0.23739083940441197,1,"{""BILL_AMT1"": 0.13103055209159228}",0.19389377534389496,True
monotone_xgboost,1599,False,infeasible,very_high_risk,gurobi:Optimal|refined_4,gurobi,0.9556736350059509,0.8573914170265198,2.75655929226441,6,"{""BILL_AMT1"": 0.169521790723048, ""BILL_AMT3"": -0.05303777471328574, ""BILL_AMT4"": 0.18025408049993838, ""BILL_AMT5"": 0.11246766253018083, ""BILL_AMT6"": -0.1432804738984296, ""PAY_AMT2"": 0.20061433859152997}",0.8573914170265198,False
monotone_xgboost,1604,False,infeasible,very_high_risk,gurobi:Optimal|refined_4,gurobi,0.7249939441680908,0.7415832281112671,0.7020173598651139,5,"{""BILL_AMT1"": 0.18784239499296962, ""BILL_AMT3"": -0.02946507279138373, ""BILL_AMT4"": -0.018025408049993835, ""BILL_AMT5"": 0.11246766253018084, ""BILL_AMT6"": -0.08523302059333189}",0.7415832281112671,False
monotone_xgboost,1615,False,infeasible,high_risk,gurobi:Optimal|refined_7,gurobi,0.43244534730911255,0.34563013911247253,0.4498893210456275,4,"{""BILL_AMT1"": 0.1568193978799689, ""BILL_AMT3"": -0.05955419641454432, ""BILL_AMT5"": 0.01847201550810358, ""BILL_AMT6"": -0.014328047389842974}",0.34563013911247253,False
monotone_xgboost,1626,False,infeasible,very_high_risk,gurobi:Optimal,gurobi,0.6378594636917114,0.8722553849220276,0.634064206768375,3,"{""BILL_AMT1"": 0.20207222250243562, ""BILL_AMT5"": 0.11246766253018084, ""BILL_AMT6"": -0.07676827166573333}",0.8722553849220276,False
monotone_xgboost,1630,False,infeasible,high_risk,gurobi:Optimal|refined_3,gurobi,0.442180871963501,0.3420478105545044,0.34833140511000044,3,"{""BILL_AMT1"": 0.1739985434367672, ""BILL_AMT5"": 0.008251381996122978, ""BILL_AMT6"": -0.014328047389842974}",0.3420478105545044,False
monotone_xgboost,1631,False,infeasible,high_risk,gurobi:Optimal|refined_6,gurobi,0.4030350148677826,0.3202159106731415,0.3792530763436011,4,"{""BILL_AMT1"": 0.14761656985287433, ""BILL_AMT3"": -0.02734160891650811, ""BILL_AMT5"": 0.009681171635242264, ""BILL_AMT6"": -0.02865609477968592}",0.3202159106731415,False
monotone_xgboost,1634,False,infeasible,very_high_risk,gurobi:Optimal|refined_3,gurobi,0.75682532787323,0.8936907052993774,1.5276419514438344,6,"{""BILL_AMT1"": 0.17718493466455357, ""BILL_AMT3"": -0.09527248764990312, ""BILL_AMT4"": 0.18025408049993835, ""BILL_AMT5"": 0.11246766253018084, ""BILL_AMT6"": -0.1432804738984296, ""PAY_AMT1"": 0.05708069533870997}",0.8936907052993774,False
monotone_xgboost,1639,False,infeasible,near_threshold,gurobi:Optimal,gurobi,0.24747909605503082,0.39194539189338684,0.25221326695700175,1,"{""BILL_AMT1"": 0.1392119582082993}",0.39194539189338684,False
monotone_xgboost,1643,False,infeasible,very_high_risk,gurobi:Optimal|refined_4,gurobi,0.7936331033706665,0.8787757754325867,0.76063203619866,5,"{""BILL_AMT1"": 0.20207222250243564, ""BILL_AMT3"": -0.008509377557037956, ""BILL_AMT4"": -0.018025408049993835, ""BILL_AMT5"": 0.10122089627716274, ""BILL_AMT6"": -0.1432804738984296}",0.8787757754325867,False
monotone_xgboost,1649,False,infeasible,very_high_risk,gurobi:Optimal|refined_8,gurobi,0.7637885808944702,0.8129165172576904,0.4565587957374798,3,"{""BILL_AMT1"": 0.1558550594598134, ""BILL_AMT5"": 0.09365563879207342, ""BILL_AMT6"": -0.03224331936631372}",0.8129165172576904,False
monotone_xgboost,1653,False,infeasible,very_high_risk,gurobi:Optimal|refined_7,gurobi,0.7614578604698181,0.8019517064094543,0.6586383838341483,4,"{""BILL_AMT1"": 0.14159811024067986, ""BILL_AMT3"": -0.02760213922879537, ""BILL_AMT5"": 0.11246766253018084, ""BILL_AMT6"": -0.12785796859741788}",0.8019517064094543,False
monotone_xgboost,1654,False,infeasible,very_high_risk,gurobi:Optimal|refined_7,gurobi,0.824152946472168,0.8591049909591675,0.7537049352305315,4,"{""BILL_AMT1"": 0.15369364060062424, ""BILL_AMT3"": -0.06492256920334144, ""BILL_AMT5"": 0.09340536735068247, ""BILL_AMT6"": -0.1432804738984296}",0.8591049909591675,False
monotone_xgboost,1655,False,infeasible,very_high_risk,gurobi:Optimal|refined_3,gurobi,0.7796603441238403,0.8316100835800171,4.146257845480603,6,"{""BILL_AMT1"": 0.18792437954111663, ""BILL_AMT3"": -0.12699434426658754, ""BILL_AMT4"": 0.16222867244994446, ""BILL_AMT5"": 0.11246766253018083, ""BILL_AMT6"": -0.1432804738984296, ""PAY_AMT2"": 0.34120528074526896}",0.8316100835800171,False
monotone_xgboost,1660,False,infeasible,very_high_risk,gurobi:Optimal|refined_7,gurobi,0.6865074038505554,0.828440248966217,0.5888139680374452,5,"{""BILL_AMT1"": 0.20207222250243562, ""BILL_AMT3"": -0.03284842110775568, ""BILL_AMT4"": -0.03605081609998767, ""BILL_AMT5"": 0.05217814730622122, ""BILL_AMT6"": -0.028656094779685892}",0.828440248966217,False
monotone_xgboost,1664,False,infeasible,very_high_risk,gurobi:Optimal|refined_11,gurobi,0.7837628722190857,0.7899807691574097,0.6110386920308626,4,"{""BILL_AMT1"": 0.13346934007969274, ""BILL_AMT4"": -0.03605081609998767, ""BILL_AMT5"": 0.09413724275040784, ""BILL_AMT6"": -0.12994453527978891}",0.7899807691574097,False
monotone_xgboost,1665,False,infeasible,very_high_risk,gurobi:Optimal|refined_6,gurobi,0.6622005105018616,0.6664532423019409,0.43824150738887263,4,"{""BILL_AMT1"": 0.1939608873599741, ""BILL_AMT4"": 0.03549858158944211, ""BILL_AMT5"": 0.016502763992245956, ""BILL_AMT6"": -0.014328047389842974}",0.6664532423019409,False
monotone_xgboost,1692,False,infeasible,very_high_risk,gurobi:Optimal|refined_5,gurobi,0.7898272275924683,0.9231216907501221,0.9543380582869744,5,"{""BILL_AMT1"": 0.1902544573844053, ""BILL_AMT3"": -0.07947374622514708, ""BILL_AMT4"": 0.06635577234732576, ""BILL_AMT5"": 0.11246766253018083, ""BILL_AMT6"": -0.1432804738984296}",0.9231216907501221,False
monotone_xgboost,1693,False,infeasible,very_high_risk,gurobi:Optimal|refined_3,gurobi,0.6079166531562805,0.5028208494186401,0.3762751813262031,3,"{""BILL_AMT1"": 0.1834791401723674, ""BILL_AMT4"": -0.018025408049993835, ""BILL_AMT6"": -0.014328047389842974}",0.5028208494186401,False
monotone_xgboost,1695,False,infeasible,very_high_risk,gurobi:Optimal|refined_5,gurobi,0.6957186460494995,0.7166878581047058,0.696066346113525,5,"{""BILL_AMT1"": 0.18796327021452253, ""BILL_AMT3"": -0.030027373138757488, ""BILL_AMT4"": -0.018025408049993835, ""BILL_AMT5"": 0.10146463329383595, ""BILL_AMT6"": -0.08996953977217992}",0.7166878581047058,False
monotone_xgboost,1699,False,infeasible,high_risk,gurobi:Optimal|refined_5,gurobi,0.4125145971775055,0.39991313219070435,0.438793656796179,4,"{""BILL_AMT1"": 0.17711175454558944, ""BILL_AMT3"": -0.029353790999703255, ""BILL_AMT5"": -0.011246766253018098, ""BILL_AMT6"": -0.028656094779685948}",0.39991313219070435,False
monotone_xgboost,1701,False,infeasible,very_high_risk,gurobi:Optimal|refined_4,gurobi,0.7553795576095581,0.8012148141860962,0.4707320312091955,4,"{""BILL_AMT1"": 0.20207222250243562, ""BILL_AMT3"": -0.027355410040672407, ""BILL_AMT5"": 0.004254267520781674, ""BILL_AMT6"": -0.028656094779685948}",0.8012148141860962,False
monotone_xgboost,1708,True,feasible,near_threshold,gurobi:Optimal,gurobi,0.3303021192550659,0.2925869822502136,0.26595822283923015,1,"{""BILL_AMT1"": 0.14679864168033852}",0.2925869822502136,True
monotone_xgboost,1712,True,feasible,very_high_risk,gurobi:Optimal|refined_3,gurobi,0.5030248165130615,0.28753986954689026,0.17369984604242836,3,"{""BILL_AMT1"": 0.07203266926167004, ""BILL_AMT4"": 0.017746721210377014, ""BILL_AMT5"": 0.016420463954070624}",0.28753986954689026,True
monotone_xgboost,1724,False,infeasible,very_high_risk,gurobi:Optimal|refined_8,gurobi,0.7637153267860413,0.7344350218772888,0.4274652334623916,4,"{""BILL_AMT1"": 0.16590044518538777, ""BILL_AMT3"": 0.027608521566847635, ""BILL_AMT4"": 0.036050816099987684, ""BILL_AMT5"": 0.021258074041438244}",0.7344350218772888,False
monotone_xgboost,1753,False,infeasible,very_high_risk,gurobi:Optimal,gurobi,0.8048538565635681,0.930189311504364,0.37236730543517005,2,"{""BILL_AMT1"": 0.20207222250243562, ""BILL_AMT5"": 0.004720331746713463}",0.930189311504364,False
monotone_xgboost,1763,False,infeasible,very_high_risk,gurobi:Optimal|refined_6,gurobi,0.8464213013648987,0.8975955247879028,1.0682451441948049,6,"{""BILL_AMT1"": 0.16782015784569568, ""BILL_AMT3"": -0.06694254368355823, ""BILL_AMT4"": 0.1622286724499445, ""BILL_AMT5"": 0.103417127332041, ""BILL_AMT6"": -0.1432804738984296, ""PAY_AMT1"": 0.010143969227613488}",0.8975955247879028,False
monotone_xgboost,1767,False,infeasible,very_high_risk,gurobi:Optimal|refined_10,gurobi,0.57819002866745,0.6069858074188232,0.2572196840978871,3,"{""BILL_AMT1"": 0.11776511527358124, ""BILL_AMT4"": 0.018025408049993835, ""BILL_AMT6"": -0.014328047389842974}",0.6069858074188232,False
monotone_xgboost,1784,False,infeasible,very_high_risk,gurobi:Optimal|refined_2,gurobi,0.774785578250885,0.9479891657829285,0.5640802686566448,3,"{""BILL_AMT1"": 0.20207222250243562, ""BILL_AMT5"": 0.11246766253018087, ""BILL_AMT6"": -0.0314703938652639}",0.9479891657829285,False
monotone_xgboost,1794,True,feasible,high_risk,gurobi:Optimal|refined_1,gurobi,0.49119070172309875,0.16910791397094727,0.019520606577450885,1,"{""BILL_AMT1"": -0.010774619035104266}",0.16910791397094727,True
monotone_xgboost,1796,False,infeasible,very_high_risk,gurobi:Optimal|refined_3,gurobi,0.7565281987190247,0.9518137574195862,1.3512874833368063,6,"{""BILL_AMT1"": 0.20207222250243564, ""BILL_AMT3"": -0.1215153525232601, ""BILL_AMT4"": 0.14420326439995068, ""BILL_AMT5"": 0.11246766253018081, ""BILL_AMT6"": -0.1432804738984296, ""PAY_AMT1"": 0.02635034282725073}",0.9518137574195862,False
monotone_xgboost,1797,False,infeasible,very_high_risk,gurobi:Optimal|refined_2,gurobi,0.8130096197128296,0.9148032069206238,2.0349556801171045,6,"{""BILL_AMT1"": 0.20207222250243564, ""BILL_AMT3"": -0.10278182659242063, ""BILL_AMT4"": 0.16222867244994446, ""BILL_AMT5"": 0.11246766253018084, ""BILL_AMT6"": -0.1432804738984296, ""PAY_AMT2"": 0.10251852895577404}",0.9148032069206238,False
monotone_xgboost,1799,False,infeasible,very_high_risk,gurobi:Optimal|refined_3,gurobi,0.5029109120368958,0.6138516664505005,0.41359196517804775,3,"{""BILL_AMT1"": 0.20207222250243564, ""BILL_AMT5"": 0.0024250625960563904, ""BILL_AMT6"": -0.028656094779685892}",0.6138516664505005,False
monotone_xgboost,1819,False,infeasible,very_high_risk,gurobi:Optimal|refined_6,gurobi,0.7253627181053162,0.8790227174758911,0.8800134969326782,5,"{""BILL_AMT1"": 0.1411368641994317, ""BILL_AMT3"": -0.08424468029395848, ""BILL_AMT4"": 0.07060453838144803, ""BILL_AMT5"": 0.11246766253018084, ""BILL_AMT6"": -0.1432804738984296}",0.8790227174758911,False
monotone_xgboost,1820,True,feasible,near_threshold,gurobi:Optimal,gurobi,0.3281538188457489,0.24368755519390106,0.02440114683418668,1,"{""BILL_AMT1"": 0.01346848829286404}",0.24368755519390106,True
monotone_xgboost,1822,False,infeasible,very_high_risk,gurobi:Optimal|refined_10,gurobi,0.5324328541755676,0.3367920219898224,0.46896531179032447,4,"{""BILL_AMT1"": 0.06453130542197638, ""BILL_AMT3"": -0.1142440147852043, ""BILL_AMT4"": -0.09012704024996918, ""BILL_AMT5"": -0.011246766253018098}",0.3367920219898224,False
monotone_xgboost,1827,False,infeasible,very_high_risk,gurobi:Optimal|refined_8,gurobi,0.775079071521759,0.8269574642181396,0.6764732668856495,5,"{""BILL_AMT1"": 0.1423453951938385, ""BILL_AMT3"": -0.027455454553389075, ""BILL_AMT4"": 0.018025408049993835, ""BILL_AMT5"": 0.11246766253018083, ""BILL_AMT6"": -0.1246531777173654}",0.8269574642181396,False
monotone_xgboost,1840,False,infeasible,very_high_risk,gurobi:Optimal|refined_7,gurobi,0.7878429889678955,0.8841879963874817,0.7712771704613234,4,"{""BILL_AMT1"": 0.1305985978120346, ""BILL_AMT3"": -0.08197189098528375, ""BILL_AMT5"": 0.11246766253018084, ""BILL_AMT6"": -0.1432804738984296}",0.8841879963874817,False
monotone_xgboost,1847,True,feasible,moderate_risk,gurobi:Optimal|refined_3,gurobi,0.37106525897979736,0.2855333983898163,0.4049659374800345,3,"{""BILL_AMT1"": 0.1921376063395323, ""BILL_AMT5"": 0.009482659976896499, ""BILL_AMT6"": -0.02865609477968592}",0.2855333983898163,True
monotone_xgboost,1859,False,infeasible,very_high_risk,gurobi:Optimal|refined_17,gurobi,0.637286901473999,0.46096915006637573,0.6605917926688678,5,"{""BILL_AMT1"": 0.17109993796959713, ""BILL_AMT3"": -0.12632512611936392, ""BILL_AMT4"": -0.018025408049993835, ""BILL_AMT5"": -0.007395269974946259, ""BILL_AMT6"": -0.042984142169528866}",0.46096915006637573,False
monotone_xgboost,1861,False,infeasible,very_high_risk,gurobi:Optimal|refined_7,gurobi,0.7320923209190369,0.7810950875282288,0.2783899148076209,2,"{""BILL_AMT1"": 0.13215449021362008, ""BILL_AMT5"": 0.029338720949597066}",0.7810950875282288,False
monotone_xgboost,1864,False,infeasible,very_high_risk,gurobi:Optimal|refined_5,gurobi,0.7065988183021545,0.7824742794036865,0.5599160408597386,4,"{""BILL_AMT1"": 0.20207222250243562, ""BILL_AMT3"": 0.03552349355002005, ""BILL_AMT5"": 0.05910817496831727, ""BILL_AMT6"": -0.028656094779685892}",0.7824742794036865,False
monotone_xgboost,1867,False,infeasible,very_high_risk,gurobi:Optimal,gurobi,0.6218724846839905,0.6273402571678162,0.08975881079171469,1,"{""BILL_AMT1"": 0.04954338829008986}",0.6273402571678162,False
monotone_xgboost,1870,False,infeasible,very_high_risk,gurobi:Optimal|refined_7,gurobi,0.755660891532898,0.8719004392623901,1.9982337621037145,6,"{""BILL_AMT1"": 0.1790266447569267, ""BILL_AMT3"": -0.0716011049627315, ""BILL_AMT4"": 0.18025408049993835, ""BILL_AMT5"": 0.0939553894130421, ""BILL_AMT6"": -0.1432804738984296, ""PAY_AMT2"": 0.11054720570850611}",0.8719004392623901,False
monotone_xgboost,1893,True,feasible,near_threshold,gurobi:Optimal,gurobi,0.27455469965934753,0.27455469965934753,0.0,0,{},0.27455469965934753,True
monotone_xgboost,1916,False,infeasible,very_high_risk,gurobi:Optimal|refined_11,gurobi,0.5635293126106262,0.44667214155197144,0.42509020599101727,5,"{""BILL_AMT1"": 0.13450252353371261, ""BILL_AMT3"": -0.028505158238343778, ""BILL_AMT4"": -0.018025408049993835, ""BILL_AMT5"": -0.010637835211525976, ""BILL_AMT6"": -0.057312189559371784}",0.44667214155197144,False
monotone_xgboost,1918,True,feasible,near_threshold,gurobi:Optimal|refined_3,gurobi,0.3497219979763031,0.29920604825019836,0.33335413544520465,3,"{""BILL_AMT1"": 0.1597883846560816, ""BILL_AMT4"": -0.018025408049993835, ""BILL_AMT6"": -0.014328047389842974}",0.29920604825019836,True
monotone_xgboost,1922,False,infeasible,moderate_risk,gurobi:Optimal|refined_6,gurobi,0.38189396262168884,0.43629512190818787,0.3801857864130792,4,"{""BILL_AMT1"": 0.1542851302368294, ""BILL_AMT3"": 0.027116645137640297, ""BILL_AMT4"": 0.018025408049993835, ""BILL_AMT5"": 0.018602803159131598}",0.43629512190818787,False
monotone_xgboost,1925,False,infeasible,very_high_risk,gurobi:Optimal|refined_9,gurobi,0.7082429528236389,0.6791889071464539,0.4577566010177231,4,"{""BILL_AMT1"": 0.1343153781421143, ""BILL_AMT4"": -0.018025408049993835, ""BILL_AMT5"": 0.10350691369899012, ""BILL_AMT6"": -0.03574706439521638}",0.6791889071464539,False
monotone_xgboost,1942,False,infeasible,very_high_risk,gurobi:Optimal|refined_7,gurobi,0.5067039132118225,0.4974517822265625,0.5687046965502983,5,"{""BILL_AMT1"": 0.19131286772481151, ""BILL_AMT3"": 0.025810611482535314, ""BILL_AMT4"": -0.017704682810508576, ""BILL_AMT5"": 0.08789363463740886, ""BILL_AMT6"": -0.020979696070252213}",0.4974517822265625,False
monotone_xgboost,1944,False,infeasible,very_high_risk,gurobi:Optimal|refined_2,gurobi,0.7888685464859009,0.8972374796867371,0.7576621582240471,4,"{""BILL_AMT1"": 0.20207222250243564, ""BILL_AMT3"": 0.010419241502409818, ""BILL_AMT5"": 0.11246766253018084, ""BILL_AMT6"": -0.1432804738984296}",0.8972374796867371,False
monotone_xgboost,1963,False,infeasible,very_high_risk,gurobi:Optimal,gurobi,0.7308505177497864,0.7308505177497864,0.052367535455866095,1,"{""BILL_AMT1"": 0.028904852013976412}",0.7308505177497864,False
monotone_xgboost,1978,False,infeasible,very_high_risk,gurobi:Optimal|refined_4,gurobi,0.7849355936050415,0.7847394943237305,0.7220932153887554,5,"{""BILL_AMT1"": 0.20207222250243567, ""BILL_AMT3"": -0.030107888788032194, ""BILL_AMT4"": 0.018025408049993835, ""BILL_AMT5"": 0.11246766253018087, ""BILL_AMT6"": -0.08070849896043916}",0.7847394943237305,False
monotone_xgboost,1991,False,infeasible,near_threshold,gurobi:Optimal|refined_5,gurobi,0.3243446350097656,0.34866461157798767,0.2773367933667091,4,"{""BILL_AMT1"": 0.12062483973082183, ""BILL_AMT4"": 0.018025408049993835, ""BILL_AMT5"": -0.011246766253018098, ""BILL_AMT6"": -0.014328047389842974}",0.34866461157798767,False
monotone_xgboost,1992,False,infeasible,high_risk,gurobi:Optimal|refined_7,gurobi,0.44354087114334106,0.35443443059921265,0.3298123229987464,4,"{""BILL_AMT1"": 0.13854103517335944, ""BILL_AMT4"": 0.018025408049993835, ""BILL_AMT5"": -0.009650383488430891, ""BILL_AMT6"": -0.028656094779685948}",0.35443443059921265,False
monotone_xgboost,1993,False,near_feasible,high_risk,gurobi:Optimal|refined_8,gurobi,0.4435857832431793,0.31246694922447205,0.4210002401970536,4,"{""BILL_AMT1"": 0.17864561349484243, ""BILL_AMT4"": -0.03605081609998767, ""BILL_AMT5"": 0.007243748783508364, ""BILL_AMT6"": -0.028656094779685948}",0.31246694922447205,False
monotone_xgboost,2006,True,feasible,near_threshold,gurobi:Optimal,gurobi,0.23466140031814575,0.23466140031814575,0.0,0,{},0.23466140031814575,True
monotone_xgboost,2013,False,infeasible,very_high_risk,gurobi:Optimal|refined_4,gurobi,0.9553757309913635,0.9230853319168091,1.2911665667426189,6,"{""BILL_AMT1"": 0.169521790723048, ""BILL_AMT3"": -0.05303777471328574, ""BILL_AMT4"": 0.18025408049993838, ""BILL_AMT5"": 0.11246766253018083, ""BILL_AMT6"": -0.1432804738984296, ""PAY_AMT1"": 0.038664364953879427}",0.9230853319168091,False
monotone_xgboost,2014,True,feasible,near_threshold,gurobi:Optimal|refined_4,gurobi,0.33884239196777344,0.25036004185676575,0.3690034539971633,3,"{""BILL_AMT1"": 0.15525523687343754, ""BILL_AMT4"": -0.03605081609998767, ""BILL_AMT6"": -0.02865609477968592}",0.25036004185676575,True
monotone_xgboost,2020,False,infeasible,very_high_risk,gurobi:Optimal|refined_9,gurobi,0.8158568739891052,0.7721258997917175,0.6094401061964068,4,"{""BILL_AMT1"": 0.1572124722699322, ""BILL_AMT4"": -0.03605081609998767, ""BILL_AMT5"": 0.09392336180782448, ""BILL_AMT6"": -0.10125114027061387}",0.7721258997917175,False
monotone_xgboost,2022,False,infeasible,very_high_risk,gurobi:Optimal|refined_2,gurobi,0.7600727081298828,0.8613523244857788,0.6887357410817366,3,"{""BILL_AMT1"": 0.1874819372953152, ""BILL_AMT5"": 0.11246766253018081, ""BILL_AMT6"": -0.12926442148650805}",0.8613523244857788,False
monotone_xgboost,2037,False,infeasible,very_high_risk,gurobi:Optimal|refined_8,gurobi,0.8038431406021118,0.8781952261924744,0.5716614020372458,4,"{""BILL_AMT1"": 0.1802353331873105, ""BILL_AMT3"": -0.07442188018224027, ""BILL_AMT5"": 0.02249353250603614, ""BILL_AMT6"": -0.04298414216952884}",0.8781952261924744,False
monotone_xgboost,2038,False,infeasible,very_high_risk,gurobi:Optimal|refined_11,gurobi,0.5645314455032349,0.4228101372718811,0.3854081695311483,5,"{""BILL_AMT1"": 0.06622854005008222, ""BILL_AMT3"": -0.03710724073524535, ""BILL_AMT4"": -0.036050816099987726, ""BILL_AMT5"": 0.01124676625301807, ""BILL_AMT6"": -0.08596828433905768}",0.4228101372718811,False
monotone_xgboost,2045,False,infeasible,very_high_risk,gurobi:Optimal|refined_9,gurobi,0.7341904044151306,0.8142644166946411,0.4525232627308408,3,"{""BILL_AMT1"": 0.13368383608045709, ""BILL_AMT5"": 0.09404968740858996, ""BILL_AMT6"": -0.05529179001493559}",0.8142644166946411,False
monotone_xgboost,2050,False,infeasible,moderate_risk,gurobi:Optimal|refined_6,gurobi,0.3970679044723511,0.37353432178497314,0.32271053555513735,3,"{""BILL_AMT1"": 0.15261104325457914, ""BILL_AMT4"": -0.018025408049993835, ""BILL_AMT5"": 0.018445441519873484}",0.37353432178497314,False
monotone_xgboost,2051,False,infeasible,very_high_risk,gurobi:Optimal|refined_8,gurobi,0.5556668639183044,0.3928629755973816,0.3325978856476842,4,"{""BILL_AMT1"": 0.10247973005752775, ""BILL_AMT4"": -0.0360508160999877, ""BILL_AMT5"": 0.01124676625301807, ""BILL_AMT6"": -0.057312189559371784}",0.3928629755973816,False
monotone_xgboost,2053,False,infeasible,very_high_risk,gurobi:Optimal|refined_10,gurobi,0.673211932182312,0.6644691824913025,0.36446427532629055,4,"{""BILL_AMT1"": 0.1422226174706286, ""BILL_AMT3"": -0.02732977158866759, ""BILL_AMT4"": 0.018025408049993835, ""BILL_AMT5"": 0.022899491320918924}",0.6644691824913025,False
monotone_xgboost,2057,False,infeasible,very_high_risk,gurobi:Optimal|refined_3,gurobi,0.8413527011871338,0.7585083842277527,2.4075180528366698,6,"{""BILL_AMT1"": 0.18037078429967146, ""BILL_AMT3"": -0.050324462792605655, ""BILL_AMT4"": 0.18025408049993838, ""BILL_AMT5"": 0.11246766253018085, ""BILL_AMT6"": -0.1432804738984296, ""PAY_AMT2"": 0.15909777080829493}",0.7585083842277527,False
monotone_xgboost,2060,False,infeasible,very_high_risk,gurobi:Optimal|refined_9,gurobi,0.8047745227813721,0.7201330661773682,0.3432597583002119,4,"{""BILL_AMT1"": 0.14653665058831555, ""BILL_AMT4"": -0.018025408049993835, ""BILL_AMT5"": 0.02553705462138324, ""BILL_AMT6"": -0.014328047389842946}",0.7201330661773682,False
monotone_xgboost,2068,True,feasible,moderate_risk,gurobi:Optimal|refined_1,gurobi,0.3690546751022339,0.29805171489715576,0.3287657565456118,2,"{""BILL_AMT1"": 0.1752284623401817, ""BILL_AMT5"": 0.00850928850129648}",0.29805171489715576,True
monotone_xgboost,2073,True,feasible,moderate_risk,gurobi:Optimal|refined_1,gurobi,0.3983153700828552,0.23479819297790527,0.019752824891942432,1,"{""BILL_AMT1"": -0.01090279455371293}",0.23479819297790527,True
monotone_xgboost,2077,False,infeasible,very_high_risk,gurobi:Optimal|refined_5,gurobi,0.699059247970581,0.6115068197250366,0.6072922686899203,4,"{""BILL_AMT1"": 0.1783727151176321, ""BILL_AMT3"": -0.02731438851746469, ""BILL_AMT5"": 0.00966664518272109, ""BILL_AMT6"": -0.14023831003324788}",0.6115068197250366,False
monotone_xgboost,2080,False,infeasible,very_high_risk,gurobi:Optimal|refined_4,gurobi,0.942268431186676,0.9650360941886902,0.30216670375001686,2,"{""BILL_AMT1"": 0.13080909964795084, ""BILL_AMT4"": -0.05407622414998159}",0.9650360941886902,False
monotone_xgboost,2086,False,infeasible,very_high_risk,gurobi:Optimal|refined_9,gurobi,0.7425994873046875,0.8196196556091309,0.6359351535842221,4,"{""BILL_AMT1"": 0.12984414529449398, ""BILL_AMT3"": -0.027744842192704025, ""BILL_AMT5"": 0.09325048462823683, ""BILL_AMT6"": -0.1432804738984296}",0.8196196556091309,False
monotone_xgboost,2090,False,infeasible,very_high_risk,gurobi:Optimal|refined_10,gurobi,0.6554532051086426,0.5798075199127197,0.40380142441317535,4,"{""BILL_AMT1"": 0.16628855552340482, ""BILL_AMT4"": -0.03605081609998767, ""BILL_AMT5"": 0.01115082488661144, ""BILL_AMT6"": -0.02865609477968592}",0.5798075199127197,False
monotone_xgboost,2099,True,feasible,near_threshold,gurobi:Optimal|refined_1,gurobi,0.3150841295719147,0.29388728737831116,0.3021450555099617,2,"{""BILL_AMT1"": 0.15455392140690932, ""BILL_AMT6"": -0.014328047389842974}",0.29388728737831116,True
monotone_xgboost,2102,True,feasible,moderate_risk,gurobi:Optimal|refined_6,gurobi,0.3569629490375519,0.2766978144645691,0.34591479107784984,4,"{""BILL_AMT1"": 0.12227530738980336, ""BILL_AMT4"": 0.054076224149981506, ""BILL_AMT5"": -0.011246766253018098, ""BILL_AMT6"": -0.028656094779685892}",0.2766978144645691,True
monotone_xgboost,2103,False,near_feasible,very_high_risk,gurobi:Optimal|refined_6,gurobi,0.6138806343078613,0.30312708020210266,0.377538084092635,5,"{""BILL_AMT1"": 0.14943463102141033, ""BILL_AMT3"": 0.026005900116954972, ""BILL_AMT4"": -0.01781995436418206, ""BILL_AMT5"": 0.008416874482526121, ""BILL_AMT6"": -0.014328047389842974}",0.30312708020210266,False
monotone_xgboost,2106,False,infeasible,very_high_risk,gurobi:Optimal|refined_6,gurobi,0.6642110347747803,0.7950003743171692,0.5450725196371491,4,"{""BILL_AMT1"": 0.20207222250243567, ""BILL_AMT3"": 0.028004935674760423, ""BILL_AMT4"": 0.018025408049993835, ""BILL_AMT5"": 0.07623180385514244}",0.7950003743171692,False
monotone_xgboost,2107,False,infeasible,very_high_risk,gurobi:Optimal|refined_3,gurobi,0.5274417996406555,0.7077494263648987,0.8433779528170428,5,"{""BILL_AMT1"": 0.20207222250243564, ""BILL_AMT3"": -0.049705083409997936, ""BILL_AMT4"": -0.018025408049993835, ""BILL_AMT5"": 0.10148783595520106, ""BILL_AMT6"": -0.1432804738984296}",0.7077494263648987,False
monotone_xgboost,2108,False,infeasible,very_high_risk,gurobi:Optimal|refined_8,gurobi,0.5343258380889893,0.3553670048713684,0.417674264384742,4,"{""BILL_AMT1"": 0.1792457421570475, ""BILL_AMT4"": 0.018025408049993835, ""BILL_AMT5"": 0.020279900368931764, ""BILL_AMT6"": -0.028656094779685892}",0.3553670048713684,False
monotone_xgboost,2113,False,infeasible,very_high_risk,gurobi:Optimal|refined_7,gurobi,0.8628349900245667,0.8599967956542969,0.739479859090566,5,"{""BILL_AMT1"": 0.20207222250243567, ""BILL_AMT3"": -0.031185958419885834, ""BILL_AMT4"": -0.03605081609998767, ""BILL_AMT5"": 0.11246766253018081, ""BILL_AMT6"": -0.07650441732393048}",0.8599967956542969,False
monotone_xgboost,2121,False,infeasible,very_high_risk,gurobi:Optimal|refined_2,gurobi,0.6585612893104553,0.6418070197105408,0.7180077539753178,4,"{""BILL_AMT1"": 0.20207222250243567, ""BILL_AMT3"": -0.030590273535007956, ""BILL_AMT5"": 0.11246766253018081, ""BILL_AMT6"": -0.09150187520956915}",0.6418070197105408,False
monotone_xgboost,2122,False,infeasible,very_high_risk,gurobi:Optimal,gurobi,0.9191052317619324,0.943467915058136,2.7954781513254687,6,"{""BILL_AMT1"": 0.20207222250243564, ""BILL_AMT3"": -0.05294285789097004, ""BILL_AMT4"": 0.18025408049993835, ""BILL_AMT5"": 0.11246766253018084, ""BILL_AMT6"": -0.1432804738984296, ""PAY_AMT2"": 0.19834421091325183}",0.943467915058136,False
monotone_xgboost,2123,False,infeasible,very_high_risk,gurobi:Optimal|refined_4,gurobi,0.5657429695129395,0.647997260093689,0.5327661749008004,3,"{""BILL_AMT1"": 0.16971916420889993, ""BILL_AMT5"": 0.11246766253018085, ""BILL_AMT6"": -0.04914102876628801}",0.647997260093689,False
monotone_xgboost,2129,False,infeasible,very_high_risk,gurobi:Optimal|refined_9,gurobi,0.729406476020813,0.8749902844429016,0.5901152676155919,4,"{""BILL_AMT1"": 0.13272178966118642, ""BILL_AMT3"": -0.0017845788702397225, ""BILL_AMT5"": 0.09391850313087194, ""BILL_AMT6"": -0.1432804738984296}",0.8749902844429016,False
monotone_xgboost,2131,False,infeasible,very_high_risk,gurobi:Optimal|refined_6,gurobi,0.5025656223297119,0.5952473282814026,0.46952449312043554,3,"{""BILL_AMT1"": 0.1658916848289209, ""BILL_AMT3"": -0.02751164094820814, ""BILL_AMT5"": 0.08580483166067046}",0.5952473282814026,False
monotone_xgboost,2137,False,infeasible,very_high_risk,gurobi:Optimal|refined_7,gurobi,0.5240319967269897,0.5951962471008301,0.5076792289864912,4,"{""BILL_AMT1"": 0.17916114719965032, ""BILL_AMT4"": 0.03605081609998767, ""BILL_AMT5"": 0.08847768540770794, ""BILL_AMT6"": -0.014328047389842974}",0.5951962471008301,False
monotone_xgboost,2138,False,infeasible,very_high_risk,gurobi:Optimal|refined_9,gurobi,0.7996089458465576,0.89698326587677,0.5878723280090347,4,"{""BILL_AMT1"": 0.11798235717300659, ""BILL_AMT3"": -0.001698025571578346, ""BILL_AMT5"": 0.11246766253018083, ""BILL_AMT6"": -0.1432804738984296}",0.89698326587677,False
monotone_xgboost,2139,False,infeasible,very_high_risk,gurobi:Optimal|refined_5,gurobi,0.8719093203544617,0.8010782599449158,3.743930018978781,6,"{""BILL_AMT1"": 0.18765895843786035, ""BILL_AMT3"": -0.14071582557997453, ""BILL_AMT4"": 0.18025408049993835, ""BILL_AMT5"": 0.0787273637711266, ""BILL_AMT6"": -0.1432804738984296, ""PAY_AMT2"": 0.2947815830655695}",0.8010782599449158,False
monotone_xgboost,2143,False,infeasible,near_threshold,gurobi:Optimal|refined_5,gurobi,0.2973276674747467,0.331901490688324,0.3549230544565621,3,"{""BILL_AMT1"": 0.17038623665143748, ""BILL_AMT4"": 0.018025408049993835, ""BILL_AMT5"": 0.01845208501693102}",0.331901490688324,False
monotone_xgboost,2152,False,infeasible,high_risk,gurobi:Optimal|refined_10,gurobi,0.4586661756038666,0.3270038664340973,0.19814416771201704,4,"{""BILL_AMT1"": 0.009749850496971524, ""BILL_AMT3"": -0.06830901862551714, ""BILL_AMT4"": -0.018025408049993835, ""BILL_AMT6"": -0.014328047389842946}",0.3270038664340973,False
monotone_xgboost,2154,False,infeasible,very_high_risk,gurobi:Optimal,gurobi,0.6995641589164734,0.6818099617958069,2.0641795185514553,6,"{""BILL_AMT1"": 0.20207222250243562, ""BILL_AMT3"": -0.08757549705866952, ""BILL_AMT4"": 0.18025408049993832, ""BILL_AMT5"": 0.11246766253018084, ""BILL_AMT6"": -0.1432804738984296, ""PAY_AMT2"": 0.10685119250074757}",0.6818099617958069,False
monotone_xgboost,2157,True,feasible,very_high_risk,gurobi:Optimal|refined_5,gurobi,0.5128612518310547,0.27157357335090637,0.36467281687098757,4,"{""BILL_AMT1"": 0.1514691442782854, ""BILL_AMT4"": -0.018025408049993835, ""BILL_AMT5"": 0.01826338986916276, ""BILL_AMT6"": -0.02865609477968592}",0.27157357335090637,True
monotone_xgboost,2179,False,infeasible,very_high_risk,gurobi:Optimal|refined_9,gurobi,0.8036421537399292,0.7795541882514954,0.5434096211308277,4,"{""BILL_AMT1"": 0.18753803897208282, ""BILL_AMT3"": -0.030486246879745854, ""BILL_AMT5"": 0.04075556095874033, ""BILL_AMT6"": -0.057312189559371896}",0.7795541882514954,False
monotone_xgboost,2180,False,infeasible,very_high_risk,gurobi:Optimal|refined_4,gurobi,0.6502031683921814,0.5858696103096008,0.5432545986346932,3,"{""BILL_AMT1"": 0.17873348252485857, ""BILL_AMT5"": 0.009464811775846543, ""BILL_AMT6"": -0.13389873657267462}",0.5858696103096008,False
monotone_xgboost,2182,True,feasible,moderate_risk,gurobi:Optimal|refined_2,gurobi,0.3709314167499542,0.27357086539268494,0.39340565385933923,2,"{""BILL_AMT1"": 0.1927077874510525, ""BILL_AMT6"": -0.028656094779685948}",0.27357086539268494,True
monotone_xgboost,2192,False,infeasible,very_high_risk,gurobi:Optimal|refined_5,gurobi,0.7078770995140076,0.8414062261581421,1.4878006469591016,6,"{""BILL_AMT1"": 0.20207222250243564, ""BILL_AMT3"": -0.1304713547576239, ""BILL_AMT4"": 0.14420326439995068, ""BILL_AMT5"": 0.0899741300241447, ""BILL_AMT6"": -0.1432804738984296, ""PAY_AMT1"": 0.046146786879187274}",0.8414062261581421,False
monotone_xgboost,2193,False,infeasible,very_high_risk,gurobi:Optimal|refined_8,gurobi,0.7882561683654785,0.8166128993034363,0.8027329372701416,5,"{""BILL_AMT1"": 0.15769172571058435, ""BILL_AMT3"": -0.057383252325637776, ""BILL_AMT4"": 0.03605081609998767, ""BILL_AMT5"": 0.10350438520384136, ""BILL_AMT6"": -0.1432804738984296}",0.8166128993034363,False
monotone_xgboost,2196,False,infeasible,very_high_risk,gurobi:Optimal|refined_6,gurobi,0.7584112882614136,0.7204464673995972,0.10014965563399905,3,"{""BILL_AMT1"": 0.018554568900345014, ""BILL_AMT4"": -0.018025408049993807, ""BILL_AMT5"": 0.03374029875905421}",0.7204464673995972,False
monotone_xgboost,2201,False,infeasible,very_high_risk,gurobi:Optimal|refined_3,gurobi,0.5981593132019043,0.6858059763908386,0.33672849199949206,2,"{""BILL_AMT1"": 0.15444828153382112, ""BILL_AMT3"": -0.02845562693106639}",0.6858059763908386,False
monotone_xgboost,2205,False,infeasible,moderate_risk,gurobi:Optimal|refined_6,gurobi,0.3879430890083313,0.4463508129119873,0.20987153234881623,2,"{""BILL_AMT1"": 0.09140405842130353, ""BILL_AMT6"": -0.02865609477968592}",0.4463508129119873,False
monotone_xgboost,2206,False,infeasible,very_high_risk,gurobi:Optimal|refined_10,gurobi,0.6175691485404968,0.5100053548812866,0.1951728202433644,3,"{""BILL_AMT1"": 0.059080747082574436, ""BILL_AMT4"": 0.018025408049993835, ""BILL_AMT6"": -0.04298414216952892}",0.5100053548812866,False
monotone_xgboost,2212,True,feasible,near_threshold,gurobi:Optimal|refined_3,gurobi,0.2932591140270233,0.24671563506126404,0.31622104050526467,3,"{""BILL_AMT1"": 0.1383398390785629, ""BILL_AMT4"": -0.03605081609998767, ""BILL_AMT6"": -0.014328047389842974}",0.24671563506126404,True
monotone_xgboost,2213,False,infeasible,very_high_risk,gurobi:Optimal|refined_5,gurobi,0.606597363948822,0.5534034371376038,0.3120305351135847,3,"{""BILL_AMT1"": 0.14801858287669292, ""BILL_AMT4"": -0.018025408049993835, ""BILL_AMT6"": -0.014328047389842974}",0.5534034371376038,False
monotone_xgboost,2214,False,infeasible,very_high_risk,gurobi:Optimal,gurobi,0.7676547765731812,0.9284699559211731,2.417134998192542,6,"{""BILL_AMT1"": 0.20207222250243567, ""BILL_AMT3"": -0.05163366034178784, ""BILL_AMT4"": 0.18025408049993835, ""BILL_AMT5"": 0.11246766253018083, ""BILL_AMT6"": -0.1432804738984296, ""PAY_AMT2"": 0.1554042385664447}",0.9284699559211731,False
monotone_xgboost,2215,False,infeasible,very_high_risk,gurobi:Optimal|refined_8,gurobi,0.7543252110481262,0.5646433234214783,0.4875387006621964,5,"{""BILL_AMT1"": 0.19131485871491766, ""BILL_AMT3"": 0.02690291863773632, ""BILL_AMT4"": 0.018025408049993835, ""BILL_AMT5"": 0.03257563501094757, ""BILL_AMT6"": -0.014328047389842974}",0.5646433234214783,False
monotone_xgboost,2218,False,infeasible,very_high_risk,gurobi:Infeasible|refined_4,gurobi,0.7801805138587952,0.6940963268280029,0.066364517530206,2,"{""BILL_AMT1"": 0.024412193354340472, ""BILL_AMT6"": -0.014328047389842974}",0.6940963268280029,False
monotone_xgboost,2219,False,infeasible,very_high_risk,gurobi:Optimal|refined_5,gurobi,0.5586679577827454,0.32602500915527344,0.39485230846143166,4,"{""BILL_AMT1"": 0.17569279984396807, ""BILL_AMT4"": -0.03605081609998767, ""BILL_AMT5"": 0.008251381996122978, ""BILL_AMT6"": -0.014328047389842974}",0.32602500915527344,False
monotone_xgboost,2223,True,feasible,near_threshold,gurobi:Optimal|refined_3,gurobi,0.3483973443508148,0.2587672770023346,0.3017562260788675,3,"{""BILL_AMT1"": 0.13503312282656255, ""BILL_AMT5"": 0.009669173677869722, ""BILL_AMT6"": -0.028656094779685892}",0.2587672770023346,True
monotone_xgboost,2225,True,feasible,near_threshold,gurobi:Optimal,gurobi,0.3102594316005707,0.2580019533634186,0.01800805697219276,1,"{""BILL_AMT1"": 0.00993975021564969}",0.2580019533634186,True
monotone_xgboost,2229,False,infeasible,high_risk,gurobi:Optimal|refined_8,gurobi,0.449751615524292,0.3771640658378601,0.40327942464734423,4,"{""BILL_AMT1"": 0.17262222609535643, ""BILL_AMT4"": 0.018025408049993835, ""BILL_AMT5"": 0.018476576715038606, ""BILL_AMT6"": -0.02865609477968592}",0.3771640658378601,False
monotone_xgboost,2230,False,infeasible,very_high_risk,gurobi:Optimal|refined_8,gurobi,0.5526735782623291,0.3408917486667633,0.4819626970327113,5,"{""BILL_AMT1"": 0.16840046509528878, ""BILL_AMT3"": 0.02655761778413951, ""BILL_AMT4"": -0.018025408049993835, ""BILL_AMT5"": 0.060157081245360663, ""BILL_AMT6"": -0.014328047389842974}",0.3408917486667633,False
monotone_xgboost,2231,False,infeasible,very_high_risk,gurobi:Optimal|refined_6,gurobi,0.7668240666389465,0.8161080479621887,0.5381830279722638,5,"{""BILL_AMT1"": 0.20207222250243562, ""BILL_AMT3"": -0.035447505542269636, ""BILL_AMT4"": -0.018025408049993863, ""BILL_AMT5"": 0.026498516490673862, ""BILL_AMT6"": -0.028656094779685892}",0.8161080479621887,False
monotone_xgboost,2232,False,infeasible,very_high_risk,gurobi:Optimal|refined_3,gurobi,0.7550615072250366,0.9440597295761108,1.2196650369530477,6,"{""BILL_AMT1"": 0.20207222250243567, ""BILL_AMT3"": -0.11278409586817256, ""BILL_AMT4"": 0.16222867244994454, ""BILL_AMT5"": 0.10130300791766031, ""BILL_AMT6"": -0.1432804738984296, ""PAY_AMT1"": 0.010209198030968702}",0.9440597295761108,False
monotone_xgboost,2237,True,feasible,moderate_risk,gurobi:Optimal|refined_7,gurobi,0.3670905828475952,0.2907228469848633,0.062421922636150595,3,"{""BILL_AMT1"": 0.005974461989927238, ""BILL_AMT4"": -0.018025408049993835, ""BILL_AMT5"": -0.022493532506036196}",0.2907228469848633,True
monotone_xgboost,2241,False,infeasible,very_high_risk,gurobi:Optimal|refined_3,gurobi,0.5209189653396606,0.5293412208557129,0.1614255890616872,2,"{""BILL_AMT1"": 0.04992529368746451, ""BILL_AMT3"": -0.035487436067519695}",0.5293412208557129,False
monotone_xgboost,2245,False,infeasible,very_high_risk,gurobi:Optimal|refined_5,gurobi,0.9374548196792603,0.8651820421218872,0.3897153304930888,3,"{""BILL_AMT1"": 0.14670921941444837, ""BILL_AMT3"": 0.05117915059263009, ""BILL_AMT5"": 0.016235140133167403}",0.8651820421218872,False
monotone_xgboost,2246,False,infeasible,very_high_risk,gurobi:Optimal|refined_6,gurobi,0.7490538358688354,0.9212844371795654,1.4699940972378522,6,"{""BILL_AMT1"": 0.17838448408137045, ""BILL_AMT3"": -0.07633385410302512, ""BILL_AMT4"": 0.16222867244994446, ""BILL_AMT5"": 0.09368419591375356, ""BILL_AMT6"": -0.1432804738984296, ""PAY_AMT1"": 0.0603776198103313}",0.9212844371795654,False
monotone_xgboost,2248,False,infeasible,very_high_risk,gurobi:Optimal|refined_8,gurobi,0.7806909680366516,0.7960075736045837,0.6715041309065244,5,"{""BILL_AMT1"": 0.15727618395332765, ""BILL_AMT3"": 0.002990274705157364, ""BILL_AMT4"": 0.018025408049993835, ""BILL_AMT5"": 0.10353125666208896, ""BILL_AMT6"": -0.1432804738984296}",0.7960075736045837,False
monotone_xgboost,2250,False,infeasible,very_high_risk,gurobi:Optimal|refined_4,gurobi,0.6133621335029602,0.681449294090271,0.37446665094700443,2,"{""BILL_AMT1"": 0.1795942981582899, ""BILL_AMT5"": 0.03696580596326619}",0.681449294090271,False
monotone_xgboost,2254,False,infeasible,very_high_risk,gurobi:Optimal|refined_11,gurobi,0.7646623849868774,0.811742901802063,0.6061509231299161,4,"{""BILL_AMT1"": 0.13256357231408802, ""BILL_AMT4"": -0.03605081609998767, ""BILL_AMT5"": 0.09397105616729715, ""BILL_AMT6"": -0.12798587880824358}",0.811742901802063,False
monotone_xgboost,2265,False,infeasible,very_high_risk,gurobi:Optimal|refined_4,gurobi,0.632081151008606,0.7735505700111389,0.8073461544600719,4,"{""BILL_AMT1"": 0.20207222250243564, ""BILL_AMT3"": -0.04801347437150324, ""BILL_AMT5"": 0.09326297836897192, ""BILL_AMT6"": -0.1432804738984296}",0.7735505700111389,False
monotone_xgboost,2266,False,infeasible,near_threshold,gurobi:Optimal|refined_7,gurobi,0.28921639919281006,0.3421488404273987,0.31532532782045486,3,"{""BILL_AMT1"": 0.14852124795752375, ""BILL_AMT4"": -0.018025408049993835, ""BILL_AMT5"": 0.01846378550428604}",0.3421488404273987,False
monotone_xgboost,2290,False,infeasible,very_high_risk,gurobi:Optimal|refined_6,gurobi,0.6379539370536804,0.5506265759468079,0.6305793098449776,5,"{""BILL_AMT1"": 0.1784719106691408, ""BILL_AMT3"": -0.02721903529596592, ""BILL_AMT4"": 0.01802540804999382, ""BILL_AMT5"": 0.009597086776962041, ""BILL_AMT6"": -0.14131581673718327}",0.5506265759468079,False
monotone_xgboost,2291,False,infeasible,very_high_risk,gurobi:Optimal|refined_4,gurobi,0.5943729877471924,0.6508309245109558,0.71932475201862,3,"{""BILL_AMT1"": 0.18620929641949185, ""BILL_AMT3"": -0.12377031840653414, ""BILL_AMT5"": 0.1012208962771628}",0.6508309245109558,False
monotone_xgboost,2294,False,infeasible,very_high_risk,gurobi:Optimal|refined_9,gurobi,0.7798288464546204,0.8459520936012268,0.6856107076602277,5,"{""BILL_AMT1"": 0.16744213519088294, ""BILL_AMT3"": 0.00716215419021729, ""BILL_AMT4"": 0.018025408049993835, ""BILL_AMT5"": 0.0940020922057898, ""BILL_AMT6"": -0.1432804738984296}",0.8459520936012268,False
monotone_xgboost,2296,False,infeasible,very_high_risk,gurobi:Optimal|refined_7,gurobi,0.738694429397583,0.8362629413604736,0.8002770278975689,5,"{""BILL_AMT1"": 0.1420927606714858, ""BILL_AMT3"": -0.0819666765583815, ""BILL_AMT4"": 0.006791829640883637, ""BILL_AMT5"": 0.11246766253018084, ""BILL_AMT6"": -0.1432804738984296}",0.8362629413604736,False
monotone_xgboost,2303,False,infeasible,high_risk,gurobi:Optimal|refined_7,gurobi,0.49178460240364075,0.3214995861053467,0.48304594446531235,3,"{""BILL_AMT1"": 0.19900535633279254, ""BILL_AMT3"": 0.028047211845619424, ""BILL_AMT6"": -0.04298414216952884}",0.3214995861053467,False
monotone_xgboost,2304,False,infeasible,very_high_risk,gurobi:Optimal|refined_3,gurobi,0.6909456253051758,0.8150522112846375,0.5170136212144695,3,"{""BILL_AMT1"": 0.20207222250243567, ""BILL_AMT4"": -0.036050816099987726, ""BILL_AMT5"": 0.08091939651128605}",0.8150522112846375,False
monotone_xgboost,2305,False,infeasible,very_high_risk,gurobi:Optimal|refined_8,gurobi,0.7043629884719849,0.8323136568069458,0.5701188435052833,4,"{""BILL_AMT1"": 0.13007377282006488, ""BILL_AMT3"": -0.027486657094977912, ""BILL_AMT5"": 0.11246766253018085, ""BILL_AMT6"": -0.08422630217337702}",0.8323136568069458,False
monotone_xgboost,2312,False,infeasible,very_high_risk,gurobi:Optimal|refined_2,gurobi,0.7421807646751404,0.7763582468032837,3.8207878573085505,6,"{""BILL_AMT1"": 0.20207222250243562, ""BILL_AMT3"": -0.2281767678530906, ""BILL_AMT4"": 0.16222867244994452, ""BILL_AMT5"": 0.11246766253018087, ""BILL_AMT6"": -0.1432804738984296, ""PAY_AMT2"": 0.277951934060929}",0.7763582468032837,False
monotone_xgboost,2316,False,infeasible,very_high_risk,gurobi:Optimal|refined_7,gurobi,0.7378019094467163,0.6975340247154236,0.509628795760354,4,"{""BILL_AMT1"": 0.1864353681475977, ""BILL_AMT3"": -0.030794235603190945, ""BILL_AMT4"": 0.018025408049993835, ""BILL_AMT6"": -0.057312189559371896}",0.6975340247154236,False
monotone_xgboost,2322,False,infeasible,very_high_risk,gurobi:Optimal|refined_7,gurobi,0.6917912364006042,0.7741672992706299,0.596065490804182,4,"{""BILL_AMT1"": 0.14184609911945137, ""BILL_AMT4"": 0.018025408049993835, ""BILL_AMT5"": 0.11246766253018084, ""BILL_AMT6"": -0.10873555148517285}",0.7741672992706299,False
monotone_xgboost,2324,True,feasible,near_threshold,gurobi:Optimal,gurobi,0.22613024711608887,0.18267759680747986,0.13783105845906213,1,"{""BILL_AMT1"": 0.07607740774905314}",0.18267759680747986,True
monotone_xgboost,2326,False,infeasible,very_high_risk,gurobi:Optimal|refined_3,gurobi,0.7180096507072449,0.7879863381385803,0.5106459596032418,4,"{""BILL_AMT1"": 0.20207222250243562, ""BILL_AMT3"": -0.030123217309337202, ""BILL_AMT4"": 0.018025408049993835, ""BILL_AMT5"": 0.047118746959047525}",0.7879863381385803,False
monotone_xgboost,2337,False,infeasible,very_high_risk,gurobi:Optimal|refined_6,gurobi,0.5576386451721191,0.5552088022232056,0.3440321228985715,4,"{""BILL_AMT1"": 0.1454463388065277, ""BILL_AMT4"": 0.03605081609998767, ""BILL_AMT5"": -0.011246766253018098, ""BILL_AMT6"": -0.014328047389842974}",0.5552088022232056,False
monotone_xgboost,2342,False,infeasible,very_high_risk,gurobi:Optimal|refined_3,gurobi,0.8420464396476746,0.9056179523468018,0.8236435183216138,5,"{""BILL_AMT1"": 0.20207222250243564, ""BILL_AMT3"": -0.032547075809525775, ""BILL_AMT4"": -0.018025408049993835, ""BILL_AMT5"": 0.11246766253018084, ""BILL_AMT6"": -0.1432804738984296}",0.9056179523468018,False
monotone_xgboost,2350,False,infeasible,very_high_risk,gurobi:Optimal|refined_7,gurobi,0.7240615487098694,0.6692329049110413,0.3703168285319222,4,"{""BILL_AMT1"": 0.14868800602365112, ""BILL_AMT3"": -0.028536742629217807, ""BILL_AMT4"": -0.018025408049993835, ""BILL_AMT6"": -0.014328047389842946}",0.6692329049110413,False
monotone_xgboost,2351,False,infeasible,very_high_risk,gurobi:Optimal|refined_7,gurobi,0.8121950030326843,0.8745183944702148,0.8939246328155298,5,"{""BILL_AMT1"": 0.16751779281491483, ""BILL_AMT3"": -0.07146691221394033, ""BILL_AMT4"": 0.08407877295242176, ""BILL_AMT5"": 0.09396778399710466, ""BILL_AMT6"": -0.1432804738984296}",0.8745183944702148,False
monotone_xgboost,2362,False,infeasible,very_high_risk,gurobi:Optimal|refined_12,gurobi,0.6987965106964111,0.7551391124725342,0.5677716974751915,5,"{""BILL_AMT1"": 0.1147635455905765, ""BILL_AMT3"": -0.05617439384153473, ""BILL_AMT4"": -0.018025408049993835, ""BILL_AMT5"": 0.11246766253018084, ""BILL_AMT6"": -0.049461621732253075}",0.7551391124725342,False
monotone_xgboost,2365,False,infeasible,moderate_risk,gurobi:Optimal|refined_2,gurobi,0.37335067987442017,0.33321285247802734,0.36319239283933347,2,"{""BILL_AMT1"": 0.18855612086644064, ""BILL_AMT4"": -0.017905572914525353}",0.33321285247802734,False
monotone_xgboost,2370,False,infeasible,very_high_risk,gurobi:Optimal|refined_8,gurobi,0.8008310198783875,0.7391379475593567,0.7077445768890518,5,"{""BILL_AMT1"": 0.14773456296882276, ""BILL_AMT3"": 0.02610288983539022, ""BILL_AMT4"": -0.01796698598034782, ""BILL_AMT5"": 0.11246766253018084, ""BILL_AMT6"": -0.14037073743088074}",0.7391379475593567,False
monotone_xgboost,2376,False,infeasible,very_high_risk,gurobi:Optimal|refined_7,gurobi,0.6667248010635376,0.6717448830604553,0.46142816698336137,4,"{""BILL_AMT1"": 0.15948405822267525, ""BILL_AMT3"": -0.06431269310663851, ""BILL_AMT4"": 0.018025408049993835, ""BILL_AMT6"": -0.014328047389842946}",0.6717448830604553,False
monotone_xgboost,2379,False,infeasible,very_high_risk,gurobi:Optimal|refined_6,gurobi,0.8038395047187805,0.8010408282279968,4.341647405719526,7,"{""BILL_AMT1"": 0.16879853038383633, ""BILL_AMT3"": -0.05947357166547384, ""BILL_AMT4"": 0.16222867244994446, ""BILL_AMT5"": 0.10372218283498846, ""BILL_AMT6"": -0.1432804738984296, ""PAY_AMT1"": 0.044141073784297415, ""PAY_AMT2"": 0.34642105817415636}",0.8010408282279968,False
monotone_xgboost,2381,False,infeasible,very_high_risk,gurobi:Optimal|refined_10,gurobi,0.5697036385536194,0.7080387473106384,0.3304397709693006,4,"{""BILL_AMT1"": 0.14382580694828997, ""BILL_AMT4"": 0.018025408049993835, ""BILL_AMT5"": 0.01958186411257054, ""BILL_AMT6"": 0.014328047389842946}",0.7080387473106384,False
monotone_xgboost,2382,False,infeasible,very_high_risk,gurobi:Optimal|refined_6,gurobi,0.8224432468414307,0.8812182545661926,0.6899902747968762,5,"{""BILL_AMT1"": 0.18585043151392233, ""BILL_AMT3"": -0.03288366034178786, ""BILL_AMT4"": 0.03605081609998767, ""BILL_AMT5"": 0.11246766253018087, ""BILL_AMT6"": -0.061296614739627636}",0.8812182545661926,False
monotone_xgboost,2389,False,infeasible,very_high_risk,gurobi:Optimal|refined_9,gurobi,0.6288204193115234,0.5000207424163818,0.48292532435200897,5,"{""BILL_AMT1"": 0.16798514455915503, ""BILL_AMT3"": 0.02644889983765951, ""BILL_AMT4"": -0.018025408049993835, ""BILL_AMT5"": 0.06161224622604544, ""BILL_AMT6"": -0.014328047389842946}",0.5000207424163818,False
monotone_xgboost,2393,False,infeasible,very_high_risk,gurobi:Optimal|refined_7,gurobi,0.6069397330284119,0.5708500742912292,0.6515819910838474,3,"{""BILL_AMT1"": 0.1773773970414772, ""BILL_AMT3"": -0.055690645347111906, ""BILL_AMT6"": -0.14164809582548055}",0.5708500742912292,False
monotone_xgboost,2398,False,infeasible,near_threshold,gurobi:Optimal|refined_5,gurobi,0.34303930401802063,0.4350445866584778,0.2102412802184116,3,"{""BILL_AMT1"": 0.09777814104745106, ""BILL_AMT5"": 0.008251381996122978, ""BILL_AMT6"": -0.014328047389842974}",0.4350445866584778,False
monotone_xgboost,2400,False,infeasible,very_high_risk,gurobi:Optimal|refined_5,gurobi,0.5670967698097229,0.5746839046478271,0.5350944169753062,4,"{""BILL_AMT1"": 0.16879627392838284, ""BILL_AMT3"": 0.026323435072529544, ""BILL_AMT5"": 0.11246766253018083, ""BILL_AMT6"": -0.01765397374925562}",0.5746839046478271,False
monotone_xgboost,2410,False,infeasible,very_high_risk,gurobi:Optimal|refined_3,gurobi,0.7979530692100525,0.8646263480186462,4.457379009154694,7,"{""BILL_AMT1"": 0.20207222250243564, ""BILL_AMT3"": -0.06889433902979733, ""BILL_AMT4"": 0.1622286724499445, ""BILL_AMT5"": 0.10342793540934356, ""BILL_AMT6"": -0.1432804738984296, ""PAY_AMT1"": 0.049074164876727236, ""PAY_AMT2"": 0.34642105817415636}",0.8646263480186462,False
monotone_xgboost,2412,False,infeasible,very_high_risk,gurobi:Optimal|refined_10,gurobi,0.5969256162643433,0.3724029064178467,0.40931412742763706,5,"{""BILL_AMT1"": 0.14646630227123303, ""BILL_AMT3"": 0.026669063225513642, ""BILL_AMT4"": -0.018025408049993835, ""BILL_AMT5"": 0.01853969264637295, ""BILL_AMT6"": -0.02865609477968592}",0.3724029064178467,False
monotone_xgboost,2419,False,infeasible,very_high_risk,gurobi:Optimal|refined_6,gurobi,0.6741710305213928,0.7476892471313477,0.47183718359789395,5,"{""BILL_AMT1"": 0.1958640807079478, ""BILL_AMT3"": 0.029515749646516654, ""BILL_AMT4"": 0.018025408049993835, ""BILL_AMT5"": 0.01061150911497713, ""BILL_AMT6"": 0.014328047389842974}",0.7476892471313477,False
monotone_xgboost,2422,False,infeasible,very_high_risk,gurobi:Optimal|refined_2,gurobi,0.7001304626464844,0.836349606513977,0.6242286368702442,4,"{""BILL_AMT1"": 0.20207222250243562, ""BILL_AMT4"": -0.018025408049993835, ""BILL_AMT5"": 0.11246766253018084, ""BILL_AMT6"": -0.05633989624330665}",0.836349606513977,False
monotone_xgboost,2423,False,infeasible,very_high_risk,gurobi:Optimal|refined_6,gurobi,0.6325480937957764,0.6115286946296692,0.5899799000566253,5,"{""BILL_AMT1"": 0.20207222250243564, ""BILL_AMT3"": 0.05175967060589662, ""BILL_AMT4"": -0.018025408049993835, ""BILL_AMT5"": 0.057603876624522224, ""BILL_AMT6"": -0.014328047389842974}",0.6115286946296692,False
monotone_xgboost,2432,False,infeasible,very_high_risk,gurobi:Optimal|refined_4,gurobi,0.7343488931655884,0.8366919159889221,0.5981671405824505,5,"{""BILL_AMT1"": 0.18761329839809365, ""BILL_AMT3"": -0.030070794857472022, ""BILL_AMT4"": -0.018025408049993835, ""BILL_AMT5"": 0.11246766253018084, ""BILL_AMT6"": -0.017499348854482843}",0.8366919159889221,False
monotone_xgboost,2433,False,infeasible,very_high_risk,gurobi:Optimal|refined_4,gurobi,0.6470998525619507,0.6972657442092896,0.4875228809275697,5,"{""BILL_AMT1"": 0.20207222250243564, ""BILL_AMT3"": -0.027832503447553544, ""BILL_AMT4"": -0.018025408049993835, ""BILL_AMT5"": 0.016488443265412267, ""BILL_AMT6"": -0.014328047389842974}",0.6972657442092896,False
monotone_xgboost,2434,False,infeasible,moderate_risk,gurobi:Optimal|refined_6,gurobi,0.35264235734939575,0.3808352053165436,0.27645166968255386,3,"{""BILL_AMT1"": 0.13261334555702653, ""BILL_AMT5"": -0.010584687235065768, ""BILL_AMT6"": 0.014328047389842946}",0.3808352053165436,False
monotone_xgboost,2436,False,infeasible,high_risk,gurobi:Optimal|refined_4,gurobi,0.4263969659805298,0.42385566234588623,0.3699878731813544,3,"{""BILL_AMT1"": 0.1789356786311899, ""BILL_AMT4"": 0.018025408049993835, ""BILL_AMT5"": 0.018132524449051668}",0.42385566234588623,False
monotone_xgboost,2437,False,infeasible,very_high_risk,gurobi:Optimal|refined_4,gurobi,0.6014450788497925,0.6499632000923157,0.2499109874766927,3,"{""BILL_AMT1"": 0.11770530757920566, ""BILL_AMT4"": 0.018025408049993807, ""BILL_AMT5"": 0.01124676625301807}",0.6499632000923157,False
monotone_xgboost,2451,False,infeasible,very_high_risk,gurobi:Optimal|refined_4,gurobi,0.8146266341209412,0.8108309507369995,0.7382923598404858,5,"{""BILL_AMT1"": 0.18770930836543248, ""BILL_AMT3"": -0.030113398327718324, ""BILL_AMT4"": 0.018025408049993835, ""BILL_AMT5"": 0.11246766253018084, ""BILL_AMT6"": -0.10802920861511917}",0.8108309507369995,False
monotone_xgboost,2457,False,infeasible,very_high_risk,gurobi:Optimal|refined_4,gurobi,0.5624589920043945,0.7790607213973999,0.42506239140490665,3,"{""BILL_AMT1"": 0.18462185788578084, ""BILL_AMT4"": 0.018025408049993835, ""BILL_AMT5"": 0.05184608399291407}",0.7790607213973999,False
monotone_xgboost,2460,False,infeasible,very_high_risk,gurobi:Optimal|refined_3,gurobi,0.8920467495918274,0.8852371573448181,4.445320912085749,7,"{""BILL_AMT1"": 0.18028565841157917, ""BILL_AMT3"": -0.054622994745753835, ""BILL_AMT4"": 0.18025408049993835, ""BILL_AMT5"": 0.11246766253018084, ""BILL_AMT6"": -0.1432804738984296, ""PAY_AMT1"": 0.052037500703244415, ""PAY_AMT2"": 0.34642105817415636}",0.8852371573448181,False
monotone_xgboost,2475,True,feasible,near_threshold,gurobi:Optimal,gurobi,0.304453045129776,0.20852014422416687,0.08047808320357035,1,"{""BILL_AMT1"": 0.04442078599112506}",0.20852014422416687,True
monotone_xgboost,2490,False,infeasible,high_risk,gurobi:Optimal|refined_6,gurobi,0.49687084555625916,0.48711729049682617,0.5325930735291555,4,"{""BILL_AMT1"": 0.1913235748271599, ""BILL_AMT3"": 0.05206034964302547, ""BILL_AMT4"": -0.018025408049993835, ""BILL_AMT5"": 0.04527120584466712}",0.48711729049682617,False
monotone_xgboost,2499,False,infeasible,very_high_risk,gurobi:Optimal|refined_8,gurobi,0.7437064051628113,0.7447736859321594,0.7182729159769956,4,"{""BILL_AMT1"": 0.11571528310551987, ""BILL_AMT3"": -0.06895197271996148, ""BILL_AMT5"": 0.11246766253018083, ""BILL_AMT6"": -0.1432804738984296}",0.7447736859321594,False
monotone_xgboost,2508,True,feasible,very_high_risk,gurobi:Optimal|refined_2,gurobi,0.7295271754264832,0.2933870851993561,0.12786064609253767,3,"{""BILL_AMT1"": 0.052687640883846226, ""BILL_AMT4"": -0.017749290794721054, ""BILL_AMT5"": 0.008292284123529378}",0.2933870851993561,True
monotone_xgboost,2511,False,infeasible,very_high_risk,gurobi:Optimal|refined_4,gurobi,0.6874814033508301,0.5403356552124023,0.5434521957686125,4,"{""BILL_AMT1"": 0.18037078429967146, ""BILL_AMT4"": -0.017749290794721054, ""BILL_AMT5"": 0.11246766253018085, ""BILL_AMT6"": -0.029720194807754424}",0.5403356552124023,False
monotone_xgboost,2513,False,infeasible,very_high_risk,gurobi:Optimal|refined_8,gurobi,0.8067077398300171,0.8697298765182495,0.7408951280245898,4,"{""BILL_AMT1"": 0.1163477100516683, ""BILL_AMT3"": -0.07969018806592948, ""BILL_AMT5"": 0.11246766253018083, ""BILL_AMT6"": -0.1432804738984296}",0.8697298765182495,False
monotone_xgboost,2514,False,infeasible,high_risk,gurobi:Optimal|refined_13,gurobi,0.42829325795173645,0.4308217465877533,0.5273108605109048,5,"{""BILL_AMT1"": 0.11112616728795777, ""BILL_AMT3"": -0.09291882320596298, ""BILL_AMT4"": 0.018025408049993835, ""BILL_AMT5"": -0.022493532506036196, ""BILL_AMT6"": -0.05731218955937181}",0.4308217465877533,False
monotone_xgboost,2522,False,infeasible,very_high_risk,gurobi:Optimal|refined_3,gurobi,0.637372612953186,0.5771895051002502,0.3668882940987622,2,"{""BILL_AMT1"": 0.17807123155800655, ""BILL_AMT6"": -0.02865609477968592}",0.5771895051002502,False
monotone_xgboost,2538,False,infeasible,high_risk,gurobi:Optimal|refined_4,gurobi,0.49538570642471313,0.4923097789287567,0.28271314933979114,4,"{""BILL_AMT1"": 0.12359238006709306, ""BILL_AMT4"": -0.018025408049993835, ""BILL_AMT5"": 0.011246766253018098, ""BILL_AMT6"": 0.014328047389842946}",0.4923097789287567,False
monotone_xgboost,2543,True,feasible,high_risk,gurobi:Optimal|refined_1,gurobi,0.47768253087997437,0.29668575525283813,0.4023546729700503,3,"{""BILL_AMT1"": 0.20207222250243567, ""BILL_AMT4"": -0.017773958804423798, ""BILL_AMT5"": 0.011169522456633371}",0.29668575525283813,True
monotone_xgboost,2554,True,feasible,near_threshold,gurobi:Optimal,gurobi,0.24239686131477356,0.25481534004211426,0.06465337171744383,1,"{""BILL_AMT1"": 0.03568615794937097}",0.25481534004211426,True
monotone_xgboost,2567,False,infeasible,moderate_risk,gurobi:Optimal|refined_11,gurobi,0.37711217999458313,0.34578776359558105,0.40660044469251233,4,"{""BILL_AMT1"": 0.11024335532045215, ""BILL_AMT3"": -0.06270008902543334, ""BILL_AMT4"": 0.018025408049993835, ""BILL_AMT5"": -0.04498706501207228}",0.34578776359558105,False
monotone_xgboost,2576,False,infeasible,very_high_risk,gurobi:Optimal|refined_10,gurobi,0.5006608963012695,0.5579417943954468,0.5536881620006427,5,"{""BILL_AMT1"": 0.15532377481105497, ""BILL_AMT3"": 0.027405104997643454, ""BILL_AMT4"": 0.03605081609998767, ""BILL_AMT5"": 0.09407576561345757, ""BILL_AMT6"": -0.03177235305497744}",0.5579417943954468,False
monotone_xgboost,2579,False,infeasible,very_high_risk,gurobi:Optimal|refined_7,gurobi,0.6739223599433899,0.6861932277679443,0.5956264788499321,4,"{""BILL_AMT1"": 0.14171690598367748, ""BILL_AMT4"": 0.018025408049993835, ""BILL_AMT5"": 0.11246766253018083, ""BILL_AMT6"": -0.10860289533070502}",0.6861932277679443,False
monotone_xgboost,2585,False,near_feasible,moderate_risk,gurobi:Optimal|refined_5,gurobi,0.3900061547756195,0.3020019829273224,0.35879383436789963,3,"{""BILL_AMT1"": 0.16690357008241302, ""BILL_AMT4"": -0.03605081609998767, ""BILL_AMT5"": 0.009758563418128821}",0.3020019829273224,False
monotone_xgboost,2595,True,feasible,high_risk,gurobi:Optimal|refined_1,gurobi,0.4270479083061218,0.12534736096858978,0.019474034661427504,1,"{""BILL_AMT1"": -0.010748913140623179}",0.12534736096858978,True
monotone_xgboost,2597,False,infeasible,very_high_risk,gurobi:Optimal|refined_5,gurobi,0.6758102774620056,0.4589471220970154,0.42751152302634493,4,"{""BILL_AMT1"": 0.1910843020606305, ""BILL_AMT4"": -0.018025408049993835, ""BILL_AMT5"": 0.028205538402490363, ""BILL_AMT6"": -0.014328047389842974}",0.4589471220970154,False
monotone_xgboost,2614,False,infeasible,high_risk,gurobi:Optimal|refined_9,gurobi,0.42447149753570557,0.4997967779636383,0.4439867275927657,5,"{""BILL_AMT1"": 0.1672230736120255, ""BILL_AMT3"": 0.026125637142807273, ""BILL_AMT4"": -0.018025408049993835, ""BILL_AMT5"": 0.03381821607230506, ""BILL_AMT6"": -0.014328047389842974}",0.4997967779636383,False
monotone_xgboost,2625,False,infeasible,moderate_risk,gurobi:Optimal|refined_4,gurobi,0.3648037612438202,0.33554261922836304,0.33305926143807707,3,"{""BILL_AMT1"": 0.1474071747892189, ""BILL_AMT4"": 0.018025408049993835, ""BILL_AMT6"": -0.028656094779685892}",0.33554261922836304,False
monotone_xgboost,2634,False,infeasible,very_high_risk,gurobi:Optimal,gurobi,0.7513457536697388,0.8881030678749084,0.5735225884767445,3,"{""BILL_AMT1"": 0.20207222250243567, ""BILL_AMT5"": 0.11246766253018084, ""BILL_AMT6"": -0.03758203977865862}",0.8881030678749084,False
monotone_xgboost,2643,False,infeasible,very_high_risk,gurobi:Optimal|refined_4,gurobi,0.6004157662391663,0.7517285346984863,0.37156352781218194,3,"{""BILL_AMT1"": 0.18466278379351747, ""BILL_AMT4"": -0.018025408049993835, ""BILL_AMT5"": 0.01150598849726786}",0.7517285346984863,False
monotone_xgboost,2647,False,infeasible,very_high_risk,gurobi:Optimal|refined_6,gurobi,0.8283368349075317,0.879104733467102,0.7215548528428979,5,"{""BILL_AMT1"": 0.20207222250243562, ""BILL_AMT3"": -0.030044174507305316, ""BILL_AMT4"": 0.018025408049993835, ""BILL_AMT5"": 0.0787273637711266, ""BILL_AMT6"": -0.10944515711764707}",0.879104733467102,False
monotone_xgboost,2649,False,infeasible,very_high_risk,gurobi:Optimal|refined_4,gurobi,0.9392886757850647,0.9567293524742126,2.919233535394689,6,"{""BILL_AMT1"": 0.16953333846566346, ""BILL_AMT3"": -0.05294285789097004, ""BILL_AMT4"": 0.18025408049993835, ""BILL_AMT5"": 0.11246766253018084, ""BILL_AMT6"": -0.1432804738984296, ""PAY_AMT2"": 0.2192249849325461}",0.9567293524742126,False
monotone_xgboost,2653,False,infeasible,high_risk,gurobi:Optimal|refined_8,gurobi,0.4772495627403259,0.37793195247650146,0.29657263223648367,4,"{""BILL_AMT1"": 0.08294098452543647, ""BILL_AMT3"": -0.03608082985668651, ""BILL_AMT5"": -0.022493532506036196, ""BILL_AMT6"": -0.028656094779685892}",0.37793195247650146,False
monotone_xgboost,2658,False,infeasible,very_high_risk,gurobi:Optimal|refined_7,gurobi,0.6489232778549194,0.5330668687820435,0.4753603214198598,4,"{""BILL_AMT1"": 0.17937697052715218, ""BILL_AMT4"": -0.017985692554372407, ""BILL_AMT5"": 0.08024268451930608, ""BILL_AMT6"": -0.014328047389842946}",0.5330668687820435,False
monotone_xgboost,2663,False,infeasible,very_high_risk,gurobi:Optimal|refined_8,gurobi,0.5874049663543701,0.49971768260002136,0.37740364323146647,3,"{""BILL_AMT1"": 0.15341277826298952, ""BILL_AMT5"": 0.041557371555829725, ""BILL_AMT6"": -0.028656094779685948}",0.49971768260002136,False
monotone_xgboost,2667,False,infeasible,high_risk,gurobi:Optimal|refined_11,gurobi,0.4848356544971466,0.35112953186035156,0.45579749897314004,5,"{""BILL_AMT1"": 0.1514217863049998, ""BILL_AMT3"": -0.028547816258487957, ""BILL_AMT4"": -0.018025408049993835, ""BILL_AMT5"": -0.010614483815152134, ""BILL_AMT6"": -0.057312189559371784}",0.35112953186035156,False
monotone_xgboost,2669,False,infeasible,very_high_risk,gurobi:Optimal|refined_12,gurobi,0.8084986209869385,0.7502889037132263,0.4891259443991378,4,"{""BILL_AMT1"": 0.115309253856548, ""BILL_AMT4"": -0.054076224149981506, ""BILL_AMT5"": 0.11246766253018084, ""BILL_AMT6"": -0.0425119670459323}",0.7502889037132263,False
monotone_xgboost,2674,True,feasible,high_risk,gurobi:Optimal|refined_1,gurobi,0.4261946976184845,0.1378636509180069,0.019853022645865255,1,"{""BILL_AMT1"": -0.010958099834438101}",0.1378636509180069,True
monotone_xgboost,2686,False,infeasible,very_high_risk,gurobi:Optimal|refined_4,gurobi,0.771902859210968,0.850620687007904,0.6371623742748573,4,"{""BILL_AMT1"": 0.20207222250243564, ""BILL_AMT4"": 0.018025408049993835, ""BILL_AMT5"": 0.0899741300241447, ""BILL_AMT6"": -0.08404649394352323}",0.850620687007904,False
monotone_xgboost,2690,False,infeasible,very_high_risk,gurobi:Optimal|refined_4,gurobi,0.7142830491065979,0.7606677412986755,0.7059463620488509,5,"{""BILL_AMT1"": 0.20207222250243567, ""BILL_AMT3"": 0.06271983608846687, ""BILL_AMT4"": -0.018025408049993835, ""BILL_AMT5"": 0.11246766253018081, ""BILL_AMT6"": -0.028040382586802803}",0.7606677412986755,False
monotone_xgboost,2718,False,infeasible,very_high_risk,gurobi:Optimal|refined_3,gurobi,0.7749390006065369,0.9406371712684631,1.891536193219256,6,"{""BILL_AMT1"": 0.20207222250243564, ""BILL_AMT3"": -0.06122135039363207, ""BILL_AMT4"": 0.1622286724499445, ""BILL_AMT5"": 0.10365986286632196, ""BILL_AMT6"": -0.1432804738984296, ""PAY_AMT1"": 0.11312475325818677}",0.9406371712684631,False
monotone_xgboost,2719,False,infeasible,very_high_risk,gurobi:Optimal|refined_2,gurobi,0.617824912071228,0.6163612604141235,0.03660985453731157,1,"{""BILL_AMT1"": 0.020207222250243517}",0.6163612604141235,False
monotone_xgboost,2732,False,infeasible,very_high_risk,gurobi:Optimal|refined_5,gurobi,0.6444258093833923,0.7576606273651123,0.7825315952247545,5,"{""BILL_AMT1"": 0.20207222250243564, ""BILL_AMT3"": -0.057460025834831646, ""BILL_AMT4"": -0.018025408049993835, ""BILL_AMT5"": 0.10160533661211399, ""BILL_AMT6"": -0.09375704990754977}",0.7576606273651123,False
monotone_xgboost,2734,False,infeasible,very_high_risk,gurobi:Optimal|refined_6,gurobi,0.6177257299423218,0.5435311198234558,0.28603172685357475,4,"{""BILL_AMT1"": 0.1171799653983539, ""BILL_AMT4"": 0.018025408049993835, ""BILL_AMT5"": -0.022493532506036168, ""BILL_AMT6"": -0.014328047389842946}",0.5435311198234558,False
monotone_xgboost,2749,False,infeasible,high_risk,gurobi:Optimal|refined_3,gurobi,0.4757421910762787,0.37144097685813904,0.37837123518138077,3,"{""BILL_AMT1"": 0.19096142222618112, ""BILL_AMT4"": -0.017749290794721054, ""BILL_AMT5"": 0.008290053098398129}",0.37144097685813904,False
monotone_xgboost,2750,False,infeasible,very_high_risk,gurobi:Optimal|refined_4,gurobi,0.5298691391944885,0.6272315382957458,0.364848861172608,2,"{""BILL_AMT1"": 0.17888931068382985, ""BILL_AMT5"": 0.030685431905625157}",0.6272315382957458,False
monotone_xgboost,2758,False,infeasible,very_high_risk,gurobi:Optimal|refined_11,gurobi,0.7573050260543823,0.7947999238967896,0.7174181382688731,5,"{""BILL_AMT1"": 0.15525953219696453, ""BILL_AMT3"": 0.03441343635125209, ""BILL_AMT4"": 0.018025408049993835, ""BILL_AMT5"": 0.09353248620482794, ""BILL_AMT6"": -0.1432804738984296}",0.7947999238967896,False
monotone_xgboost,2760,False,infeasible,very_high_risk,gurobi:Optimal|refined_8,gurobi,0.5716103911399841,0.5720831155776978,0.38721016956095056,4,"{""BILL_AMT1"": 0.1574627905626811, ""BILL_AMT3"": -0.027553971668965033, ""BILL_AMT5"": 0.018589218694999035, ""BILL_AMT6"": 0.014328047389842946}",0.5720831155776978,False
monotone_xgboost,2767,False,infeasible,very_high_risk,gurobi:Optimal|refined_10,gurobi,0.7202482223510742,0.5696575045585632,0.42082719895619003,4,"{""BILL_AMT1"": 0.16859598032370848, ""BILL_AMT4"": -0.018025408049993835, ""BILL_AMT5"": 0.05385115614936377, ""BILL_AMT6"": -0.014328047389842974}",0.5696575045585632,False
monotone_xgboost,2776,False,infeasible,very_high_risk,gurobi:Optimal|refined_4,gurobi,0.6715925335884094,0.8127302527427673,0.7745725110697577,5,"{""BILL_AMT1"": 0.20207222250243567, ""BILL_AMT3"": -0.020409446873968756, ""BILL_AMT4"": 0.018025408049993835, ""BILL_AMT5"": 0.09379663958036895, ""BILL_AMT6"": -0.1432804738984296}",0.8127302527427673,False
monotone_xgboost,2779,False,infeasible,very_high_risk,gurobi:Optimal|refined_5,gurobi,0.6398220062255859,0.7920843958854675,0.5413030662257774,4,"{""BILL_AMT1"": 0.20105771131380745, ""BILL_AMT3"": -0.06998500968806187, ""BILL_AMT5"": -0.011246766253018098, ""BILL_AMT6"": -0.014328047389842946}",0.7920843958854675,False
monotone_xgboost,2787,False,infeasible,very_high_risk,gurobi:Optimal|refined_4,gurobi,0.5738813281059265,0.5754669904708862,0.4161149568243767,3,"{""BILL_AMT1"": 0.18057289191755357, ""BILL_AMT4"": -0.017768048760432517, ""BILL_AMT5"": 0.050865953526152766}",0.5754669904708862,False
monotone_xgboost,2793,True,feasible,moderate_risk,gurobi:Optimal|refined_3,gurobi,0.3520011603832245,0.2867632806301117,0.31089281814991776,3,"{""BILL_AMT1"": 0.1400973553288943, ""BILL_AMT5"": 0.009640269507835864, ""BILL_AMT6"": -0.02865609477968592}",0.2867632806301117,True
monotone_xgboost,2813,False,infeasible,very_high_risk,gurobi:Optimal|refined_8,gurobi,0.6683297157287598,0.6864517331123352,0.5990335739302342,5,"{""BILL_AMT1"": 0.15560233644901156, ""BILL_AMT3"": 0.025933948801647844, ""BILL_AMT4"": 0.03561883813674299, ""BILL_AMT5"": 0.11246766253018084, ""BILL_AMT6"": -0.04722806862314524}",0.6864517331123352,False
monotone_xgboost,2819,False,infeasible,very_high_risk,gurobi:Optimal|refined_10,gurobi,0.6178898811340332,0.47525548934936523,0.6277715473560247,4,"{""BILL_AMT1"": 0.15401697739385578, ""BILL_AMT3"": -0.008855400036087188, ""BILL_AMT5"": 0.08257368084441825, ""BILL_AMT6"": -0.1432804738984296}",0.47525548934936523,False
monotone_xgboost,2842,False,infeasible,very_high_risk,gurobi:Optimal|refined_7,gurobi,0.6175445914268494,0.5855210423469543,0.1667217024071243,2,"{""BILL_AMT1"": 0.08413503468271721, ""BILL_AMT5"": 0.010762128100505197}",0.5855210423469543,False
monotone_xgboost,2854,False,infeasible,very_high_risk,gurobi:Optimal|refined_3,gurobi,0.7727991342544556,0.884742021560669,0.8556450944507582,5,"{""BILL_AMT1"": 0.19020136431490914, ""BILL_AMT3"": -0.059301207062401946, ""BILL_AMT4"": 0.01802540804999382, ""BILL_AMT5"": 0.11246766253018083, ""BILL_AMT6"": -0.1432804738984296}",0.884742021560669,False
monotone_xgboost,2858,False,infeasible,very_high_risk,gurobi:Optimal|refined_5,gurobi,0.5734037756919861,0.5176863074302673,0.344917297060594,3,"{""BILL_AMT1"": 0.17252449046404736, ""BILL_AMT4"": -0.017749290794721054, ""BILL_AMT5"": 0.008251381996122978}",0.5176863074302673,False
monotone_xgboost,2859,False,infeasible,very_high_risk,gurobi:Optimal|refined_10,gurobi,0.5121781229972839,0.4346890151500702,0.36982522642773835,3,"{""BILL_AMT1"": 0.15185198126567098, ""BILL_AMT5"": 0.02131156513849708, ""BILL_AMT6"": -0.04298414216952884}",0.4346890151500702,False
monotone_xgboost,2863,False,infeasible,very_high_risk,gurobi:Optimal|refined_4,gurobi,0.7428117990493774,0.9625913500785828,0.9937254134171475,5,"{""BILL_AMT1"": 0.16977225727839612, ""BILL_AMT3"": -0.05097906156719675, ""BILL_AMT4"": 0.17710563313971908, ""BILL_AMT5"": 0.11246766253018084, ""BILL_AMT6"": -0.1432804738984296}",0.9625913500785828,False
monotone_xgboost,2872,False,infeasible,very_high_risk,gurobi:Optimal|refined_9,gurobi,0.7400744557380676,0.7960524559020996,0.6791953916340593,5,"{""BILL_AMT1"": 0.1550337096747077, ""BILL_AMT3"": -0.02720196117792867, ""BILL_AMT4"": 0.018025408049993835, ""BILL_AMT5"": 0.09340100445709244, ""BILL_AMT6"": -0.12825362453908484}",0.7960524559020996,False
monotone_xgboost,2873,False,infeasible,very_high_risk,gurobi:Optimal|refined_6,gurobi,0.7356833815574646,0.8833280801773071,0.9579948960044912,5,"{""BILL_AMT1"": 0.14202373968114074, ""BILL_AMT3"": -0.08203540942971355, ""BILL_AMT4"": 0.13763715049145003, ""BILL_AMT5"": 0.11246766253018083, ""BILL_AMT6"": -0.1432804738984296}",0.8833280801773071,False
monotone_xgboost,2878,False,infeasible,very_high_risk,gurobi:Optimal|refined_3,gurobi,0.7952401041984558,0.860999584197998,0.41705373490814585,3,"{""BILL_AMT1"": 0.18445943733734715, ""BILL_AMT5"": 0.04572791766732931, ""BILL_AMT6"": -0.014328047389842946}",0.860999584197998,False
monotone_xgboost,2879,False,infeasible,very_high_risk,gurobi:Optimal|refined_8,gurobi,0.626253604888916,0.7353871464729309,0.6176743137645869,4,"{""BILL_AMT1"": 0.14252922994696873, ""BILL_AMT3"": -0.0271749589784768, ""BILL_AMT5"": 0.10356546571410159, ""BILL_AMT6"": -0.1084568227581153}",0.7353871464729309,False
monotone_xgboost,2886,True,feasible,high_risk,gurobi:Optimal|refined_1,gurobi,0.46279534697532654,0.19895672798156738,0.01962857967707812,1,"{""BILL_AMT1"": -0.010834216005613712}",0.19895672798156738,True
monotone_xgboost,2898,True,feasible,near_threshold,gurobi:Optimal|refined_4,gurobi,0.2689841091632843,0.2230103462934494,0.3652692403797829,3,"{""BILL_AMT1"": 0.17032592573625083, ""BILL_AMT5"": 0.009347112805588476, ""BILL_AMT6"": -0.028656094779685948}",0.2230103462934494,True
monotone_xgboost,2928,False,infeasible,very_high_risk,gurobi:Optimal|refined_4,gurobi,0.9201053977012634,0.9328824877738953,2.750578941815225,6,"{""BILL_AMT1"": 0.16953333846566346, ""BILL_AMT3"": -0.05294285789097004, ""BILL_AMT4"": 0.18025408049993835, ""BILL_AMT5"": 0.11246766253018084, ""BILL_AMT6"": -0.1432804738984296, ""PAY_AMT2"": 0.1999501742377502}",0.9328824877738953,False
monotone_xgboost,2938,False,infeasible,very_high_risk,gurobi:Optimal|refined_15,gurobi,0.7105595469474792,0.7678564786911011,0.5390711219856383,5,"{""BILL_AMT1"": 0.12795270469369294, ""BILL_AMT3"": -0.05609998778082287, ""BILL_AMT4"": -0.018025408049993835, ""BILL_AMT5"": 0.08051115553250304, ""BILL_AMT6"": -0.04298414216952892}",0.7678564786911011,False
monotone_xgboost,2945,False,infeasible,very_high_risk,gurobi:Optimal|refined_4,gurobi,0.5413790941238403,0.46657416224479675,0.5091915294937379,2,"{""BILL_AMT1"": 0.16859717491777212, ""BILL_AMT6"": -0.13187325277066797}",0.46657416224479675,False
monotone_xgboost,2947,True,feasible,moderate_risk,gurobi:Optimal|refined_6,gurobi,0.35500484704971313,0.25952836871147156,0.35571266140995655,3,"{""BILL_AMT1"": 0.14814594426080616, ""BILL_AMT4"": -0.054076224149981506, ""BILL_AMT6"": -0.014328047389842974}",0.25952836871147156,True
monotone_xgboost,2957,False,infeasible,very_high_risk,gurobi:Optimal|refined_7,gurobi,0.7883967161178589,0.8940737247467041,0.8999631131529914,5,"{""BILL_AMT1"": 0.1559745188661799, ""BILL_AMT3"": -0.07024063050953969, ""BILL_AMT4"": 0.10840795746591593, ""BILL_AMT5"": 0.09402856703734738, ""BILL_AMT6"": -0.1432804738984296}",0.8940737247467041,False
monotone_xgboost,2963,False,near_feasible,very_high_risk,gurobi:Optimal|refined_6,gurobi,0.5118218660354614,0.30235204100608826,0.4177150044108274,4,"{""BILL_AMT1"": 0.19101585624520503, ""BILL_AMT4"": -0.018025408049993835, ""BILL_AMT5"": 0.02092220424007686, ""BILL_AMT6"": -0.014328047389842974}",0.30235204100608826,False
monotone_xgboost,2965,False,infeasible,very_high_risk,gurobi:Optimal|refined_3,gurobi,0.6585435271263123,0.7368627786636353,0.4369390738360095,3,"{""BILL_AMT1"": 0.19375465165505795, ""BILL_AMT3"": -0.03548678146874509, ""BILL_AMT5"": -0.011246766253018098}",0.7368627786636353,False
monotone_xgboost,2976,True,feasible,near_threshold,gurobi:Optimal|refined_8,gurobi,0.31408974528312683,0.2197628915309906,0.313074975014279,3,"{""BILL_AMT1"": 0.11577905498587499, ""BILL_AMT5"": 0.011121620616655337, ""BILL_AMT6"": -0.05731218955937181}",0.2197628915309906,True
monotone_xgboost,2987,False,infeasible,very_high_risk,gurobi:Optimal|refined_9,gurobi,0.5927101969718933,0.46095529198646545,0.5737674264554846,5,"{""BILL_AMT1"": 0.20207222250243564, ""BILL_AMT3"": -0.02925571028331035, ""BILL_AMT4"": 0.054076224149981506, ""BILL_AMT5"": 0.013230916330143588, ""BILL_AMT6"": 0.04298414216952884}",0.46095529198646545,False
monotone_xgboost,2991,False,infeasible,very_high_risk,gurobi:Optimal|refined_7,gurobi,0.7124046087265015,0.8958554863929749,3.560411056676893,6,"{""BILL_AMT1"": 0.17886391449892086, ""BILL_AMT3"": -0.07032791034615185, ""BILL_AMT4"": 0.18025408049993835, ""BILL_AMT5"": 0.09407338585331758, ""BILL_AMT6"": -0.1432804738984296, ""PAY_AMT2"": 0.28938855455623586}",0.8958554863929749,False
monotone_xgboost,2996,False,infeasible,very_high_risk,gurobi:Optimal|refined_5,gurobi,0.6420976519584656,0.7075422406196594,2.245046344555149,6,"{""BILL_AMT1"": 0.20207222250243564, ""BILL_AMT3"": -0.07730266028941996, ""BILL_AMT4"": 0.1442032643999506, ""BILL_AMT5"": 0.0933361559932772, ""BILL_AMT6"": -0.1432804738984296, ""PAY_AMT2"": 0.13773932617540333}",0.7075422406196594,False
monotone_xgboost,2997,True,feasible,moderate_risk,gurobi:Optimal|refined_1,gurobi,0.3685038089752197,0.2786228656768799,0.010958114109259046,1,"{""BILL_AMT5"": 0.008251381996122978}",0.2786228656768799,True
monotone_xgboost,3000,True,feasible,near_threshold,gurobi:Optimal,gurobi,0.268894225358963,0.2016018182039261,0.09231842453174417,1,"{""BILL_AMT1"": 0.05095619597188053}",0.2016018182039261,True
monotone_xgboost,3006,False,infeasible,very_high_risk,gurobi:Optimal|refined_6,gurobi,0.6409741640090942,0.8393789529800415,1.628595539484197,6,"{""BILL_AMT1"": 0.1418109249609103, ""BILL_AMT3"": -0.08195358458288968, ""BILL_AMT4"": 0.18025408049993835, ""BILL_AMT5"": 0.11246766253018084, ""BILL_AMT6"": -0.1432804738984296, ""PAY_AMT1"": 0.08263792737509547}",0.8393789529800415,False
monotone_xgboost,3007,True,feasible,high_risk,gurobi:Optimal|refined_1,gurobi,0.4759054183959961,0.2698246240615845,0.4767937985565569,3,"{""BILL_AMT1"": 0.20207222250243564, ""BILL_AMT5"": 0.06668416605784054, ""BILL_AMT6"": -0.014328047389842974}",0.2698246240615845,True
monotone_xgboost,3008,False,infeasible,very_high_risk,gurobi:Optimal|refined_9,gurobi,0.6273210644721985,0.5554521083831787,0.40989431138836147,4,"{""BILL_AMT1"": 0.17916194359569274, ""BILL_AMT4"": 0.018025408049993835, ""BILL_AMT5"": 0.014535970196261946, ""BILL_AMT6"": -0.02865609477968592}",0.5554521083831787,False
monotone_xgboost,3009,True,feasible,very_high_risk,gurobi:Optimal|refined_3,gurobi,0.5057846903800964,0.27340760827064514,0.09495213733427257,3,"{""BILL_AMT1"": -0.011109415082502211, ""BILL_AMT3"": -0.026344273133520696, ""BILL_AMT6"": -0.014328047389842974}",0.27340760827064514,True
monotone_xgboost,3018,False,infeasible,very_high_risk,gurobi:Optimal|refined_10,gurobi,0.5075095891952515,0.40877893567085266,0.37438534698120857,5,"{""BILL_AMT1"": 0.11648717792549898, ""BILL_AMT3"": -0.03034136235096968, ""BILL_AMT4"": 0.03605081609998767, ""BILL_AMT5"": 0.01124676625301807, ""BILL_AMT6"": -0.02865609477968592}",0.40877893567085266,False
monotone_xgboost,3026,True,feasible,high_risk,gurobi:Optimal|refined_5,gurobi,0.4109758138656616,0.2721981704235077,0.37675639793254595,3,"{""BILL_AMT1"": 0.19009844140427148, ""BILL_AMT4"": -0.017749290794721054, ""BILL_AMT5"": 0.008251381996122978}",0.2721981704235077,True
monotone_xgboost,3028,False,infeasible,very_high_risk,gurobi:Optimal|refined_10,gurobi,0.6776387095451355,0.7977997064590454,0.557422054790685,4,"{""BILL_AMT1"": 0.1439627428233655, ""BILL_AMT4"": 0.03605081609998767, ""BILL_AMT5"": 0.0938201397117516, ""BILL_AMT6"": -0.08320799251659837}",0.7977997064590454,False
monotone_xgboost,3048,True,feasible,high_risk,gurobi:Optimal|refined_2,gurobi,0.4672859013080597,0.2297898679971695,0.14683261566084113,2,"{""BILL_AMT1"": 0.05660901713999389, ""BILL_AMT6"": -0.028656094779685892}",0.2297898679971695,True
monotone_xgboost,3060,False,infeasible,very_high_risk,gurobi:Optimal|refined_5,gurobi,0.5792232751846313,0.6252340078353882,0.3670765119157367,3,"{""BILL_AMT1"": 0.17840183081036576, ""BILL_AMT4"": 0.018025408049993835, ""BILL_AMT6"": -0.014328047389842974}",0.6252340078353882,False
monotone_xgboost,3071,False,infeasible,very_high_risk,gurobi:Optimal|refined_2,gurobi,0.5434282422065735,0.6679033041000366,0.6482552436004083,4,"{""BILL_AMT1"": 0.20207222250243562, ""BILL_AMT3"": -0.028350563827744507, ""BILL_AMT5"": 0.11246766253018084, ""BILL_AMT6"": -0.049253145318692404}",0.6679033041000366,False
monotone_xgboost,3075,False,infeasible,very_high_risk,gurobi:Optimal|refined_4,gurobi,0.6614744663238525,0.6325546503067017,0.4898852921644557,3,"{""BILL_AMT1"": 0.20207222250243564, ""BILL_AMT5"": 0.0598733952601644, ""BILL_AMT6"": -0.02865609477968592}",0.6325546503067017,False
monotone_xgboost,3080,False,near_feasible,very_high_risk,gurobi:Optimal|refined_10,gurobi,0.5334764719009399,0.3174628019332886,0.3693012239508792,4,"{""BILL_AMT1"": 0.15501795873075697, ""BILL_AMT4"": -0.03605081609998767, ""BILL_AMT5"": 0.000547916641140539, ""BILL_AMT6"": -0.028656094779685892}",0.3174628019332886,False
monotone_xgboost,3083,True,feasible,near_threshold,gurobi:Optimal,gurobi,0.3419478237628937,0.24339322745800018,0.17961672025956094,1,"{""BILL_AMT1"": 0.09914147521251804}",0.24339322745800018,True
monotone_xgboost,3088,False,infeasible,very_high_risk,gurobi:Optimal|refined_9,gurobi,0.8259396553039551,0.8896716237068176,0.6753666355750304,5,"{""BILL_AMT1"": 0.15604088520304993, ""BILL_AMT3"": -0.012428833646337456, ""BILL_AMT4"": 0.018025408049993835, ""BILL_AMT5"": 0.09391057059707195, ""BILL_AMT6"": -0.1432804738984296}",0.8896716237068176,False
monotone_xgboost,3091,False,infeasible,very_high_risk,gurobi:Optimal|refined_2,gurobi,0.7531871795654297,0.9205421805381775,1.113250745351073,5,"{""BILL_AMT1"": 0.20207222250243562, ""BILL_AMT3"": -0.10806771169724372, ""BILL_AMT4"": 0.1429866572313898, ""BILL_AMT5"": 0.10339595738246218, ""BILL_AMT6"": -0.1432804738984296}",0.9205421805381775,False
monotone_xgboost,3097,True,feasible,moderate_risk,gurobi:Optimal|refined_5,gurobi,0.3524110019207001,0.2950163781642914,0.033677777333980606,2,"{""BILL_AMT1"": -0.010344688189482809, ""BILL_AMT5"": -0.01124676625301807}",0.2950163781642914,True
monotone_xgboost,3103,False,infeasible,very_high_risk,gurobi:Optimal|refined_5,gurobi,0.7639970779418945,0.8076997399330139,0.6861409496315614,4,"{""BILL_AMT1"": 0.1652913349455928, ""BILL_AMT3"": -0.027731313386981343, ""BILL_AMT5"": 0.11246766253018083, ""BILL_AMT6"": -0.11770807255630099}",0.8076997399330139,False
monotone_xgboost,3107,True,feasible,high_risk,gurobi:Optimal|refined_3,gurobi,0.4209778308868408,0.29786473512649536,0.3431722697809663,3,"{""BILL_AMT1"": 0.1529891638406929, ""BILL_AMT4"": -0.018025408049993835, ""BILL_AMT6"": -0.02865609477968592}",0.29786473512649536,True
monotone_xgboost,3108,False,infeasible,very_high_risk,gurobi:Optimal,gurobi,0.7731503844261169,0.8068614602088928,1.4890182125158544,6,"{""BILL_AMT1"": 0.20207222250243562, ""BILL_AMT3"": -0.18986964756401978, ""BILL_AMT4"": 0.18025408049993835, ""BILL_AMT5"": 0.11246766253018081, ""BILL_AMT6"": -0.1432804738984296, ""PAY_AMT1"": 0.02069311031136529}",0.8068614602088928,False
monotone_xgboost,3113,False,infeasible,very_high_risk,gurobi:Optimal|refined_8,gurobi,0.6077110171318054,0.4596289098262787,0.33497729377318664,2,"{""BILL_AMT1"": 0.1482391440713616, ""BILL_AMT6"": -0.042984142169528866}",0.4596289098262787,False
monotone_xgboost,3123,True,feasible,near_threshold,gurobi:Optimal|refined_1,gurobi,0.31524744629859924,0.27934694290161133,0.2695042791566026,2,"{""BILL_AMT1"": 0.1367641869448644, ""BILL_AMT4"": -0.018025408049993835}",0.27934694290161133,True
monotone_xgboost,3132,False,infeasible,very_high_risk,gurobi:Optimal|refined_8,gurobi,0.695022702217102,0.649396538734436,0.581943637458659,5,"{""BILL_AMT1"": 0.17498797499041982, ""BILL_AMT3"": -0.09198978389512455, ""BILL_AMT4"": 0.018025408049993835, ""BILL_AMT5"": -0.011246766253018098, ""BILL_AMT6"": -0.028656094779685892}",0.649396538734436,False
monotone_xgboost,3134,False,infeasible,very_high_risk,gurobi:Optimal|refined_4,gurobi,0.8031090497970581,0.8864558339118958,0.31651110308021835,4,"{""BILL_AMT1"": 0.10763342159166184, ""BILL_AMT3"": -0.04242378288267845, ""BILL_AMT4"": -0.018025408049993863, ""BILL_AMT5"": -0.01124676625301807}",0.8864558339118958,False
monotone_xgboost,3138,False,infeasible,very_high_risk,gurobi:Optimal|refined_6,gurobi,0.5700598359107971,0.6382336020469666,0.5584110502117183,4,"{""BILL_AMT1"": 0.20207222250243562, ""BILL_AMT3"": 0.03131262328276921, ""BILL_AMT4"": 0.03605081609998767, ""BILL_AMT5"": 0.06493500084306014}",0.6382336020469666,False
monotone_xgboost,3144,True,feasible,very_high_risk,gurobi:Optimal|refined_1,gurobi,0.5191457271575928,0.18438471853733063,0.01959771876886988,1,"{""BILL_AMT1"": -0.010817181979150353}",0.18438471853733063,True
monotone_xgboost,3147,True,feasible,high_risk,gurobi:Optimal|refined_11,gurobi,0.4012696444988251,0.23517775535583496,0.3944113410672313,4,"{""BILL_AMT1"": 0.07450465858685743, ""BILL_AMT3"": -0.0635109187075602, ""BILL_AMT4"": 0.018025408049993835, ""BILL_AMT6"": -0.07164023694921476}",0.23517775535583496,True
monotone_xgboost,3158,False,infeasible,very_high_risk,gurobi:Optimal,gurobi,0.5641739964485168,0.8551005125045776,1.112124045281068,5,"{""BILL_AMT1"": 0.20207222250243562, ""BILL_AMT3"": -0.11241533855848623, ""BILL_AMT4"": 0.12484194652994335, ""BILL_AMT5"": 0.11246766253018084, ""BILL_AMT6"": -0.1432804738984296}",0.8551005125045776,False
monotone_xgboost,3162,False,infeasible,very_high_risk,gurobi:Optimal|refined_6,gurobi,0.5987768769264221,0.32196447253227234,0.4950571422398602,4,"{""BILL_AMT1"": 0.16938056315818817, ""BILL_AMT3"": 0.025975843123221667, ""BILL_AMT5"": 0.08591547816330175, ""BILL_AMT6"": -0.014328047389842974}",0.32196447253227234,False
monotone_xgboost,3183,False,infeasible,very_high_risk,gurobi:Optimal|refined_5,gurobi,0.667375922203064,0.5481692552566528,0.08669030127311991,2,"{""BILL_AMT1"": 0.011874468260766768, ""BILL_AMT4"": -0.05407622414998159}",0.5481692552566528,False
monotone_xgboost,3187,False,infeasible,very_high_risk,gurobi:Optimal|refined_2,gurobi,0.8293669819831848,0.9431205987930298,3.1571021592893533,6,"{""BILL_AMT1"": 0.19132547732881688, ""BILL_AMT3"": -0.050488112486253435, ""BILL_AMT4"": 0.18025408049993838, ""BILL_AMT5"": 0.11246766253018084, ""BILL_AMT6"": -0.1432804738984296, ""PAY_AMT2"": 0.24245890870557088}",0.9431205987930298,False
monotone_xgboost,3195,False,infeasible,very_high_risk,gurobi:Optimal|refined_6,gurobi,0.6196668744087219,0.709452748298645,0.47450799231042773,4,"{""BILL_AMT1"": 0.20207222250243567, ""BILL_AMT4"": 0.018025408049993835, ""BILL_AMT5"": 0.03193510663942992, ""BILL_AMT6"": -0.02865609477968592}",0.709452748298645,False
monotone_xgboost,3205,False,infeasible,very_high_risk,gurobi:Optimal|refined_7,gurobi,0.658857524394989,0.7550317645072937,0.6528078353366612,5,"{""BILL_AMT1"": 0.20207222250243562, ""BILL_AMT3"": -0.029870051233264083, ""BILL_AMT4"": 0.018025408049993835, ""BILL_AMT5"": 0.10122089627716277, ""BILL_AMT6"": -0.04583820313716386}",0.7550317645072937,False
monotone_xgboost,3207,False,infeasible,high_risk,gurobi:Optimal|refined_3,gurobi,0.4997633695602417,0.4743475019931793,0.13867160257440925,3,"{""BILL_AMT1"": 0.0523311641978276, ""BILL_AMT4"": -0.018025408049993835, ""BILL_AMT6"": 0.014328047389842946}",0.4743475019931793,False
monotone_xgboost,3211,False,infeasible,very_high_risk,gurobi:Optimal|refined_7,gurobi,0.746660590171814,0.7758471965789795,0.46613559243387853,3,"{""BILL_AMT1"": 0.18405057645800205, ""BILL_AMT5"": 0.049906835995555954, ""BILL_AMT6"": -0.04298414216952884}",0.7758471965789795,False
monotone_xgboost,3214,False,infeasible,high_risk,gurobi:Optimal|refined_6,gurobi,0.4372071623802185,0.49516066908836365,0.3956886912789867,4,"{""BILL_AMT1"": 0.175494042637347, ""BILL_AMT4"": -0.03605081609998767, ""BILL_AMT5"": -0.009152319522461469, ""BILL_AMT6"": -0.014328047389842974}",0.49516066908836365,False
monotone_xgboost,3215,False,near_feasible,moderate_risk,gurobi:Optimal|refined_10,gurobi,0.3700283467769623,0.3023274838924408,0.37905942805110643,5,"{""BILL_AMT1"": 0.05710499322790363, ""BILL_AMT3"": -0.100933403302669, ""BILL_AMT4"": 0.018025408049993835, ""BILL_AMT5"": -0.022493532506036196, ""BILL_AMT6"": -0.014328047389842946}",0.3023274838924408,False
monotone_xgboost,3222,True,feasible,near_threshold,gurobi:Optimal|refined_3,gurobi,0.299998015165329,0.27643197774887085,0.3077913733848783,3,"{""BILL_AMT1"": 0.13864823108300672, ""BILL_AMT5"": 0.009281818136746972, ""BILL_AMT6"": -0.028656094779685948}",0.27643197774887085,True
monotone_xgboost,3223,False,infeasible,very_high_risk,gurobi:Optimal|refined_3,gurobi,0.6640996932983398,0.8307858109474182,0.7432431181349102,5,"{""BILL_AMT1"": 0.20207222250243562, ""BILL_AMT3"": -0.028500248747534346, ""BILL_AMT4"": -0.018025408049993835, ""BILL_AMT5"": 0.11246766253018084, ""BILL_AMT6"": -0.09647913296689234}",0.8307858109474182,False
monotone_xgboost,3239,False,infeasible,very_high_risk,gurobi:Optimal|refined_4,gurobi,0.8587290644645691,0.534095048904419,5.890971897959756,10,"{""BILL_AMT1"": 0.1804327262140836, ""BILL_AMT3"": -0.05228825911637893, ""BILL_AMT4"": 0.16241228466883195, ""BILL_AMT5"": 0.11246766253018085, ""BILL_AMT6"": -0.1432804738984296, ""PAY_AMT1"": 0.11591067274758687, ""PAY_AMT2"": 0.34642105817415636, ""PAY_AMT4"": 0.17033719806763287, ""PAY_AMT5"": 0.17783878704613287, ""PAY_AMT6"": 0.08184335884721392}",0.534095048904419,False
monotone_xgboost,3253,False,infeasible,very_high_risk,gurobi:Optimal|refined_2,gurobi,0.7476518750190735,0.8656542897224426,0.7490392417495487,4,"{""BILL_AMT1"": 0.20207222250243564, ""BILL_AMT3"": -0.028185877686036975, ""BILL_AMT5"": 0.11246766253018084, ""BILL_AMT6"": -0.11469989240707587}",0.8656542897224426,False
monotone_xgboost,3260,True,feasible,moderate_risk,gurobi:Optimal|refined_1,gurobi,0.3606102764606476,0.1317051500082016,0.01951948436260691,1,"{""BILL_AMT1"": -0.010773999615960123}",0.1317051500082016,True
monotone_xgboost,3267,False,infeasible,high_risk,gurobi:Optimal|refined_4,gurobi,0.4600488543510437,0.3639335036277771,0.29534086227226586,4,"{""BILL_AMT1"": 0.11026413783755853, ""BILL_AMT3"": 0.025989371497896555, ""BILL_AMT4"": -0.017803149282572053, ""BILL_AMT6"": -0.014328047389842974}",0.3639335036277771,False
monotone_xgboost,3270,False,infeasible,very_high_risk,gurobi:Optimal|refined_8,gurobi,0.6497689485549927,0.7139884829521179,0.8000934640458782,5,"{""BILL_AMT1"": 0.15485000765425075, ""BILL_AMT3"": -0.08192630963394837, ""BILL_AMT4"": 0.008491851388634578, ""BILL_AMT5"": 0.09344374098294009, ""BILL_AMT6"": -0.1432804738984296}",0.7139884829521179,False
monotone_xgboost,3276,False,infeasible,very_high_risk,gurobi:Optimal|refined_8,gurobi,0.713874876499176,0.5869718790054321,0.6009307597739496,5,"{""BILL_AMT1"": 0.16915000650390097, ""BILL_AMT3"": 0.052626904882434045, ""BILL_AMT4"": -0.018025408049993835, ""BILL_AMT5"": 0.10355470721513528, ""BILL_AMT6"": -0.019401289080562517}",0.5869718790054321,False
monotone_xgboost,3291,False,infeasible,very_high_risk,gurobi:Optimal|refined_5,gurobi,0.672322690486908,0.7033732533454895,0.6610271637611173,4,"{""BILL_AMT1"": 0.15401945507043235, ""BILL_AMT3"": -0.00563085490315221, ""BILL_AMT5"": 0.11246766253018085, ""BILL_AMT6"": -0.1432804738984296}",0.7033732533454895,False
monotone_xgboost,3297,False,infeasible,very_high_risk,gurobi:Optimal|refined_2,gurobi,0.573841392993927,0.7043555974960327,0.8177414214718068,5,"{""BILL_AMT1"": 0.20207222250243567, ""BILL_AMT3"": -0.029596027384622275, ""BILL_AMT4"": -0.018025408049993835, ""BILL_AMT5"": 0.11246766253018084, ""BILL_AMT6"": -0.1432804738984296}",0.7043555974960327,False
monotone_xgboost,3305,False,infeasible,very_high_risk,gurobi:Optimal|refined_6,gurobi,0.573299765586853,0.6901351809501648,0.36135392265472466,3,"{""BILL_AMT1"": 0.15626434859631178, ""BILL_AMT3"": -0.028260392846544594, ""BILL_AMT4"": 0.018025408049993835}",0.6901351809501648,False
monotone_xgboost,3319,False,infeasible,very_high_risk,gurobi:Optimal|refined_11,gurobi,0.5933488607406616,0.7642419934272766,0.4338543471219295,4,"{""BILL_AMT1"": 0.13095591416974386, ""BILL_AMT4"": -0.018025408049993835, ""BILL_AMT5"": 0.09337155492535985, ""BILL_AMT6"": -0.032927761832340974}",0.7642419934272766,False
monotone_xgboost,3338,False,near_feasible,high_risk,gurobi:Optimal|refined_5,gurobi,0.4682261049747467,0.30906304717063904,0.3399378979124749,2,"{""BILL_AMT1"": 0.15097720549239005, ""BILL_AMT6"": -0.042984142169528866}",0.30906304717063904,False
monotone_xgboost,3340,False,infeasible,high_risk,gurobi:Optimal|refined_4,gurobi,0.47189459204673767,0.32983240485191345,0.410912552180094,3,"{""BILL_AMT1"": 0.19087369955162906, ""BILL_AMT5"": 0.032353229314711615, ""BILL_AMT6"": -0.014328047389842974}",0.32983240485191345,False
monotone_xgboost,3341,False,infeasible,very_high_risk,gurobi:Optimal|refined_6,gurobi,0.6960733532905579,0.8157081604003906,0.4485209655838478,3,"{""BILL_AMT1"": 0.17095747156644903, ""BILL_AMT4"": -0.018025408049993835, ""BILL_AMT5"": 0.08815136024468867}",0.8157081604003906,False
monotone_xgboost,3346,False,infeasible,very_high_risk,gurobi:Optimal,gurobi,0.7974164485931396,0.9261447787284851,2.73179536739344,6,"{""BILL_AMT1"": 0.20207222250243564, ""BILL_AMT3"": -0.0506517621799012, ""BILL_AMT4"": 0.18025408049993838, ""BILL_AMT5"": 0.11246766253018084, ""BILL_AMT6"": -0.1432804738984296, ""PAY_AMT2"": 0.19158985748354995}",0.9261447787284851,False
monotone_xgboost,3353,False,infeasible,high_risk,gurobi:Optimal|refined_5,gurobi,0.46758246421813965,0.42725393176078796,0.22473993402798625,2,"{""BILL_AMT1"": 0.11205600161245194, ""BILL_AMT4"": 0.018025408049993835}",0.42725393176078796,False
monotone_xgboost,3356,False,infeasible,moderate_risk,gurobi:Optimal|refined_5,gurobi,0.36943987011909485,0.33756864070892334,0.3097679690306906,4,"{""BILL_AMT1"": 0.1276607099541501, ""BILL_AMT4"": 0.018025408049993835, ""BILL_AMT5"": 0.009400211203712427, ""BILL_AMT6"": -0.02865609477968592}",0.33756864070892334,False
monotone_xgboost,3365,False,infeasible,very_high_risk,gurobi:Optimal|refined_2,gurobi,0.8325409889221191,0.9412503838539124,0.9289959321032916,5,"{""BILL_AMT1"": 0.20207222250243562, ""BILL_AMT3"": -0.0852232827003647, ""BILL_AMT4"": -0.018025408049993835, ""BILL_AMT5"": 0.11246766253018084, ""BILL_AMT6"": -0.1432804738984296}",0.9412503838539124,False
monotone_xgboost,3368,True,feasible,near_threshold,gurobi:Optimal|refined_5,gurobi,0.3046441078186035,0.2973076403141022,0.2085513965287199,4,"{""BILL_AMT1"": 0.08292195998004029, ""BILL_AMT4"": 0.018025408049993835, ""BILL_AMT5"": 0.010886619302829442, ""BILL_AMT6"": -0.014328047389842974}",0.2973076403141022,True
monotone_xgboost,3375,False,infeasible,very_high_risk,gurobi:Optimal|refined_4,gurobi,0.7708732485771179,0.843783438205719,0.6162231717823918,4,"{""BILL_AMT1"": 0.1873358871099761, ""BILL_AMT3"": -0.030745413444586034, ""BILL_AMT5"": 0.11246766253018087, ""BILL_AMT6"": -0.042700508259611664}",0.843783438205719,False
monotone_xgboost,3377,False,infeasible,very_high_risk,gurobi:Optimal|refined_3,gurobi,0.5595012903213501,0.5339033007621765,0.05833554602064649,2,"{""BILL_AMT1"": -0.020207222250243573, ""BILL_AMT4"": -0.018025408049993863}",0.5339033007621765,False
monotone_xgboost,3378,False,infeasible,very_high_risk,gurobi:Optimal|refined_4,gurobi,0.597012460231781,0.6200688481330872,0.31141133523468745,4,"{""BILL_AMT1"": 0.11674942412221795, ""BILL_AMT3"": 0.028015900204234834, ""BILL_AMT4"": -0.018025408049993835, ""BILL_AMT6"": -0.014328047389842974}",0.6200688481330872,False
monotone_xgboost,3381,False,infeasible,moderate_risk,gurobi:Optimal|refined_3,gurobi,0.3877555727958679,0.4204258918762207,0.21063164853759406,2,"{""BILL_AMT1"": 0.10426877426404257, ""BILL_AMT4"": -0.018025408049993835}",0.4204258918762207,False
monotone_xgboost,3386,False,infeasible,very_high_risk,gurobi:Optimal|refined_8,gurobi,0.8170925378799438,0.8464846014976501,0.6584595872949092,4,"{""BILL_AMT1"": 0.11785909276332596, ""BILL_AMT3"": -0.03710331559148752, ""BILL_AMT5"": 0.11246766253018084, ""BILL_AMT6"": -0.1432804738984296}",0.8464846014976501,False
monotone_xgboost,3388,True,feasible,moderate_risk,gurobi:Optimal|refined_1,gurobi,0.3801324665546417,0.14945894479751587,0.019520606577450885,1,"{""BILL_AMT1"": -0.010774619035104266}",0.14945894479751587,True
monotone_xgboost,3398,False,infeasible,very_high_risk,gurobi:Optimal|refined_6,gurobi,0.5722845196723938,0.6503053307533264,0.5483119970825168,5,"{""BILL_AMT1"": 0.1863168541294462, ""BILL_AMT3"": 0.03248675528479411, ""BILL_AMT4"": -0.03605081609998767, ""BILL_AMT5"": 0.06038736929520222, ""BILL_AMT6"": -0.014328047389842946}",0.6503053307533264,False
monotone_xgboost,3399,False,infeasible,very_high_risk,gurobi:Optimal|refined_5,gurobi,0.590561032295227,0.37861037254333496,0.29787885880450127,3,"{""BILL_AMT1"": 0.14020740547636462, ""BILL_AMT4"": -0.018025408049993835, ""BILL_AMT6"": -0.014328047389842974}",0.37861037254333496,False
monotone_xgboost,3410,False,near_feasible,moderate_risk,gurobi:Optimal|refined_4,gurobi,0.37986311316490173,0.3064030408859253,0.2915580868462572,3,"{""BILL_AMT1"": 0.1367185840820275, ""BILL_AMT4"": -0.018025408049993835, ""BILL_AMT6"": -0.014328047389842946}",0.3064030408859253,False
monotone_xgboost,3416,False,infeasible,very_high_risk,gurobi:Optimal|refined_4,gurobi,0.6980611085891724,0.8007779121398926,0.3959416350230753,2,"{""BILL_AMT1"": 0.17903487418269862, ""BILL_AMT5"": 0.05389948984785395}",0.8007779121398926,False
monotone_xgboost,3417,False,infeasible,very_high_risk,gurobi:Optimal|refined_5,gurobi,0.8193221092224121,0.6463980674743652,0.12446698146369001,3,"{""BILL_AMT3"": -0.02923421762354461, ""BILL_AMT4"": -0.018025408049993835, ""BILL_AMT6"": -0.028656094779685948}",0.6463980674743652,False
monotone_xgboost,3419,True,feasible,moderate_risk,gurobi:Optimal|refined_3,gurobi,0.36753374338150024,0.27135443687438965,0.06610321993414611,2,"{""BILL_AMT1"": 0.012049516366381102, ""BILL_AMT6"": -0.02865609477968592}",0.27135443687438965,True
monotone_xgboost,3421,False,infeasible,very_high_risk,gurobi:Optimal|refined_8,gurobi,0.7080160975456238,0.8239084482192993,0.6451444302334257,4,"{""BILL_AMT1"": 0.13066496414890497, ""BILL_AMT3"": -0.02739986820744672, ""BILL_AMT5"": 0.11246766253018084, ""BILL_AMT6"": -0.1322065284918381}",0.8239084482192993,False
monotone_xgboost,3426,False,infeasible,very_high_risk,gurobi:Optimal|refined_5,gurobi,0.6272009611129761,0.7416420578956604,0.4502363649830924,4,"{""BILL_AMT1"": 0.20207222250243567, ""BILL_AMT4"": -0.018025408049993835, ""BILL_AMT5"": 0.030327316253402126, ""BILL_AMT6"": -0.014328047389842974}",0.7416420578956604,False
monotone_xgboost,3430,False,infeasible,very_high_risk,gurobi:Optimal|refined_8,gurobi,0.5684054493904114,0.6146524548530579,0.4651477576604038,4,"{""BILL_AMT1"": 0.16866194846255747, ""BILL_AMT3"": 0.026352673817794617, ""BILL_AMT5"": 0.0638067662893742, ""BILL_AMT6"": -0.014328047389842974}",0.6146524548530579,False
monotone_xgboost,3432,False,infeasible,moderate_risk,gurobi:Optimal|refined_7,gurobi,0.35798805952072144,0.32595327496528625,0.2780331472752333,4,"{""BILL_AMT1"": 0.12133301526017848, ""BILL_AMT4"": -0.018025408049993835, ""BILL_AMT5"": -0.010805013361361623, ""BILL_AMT6"": -0.014328047389842974}",0.32595327496528625,False
monotone_xgboost,3435,False,infeasible,very_high_risk,gurobi:Optimal|refined_8,gurobi,0.8296840190887451,0.8934791088104248,2.650457001698393,6,"{""BILL_AMT1"": 0.15597221816650159, ""BILL_AMT3"": -0.07121489168572276, ""BILL_AMT4"": 0.16222867244994454, ""BILL_AMT5"": 0.09396966797388215, ""BILL_AMT6"": -0.1432804738984296, ""PAY_AMT2"": 0.1924295589023828}",0.8934791088104248,False
monotone_xgboost,3437,False,infeasible,very_high_risk,gurobi:Optimal|refined_11,gurobi,0.7231988906860352,0.6525143384933472,0.39736308036412293,5,"{""BILL_AMT1"": 0.1320257395200918, ""BILL_AMT3"": -0.027300587393300393, ""BILL_AMT4"": 0.01802540804999382, ""BILL_AMT5"": 0.028289579666052028, ""BILL_AMT6"": -0.028656094779685948}",0.6525143384933472,False
monotone_xgboost,3448,False,infeasible,very_high_risk,gurobi:Optimal|refined_8,gurobi,0.6374618411064148,0.8354793787002563,1.2872942470706676,6,"{""BILL_AMT1"": 0.15522077425623237, ""BILL_AMT3"": -0.07442460767713444, ""BILL_AMT4"": 0.16222867244994452, ""BILL_AMT5"": 0.09355033440587805, ""BILL_AMT6"": -0.1432804738984296, ""PAY_AMT1"": 0.04214596664736082}",0.8354793787002563,False
monotone_xgboost,3453,False,infeasible,very_high_risk,gurobi:Optimal|refined_6,gurobi,0.6625500917434692,0.5578908920288086,0.3904536570014409,4,"{""BILL_AMT1"": 0.1654889738967923, ""BILL_AMT3"": -0.027926165622217947, ""BILL_AMT5"": 0.00952159730880911, ""BILL_AMT6"": -0.014328047389842946}",0.5578908920288086,False
monotone_xgboost,3456,False,infeasible,very_high_risk,gurobi:Optimal|refined_8,gurobi,0.6210921406745911,0.4511511027812958,0.49817785171203155,5,"{""BILL_AMT1"": 0.1730106185661416, ""BILL_AMT3"": -0.02996704095169933, ""BILL_AMT4"": 0.03605081609998767, ""BILL_AMT5"": 0.011246766253018098, ""BILL_AMT6"": -0.04298414216952892}",0.4511511027812958,False
monotone_xgboost,3459,True,feasible,near_threshold,gurobi:Optimal,gurobi,0.2899169325828552,0.19014322757720947,0.14999628948774424,1,"{""BILL_AMT1"": 0.08279214426546297}",0.19014322757720947,True
monotone_xgboost,3466,False,infeasible,very_high_risk,gurobi:Optimal|refined_7,gurobi,0.7473399043083191,0.7126190662384033,0.5538770190445236,4,"{""BILL_AMT1"": 0.1570151430283049, ""BILL_AMT4"": 0.03605081609998767, ""BILL_AMT5"": 0.11246766253018084, ""BILL_AMT6"": -0.049578322658568846}",0.7126190662384033,False
monotone_xgboost,3472,False,infeasible,very_high_risk,gurobi:Optimal|refined_2,gurobi,0.7915949821472168,0.8452086448669434,0.903208472001039,4,"{""BILL_AMT1"": 0.20207222250243564, ""BILL_AMT3"": -0.0831923983909058, ""BILL_AMT5"": 0.11246766253018087, ""BILL_AMT6"": -0.1432804738984296}",0.8452086448669434,False
monotone_xgboost,3475,False,infeasible,very_high_risk,gurobi:Optimal|refined_6,gurobi,0.5846835374832153,0.5788829326629639,1.5138932397006482,6,"{""BILL_AMT1"": 0.166287891860036, ""BILL_AMT3"": -0.08348098172360222, ""BILL_AMT4"": 0.18025408049993835, ""BILL_AMT5"": 0.09413010346998776, ""BILL_AMT6"": -0.1432804738984296, ""PAY_AMT1"": 0.06427130900569178}",0.5788829326629639,False
monotone_xgboost,3477,True,feasible,high_risk,gurobi:Optimal|refined_3,gurobi,0.4963732659816742,0.2661091387271881,0.3869442796404907,3,"{""BILL_AMT1"": 0.1893680693574529, ""BILL_AMT4"": -0.018025408049993835, ""BILL_AMT6"": -0.014328047389842974}",0.2661091387271881,True
monotone_xgboost,3491,False,infeasible,very_high_risk,gurobi:Optimal|refined_3,gurobi,0.5819032788276672,0.47101080417633057,0.03756759929963792,3,"{""BILL_AMT1"": 0.00252412199743432, ""BILL_AMT5"": 0.008176122081695186, ""BILL_AMT6"": -0.014328047389842974}",0.47101080417633057,False
monotone_xgboost,3498,False,infeasible,very_high_risk,gurobi:Optimal|refined_17,gurobi,0.7991183996200562,0.59185791015625,0.813794512040243,5,"{""BILL_AMT1"": 0.1383445295075919, ""BILL_AMT3"": -0.15276873461692886, ""BILL_AMT4"": -0.036050816099987726, ""BILL_AMT5"": 0.01124676625301807, ""BILL_AMT6"": -0.12895242650858652}",0.59185791015625,False
monotone_xgboost,3503,False,infeasible,very_high_risk,gurobi:Optimal|refined_5,gurobi,0.901491105556488,0.9619249701499939,1.7945906426318925,6,"{""BILL_AMT1"": 0.16953333846566346, ""BILL_AMT3"": -0.05294285789097004, ""BILL_AMT4"": 0.16238144965670356, ""BILL_AMT5"": 0.11246766253018084, ""BILL_AMT6"": -0.1432804738984296, ""PAY_AMT1"": 0.10868230364453894}",0.9619249701499939,False
monotone_xgboost,3519,False,infeasible,very_high_risk,gurobi:Optimal|refined_4,gurobi,0.8385454416275024,0.8621367812156677,0.846747071634936,5,"{""BILL_AMT1"": 0.20207222250243564, ""BILL_AMT3"": -0.03323600672451946, ""BILL_AMT4"": -0.03605081609998767, ""BILL_AMT5"": 0.11246766253018087, ""BILL_AMT6"": -0.1432804738984296}",0.8621367812156677,False
monotone_xgboost,3524,False,infeasible,very_high_risk,gurobi:Optimal|refined_8,gurobi,0.7986351251602173,0.7356894612312317,0.889994544273268,5,"{""BILL_AMT1"": 0.18770081347431314, ""BILL_AMT3"": -0.09435272182170476, ""BILL_AMT4"": 0.018025408049993835, ""BILL_AMT5"": 0.09358890635148068, ""BILL_AMT6"": -0.13929874885894672}",0.7356894612312317,False
monotone_xgboost,3525,False,infeasible,very_high_risk,gurobi:Optimal|refined_2,gurobi,0.9460088014602661,0.948029637336731,3.8784591289478954,6,"{""BILL_AMT1"": 0.20207222250243567, ""BILL_AMT3"": -0.22410189048126103, ""BILL_AMT4"": 0.18025408049993838, ""BILL_AMT5"": 0.1012208962771628, ""BILL_AMT6"": -0.1432804738984296, ""PAY_AMT2"": 0.2846983821200887}",0.948029637336731,False
monotone_xgboost,3526,False,infeasible,very_high_risk,gurobi:Optimal|refined_5,gurobi,0.7299767136573792,0.7584689855575562,0.33278140018170677,4,"{""BILL_AMT1"": 0.1112707916825128, ""BILL_AMT3"": 0.03959057028645241, ""BILL_AMT5"": 0.02249353250603614, ""BILL_AMT6"": 0.014328047389842946}",0.7584689855575562,False
monotone_xgboost,3528,True,feasible,near_threshold,gurobi:Optimal,gurobi,0.2602103650569916,0.2602103650569916,0.0,0,{},0.2602103650569916,True
monotone_xgboost,3534,True,feasible,high_risk,gurobi:Optimal|refined_1,gurobi,0.40109267830848694,0.2849131226539612,0.36151986406984354,2,"{""BILL_AMT1"": 0.18732651686784996, ""BILL_AMT6"": -0.014328047389842974}",0.2849131226539612,True
monotone_xgboost,3535,True,feasible,high_risk,gurobi:Optimal|refined_5,gurobi,0.42867377400398254,0.26058951020240784,0.43634515880890534,4,"{""BILL_AMT1"": 0.18533690383198528, ""BILL_AMT4"": -0.03605081609998767, ""BILL_AMT5"": 0.009670016509585974, ""BILL_AMT6"": -0.02865609477968592}",0.26058951020240784,True
monotone_xgboost,3538,False,infeasible,very_high_risk,gurobi:Optimal|refined_6,gurobi,0.7897710800170898,0.8120818138122559,0.659382414793009,4,"{""BILL_AMT1"": 0.14187485786542853, ""BILL_AMT3"": -0.01580979300881022, ""BILL_AMT5"": 0.11246766253018085, ""BILL_AMT6"": -0.1432804738984296}",0.8120818138122559,False
monotone_xgboost,3540,False,infeasible,very_high_risk,gurobi:Optimal|refined_5,gurobi,0.7498021721839905,0.734997570514679,0.4127881390770434,3,"{""BILL_AMT1"": 0.1704627499172517, ""BILL_AMT3"": -0.03025288241660412, ""BILL_AMT4"": 0.03605081609998767}",0.734997570514679,False
monotone_xgboost,3541,False,infeasible,very_high_risk,gurobi:Optimal|refined_12,gurobi,0.714046061038971,0.642056941986084,0.5151917618050331,5,"{""BILL_AMT1"": 0.18779173535582527, ""BILL_AMT3"": -0.03015802014418628, ""BILL_AMT4"": 0.054076224149981506, ""BILL_AMT5"": 0.003915193599253741, ""BILL_AMT6"": 0.02865609477968592}",0.642056941986084,False
monotone_xgboost,3544,False,infeasible,very_high_risk,gurobi:Optimal|refined_10,gurobi,0.6290106177330017,0.4813496768474579,0.48616927536614774,5,"{""BILL_AMT1"": 0.15475426315225937, ""BILL_AMT3"": 0.027370520362385894, ""BILL_AMT4"": -0.03605081609998767, ""BILL_AMT5"": 0.047688850876818484, ""BILL_AMT6"": -0.028656094779685892}",0.4813496768474579,False
monotone_xgboost,3552,False,infeasible,moderate_risk,gurobi:Optimal|refined_5,gurobi,0.37824660539627075,0.3270179033279419,0.3789639893584169,3,"{""BILL_AMT1"": 0.19131708746089937, ""BILL_AMT4"": -0.017749188011347297, ""BILL_AMT5"": 0.00825128283945048}",0.3270179033279419,False
monotone_xgboost,3554,False,infeasible,very_high_risk,gurobi:Optimal|refined_2,gurobi,0.7873675227165222,0.8892548680305481,0.786661621530589,4,"{""BILL_AMT1"": 0.20207222250243562, ""BILL_AMT3"": 0.028382420968107933, ""BILL_AMT5"": 0.11246766253018084, ""BILL_AMT6"": -0.13879696411007922}",0.8892548680305481,False
monotone_xgboost,3561,False,infeasible,very_high_risk,gurobi:Optimal|refined_3,gurobi,0.8610475063323975,0.8982483744621277,0.65236815618493,3,"{""BILL_AMT1"": 0.20207222250243564, ""BILL_AMT3"": -0.06845437731601622, ""BILL_AMT5"": 0.11246766253018081}",0.8982483744621277,False
monotone_xgboost,3566,False,infeasible,very_high_risk,gurobi:Optimal|refined_2,gurobi,0.7899785041809082,0.8333377838134766,0.2661029276464354,2,"{""BILL_AMT1"": 0.13488677260422288, ""BILL_AMT4"": -0.018025408049993807}",0.8333377838134766,False
monotone_xgboost,3571,False,near_feasible,very_high_risk,gurobi:Optimal|refined_6,gurobi,0.58775395154953,0.3136414885520935,0.0971947183830883,3,"{""BILL_AMT1"": 0.022584198971587255, ""BILL_AMT5"": -0.009040123747527287, ""BILL_AMT6"": -0.028656094779685892}",0.3136414885520935,False
monotone_xgboost,3574,False,infeasible,very_high_risk,gurobi:Optimal|refined_7,gurobi,0.5784958004951477,0.6594409942626953,0.5329203289333622,5,"{""BILL_AMT1"": 0.20207222250243564, ""BILL_AMT3"": -0.028342654092551545, ""BILL_AMT4"": -0.018025408049993835, ""BILL_AMT5"": 0.016566974386589967, ""BILL_AMT6"": -0.04298414216952884}",0.6594409942626953,False
monotone_xgboost,3575,False,infeasible,very_high_risk,gurobi:Optimal|refined_4,gurobi,0.6291602253913879,0.5576499104499817,0.5837479552267331,4,"{""BILL_AMT1"": 0.19131485871491766, ""BILL_AMT4"": 0.01778937631048802, ""BILL_AMT5"": 0.008270717547260664, ""BILL_AMT6"": -0.13250324194586383}",0.5576499104499817,False
monotone_xgboost,3586,False,infeasible,very_high_risk,gurobi:Optimal|refined_2,gurobi,0.7597624659538269,0.7505665421485901,0.17091994370162086,1,"{""BILL_AMT1"": 0.09434119127290563}",0.7505665421485901,False
monotone_xgboost,3594,False,infeasible,very_high_risk,gurobi:Optimal|refined_3,gurobi,0.6500486135482788,0.8117938041687012,0.6627754259880199,4,"{""BILL_AMT1"": 0.20207222250243567, ""BILL_AMT4"": -0.018025408049993835, ""BILL_AMT5"": 0.10146731052399346, ""BILL_AMT6"": -0.09074546442983494}",0.8117938041687012,False
monotone_xgboost,3600,False,infeasible,very_high_risk,gurobi:Optimal|refined_6,gurobi,0.7613149285316467,0.8505566120147705,0.5977196083810882,4,"{""BILL_AMT1"": 0.20207222250243564, ""BILL_AMT4"": 0.03605081609998767, ""BILL_AMT5"": 0.10835328614097339, ""BILL_AMT6"": -0.028656094779685892}",0.8505566120147705,False
monotone_xgboost,3612,False,infeasible,very_high_risk,gurobi:Optimal,gurobi,0.8212618827819824,0.8231196403503418,0.6544044336179106,3,"{""BILL_AMT1"": 0.20207222250243564, ""BILL_AMT5"": 0.11246766253018081, ""BILL_AMT6"": -0.08993370840913448}",0.8231196403503418,False
monotone_xgboost,3614,False,infeasible,moderate_risk,gurobi:Optimal|refined_8,gurobi,0.36386123299598694,0.4283105134963989,0.3529811265266274,5,"{""BILL_AMT1"": 0.12371881277521668, ""BILL_AMT3"": -0.028366219648436816, ""BILL_AMT4"": -0.018025408049993835, ""BILL_AMT5"": 0.02126644885250939, ""BILL_AMT6"": -0.014328047389842974}",0.4283105134963989,False
monotone_xgboost,3617,False,infeasible,very_high_risk,gurobi:Optimal|refined_9,gurobi,0.726657509803772,0.7032126784324646,0.5756160369883409,4,"{""BILL_AMT1"": 0.13404274523025128, ""BILL_AMT4"": -0.018025408049993835, ""BILL_AMT5"": 0.10338053851988838, ""BILL_AMT6"": -0.1124612225193371}",0.7032126784324646,False
monotone_xgboost,3620,False,infeasible,very_high_risk,gurobi:Optimal|refined_3,gurobi,0.6185073256492615,0.41591277718544006,0.418670412748803,3,"{""BILL_AMT1"": 0.19122836125586345, ""BILL_AMT4"": -0.017797958722197096, ""BILL_AMT5"": 0.03822671598826499}",0.41591277718544006,False
monotone_xgboost,3635,False,infeasible,very_high_risk,gurobi:Optimal,gurobi,0.7841324210166931,0.37689054012298584,5.629848852961951,9,"{""BILL_AMT1"": 0.20207222250243564, ""BILL_AMT3"": -0.10688943390297975, ""BILL_AMT4"": 0.18025408049993835, ""BILL_AMT5"": 0.11246766253018084, ""BILL_AMT6"": -0.1432804738984296, ""PAY_AMT1"": 0.11591067274758687, ""PAY_AMT2"": 0.3464210581741562, ""PAY_AMT4"": 0.17033719806763287, ""PAY_AMT5"": 0.065407962853326}",0.37689054012298584,False
monotone_xgboost,3642,False,infeasible,very_high_risk,gurobi:Optimal|refined_8,gurobi,0.7738802433013916,0.501200795173645,5.641019220513597,9,"{""BILL_AMT1"": 0.20207222250243564, ""BILL_AMT3"": -0.07207132508247946, ""BILL_AMT4"": 0.09012704024996922, ""BILL_AMT5"": 0.09410402526512017, ""BILL_AMT6"": -0.1432804738984296, ""PAY_AMT1"": 0.11591067274758687, ""PAY_AMT2"": 0.34642105817415636, ""PAY_AMT4"": 0.17033719806763287, ""PAY_AMT5"": 0.16852292917278616}",0.501200795173645,False
monotone_xgboost,3643,False,infeasible,very_high_risk,gurobi:Optimal,gurobi,0.5416873097419739,0.6716187000274658,0.34732958524961155,1,"{""BILL_AMT1"": 0.19171248320778522}",0.6716187000274658,False
monotone_xgboost,3646,False,infeasible,very_high_risk,gurobi:Optimal|refined_3,gurobi,0.6295459270477295,0.7647191286087036,3.7689463232680827,6,"{""BILL_AMT1"": 0.20207222250243564, ""BILL_AMT3"": -0.062348351283886404, ""BILL_AMT4"": 0.16222867244994446, ""BILL_AMT5"": 0.10364731954725065, ""BILL_AMT6"": -0.1432804738984296, ""PAY_AMT2"": 0.31126953550357606}",0.7647191286087036,False
monotone_xgboost,3647,False,infeasible,very_high_risk,gurobi:Optimal|refined_3,gurobi,0.530029833316803,0.5918887853622437,0.3432148745917062,2,"{""BILL_AMT1"": 0.17722287140550302, ""BILL_AMT6"": -0.014328047389842946}",0.5918887853622437,False
monotone_xgboost,3656,True,feasible,moderate_risk,gurobi:Optimal|refined_1,gurobi,0.39746609330177307,0.12349281460046768,0.019510186011042895,1,"{""BILL_AMT1"": -0.01076886728590884}",0.12349281460046768,True
monotone_xgboost,3658,True,feasible,high_risk,gurobi:Optimal|refined_2,gurobi,0.4456024467945099,0.2852785289287567,0.06025454635523711,3,"{""BILL_AMT1"": 0.015401673600453636, ""BILL_AMT4"": -0.017749290794721054, ""BILL_AMT5"": 0.008251381996122978}",0.2852785289287567,True
monotone_xgboost,3667,False,near_feasible,very_high_risk,gurobi:Optimal|refined_5,gurobi,0.5395203828811646,0.30812957882881165,0.4082618424274547,4,"{""BILL_AMT1"": 0.19518851523720548, ""BILL_AMT4"": -0.017749290794721054, ""BILL_AMT5"": 0.008362239155978404, ""BILL_AMT6"": -0.014328047389842946}",0.30812957882881165,False
monotone_xgboost,3682,False,infeasible,very_high_risk,gurobi:Optimal|refined_7,gurobi,0.7970512509346008,0.8745866417884827,0.6186012920950363,4,"{""BILL_AMT1"": 0.20207222250243562, ""BILL_AMT4"": -0.018025408049993835, ""BILL_AMT5"": 0.1012208962771628, ""BILL_AMT6"": -0.06236508168655569}",0.8745866417884827,False
monotone_xgboost,3684,False,infeasible,near_threshold,gurobi:Optimal|refined_9,gurobi,0.31850922107696533,0.3440653085708618,0.4242597432940376,4,"{""BILL_AMT1"": 0.17379686688142837, ""BILL_AMT3"": 0.02683511311466824, ""BILL_AMT4"": -0.03605081609998767, ""BILL_AMT5"": 0.009236701850759296}",0.3440653085708618,False
monotone_xgboost,3685,False,infeasible,very_high_risk,gurobi:Optimal|refined_5,gurobi,0.6523236632347107,0.5441476106643677,0.39824648248102995,4,"{""BILL_AMT1"": 0.17170727848968073, ""BILL_AMT3"": 0.026034484263445457, ""BILL_AMT5"": -0.009755291247936296, ""BILL_AMT6"": -0.014328047389842974}",0.5441476106643677,False
monotone_xgboost,3686,False,infeasible,near_threshold,gurobi:Optimal,gurobi,0.299882173538208,0.4461999535560608,0.22093020874597064,1,"{""BILL_AMT1"": 0.12194492128813478}",0.4461999535560608,False
monotone_xgboost,3689,False,infeasible,very_high_risk,gurobi:Optimal|refined_10,gurobi,0.7905577421188354,0.879589319229126,0.5807104895519698,4,"{""BILL_AMT1"": 0.133640565228818, ""BILL_AMT4"": 0.018025408049993835, ""BILL_AMT5"": 0.09412802117986527, ""BILL_AMT6"": -0.12418360332747196}",0.879589319229126,False
monotone_xgboost,3694,False,infeasible,very_high_risk,gurobi:Optimal|refined_8,gurobi,0.7446721196174622,0.6615240573883057,0.7303884828796554,5,"{""BILL_AMT1"": 0.16752761503277172, ""BILL_AMT3"": 0.02319161231862525, ""BILL_AMT4"": 0.018025408049993835, ""BILL_AMT5"": 0.10346268982305494, ""BILL_AMT6"": -0.1432804738984296}",0.6615240573883057,False
monotone_xgboost,3695,False,near_feasible,near_threshold,gurobi:Optimal|refined_3,gurobi,0.3277839720249176,0.30706796050071716,0.3170458922734018,3,"{""BILL_AMT1"": 0.13755086270783662, ""BILL_AMT3"": -0.027578791872501618, ""BILL_AMT5"": 0.009551325972603011}",0.30706796050071716,False
monotone_xgboost,3700,False,infeasible,very_high_risk,gurobi:Optimal|refined_4,gurobi,0.8965924978256226,0.9114309549331665,2.2317249607057272,6,"{""BILL_AMT1"": 0.16953997509935043, ""BILL_AMT3"": -0.05294285789097004, ""BILL_AMT4"": 0.18025408049993835, ""BILL_AMT5"": 0.11246766253018084, ""BILL_AMT6"": -0.1432804738984296, ""PAY_AMT2"": 0.14065120225603953}",0.9114309549331665,False
monotone_xgboost,3703,False,near_feasible,high_risk,gurobi:Optimal|refined_4,gurobi,0.4452352225780487,0.30409592390060425,0.27561412848009803,3,"{""BILL_AMT1"": 0.1279181363794765, ""BILL_AMT4"": -0.018025408049993835, ""BILL_AMT6"": -0.014328047389842974}",0.30409592390060425,False
monotone_xgboost,3708,False,infeasible,very_high_risk,gurobi:Optimal|refined_4,gurobi,0.9438891410827637,0.8807917833328247,2.982724324218448,6,"{""BILL_AMT1"": 0.16953333846566346, ""BILL_AMT3"": -0.05294285789097004, ""BILL_AMT4"": 0.18025408049993835, ""BILL_AMT5"": 0.11246766253018084, ""BILL_AMT6"": -0.1432804738984296, ""PAY_AMT2"": 0.2264810750838328}",0.8807917833328247,False
monotone_xgboost,3714,False,infeasible,very_high_risk,gurobi:Optimal|refined_8,gurobi,0.582983672618866,0.4311983287334442,0.4175609468297038,4,"{""BILL_AMT1"": 0.17519915484228996, ""BILL_AMT4"": -0.03605081609998767, ""BILL_AMT5"": 0.009355689857759752, ""BILL_AMT6"": -0.028656094779685948}",0.4311983287334442,False
monotone_xgboost,3720,False,infeasible,very_high_risk,gurobi:Optimal|refined_4,gurobi,0.6562604904174805,0.3745458126068115,0.0839751572397047,3,"{""BILL_AMT1"": 0.027988150501165626, ""BILL_AMT5"": 0.008382318382159734, ""BILL_AMT6"": -0.014328047389842974}",0.3745458126068115,False
monotone_xgboost,3721,False,infeasible,very_high_risk,gurobi:Infeasible|refined_7,gurobi,0.9766556620597839,0.9599074125289917,0.16281530203885408,3,"{""BILL_AMT1"": -0.053665810983363316, ""BILL_AMT4"": -0.03605081609998767, ""BILL_AMT6"": -0.014328047389842946}",0.9599074125289917,False
monotone_xgboost,3722,False,infeasible,very_high_risk,gurobi:Optimal|refined_6,gurobi,0.5733497142791748,0.4805445671081543,0.25934449743926047,3,"{""BILL_AMT3"": -0.11134136016897378, ""BILL_AMT4"": 0.018025408049993835, ""BILL_AMT5"": -0.01124676625301807}",0.4805445671081543,False
monotone_xgboost,3723,False,infeasible,high_risk,gurobi:Optimal|refined_7,gurobi,0.4407265782356262,0.359857439994812,0.414588448880849,4,"{""BILL_AMT1"": 0.1300527861253568, ""BILL_AMT3"": -0.060666687031961875, ""BILL_AMT4"": -0.03605081609998767, ""BILL_AMT5"": -0.010680670894046146}",0.359857439994812,False
monotone_xgboost,3742,True,feasible,high_risk,gurobi:Optimal|refined_8,gurobi,0.44721439480781555,0.2755904197692871,0.40325730620381633,5,"{""BILL_AMT1"": 0.11656092646895205, ""BILL_AMT3"": -0.027640324157313184, ""BILL_AMT4"": -0.03605081609998767, ""BILL_AMT5"": -0.02028569020480811, ""BILL_AMT6"": -0.04298414216952884}",0.2755904197692871,True
monotone_xgboost,3750,False,infeasible,very_high_risk,gurobi:Optimal|refined_5,gurobi,0.7649469375610352,0.8163686990737915,0.8504545197204377,5,"{""BILL_AMT1"": 0.19043054939823434, ""BILL_AMT3"": -0.06873744028875847, ""BILL_AMT4"": 0.018025408049993835, ""BILL_AMT5"": 0.09403570631776739, ""BILL_AMT6"": -0.1432804738984296}",0.8163686990737915,False
monotone_xgboost,3754,False,infeasible,very_high_risk,gurobi:Optimal|refined_8,gurobi,0.6983314752578735,0.6851426362991333,0.6678817693453416,4,"{""BILL_AMT1"": 0.1416082864123332, ""BILL_AMT4"": -0.03605081609998767, ""BILL_AMT5"": 0.11246766253018085, ""BILL_AMT6"": -0.14143611049032218}",0.6851426362991333,False
monotone_xgboost,3755,False,infeasible,high_risk,gurobi:Optimal|refined_5,gurobi,0.4261009991168976,0.47581538558006287,0.43436868713997684,3,"{""BILL_AMT1"": 0.17906018187915843, ""BILL_AMT4"": -0.017749290794721054, ""BILL_AMT5"": 0.06669156584173175}",0.47581538558006287,False
monotone_xgboost,3763,False,infeasible,very_high_risk,gurobi:Optimal|refined_4,gurobi,0.8194661736488342,0.8534663319587708,0.8978105315595738,5,"{""BILL_AMT1"": 0.20207222250243564, ""BILL_AMT3"": -0.06963058242850581, ""BILL_AMT4"": 0.018025408049993835, ""BILL_AMT5"": 0.11246766253018081, ""BILL_AMT6"": -0.1432804738984296}",0.8534663319587708,False
monotone_xgboost,3767,False,infeasible,high_risk,gurobi:Optimal|refined_6,gurobi,0.42443937063217163,0.3289526104927063,0.4122171646652424,3,"{""BILL_AMT1"": 0.19098577017249058, ""BILL_AMT5"": 0.033182705013651406, ""BILL_AMT6"": -0.014328047389842974}",0.3289526104927063,False
monotone_xgboost,3779,False,infeasible,high_risk,gurobi:Optimal|refined_10,gurobi,0.45961207151412964,0.3596641719341278,0.560007814655386,5,"{""BILL_AMT1"": 0.16018521510899802, ""BILL_AMT3"": -0.09443111002496204, ""BILL_AMT4"": 0.018025408049993835, ""BILL_AMT5"": -0.011246766253018098, ""BILL_AMT6"": -0.028656094779685892}",0.3596641719341278,False
monotone_xgboost,3781,False,infeasible,very_high_risk,gurobi:Optimal|refined_6,gurobi,0.6078177690505981,0.8273267149925232,1.590917615387865,6,"{""BILL_AMT1"": 0.19033161931207315, ""BILL_AMT3"": -0.07703427479183758, ""BILL_AMT4"": 0.14420326439995068, ""BILL_AMT5"": 0.09345792038710768, ""BILL_AMT6"": -0.1432804738984296, ""PAY_AMT1"": 0.07636481856796537}",0.8273267149925232,False
monotone_xgboost,3787,False,infeasible,very_high_risk,gurobi:Optimal|refined_7,gurobi,0.6671636700630188,0.44146060943603516,0.41758426713304314,4,"{""BILL_AMT1"": 0.1792341501702075, ""BILL_AMT4"": -0.018025408049993835, ""BILL_AMT5"": 0.02022794702032743, ""BILL_AMT6"": -0.02865609477968592}",0.44146060943603516,False
monotone_xgboost,3788,False,infeasible,high_risk,gurobi:Optimal|refined_7,gurobi,0.43084830045700073,0.33492881059646606,0.3082619282354788,3,"{""BILL_AMT1"": 0.13858378785619552, ""BILL_AMT5"": 0.00972405689609869, ""BILL_AMT6"": -0.028656094779685948}",0.33492881059646606,False
monotone_xgboost,3791,False,infeasible,high_risk,gurobi:Optimal|refined_3,gurobi,0.49849119782447815,0.5106527805328369,0.41064684278605035,3,"{""BILL_AMT1"": 0.18096582290911023, ""BILL_AMT3"": -0.030530759596418044, ""BILL_AMT4"": -0.018025408049993835}",0.5106527805328369,False
monotone_xgboost,3802,False,infeasible,very_high_risk,gurobi:Optimal|refined_5,gurobi,0.7684062719345093,0.8962648510932922,1.8112484376530578,6,"{""BILL_AMT1"": 0.1692869866232012, ""BILL_AMT3"": -0.05565180581981951, ""BILL_AMT4"": 0.16223986555934716, ""BILL_AMT5"": 0.11246766253018085, ""BILL_AMT6"": -0.1432804738984296, ""PAY_AMT1"": 0.11026321947610326}",0.8962648510932922,False
monotone_xgboost,3804,True,feasible,near_threshold,gurobi:Optimal|refined_2,gurobi,0.3133768141269684,0.25328484177589417,0.3431943799047255,3,"{""BILL_AMT1"": 0.16521981860476367, ""BILL_AMT4"": -0.018025408049993835, ""BILL_AMT6"": -0.014328047389842974}",0.25328484177589417,True
monotone_xgboost,3805,False,infeasible,high_risk,gurobi:Optimal|refined_4,gurobi,0.42439258098602295,0.6406310796737671,2.1350614089727054,6,"{""BILL_AMT1"": 0.18044511459696613, ""BILL_AMT3"": -0.05079140991848064, ""BILL_AMT4"": 0.18025408049993835, ""BILL_AMT5"": 0.10353462798895396, ""BILL_AMT6"": -0.1432804738984296, ""PAY_AMT2"": 0.12919356141693009}",0.6406310796737671,False
monotone_xgboost,3810,False,infeasible,very_high_risk,gurobi:Optimal|refined_5,gurobi,0.8039648532867432,0.8262883424758911,2.323366009774321,6,"{""BILL_AMT1"": 0.17968800742595062, ""BILL_AMT3"": -0.06273020056906453, ""BILL_AMT4"": 0.16222867244994454, ""BILL_AMT5"": 0.10364176677359063, ""BILL_AMT6"": -0.1432804738984296, ""PAY_AMT2"": 0.15060865790031444}",0.8262883424758911,False
monotone_xgboost,3813,False,infeasible,very_high_risk,gurobi:Optimal|refined_5,gurobi,0.5214405655860901,0.5467076301574707,0.2733319252550635,4,"{""BILL_AMT1"": 0.10619585676120935, ""BILL_AMT4"": -0.018025408049993863, ""BILL_AMT5"": 0.01124676625301807, ""BILL_AMT6"": 0.028656094779685892}",0.5467076301574707,False
monotone_xgboost,3814,True,feasible,very_high_risk,gurobi:Optimal|refined_7,gurobi,0.5623338222503662,0.29090914130210876,0.2133509530414814,4,"{""BILL_AMT1"": 0.07459634057316042, ""BILL_AMT4"": -0.018025408049993835, ""BILL_AMT5"": -0.009189999058011614, ""BILL_AMT6"": -0.02865609477968592}",0.29090914130210876,True
monotone_xgboost,3821,False,infeasible,very_high_risk,gurobi:Optimal|refined_4,gurobi,0.9285260438919067,0.9263491034507751,3.022457616686866,6,"{""BILL_AMT1"": 0.16953333846566346, ""BILL_AMT3"": -0.05294285789097004, ""BILL_AMT4"": 0.18025408049993835, ""BILL_AMT5"": 0.11246766253018084, ""BILL_AMT6"": -0.1432804738984296, ""PAY_AMT2"": 0.23102202279450917}",0.9263491034507751,False
monotone_xgboost,3825,False,infeasible,very_high_risk,gurobi:Optimal|refined_8,gurobi,0.8427047729492188,0.9109010696411133,0.809198561179544,5,"{""BILL_AMT1"": 0.15594744140073669, ""BILL_AMT3"": -0.07248590430638716, ""BILL_AMT4"": 0.029542018238324627, ""BILL_AMT5"": 0.09391533011735197, ""BILL_AMT6"": -0.1432804738984296}",0.9109010696411133,False
monotone_xgboost,3826,False,infeasible,very_high_risk,gurobi:Optimal|refined_6,gurobi,0.5796799063682556,0.5103577971458435,0.6486154500797336,5,"{""BILL_AMT1"": 0.16890644204758726, ""BILL_AMT3"": 0.02588485389355351, ""BILL_AMT4"": -0.01787818114541792, ""BILL_AMT5"": 0.11246766253018085, ""BILL_AMT6"": -0.07762294370420138}",0.5103577971458435,False
monotone_xgboost,3828,False,infeasible,very_high_risk,gurobi:Optimal|refined_3,gurobi,0.6375752091407776,0.5491889715194702,0.838576778092631,4,"{""BILL_AMT1"": 0.20207222250243562, ""BILL_AMT3"": -0.06269517953462393, ""BILL_AMT5"": 0.11246766253018081, ""BILL_AMT6"": -0.12798099845324487}",0.5491889715194702,False
monotone_xgboost,3833,False,infeasible,very_high_risk,gurobi:Optimal|refined_2,gurobi,0.7212802171707153,0.8995956778526306,1.4928226633767896,6,"{""BILL_AMT1"": 0.20207222250243567, ""BILL_AMT3"": -0.10159918480632604, ""BILL_AMT4"": 0.1622286724499445, ""BILL_AMT5"": 0.11246766253018084, ""BILL_AMT6"": -0.1432804738984296, ""PAY_AMT1"": 0.04763591935931961}",0.8995956778526306,False
monotone_xgboost,3839,False,infeasible,very_high_risk,gurobi:Optimal|refined_7,gurobi,0.5055258274078369,0.47663021087646484,0.3539162844834485,3,"{""BILL_AMT1"": 0.1661304709089799, ""BILL_AMT5"": -0.006521912770691279, ""BILL_AMT6"": -0.02865609477968592}",0.47663021087646484,False
monotone_xgboost,3843,True,feasible,near_threshold,gurobi:Optimal|refined_2,gurobi,0.3328017294406891,0.2943221926689148,0.5657659690468143,3,"{""BILL_AMT1"": 0.1905561145075928, ""BILL_AMT4"": 0.018025408049993835, ""BILL_AMT6"": -0.12867919418175103}",0.2943221926689148,True
monotone_xgboost,3844,False,infeasible,very_high_risk,gurobi:Optimal|refined_3,gurobi,0.8302392363548279,0.8942486643791199,2.511572613418032,6,"{""BILL_AMT1"": 0.20207222250243564, ""BILL_AMT3"": -0.08062038507863914, ""BILL_AMT4"": 0.14420326439995063, ""BILL_AMT5"": 0.11246766253018084, ""BILL_AMT6"": -0.1432804738984296, ""PAY_AMT2"": 0.16453744413426835}",0.8942486643791199,False
monotone_xgboost,3845,False,near_feasible,moderate_risk,gurobi:Optimal|refined_5,gurobi,0.37652432918548584,0.3144954442977905,0.4238742886737379,3,"{""BILL_AMT1"": 0.16836515820407374, ""BILL_AMT5"": 0.07281977481453861, ""BILL_AMT6"": -0.014328047389842974}",0.3144954442977905,False
monotone_xgboost,3848,False,infeasible,very_high_risk,gurobi:Optimal|refined_4,gurobi,0.7386989593505859,0.9051666259765625,0.6556334004246125,4,"{""BILL_AMT1"": 0.20207222250243562, ""BILL_AMT3"": -0.07286448059769235, ""BILL_AMT4"": -0.018025408049993863, ""BILL_AMT5"": 0.0919255242186825}",0.9051666259765625,False
monotone_xgboost,3865,False,infeasible,very_high_risk,gurobi:Optimal|refined_8,gurobi,0.511928379535675,0.46758803725242615,0.25535309619912755,3,"{""BILL_AMT1"": 0.10451638019189874, ""BILL_AMT4"": 0.018025408049993835, ""BILL_AMT6"": -0.028656094779685892}",0.46758803725242615,False
monotone_xgboost,3873,False,infeasible,very_high_risk,gurobi:Optimal|refined_5,gurobi,0.8735350966453552,0.8947439193725586,3.0715630125556888,6,"{""BILL_AMT1"": 0.1690535098500918, ""BILL_AMT3"": -0.05958267146123903, ""BILL_AMT4"": 0.16222867244994454, ""BILL_AMT5"": 0.11246766253018085, ""BILL_AMT6"": -0.1432804738984296, ""PAY_AMT2"": 0.2376986829001839}",0.8947439193725586,False
monotone_xgboost,3879,False,infeasible,very_high_risk,gurobi:Optimal|refined_7,gurobi,0.5482574105262756,0.4562217593193054,0.338278538278843,4,"{""BILL_AMT1"": 0.1298514007787259, ""BILL_AMT3"": 0.029580936774486366, ""BILL_AMT4"": 0.018025408049993835, ""BILL_AMT6"": -0.014328047389842974}",0.4562217593193054,False
monotone_xgboost,3892,False,infeasible,very_high_risk,gurobi:Optimal|refined_11,gurobi,0.6694420576095581,0.6518610119819641,0.6999807044596827,5,"{""BILL_AMT1"": 0.18779014256374044, ""BILL_AMT3"": -0.03027028383402866, ""BILL_AMT4"": -0.018025408049993835, ""BILL_AMT5"": 0.10893735151952044, ""BILL_AMT6"": -0.0859682843390577}",0.6518610119819641,False
monotone_xgboost,3894,False,infeasible,very_high_risk,gurobi:Optimal|refined_10,gurobi,0.5924665331840515,0.48588627576828003,0.6223527375266862,4,"{""BILL_AMT1"": 0.14699481997462605, ""BILL_AMT3"": -0.12627864960636792, ""BILL_AMT5"": -0.011246766253018098, ""BILL_AMT6"": -0.05731218955937181}",0.48588627576828003,False
monotone_xgboost,3897,False,infeasible,very_high_risk,gurobi:Optimal|refined_6,gurobi,0.6696375012397766,0.7545397877693176,0.38181267366749627,3,"{""BILL_AMT1"": 0.16585943078920196, ""BILL_AMT3"": 0.027346463857419664, ""BILL_AMT5"": 0.020051211108797942}",0.7545397877693176,False
monotone_xgboost,3937,False,infeasible,very_high_risk,gurobi:Optimal|refined_4,gurobi,0.857399046421051,0.84750896692276,2.2570991193094585,6,"{""BILL_AMT1"": 0.20207222250243564, ""BILL_AMT3"": -0.11131015762738494, ""BILL_AMT4"": 0.16222867244994454, ""BILL_AMT5"": 0.09395400121962708, ""BILL_AMT6"": -0.1432804738984296, ""PAY_AMT2"": 0.1287669340905058}",0.84750896692276,False
monotone_xgboost,3940,False,infeasible,very_high_risk,gurobi:Optimal|refined_13,gurobi,0.6008169054985046,0.5643078684806824,0.4097692955758384,4,"{""BILL_AMT1"": 0.16868345115570338, ""BILL_AMT3"": 0.02640793286434967, ""BILL_AMT4"": -0.018025408049993835, ""BILL_AMT5"": 0.022303905763569}",0.5643078684806824,False
monotone_xgboost,3941,False,infeasible,near_threshold,gurobi:Optimal,gurobi,0.23734809458255768,0.3960288166999817,0.2539588186824022,1,"{""BILL_AMT1"": 0.1401754351767345}",0.3960288166999817,False
monotone_xgboost,3950,False,infeasible,high_risk,gurobi:Optimal|refined_5,gurobi,0.4280238747596741,0.41256779432296753,0.2849151993961254,3,"{""BILL_AMT1"": 0.13899525322097553, ""BILL_AMT5"": 0.008251381996122978, ""BILL_AMT6"": -0.014328047389842974}",0.41256779432296753,False
monotone_xgboost,3964,False,infeasible,very_high_risk,gurobi:Optimal|refined_10,gurobi,0.5067599415779114,0.3866899013519287,0.4634577378726688,5,"{""BILL_AMT1"": 0.15571842582834178, ""BILL_AMT3"": -0.028384712063819012, ""BILL_AMT4"": -0.018025408049993835, ""BILL_AMT5"": -0.010766689307440222, ""BILL_AMT6"": -0.057312189559371896}",0.3866899013519287,False
monotone_xgboost,3972,False,infeasible,high_risk,gurobi:Optimal|refined_5,gurobi,0.4191851019859314,0.41351956129074097,0.34978088115674333,3,"{""BILL_AMT1"": 0.13711992489459252, ""BILL_AMT3"": -0.02854247036849547, ""BILL_AMT6"": -0.028656094779685948}",0.41351956129074097,False
monotone_xgboost,3976,False,infeasible,high_risk,gurobi:Optimal|refined_6,gurobi,0.4322521984577179,0.3840976357460022,0.3305660461309079,3,"{""BILL_AMT1"": 0.15112447926462194, ""BILL_AMT5"": 0.00941072181099746, ""BILL_AMT6"": -0.02865609477968592}",0.3840976357460022,False
monotone_xgboost,3984,True,feasible,near_threshold,gurobi:Optimal|refined_1,gurobi,0.23698705434799194,0.22266021370887756,0.2650383952010612,2,"{""BILL_AMT1"": 0.13407248160599322, ""BILL_AMT6"": -0.014328047389842974}",0.22266021370887756,True
monotone_xgboost,3985,False,infeasible,very_high_risk,gurobi:Optimal|refined_2,gurobi,0.7358177900314331,0.907702624797821,0.604641287639352,4,"{""BILL_AMT1"": 0.20207222250243562, ""BILL_AMT3"": -0.030108270637317358, ""BILL_AMT5"": 0.11246766253018084, ""BILL_AMT6"": -0.018748139717995466}",0.907702624797821,False
monotone_xgboost,3995,False,infeasible,very_high_risk,gurobi:Optimal|refined_3,gurobi,0.6649929881095886,0.7251107096672058,0.7150448524926225,5,"{""BILL_AMT1"": 0.20207222250243567, ""BILL_AMT3"": -0.02892666529928256, ""BILL_AMT4"": -0.018025408049993835, ""BILL_AMT5"": 0.11246766253018084, ""BILL_AMT6"": -0.0776754880669015}",0.7251107096672058,False
monotone_xgboost,3996,False,infeasible,very_high_risk,gurobi:Optimal|refined_3,gurobi,0.6014399528503418,0.6848600506782532,0.4019250796195343,3,"{""BILL_AMT1"": 0.20207222250243564, ""BILL_AMT5"": 0.010308553123881792, ""BILL_AMT6"": -0.014328047389842974}",0.6848600506782532,False
monotone_xgboost,4006,False,infeasible,very_high_risk,gurobi:Optimal|refined_8,gurobi,0.7169296145439148,0.7353163361549377,0.7070585215439829,5,"{""BILL_AMT1"": 0.1563868750392668, ""BILL_AMT3"": 0.021679855212262206, ""BILL_AMT4"": 0.018025408049993835, ""BILL_AMT5"": 0.10337042453929335, ""BILL_AMT6"": -0.1432804738984296}",0.7353163361549377,False
monotone_xgboost,4012,False,infeasible,very_high_risk,gurobi:Optimal|refined_8,gurobi,0.7968336343765259,0.8900516033172607,0.6722693826788094,5,"{""BILL_AMT1"": 0.13060019060411945, ""BILL_AMT3"": -0.021603708504702876, ""BILL_AMT4"": 0.01802540804999385, ""BILL_AMT5"": 0.11246766253018085, ""BILL_AMT6"": -0.1432804738984296}",0.8900516033172607,False
monotone_xgboost,4017,True,feasible,high_risk,gurobi:Optimal|refined_2,gurobi,0.4585758447647095,0.28924015164375305,0.3727993235883005,3,"{""BILL_AMT1"": 0.1912845071768557, ""BILL_AMT4"": -0.017804588249804715, ""BILL_AMT5"": 0.003603500301990567}",0.28924015164375305,True
monotone_xgboost,4032,False,infeasible,very_high_risk,gurobi:Optimal|refined_8,gurobi,0.7367708683013916,0.811866819858551,0.6217865983022959,5,"{""BILL_AMT1"": 0.20207222250243562, ""BILL_AMT3"": 0.033297966816206115, ""BILL_AMT4"": -0.018025408049993835, ""BILL_AMT5"": 0.059351440385125936, ""BILL_AMT6"": -0.057312189559371784}",0.811866819858551,False
monotone_xgboost,4035,False,infeasible,very_high_risk,gurobi:Optimal|refined_7,gurobi,0.673893392086029,0.5194875001907349,0.11956009241661832,3,"{""BILL_AMT1"": 0.005807128965939767, ""BILL_AMT4"": -0.07210163219997523, ""BILL_AMT6"": -0.014328047389842946}",0.5194875001907349,False
monotone_xgboost,4046,False,infeasible,very_high_risk,gurobi:Optimal|refined_6,gurobi,0.6073930263519287,0.5655390024185181,0.3200415723473052,4,"{""BILL_AMT1"": 0.14462256041077556, ""BILL_AMT4"": -0.018025408049993835, ""BILL_AMT5"": -0.010665152874799827, ""BILL_AMT6"": -0.014328047389842974}",0.5655390024185181,False
monotone_xgboost,4050,False,infeasible,very_high_risk,gurobi:Optimal|refined_8,gurobi,0.5426123142242432,0.543607234954834,0.4202082218690576,4,"{""BILL_AMT1"": 0.16627860057287422, ""BILL_AMT4"": -0.018025408049993835, ""BILL_AMT5"": 0.03987789855562243, ""BILL_AMT6"": -0.028656094779685948}",0.543607234954834,False
monotone_xgboost,4057,False,infeasible,very_high_risk,gurobi:Optimal|refined_9,gurobi,0.5912612676620483,0.4829248785972595,0.37935035123769834,3,"{""BILL_AMT1"": 0.1400503111311693, ""BILL_AMT5"": 0.011246766253018098, ""BILL_AMT6"": -0.07164023694921473}",0.4829248785972595,False
monotone_xgboost,4062,False,infeasible,very_high_risk,gurobi:Optimal|refined_2,gurobi,0.6799879670143127,0.5531474351882935,0.32591491409683093,2,"{""BILL_AMT1"": 0.16767396302936916, ""BILL_AMT6"": -0.014328047389842946}",0.5531474351882935,False
monotone_xgboost,4065,False,infeasible,very_high_risk,gurobi:Optimal|refined_4,gurobi,0.6727834343910217,0.7935408353805542,0.48121800339570625,5,"{""BILL_AMT1"": 0.20207222250243564, ""BILL_AMT3"": -0.028270648227346512, ""BILL_AMT4"": 0.018025408049993835, ""BILL_AMT5"": 0.011081075514106531, ""BILL_AMT6"": -0.014328047389842974}",0.7935408353805542,False
monotone_xgboost,4085,False,infeasible,very_high_risk,gurobi:Optimal|refined_11,gurobi,0.7383071780204773,0.45474717020988464,0.4952471666519222,4,"{""BILL_AMT1"": 0.1790046996215349, ""BILL_AMT4"": -0.018025408049993835, ""BILL_AMT5"": 0.02901486038340667, ""BILL_AMT6"": -0.07164023694921487}",0.45474717020988464,False
monotone_xgboost,4089,True,feasible,high_risk,gurobi:Optimal|refined_8,gurobi,0.43963634967803955,0.23083607852458954,0.20421632470991236,5,"{""BILL_AMT1"": 0.012716188342354745, ""BILL_AMT3"": -0.02841978764815753, ""BILL_AMT4"": -0.018025408049993835, ""BILL_AMT5"": -0.010592471033857048, ""BILL_AMT6"": -0.05731218955937181}",0.23083607852458954,True
monotone_xgboost,4103,False,infeasible,very_high_risk,gurobi:Optimal|refined_3,gurobi,0.7495635151863098,0.8814799785614014,4.92492245865683,7,"{""BILL_AMT1"": 0.20207222250243567, ""BILL_AMT3"": -0.1148144430673626, ""BILL_AMT4"": 0.1622286724499445, ""BILL_AMT5"": 0.10133682034298297, ""BILL_AMT6"": -0.1432804738984296, ""PAY_AMT1"": 0.09953820659605754, ""PAY_AMT2"": 0.34642105817415636}",0.8814799785614014,False
monotone_xgboost,4123,True,feasible,near_threshold,gurobi:Optimal,gurobi,0.30916428565979004,0.2003004401922226,0.06095885447998192,1,"{""BILL_AMT1"": 0.03364692747800535}",0.2003004401922226,True
monotone_xgboost,4124,False,infeasible,very_high_risk,gurobi:Optimal|refined_4,gurobi,0.7263690233230591,0.756443202495575,0.4575870013140367,4,"{""BILL_AMT1"": 0.20207222250243567, ""BILL_AMT4"": 0.03605081609998767, ""BILL_AMT5"": 0.01950300195122795, ""BILL_AMT6"": 0.014328047389842946}",0.756443202495575,False
monotone_xgboost,4125,False,infeasible,high_risk,gurobi:Optimal|refined_4,gurobi,0.439814031124115,0.44061291217803955,0.362941724627617,3,"{""BILL_AMT1"": 0.18009389818094562, ""BILL_AMT4"": 0.018025408049993835, ""BILL_AMT5"": -0.011246766253018098}",0.44061291217803955,False
monotone_xgboost,4129,True,feasible,near_threshold,gurobi:Optimal|refined_3,gurobi,0.311909019947052,0.24356575310230255,0.30729972924614735,3,"{""BILL_AMT1"": 0.13341562067739843, ""BILL_AMT4"": -0.03605081609998767, ""BILL_AMT6"": -0.014328047389842974}",0.24356575310230255,True
monotone_xgboost,4135,False,infeasible,very_high_risk,gurobi:Optimal|refined_4,gurobi,0.6491230726242065,0.5299362540245056,0.8117048740569686,5,"{""BILL_AMT1"": 0.20207222250243564, ""BILL_AMT3"": -0.05856073367430656, ""BILL_AMT4"": 0.018025408049993835, ""BILL_AMT5"": 0.11246766253018081, ""BILL_AMT6"": -0.10187779897920224}",0.5299362540245056,False
monotone_xgboost,4136,False,infeasible,very_high_risk,gurobi:Optimal|refined_8,gurobi,0.8479874134063721,0.6235752105712891,5.628121594923715,9,"{""BILL_AMT1"": 0.16871822711622347, ""BILL_AMT3"": -0.05904699146403198, ""BILL_AMT4"": 0.12617785634995685, ""BILL_AMT5"": 0.10380854829673626, ""BILL_AMT6"": -0.1432804738984296, ""PAY_AMT1"": 0.11591067274758687, ""PAY_AMT2"": 0.34642105817415636, ""PAY_AMT4"": 0.17033719806763287, ""PAY_AMT5"": 0.17683677701738895}",0.6235752105712891,False
monotone_xgboost,4144,True,feasible,near_threshold,gurobi:Optimal,gurobi,0.24677738547325134,0.24677738547325134,0.0,0,{},0.24677738547325134,True
monotone_xgboost,4148,False,infeasible,very_high_risk,gurobi:Optimal,gurobi,0.7635377049446106,0.908689022064209,3.5262090542998976,6,"{""BILL_AMT1"": 0.20207222250243564, ""BILL_AMT3"": -0.08121279696964409, ""BILL_AMT4"": 0.18025408049993838, ""BILL_AMT5"": 0.11246766253018084, ""BILL_AMT6"": -0.1432804738984296, ""PAY_AMT2"": 0.27539461374948965}",0.908689022064209,False
monotone_xgboost,4160,False,infeasible,very_high_risk,gurobi:Optimal|refined_4,gurobi,0.777915894985199,0.8727025389671326,1.25084700189278,6,"{""BILL_AMT1"": 0.16957355646580666, ""BILL_AMT3"": -0.054664452668144604, ""BILL_AMT4"": 0.18025408049993835, ""BILL_AMT5"": 0.11246766253018085, ""BILL_AMT6"": -0.1432804738984296, ""PAY_AMT1"": 0.032842137506248995}",0.8727025389671326,False
monotone_xgboost,4181,False,infeasible,very_high_risk,gurobi:Optimal|refined_6,gurobi,0.5831884145736694,0.48981013894081116,0.38332440877043705,3,"{""BILL_AMT1"": 0.1787963093237624, ""BILL_AMT5"": 0.011387116775711359, ""BILL_AMT6"": -0.02865609477968592}",0.48981013894081116,False
monotone_xgboost,4184,False,infeasible,very_high_risk,gurobi:Optimal|refined_5,gurobi,0.6400534510612488,0.8720082640647888,1.284024013507497,6,"{""BILL_AMT1"": 0.1878598272174542, ""BILL_AMT3"": -0.13577796882364238, ""BILL_AMT4"": 0.12617785634995676, ""BILL_AMT5"": 0.11246766253018084, ""BILL_AMT6"": -0.1432804738984296, ""PAY_AMT1"": 0.01990846122919145}",0.8720082640647888,False
monotone_xgboost,4209,False,infeasible,very_high_risk,gurobi:Optimal|refined_5,gurobi,0.8410773873329163,0.9472246170043945,0.8542500970099426,5,"{""BILL_AMT1"": 0.19026237710060512, ""BILL_AMT3"": -0.07723829140991847, ""BILL_AMT4"": 0.00816749912611564, ""BILL_AMT5"": 0.09326773788925194, ""BILL_AMT6"": -0.1432804738984296}",0.9472246170043945,False
monotone_xgboost,4211,False,infeasible,high_risk,gurobi:Optimal|refined_4,gurobi,0.46808773279190063,0.48812830448150635,0.3727459777662695,4,"{""BILL_AMT1"": 0.14878472618884642, ""BILL_AMT3"": -0.033263873130029514, ""BILL_AMT4"": -0.018025408049993835, ""BILL_AMT5"": -0.011246766253018098}",0.48812830448150635,False
monotone_xgboost,4216,False,infeasible,very_high_risk,gurobi:Optimal|refined_4,gurobi,0.8316662907600403,0.9024701714515686,0.9114398314687642,5,"{""BILL_AMT1"": 0.16908656028585314, ""BILL_AMT3"": -0.05870114511145635, ""BILL_AMT4"": 0.09705175825364085, ""BILL_AMT5"": 0.11246766253018084, ""BILL_AMT6"": -0.1432804738984296}",0.9024701714515686,False
monotone_xgboost,4229,True,feasible,near_threshold,gurobi:Optimal|refined_3,gurobi,0.3180364668369293,0.2896679937839508,0.36599746282274936,3,"{""BILL_AMT1"": 0.1836208723665106, ""BILL_AMT5"": 0.008426889306448651, ""BILL_AMT6"": -0.014328047389842974}",0.2896679937839508,True
monotone_xgboost,4234,False,infeasible,very_high_risk,gurobi:Optimal|refined_11,gurobi,0.5909523963928223,0.5415048599243164,0.30011124390999117,4,"{""BILL_AMT1"": 0.10288363986677354, ""BILL_AMT3"": -0.028318270288198027, ""BILL_AMT5"": 0.009642351797958373, ""BILL_AMT6"": -0.028656094779685892}",0.5415048599243164,False
monotone_xgboost,4241,False,infeasible,very_high_risk,gurobi:Optimal|refined_5,gurobi,0.6165779232978821,0.34254640340805054,0.08202013602693883,2,"{""BILL_AMT1"": 0.033053488612863946, ""BILL_AMT6"": -0.014328047389842946}",0.34254640340805054,False
monotone_xgboost,4247,False,infeasible,very_high_risk,gurobi:Optimal|refined_3,gurobi,0.628139317035675,0.8240161538124084,0.5997725527678791,3,"{""BILL_AMT1"": 0.20207222250243562, ""BILL_AMT5"": 0.11246766253018084, ""BILL_AMT6"": -0.05457261942892269}",0.8240161538124084,False
monotone_xgboost,4258,True,feasible,high_risk,gurobi:Optimal|refined_2,gurobi,0.44644269347190857,0.28443577885627747,0.04281043032904047,2,"{""BILL_AMT1"": 0.011411249182587957, ""BILL_AMT6"": -0.014328047389842974}",0.28443577885627747,True
monotone_xgboost,4263,False,infeasible,high_risk,gurobi:Optimal|refined_6,gurobi,0.4983421862125397,0.43029358983039856,0.34011446990383665,3,"{""BILL_AMT1"": 0.16859053828408502, ""BILL_AMT5"": 0.009441760446131278, ""BILL_AMT6"": -0.014328047389842974}",0.43029358983039856,False
monotone_xgboost,4275,False,infeasible,very_high_risk,gurobi:Optimal|refined_4,gurobi,0.7545612454414368,0.8838571906089783,0.4798621517542226,4,"{""BILL_AMT1"": 0.20207222250243562, ""BILL_AMT3"": -0.03319857690226405, ""BILL_AMT5"": 0.018998029560868185, ""BILL_AMT6"": -0.014328047389842946}",0.8838571906089783,False
monotone_xgboost,4281,False,infeasible,very_high_risk,gurobi:Optimal|refined_5,gurobi,0.5630215406417847,0.5843744874000549,0.34226284787642536,4,"{""BILL_AMT1"": 0.15719500733875427, ""BILL_AMT4"": -0.018025408049993835, ""BILL_AMT5"": -0.01024611677681321, ""BILL_AMT6"": -0.014328047389842974}",0.5843744874000549,False
monotone_xgboost,4282,False,infeasible,very_high_risk,gurobi:Optimal|refined_5,gurobi,0.6697759032249451,0.720267117023468,0.7317417351888337,5,"{""BILL_AMT1"": 0.1900283251525762, ""BILL_AMT3"": 0.003426242835313148, ""BILL_AMT4"": 0.01802540804999385, ""BILL_AMT5"": 0.10355227787665905, ""BILL_AMT6"": -0.1432804738984296}",0.720267117023468,False
monotone_xgboost,4283,False,infeasible,very_high_risk,gurobi:Optimal|refined_6,gurobi,0.7068648934364319,0.7427294850349426,0.45467549696685083,3,"{""BILL_AMT1"": 0.1677431728949261, ""BILL_AMT4"": 0.018025408049993835, ""BILL_AMT5"": 0.09717066741020397}",0.7427294850349426,False
monotone_xgboost,4284,False,infeasible,very_high_risk,gurobi:Optimal|refined_9,gurobi,0.639377772808075,0.6778178811073303,0.37317460848023654,3,"{""BILL_AMT1"": 0.1789376253770714, ""BILL_AMT4"": -0.03605081609998767, ""BILL_AMT5"": 0.004170166504630132}",0.6778178811073303,False
monotone_xgboost,4285,False,infeasible,very_high_risk,gurobi:Optimal|refined_3,gurobi,0.6727213859558105,0.6763825416564941,0.7190610789882809,4,"{""BILL_AMT1"": 0.18734447048954467, ""BILL_AMT3"": -0.030979323406706588, ""BILL_AMT5"": 0.11246766253018081, ""BILL_AMT6"": -0.10895061386793262}",0.6763825416564941,False
monotone_xgboost,4289,False,infeasible,very_high_risk,gurobi:Optimal|refined_9,gurobi,0.5872448086738586,0.7966273427009583,0.4867305261998743,4,"{""BILL_AMT1"": 0.11571404426723175, ""BILL_AMT4"": -0.018025408049993835, ""BILL_AMT5"": 0.11246766253018084, ""BILL_AMT6"": -0.06861121406468415}",0.7966273427009583,False
monotone_xgboost,4295,False,infeasible,very_high_risk,gurobi:Optimal|refined_5,gurobi,0.5761845707893372,0.6018337607383728,0.33941798952784047,5,"{""BILL_AMT1"": 0.11840916359169307, ""BILL_AMT3"": -0.03304769188472079, ""BILL_AMT4"": 0.018025408049993835, ""BILL_AMT5"": -0.011246766253018098, ""BILL_AMT6"": -0.014328047389842946}",0.6018337607383728,False
monotone_xgboost,4304,False,infeasible,very_high_risk,gurobi:Optimal|refined_5,gurobi,0.5588131546974182,0.576897919178009,0.30094011264641446,3,"{""BILL_AMT1"": 0.14576358081791824, ""BILL_AMT5"": -0.011084585599476449, ""BILL_AMT6"": -0.014328047389842946}",0.576897919178009,False
monotone_xgboost,4319,True,feasible,high_risk,gurobi:Optimal|refined_6,gurobi,0.4323265254497528,0.29788148403167725,0.3565340185006898,5,"{""BILL_AMT1"": 0.13594736444409725, ""BILL_AMT3"": -0.02748234765304519, ""BILL_AMT4"": -0.018025408049993835, ""BILL_AMT5"": 0.008590497816074294, ""BILL_AMT6"": -0.014328047389842946}",0.29788148403167725,True
monotone_xgboost,4321,True,feasible,moderate_risk,gurobi:Optimal|refined_2,gurobi,0.37933972477912903,0.2896967828273773,0.36101140061728604,3,"{""BILL_AMT1"": 0.175054124201607, ""BILL_AMT4"": 0.018025408049993835, ""BILL_AMT6"": -0.014328047389842974}",0.2896967828273773,True
monotone_xgboost,4332,False,infeasible,high_risk,gurobi:Optimal|refined_4,gurobi,0.47063300013542175,0.5392907857894897,0.2757137329724405,2,"{""BILL_AMT1"": 0.13868424629803472, ""BILL_AMT5"": 0.018415595361450862}",0.5392907857894897,False
monotone_xgboost,4337,False,infeasible,high_risk,gurobi:Optimal|refined_5,gurobi,0.4721531867980957,0.34094178676605225,0.30008219186826535,3,"{""BILL_AMT1"": 0.1292051091874618, ""BILL_AMT4"": -0.018025408049993835, ""BILL_AMT6"": -0.028656094779685948}",0.34094178676605225,False
monotone_xgboost,4342,False,infeasible,very_high_risk,gurobi:Optimal|refined_3,gurobi,0.7885255813598633,0.8239467144012451,0.7172411271179399,3,"{""BILL_AMT1"": 0.20207222250243562, ""BILL_AMT5"": 0.1012208962771628, ""BILL_AMT6"": -0.1402729996771677}",0.8239467144012451,False
monotone_xgboost,4361,False,infeasible,very_high_risk,gurobi:Optimal|refined_8,gurobi,0.7511001825332642,0.7908462882041931,0.4975280144999452,4,"{""BILL_AMT1"": 0.14678331214034965, ""BILL_AMT4"": -0.018025408049993835, ""BILL_AMT5"": 0.10377582659481116, ""BILL_AMT6"": -0.04663779269840457}",0.7908462882041931,False
monotone_xgboost,4366,False,infeasible,very_high_risk,gurobi:Optimal|refined_3,gurobi,0.7575370669364929,0.8524074554443359,0.7480311243413577,5,"{""BILL_AMT1"": 0.20207222250243567, ""BILL_AMT3"": -0.028082942028732516, ""BILL_AMT4"": -0.018025408049993835, ""BILL_AMT5"": 0.11246766253018084, ""BILL_AMT6"": -0.10011843570444502}",0.8524074554443359,False
monotone_xgboost,4371,False,infeasible,high_risk,gurobi:Optimal|refined_4,gurobi,0.4893873333930969,0.5272111892700195,0.17115372730734485,2,"{""BILL_AMT1"": 0.082478490244634, ""BILL_AMT4"": 0.018025408049993835}",0.5272111892700195,False
monotone_xgboost,4372,False,infeasible,very_high_risk,gurobi:Optimal|refined_7,gurobi,0.7316552996635437,0.6524278521537781,0.3874437579311279,3,"{""BILL_AMT1"": 0.17914619265174217, ""BILL_AMT4"": -0.017749290794721054, ""BILL_AMT5"": 0.03124009081739422}",0.6524278521537781,False
monotone_xgboost,4375,True,feasible,moderate_risk,gurobi:Optimal|refined_4,gurobi,0.3683602809906006,0.2966645061969757,0.45739639715217256,4,"{""BILL_AMT1"": 0.20045358787793963, ""BILL_AMT3"": -0.029864105294394885, ""BILL_AMT4"": -0.018025408049993835, ""BILL_AMT5"": 0.009620586908344525}",0.2966645061969757,True
monotone_xgboost,4378,False,infeasible,very_high_risk,gurobi:Optimal|refined_4,gurobi,0.7045972347259521,0.8627002239227295,1.7881817385509229,6,"{""BILL_AMT1"": 0.16535677215374692, ""BILL_AMT3"": -0.0888192347303926, ""BILL_AMT4"": 0.18025408049993835, ""BILL_AMT5"": 0.11246766253018084, ""BILL_AMT6"": -0.1432804738984296, ""PAY_AMT1"": 0.0963974455596018}",0.8627002239227295,False
monotone_xgboost,4409,False,infeasible,very_high_risk,gurobi:Optimal|refined_5,gurobi,0.6884537935256958,0.5598547458648682,0.5608671704134591,3,"{""BILL_AMT1"": 0.16829056244143167, ""BILL_AMT3"": 0.026564109221987542, ""BILL_AMT6"": -0.1312926070595682}",0.5598547458648682,False
monotone_xgboost,4418,False,infeasible,moderate_risk,gurobi:Optimal|refined_2,gurobi,0.3566458821296692,0.3407990038394928,0.3298002523661371,2,"{""BILL_AMT1"": 0.1698185193221353, ""BILL_AMT6"": -0.014328047389842974}",0.3407990038394928,False
monotone_xgboost,4423,False,infeasible,very_high_risk,gurobi:Optimal|refined_8,gurobi,0.6530805230140686,0.538010835647583,0.5648680065031241,4,"{""BILL_AMT1"": 0.1978837376750986, ""BILL_AMT3"": -0.059316795258959276, ""BILL_AMT4"": -0.03605081609998767, ""BILL_AMT6"": -0.028656094779685892}",0.538010835647583,False
monotone_xgboost,4430,False,infeasible,very_high_risk,gurobi:Optimal|refined_14,gurobi,0.8207507133483887,0.7862733006477356,0.8711703458610338,5,"{""BILL_AMT1"": 0.18631322610303067, ""BILL_AMT3"": -0.09570054069858783, ""BILL_AMT4"": -0.03605081609998767, ""BILL_AMT5"": 0.10122089627716277, ""BILL_AMT6"": -0.10637442575592451}",0.7862733006477356,False
monotone_xgboost,4434,False,infeasible,very_high_risk,gurobi:Optimal|refined_7,gurobi,0.8961473107337952,0.9184088706970215,0.7069306089845803,5,"{""BILL_AMT1"": 0.16787816202412023, ""BILL_AMT3"": -0.017293137435091047, ""BILL_AMT4"": 0.018025408049993835, ""BILL_AMT5"": 0.0942038760343281, ""BILL_AMT6"": -0.1432804738984296}",0.9184088706970215,False
monotone_xgboost,4439,False,infeasible,very_high_risk,gurobi:Optimal|refined_9,gurobi,0.6933579444885254,0.8552300930023193,0.4240858080464172,3,"{""BILL_AMT1"": 0.1316745288653747, ""BILL_AMT5"": 0.0934206374782475, ""BILL_AMT6"": -0.03978228205379977}",0.8552300930023193,False
monotone_xgboost,4442,False,infeasible,very_high_risk,gurobi:Optimal|refined_4,gurobi,0.5145262479782104,0.4972456693649292,0.5289742751408101,4,"{""BILL_AMT1"": 0.18043343412167695, ""BILL_AMT4"": -0.017808545409694537, ""BILL_AMT5"": 0.11246766253018083, ""BILL_AMT6"": -0.020229507450964745}",0.4972456693649292,False
monotone_xgboost,4444,False,infeasible,very_high_risk,gurobi:Optimal|refined_9,gurobi,0.7761805057525635,0.8332839608192444,0.5904791120289865,4,"{""BILL_AMT1"": 0.11534641900519507, ""BILL_AMT4"": -0.018025408049993835, ""BILL_AMT5"": 0.11246766253018084, ""BILL_AMT6"": -0.1361947316590612}",0.8332839608192444,False
monotone_xgboost,4453,False,infeasible,very_high_risk,gurobi:Optimal|refined_3,gurobi,0.6201032400131226,0.7585013508796692,0.649344840480713,4,"{""BILL_AMT1"": 0.20207222250243564, ""BILL_AMT3"": -0.02818260469216402, ""BILL_AMT5"": 0.10344201565683861, ""BILL_AMT6"": -0.057934132422075735}",0.7585013508796692,False
monotone_xgboost,4461,False,infeasible,very_high_risk,gurobi:Optimal|refined_2,gurobi,0.8335980176925659,0.7697557210922241,2.214037584792856,6,"{""BILL_AMT1"": 0.19122150340105354, ""BILL_AMT3"": -0.050324462792605655, ""BILL_AMT4"": 0.18025408049993838, ""BILL_AMT5"": 0.11246766253018085, ""BILL_AMT6"": -0.1432804738984296, ""PAY_AMT2"": 0.1347390340390764}",0.7697557210922241,False
monotone_xgboost,4465,False,infeasible,very_high_risk,gurobi:Optimal|refined_4,gurobi,0.5598343014717102,0.5145817995071411,0.40937003416347584,3,"{""BILL_AMT1"": 0.1713405229085529, ""BILL_AMT3"": -0.027337954073349977, ""BILL_AMT6"": -0.028656094779685892}",0.5145817995071411,False
monotone_xgboost,4476,False,infeasible,very_high_risk,gurobi:Optimal,gurobi,0.7232163548469543,0.8645889163017273,0.6482308696262127,3,"{""BILL_AMT1"": 0.20207222250243567, ""BILL_AMT5"": 0.11246766253018084, ""BILL_AMT6"": -0.08593780085041935}",0.8645889163017273,False
monotone_xgboost,4483,True,feasible,moderate_risk,gurobi:Optimal|refined_1,gurobi,0.38769540190696716,0.14723530411720276,0.019520606577450885,1,"{""BILL_AMT1"": -0.010774619035104266}",0.14723530411720276,True
monotone_xgboost,4489,False,infeasible,very_high_risk,gurobi:Optimal|refined_5,gurobi,0.8244321942329407,0.9405331611633301,0.94699762008416,5,"{""BILL_AMT1"": 0.1542760715729972, ""BILL_AMT3"": -0.08579826138565469, ""BILL_AMT4"": 0.10385185713541671, ""BILL_AMT5"": 0.11246766253018084, ""BILL_AMT6"": -0.1432804738984296}",0.9405331611633301,False
monotone_xgboost,4493,False,infeasible,very_high_risk,gurobi:Optimal|refined_4,gurobi,0.6959453821182251,0.548991858959198,0.5731945881997066,3,"{""BILL_AMT1"": 0.16952006519828938, ""BILL_AMT5"": 0.11246766253018085, ""BILL_AMT6"": -0.07554224109215034}",0.548991858959198,False
