predictor_label,test_index,feasible,recourse_band,original_score_band,solver_status,solver_family,original_score,new_score,total_cost,n_changed_features,changed_features,validity_reconstructed_score,validity_passes_threshold
xcreditscore_lattice,65,False,near_feasible,near_threshold,gurobi_exact:Optimal,gurobi_exact,0.31288424134254456,0.31288424134254456,2.7755575615628914e-15,0,{},0.31288424134254456,False
xcreditscore_lattice,122,False,infeasible,moderate_risk,gurobi_exact:Optimal|refined_4,gurobi_exact,0.36093491315841675,0.36074531078338623,0.17840707826239424,1,"{""NumberOfOpenCreditLinesAndLoans"": -0.09911504347910638}",0.36074531078338623,False
xcreditscore_lattice,196,False,infeasible,high_risk,gurobi_exact:Infeasible|refined_3,gurobi_exact,0.43940600752830505,0.43936803936958313,0.0536842105263158,1,"{""NumberOfOpenCreditLinesAndLoans"": -0.02982456140350878}",0.43936803936958313,False
xcreditscore_lattice,338,False,infeasible,moderate_risk,gurobi_exact:Optimal|refined_5,gurobi_exact,0.3574499487876892,0.3572307825088501,0.08210526315789754,1,"{""NumberOfOpenCreditLinesAndLoans"": 0.0456140350877193}",0.3572307825088501,False
xcreditscore_lattice,404,False,infeasible,moderate_risk,gurobi_exact:Optimal|refined_5,gurobi_exact,0.35071861743927,0.35050132870674133,0.08210526315789753,1,"{""NumberOfOpenCreditLinesAndLoans"": 0.0456140350877193}",0.35050132870674133,False
xcreditscore_lattice,405,False,infeasible,very_high_risk,gurobi_exact:Infeasible|refined_5,gurobi_exact,0.7749611735343933,0.7747946381568909,0.08210526315789474,1,"{""NumberOfOpenCreditLinesAndLoans"": 0.0456140350877193}",0.7747946381568909,False
xcreditscore_lattice,452,False,infeasible,near_threshold,gurobi_exact:Optimal|refined_4,gurobi_exact,0.3205265402793884,0.3202325701713562,0.2463018151044995,1,"{""NumberOfOpenCreditLinesAndLoans"": -0.13683434172472042}",0.3202325701713562,False
xcreditscore_lattice,480,False,infeasible,very_high_risk,gurobi_exact:Infeasible|refined_9,gurobi_exact,0.8425227999687195,0.8423123955726624,0.2778947368421053,1,"{""NumberOfOpenCreditLinesAndLoans"": -0.15438596491228074}",0.8423123955726624,False
xcreditscore_lattice,522,False,near_feasible,near_threshold,gurobi_exact:Optimal|refined_4,gurobi_exact,0.3040958642959595,0.3039219081401825,0.17840707826239424,1,"{""NumberOfOpenCreditLinesAndLoans"": -0.09911504347910638}",0.3039219081401825,False
xcreditscore_lattice,537,False,near_feasible,near_threshold,gurobi_exact:Optimal|refined_3,gurobi_exact,0.3075154423713684,0.30741140246391296,0.04421052631579223,1,"{""NumberOfOpenCreditLinesAndLoans"": 0.024561403508771923}",0.30741140246391296,False
xcreditscore_lattice,588,False,infeasible,high_risk,gurobi_exact:Infeasible,gurobi_exact,0.43384402990341187,0.43384402990341187,0.0,0,{},0.43384402990341187,False
xcreditscore_lattice,594,False,infeasible,very_high_risk,gurobi_exact:Infeasible|refined_5,gurobi_exact,0.8115909099578857,0.811444878578186,0.08210526315789474,1,"{""NumberOfOpenCreditLinesAndLoans"": 0.0456140350877193}",0.811444878578186,False
xcreditscore_lattice,647,False,infeasible,very_high_risk,gurobi_exact:Infeasible|refined_4,gurobi_exact,0.7962443828582764,0.796204686164856,0.0852631578947368,1,"{""NumberOfOpenCreditLinesAndLoans"": -0.04736842105263156}",0.796204686164856,False
xcreditscore_lattice,662,False,infeasible,high_risk,gurobi_exact:Optimal|refined_4,gurobi_exact,0.4085386097431183,0.40846526622772217,0.1057754993150258,1,"{""NumberOfOpenCreditLinesAndLoans"": -0.05876416628612391}",0.40846526622772217,False
xcreditscore_lattice,670,False,infeasible,high_risk,gurobi_exact:Optimal|refined_4,gurobi_exact,0.4325435161590576,0.43240833282470703,0.1420912887887102,1,"{""NumberOfOpenCreditLinesAndLoans"": -0.07893960488261514}",0.43240833282470703,False
xcreditscore_lattice,724,False,near_feasible,near_threshold,gurobi_exact:Optimal|refined_3,gurobi_exact,0.31746089458465576,0.31735503673553467,0.04421052631579227,1,"{""NumberOfOpenCreditLinesAndLoans"": 0.024561403508771923}",0.31735503673553467,False
xcreditscore_lattice,734,False,infeasible,very_high_risk,gurobi_exact:Optimal|refined_4,gurobi_exact,0.5524662137031555,0.4816921353340149,0.3473684210526343,1,"{""NumberOfOpenCreditLinesAndLoans"": -0.19298245614035087}",0.4816921353340149,False
xcreditscore_lattice,813,False,infeasible,high_risk,gurobi_exact:Infeasible|refined_8,gurobi_exact,0.4994824528694153,0.4991471767425537,0.24315789473684213,1,"{""NumberOfOpenCreditLinesAndLoans"": -0.13508771929824565}",0.4991471767425537,False
xcreditscore_lattice,828,False,infeasible,near_threshold,gurobi_exact:Infeasible|refined_11,gurobi_exact,0.32318466901779175,0.322856605052948,0.34736842105263155,1,"{""NumberOfOpenCreditLinesAndLoans"": -0.19298245614035087}",0.322856605052948,False
xcreditscore_lattice,841,False,near_feasible,moderate_risk,gurobi_exact:Infeasible|refined_11,gurobi_exact,0.3709462881088257,0.30572405457496643,0.34736842105263155,1,"{""NumberOfOpenCreditLinesAndLoans"": -0.19298245614035087}",0.30572405457496643,False
xcreditscore_lattice,912,True,feasible,moderate_risk,gurobi_exact:Optimal|refined_2,gurobi_exact,0.3524710237979889,0.2975385785102844,0.3063018151044997,1,"{""NumberOfOpenCreditLinesAndLoans"": -0.17016767505805366}",0.2975385785102844,True
xcreditscore_lattice,1024,False,infeasible,very_high_risk,gurobi_exact:Infeasible,gurobi_exact,0.5010497570037842,0.5010497570037842,0.0,0,{},0.5010497570037842,False
xcreditscore_lattice,1047,False,infeasible,very_high_risk,gurobi_exact:Infeasible|refined_5,gurobi_exact,0.8514764904975891,0.8514329195022583,0.11999999999999997,1,"{""NumberOfOpenCreditLinesAndLoans"": -0.06666666666666665}",0.8514329195022583,False
xcreditscore_lattice,1052,False,infeasible,high_risk,gurobi_exact:Optimal|refined_4,gurobi_exact,0.41900378465652466,0.41894426941871643,0.08526315789473687,1,"{""NumberOfOpenCreditLinesAndLoans"": -0.04736842105263156}",0.41894426941871643,False
xcreditscore_lattice,1088,False,infeasible,moderate_risk,gurobi_exact:Infeasible|refined_5,gurobi_exact,0.37063419818878174,0.37041157484054565,0.08210526315789474,1,"{""NumberOfOpenCreditLinesAndLoans"": 0.0456140350877193}",0.37041157484054565,False
xcreditscore_lattice,1111,False,infeasible,high_risk,gurobi_exact:Infeasible|refined_4,gurobi_exact,0.4884622395038605,0.4884010851383209,0.0852631578947368,1,"{""NumberOfOpenCreditLinesAndLoans"": -0.04736842105263156}",0.4884010851383209,False
xcreditscore_lattice,1153,False,infeasible,high_risk,gurobi_exact:Optimal|refined_4,gurobi_exact,0.4187396168708801,0.36990973353385925,0.2778807624729204,1,"{""NumberOfOpenCreditLinesAndLoans"": -0.15437820137384312}",0.36990973353385925,False
xcreditscore_lattice,1192,False,infeasible,very_high_risk,gurobi_exact:Optimal|refined_3,gurobi_exact,0.886431872844696,0.8864163756370544,0.053684210526318644,1,"{""NumberOfOpenCreditLinesAndLoans"": -0.02982456140350878}",0.8864163756370544,False
xcreditscore_lattice,1227,False,infeasible,moderate_risk,gurobi_exact:Infeasible|refined_3,gurobi_exact,0.3928847312927246,0.3927682042121887,0.04421052631578946,1,"{""NumberOfOpenCreditLinesAndLoans"": 0.024561403508771923}",0.3927682042121887,False
xcreditscore_lattice,1270,False,infeasible,near_threshold,gurobi_exact:Infeasible|refined_9,gurobi_exact,0.34772390127182007,0.3472839593887329,0.13894736842105262,1,"{""NumberOfOpenCreditLinesAndLoans"": 0.07719298245614035}",0.3472839593887329,False
xcreditscore_lattice,1275,False,infeasible,very_high_risk,gurobi_exact:Optimal|refined_3,gurobi_exact,0.5959686636924744,0.5247047543525696,0.3473684210526343,1,"{""NumberOfOpenCreditLinesAndLoans"": -0.19298245614035087}",0.5247047543525696,False
xcreditscore_lattice,1295,False,infeasible,high_risk,gurobi_exact:Optimal|refined_5,gurobi_exact,0.4269547164440155,0.4267212450504303,0.08210526315789751,1,"{""NumberOfOpenCreditLinesAndLoans"": 0.0456140350877193}",0.4267212450504303,False
xcreditscore_lattice,1304,False,infeasible,moderate_risk,gurobi_exact:Optimal|refined_4,gurobi_exact,0.3546566069126129,0.35453057289123535,0.14209128878871014,1,"{""NumberOfOpenCreditLinesAndLoans"": -0.07893960488261514}",0.35453057289123535,False
xcreditscore_lattice,1320,False,near_feasible,near_threshold,gurobi_exact:Optimal|refined_4,gurobi_exact,0.3175879120826721,0.3173511028289795,0.2147228677360785,1,"{""NumberOfOpenCreditLinesAndLoans"": -0.11929048207559761}",0.3173511028289795,False
xcreditscore_lattice,1339,False,infeasible,very_high_risk,gurobi_exact:Infeasible,gurobi_exact,0.7033423185348511,0.7033423185348511,0.0,0,{},0.7033423185348511,False
xcreditscore_lattice,1360,False,near_feasible,near_threshold,gurobi_exact:Infeasible|refined_9,gurobi_exact,0.31372126936912537,0.3133036196231842,0.13894736842105262,1,"{""NumberOfOpenCreditLinesAndLoans"": 0.07719298245614035}",0.3133036196231842,False
xcreditscore_lattice,1430,False,near_feasible,near_threshold,gurobi_exact:Optimal|refined_4,gurobi_exact,0.3169865608215332,0.31654444336891174,0.34103865720976273,1,"{""NumberOfOpenCreditLinesAndLoans"": -0.18946592067208884}",0.31654444336891174,False
xcreditscore_lattice,1435,False,infeasible,near_threshold,gurobi_exact:Infeasible|refined_9,gurobi_exact,0.3377854526042938,0.337351530790329,0.13894736842105262,1,"{""NumberOfOpenCreditLinesAndLoans"": 0.07719298245614035}",0.337351530790329,False
xcreditscore_lattice,1500,False,infeasible,very_high_risk,gurobi_exact:Infeasible|refined_11,gurobi_exact,0.6196851134300232,0.6192089915275574,0.34736842105263155,1,"{""NumberOfOpenCreditLinesAndLoans"": -0.19298245614035087}",0.6192089915275574,False
xcreditscore_lattice,1561,False,infeasible,near_threshold,gurobi_exact:Infeasible|refined_9,gurobi_exact,0.3377854526042938,0.337351530790329,0.13894736842105262,1,"{""NumberOfOpenCreditLinesAndLoans"": 0.07719298245614035}",0.337351530790329,False
xcreditscore_lattice,1598,True,feasible,near_threshold,gurobi:Optimal|refined_4,gurobi,0.3092176020145416,0.2973838448524475,0.13894736842105337,1,"{""NumberOfOpenCreditLinesAndLoans"": -0.07719298245614037}",0.2973838448524475,True
xcreditscore_lattice,1622,False,infeasible,moderate_risk,gurobi:Optimal|refined_11,gurobi,0.3536979854106903,0.3531810939311981,0.34736842105263155,1,"{""NumberOfOpenCreditLinesAndLoans"": -0.19298245614035087}",0.3531810939311981,False
xcreditscore_lattice,1712,False,near_feasible,near_threshold,gurobi:Infeasible,gurobi,0.30202925205230713,0.30202925205230713,0.0,0,{},0.30202925205230713,False
xcreditscore_lattice,1751,False,infeasible,high_risk,gurobi:Infeasible|refined_3,gurobi,0.4215371012687683,0.4214995205402374,0.0536842105263158,1,"{""NumberOfOpenCreditLinesAndLoans"": -0.02982456140350878}",0.4214995205402374,False
xcreditscore_lattice,1752,False,infeasible,very_high_risk,gurobi:Infeasible,gurobi,0.8200540542602539,0.8200540542602539,0.0,0,{},0.8200540542602539,False
xcreditscore_lattice,1878,False,infeasible,moderate_risk,gurobi:Infeasible|refined_5,gurobi,0.38764917850494385,0.37962907552719116,0.11999999999999997,1,"{""NumberOfOpenCreditLinesAndLoans"": -0.06666666666666665}",0.37962907552719116,False
xcreditscore_lattice,1905,False,near_feasible,near_threshold,gurobi:Optimal|refined_9,gurobi,0.31411126255989075,0.3136933147907257,0.13894736842105262,1,"{""NumberOfOpenCreditLinesAndLoans"": 0.07719298245614035}",0.3136933147907257,False
xcreditscore_lattice,1966,False,infeasible,high_risk,gurobi:Infeasible|refined_3,gurobi,0.4268363416194916,0.42671680450439453,0.04421052631578946,1,"{""NumberOfOpenCreditLinesAndLoans"": 0.024561403508771923}",0.42671680450439453,False
xcreditscore_lattice,1987,False,infeasible,moderate_risk,gurobi:Optimal|refined_9,gurobi,0.376655638217926,0.3762001395225525,0.13894736842105262,1,"{""NumberOfOpenCreditLinesAndLoans"": 0.07719298245614035}",0.3762001395225525,False
xcreditscore_lattice,2090,False,infeasible,high_risk,gurobi:Infeasible|refined_6,gurobi,0.41383302211761475,0.4136424660682678,0.16578947368421051,1,"{""NumberOfOpenCreditLinesAndLoans"": -0.09210526315789475}",0.4136424660682678,False
xcreditscore_lattice,2101,False,infeasible,very_high_risk,gurobi:Infeasible|refined_6,gurobi,0.7899096608161926,0.7896687388420105,0.09473684210526315,1,"{""NumberOfOpenCreditLinesAndLoans"": 0.05263157894736842}",0.7896687388420105,False
xcreditscore_lattice,2142,False,infeasible,moderate_risk,gurobi:Optimal|refined_9,gurobi,0.3595176637172699,0.3590709865093231,0.1389482013707227,2,"{""DebtRatio"": -1.6658993401204612e-07, ""NumberOfOpenCreditLinesAndLoans"": 0.07719298245614035}",0.3590709865093231,False
xcreditscore_lattice,2161,True,feasible,near_threshold,gurobi:Optimal,gurobi,0.3473457098007202,0.28234344720840454,1.6398704965323891,3,"{""MonthlyIncome"": 0.08198055873555074, ""NumberOfOpenCreditLinesAndLoans"": 0.19298245614035087, ""NumberRealEstateLoansOrLines"": -0.05660377358490566}",0.28234344720840454,True
xcreditscore_lattice,2237,False,infeasible,near_threshold,gurobi:Infeasible|refined_3,gurobi,0.333069384098053,0.3329608738422394,0.04421052631578946,1,"{""NumberOfOpenCreditLinesAndLoans"": 0.024561403508771923}",0.3329608738422394,False
xcreditscore_lattice,2254,False,near_feasible,near_threshold,gurobi:Optimal|refined_6,gurobi,0.30284935235977173,0.30254295468330383,0.09473684210526337,1,"{""NumberOfOpenCreditLinesAndLoans"": 0.05263157894736854}",0.30254295468330383,False
xcreditscore_lattice,2313,False,infeasible,very_high_risk,gurobi:Infeasible|refined_5,gurobi,0.720980167388916,0.7207880616188049,0.08210526315789474,1,"{""NumberOfOpenCreditLinesAndLoans"": 0.0456140350877193}",0.7207880616188049,False
xcreditscore_lattice,2428,False,infeasible,very_high_risk,gurobi:Infeasible|refined_7,gurobi,0.7900591492652893,0.7898808121681213,0.20842105263157898,1,"{""NumberOfOpenCreditLinesAndLoans"": -0.11578947368421055}",0.7898808121681213,False
xcreditscore_lattice,2467,False,infeasible,very_high_risk,gurobi:Optimal|refined_5,gurobi,0.634513258934021,0.6344334483146667,0.11999999999999947,1,"{""NumberOfOpenCreditLinesAndLoans"": -0.06666666666666637}",0.6344334483146667,False
xcreditscore_lattice,2480,False,infeasible,high_risk,gurobi:Optimal|refined_3,gurobi,0.44776853919029236,0.44773048162460327,0.0536842105263153,1,"{""NumberOfOpenCreditLinesAndLoans"": -0.029824561403508504}",0.44773048162460327,False
xcreditscore_lattice,2481,False,infeasible,near_threshold,gurobi:Infeasible|refined_10,gurobi,0.33156487345695496,0.33116093277931213,0.3126315789473685,1,"{""NumberOfOpenCreditLinesAndLoans"": -0.17368421052631583}",0.33116093277931213,False
xcreditscore_lattice,2566,False,infeasible,moderate_risk,gurobi:Optimal|refined_2,gurobi,0.3534950911998749,0.3534785509109497,0.025263157894736467,1,"{""NumberOfOpenCreditLinesAndLoans"": -0.01403508771929804}",0.3534785509109497,False
xcreditscore_lattice,2648,False,infeasible,moderate_risk,gurobi:Infeasible|refined_8,gurobi,0.3846600353717804,0.38434258103370667,0.24315789473684213,1,"{""NumberOfOpenCreditLinesAndLoans"": -0.13508771929824565}",0.38434258103370667,False
xcreditscore_lattice,2661,False,infeasible,near_threshold,gurobi:Optimal|refined_4,gurobi,0.34502020478248596,0.3449649214744568,0.0852631578947363,1,"{""NumberOfOpenCreditLinesAndLoans"": -0.04736842105263128}",0.3449649214744568,False
xcreditscore_lattice,2690,False,infeasible,moderate_risk,gurobi:Optimal|refined_11,gurobi,0.38674846291542053,0.3865150809288025,0.07176420406928648,1,"{""NumberOfOpenCreditLinesAndLoans"": 0.039869002260714714}",0.3865150809288025,False
xcreditscore_lattice,2758,False,infeasible,moderate_risk,gurobi:Infeasible|refined_6,gurobi,0.36581623554229736,0.3654794991016388,0.09473684210526315,1,"{""NumberOfOpenCreditLinesAndLoans"": 0.05263157894736842}",0.3654794991016388,False
xcreditscore_lattice,2804,False,infeasible,high_risk,gurobi:Optimal|refined_2,gurobi,0.4713320732116699,0.471314013004303,0.025263157894736467,1,"{""NumberOfOpenCreditLinesAndLoans"": -0.01403508771929804}",0.471314013004303,False
xcreditscore_lattice,2824,False,infeasible,very_high_risk,gurobi:Infeasible,gurobi,0.8907426595687866,0.8907426595687866,0.0,0,{},0.8907426595687866,False
xcreditscore_lattice,2898,False,infeasible,moderate_risk,gurobi:Optimal|refined_5,gurobi,0.3579549789428711,0.3578758239746094,0.11999999999999947,1,"{""NumberOfOpenCreditLinesAndLoans"": -0.06666666666666637}",0.3578758239746094,False
xcreditscore_lattice,2934,False,infeasible,very_high_risk,gurobi:Infeasible|refined_7,gurobi,0.8527640104293823,0.8356105089187622,0.20842105263157898,1,"{""NumberOfOpenCreditLinesAndLoans"": -0.11578947368421055}",0.8356105089187622,False
xcreditscore_lattice,2953,False,infeasible,very_high_risk,gurobi:Infeasible|refined_11,gurobi,0.8678284883499146,0.8675966262817383,0.34736842105263155,1,"{""NumberOfOpenCreditLinesAndLoans"": -0.19298245614035087}",0.8675966262817383,False
xcreditscore_lattice,3009,False,infeasible,very_high_risk,gurobi:Infeasible,gurobi,0.7078510522842407,0.7078510522842407,0.0,0,{},0.7078510522842407,False
xcreditscore_lattice,3061,False,infeasible,very_high_risk,gurobi:Infeasible|refined_6,gurobi,0.5085702538490295,0.508207380771637,0.09473684210526315,1,"{""NumberOfOpenCreditLinesAndLoans"": 0.05263157894736842}",0.508207380771637,False
xcreditscore_lattice,3138,False,infeasible,high_risk,gurobi:Infeasible|refined_9,gurobi,0.48308107256889343,0.4825965464115143,0.13894736842105262,1,"{""NumberOfOpenCreditLinesAndLoans"": 0.07719298245614035}",0.4825965464115143,False
xcreditscore_lattice,3168,False,infeasible,moderate_risk,gurobi:Infeasible,gurobi,0.3644077479839325,0.3644077479839325,0.0,0,{},0.3644077479839325,False
xcreditscore_lattice,3322,False,infeasible,moderate_risk,gurobi:Infeasible|refined_5,gurobi,0.35364699363708496,0.3534288704395294,0.08210526315789474,1,"{""NumberOfOpenCreditLinesAndLoans"": 0.0456140350877193}",0.3534288704395294,False
xcreditscore_lattice,3347,False,infeasible,high_risk,gurobi:Optimal|refined_2,gurobi,0.43938368558883667,0.43936580419540405,0.025263157894736467,1,"{""NumberOfOpenCreditLinesAndLoans"": -0.01403508771929804}",0.43936580419540405,False
xcreditscore_lattice,3473,False,infeasible,moderate_risk,gurobi:Infeasible|refined_6,gurobi,0.3738897740840912,0.3735499978065491,0.09473684210526315,1,"{""NumberOfOpenCreditLinesAndLoans"": 0.05263157894736842}",0.3735499978065491,False
xcreditscore_lattice,3540,False,infeasible,very_high_risk,gurobi:Infeasible,gurobi,0.8854513168334961,0.8854513168334961,0.0,0,{},0.8854513168334961,False
xcreditscore_lattice,3612,False,infeasible,moderate_risk,gurobi:Infeasible|refined_3,gurobi,0.3565334379673004,0.3564213812351227,0.04421052631578946,1,"{""NumberOfOpenCreditLinesAndLoans"": 0.024561403508771923}",0.3564213812351227,False
xcreditscore_lattice,3621,False,infeasible,very_high_risk,gurobi:Infeasible|refined_11,gurobi,0.5317605137825012,0.4609071910381317,0.34736842105263155,1,"{""NumberOfOpenCreditLinesAndLoans"": -0.19298245614035087}",0.4609071910381317,False
xcreditscore_lattice,3697,False,infeasible,very_high_risk,gurobi:Infeasible|refined_6,gurobi,0.8078839182853699,0.8077977895736694,0.15789473684210523,1,"{""NumberOfOpenCreditLinesAndLoans"": -0.08771929824561403}",0.8077977895736694,False
xcreditscore_lattice,3723,False,infeasible,very_high_risk,gurobi:Infeasible|refined_6,gurobi,0.85616534948349,0.855986475944519,0.09473684210526315,1,"{""NumberOfOpenCreditLinesAndLoans"": 0.05263157894736842}",0.855986475944519,False
xcreditscore_lattice,3779,False,infeasible,near_threshold,gurobi:Optimal,gurobi,0.34885215759277344,0.34885215759277344,3.747002708109903e-16,0,{},0.34885215759277344,False
xcreditscore_lattice,3929,False,infeasible,very_high_risk,gurobi:Optimal|refined_8,gurobi,0.5912081003189087,0.5908839702606201,0.2431578947368416,1,"{""NumberOfOpenCreditLinesAndLoans"": -0.13508771929824528}",0.5908839702606201,False
xcreditscore_lattice,3991,False,infeasible,moderate_risk,gurobi:Optimal|refined_4,gurobi,0.3924115002155304,0.38871508836746216,0.26317614010939994,2,"{""NumberOfOpenCreditLinesAndLoans"": -0.04736842105263156, ""NumberRealEstateLoansOrLines"": -0.03761243993213137}",0.38871508836746216,False
xcreditscore_lattice,4001,False,infeasible,near_threshold,gurobi:Infeasible|refined_4,gurobi,0.34782329201698303,0.34776782989501953,0.0852631578947368,1,"{""NumberOfOpenCreditLinesAndLoans"": -0.04736842105263156}",0.34776782989501953,False
xcreditscore_lattice,4020,False,infeasible,moderate_risk,gurobi:Infeasible|refined_7,gurobi,0.3964134454727173,0.39615631103515625,0.20842105263157898,1,"{""NumberOfOpenCreditLinesAndLoans"": -0.11578947368421055}",0.39615631103515625,False
xcreditscore_lattice,4087,False,infeasible,very_high_risk,gurobi:Optimal|refined_3,gurobi,0.7035078406333923,0.7034757137298584,0.0536842105263153,1,"{""NumberOfOpenCreditLinesAndLoans"": -0.029824561403508504}",0.7034757137298584,False
xcreditscore_lattice,4141,False,infeasible,very_high_risk,gurobi:Optimal|refined_5,gurobi,0.6408397555351257,0.6406199932098389,0.08210526315789503,1,"{""NumberOfOpenCreditLinesAndLoans"": 0.04561403508771947}",0.6406199932098389,False
xcreditscore_lattice,4169,False,infeasible,very_high_risk,gurobi:Infeasible|refined_6,gurobi,0.8814440965652466,0.8737466931343079,0.15789473684210523,1,"{""NumberOfOpenCreditLinesAndLoans"": -0.08771929824561403}",0.8737466931343079,False
xcreditscore_lattice,4187,False,infeasible,near_threshold,gurobi:Infeasible|refined_9,gurobi,0.3205777704715729,0.3202325701713562,0.2778947368421053,1,"{""NumberOfOpenCreditLinesAndLoans"": -0.15438596491228074}",0.3202325701713562,False
xcreditscore_lattice,4202,False,infeasible,very_high_risk,gurobi:Infeasible|refined_5,gurobi,0.8237273693084717,0.8235887289047241,0.08210526315789474,1,"{""NumberOfOpenCreditLinesAndLoans"": 0.0456140350877193}",0.8235887289047241,False
xcreditscore_lattice,4223,False,infeasible,high_risk,gurobi:Optimal|refined_14,gurobi,0.4169978201389313,0.4167647361755371,0.8897600491975302,2,"{""MonthlyIncome"": 0.06473869867264453, ""NumberOfOpenCreditLinesAndLoans"": 0.04473684210526305}",0.4167647361755371,False
xcreditscore_lattice,4292,False,infeasible,moderate_risk,gurobi:Optimal|refined_6,gurobi,0.3548673093318939,0.3545350432395935,0.09473684210526337,1,"{""NumberOfOpenCreditLinesAndLoans"": 0.05263157894736854}",0.3545350432395935,False
xcreditscore_lattice,4368,False,infeasible,moderate_risk,gurobi:Optimal|refined_4,gurobi,0.3830925226211548,0.38303467631340027,0.0852631578947363,1,"{""NumberOfOpenCreditLinesAndLoans"": -0.04736842105263128}",0.38303467631340027,False
xcreditscore_lattice,4369,False,infeasible,moderate_risk,gurobi:Optimal|refined_6,gurobi,0.3682003915309906,0.3678627610206604,0.09473684210526337,1,"{""NumberOfOpenCreditLinesAndLoans"": 0.05263157894736854}",0.3678627610206604,False
xcreditscore_lattice,4387,False,infeasible,high_risk,gurobi:Infeasible|refined_6,gurobi,0.4620392918586731,0.46190133690834045,0.15789473684210523,1,"{""NumberOfOpenCreditLinesAndLoans"": -0.08771929824561403}",0.46190133690834045,False
xcreditscore_lattice,4411,False,infeasible,high_risk,gurobi:Optimal|refined_7,gurobi,0.41520097851753235,0.4149400293827057,0.20842105263157945,1,"{""NumberOfOpenCreditLinesAndLoans"": -0.11578947368421055}",0.4149400293827057,False
xcreditscore_lattice,4476,False,infeasible,very_high_risk,gurobi:Infeasible|refined_5,gurobi,0.8656611442565918,0.8655500411987305,0.08210526315789474,1,"{""NumberOfOpenCreditLinesAndLoans"": 0.0456140350877193}",0.8655500411987305,False
xcreditscore_lattice,4481,False,infeasible,moderate_risk,gurobi:Optimal|refined_4,gurobi,0.38465753197669983,0.38459962606430054,0.0852631578947368,1,"{""NumberOfOpenCreditLinesAndLoans"": -0.04736842105263156}",0.38459962606430054,False
xcreditscore_lattice,4493,False,infeasible,very_high_risk,gurobi:Optimal|refined_11,gurobi,0.5655943155288696,0.4929681420326233,0.34736842105263155,1,"{""NumberOfOpenCreditLinesAndLoans"": -0.19298245614035087}",0.4929681420326233,False
xcreditscore_lattice,4498,False,infeasible,very_high_risk,gurobi:Infeasible|refined_5,gurobi,0.5501807332038879,0.5499444603919983,0.08210526315789474,1,"{""NumberOfOpenCreditLinesAndLoans"": 0.0456140350877193}",0.5499444603919983,False
xcreditscore_lattice,4501,False,near_feasible,near_threshold,gurobi:Infeasible|refined_7,gurobi,0.30802610516548157,0.30779707431793213,0.20842105263157898,1,"{""NumberOfOpenCreditLinesAndLoans"": -0.11578947368421055}",0.30779707431793213,False
xcreditscore_lattice,4510,False,infeasible,high_risk,gurobi:Optimal|refined_14,gurobi,0.4175557792186737,0.4167569875717163,1.2996602431539177,3,"{""MonthlyIncome"": 0.07188860892599766, ""NumberOfOpenCreditLinesAndLoans"": 0.05614035087719291, ""NumberOfDependents"": -0.08333333333333333}",0.4167569875717163,False
xcreditscore_lattice,4520,False,near_feasible,near_threshold,gurobi:Optimal|refined_7,gurobi,0.3002849817276001,0.3000592291355133,0.20842105263157898,1,"{""NumberOfOpenCreditLinesAndLoans"": -0.11578947368421055}",0.3000592291355133,False
xcreditscore_lattice,4571,False,infeasible,high_risk,gurobi:Infeasible,gurobi,0.46263712644577026,0.46263712644577026,0.0,0,{},0.46263712644577026,False
xcreditscore_lattice,4650,False,infeasible,high_risk,gurobi:Optimal|refined_14,gurobi,0.4175557792186737,0.4167569875717163,1.2996916170081678,3,"{""MonthlyIncome"": 0.07189111883433766, ""NumberOfOpenCreditLinesAndLoans"": 0.05614035087719291, ""NumberOfDependents"": -0.08333333333333333}",0.4167569875717163,False
xcreditscore_lattice,4651,False,infeasible,moderate_risk,gurobi:Optimal|refined_9,gurobi,0.36715689301490784,0.36670610308647156,0.13894736842105262,1,"{""NumberOfOpenCreditLinesAndLoans"": 0.07719298245614035}",0.36670610308647156,False
xcreditscore_lattice,4670,False,infeasible,near_threshold,gurobi:Optimal|refined_4,gurobi,0.32495561242103577,0.3249019682407379,0.0852631578947363,1,"{""NumberOfOpenCreditLinesAndLoans"": -0.04736842105263128}",0.3249019682407379,False
xcreditscore_lattice,4721,False,infeasible,near_threshold,gurobi:Optimal|refined_6,gurobi,0.3374766707420349,0.33735257387161255,0.15789473684210473,1,"{""NumberOfOpenCreditLinesAndLoans"": -0.08771929824561375}",0.33735257387161255,False
xcreditscore_lattice,4756,False,infeasible,moderate_risk,gurobi:Infeasible|refined_4,gurobi,0.3987753689289093,0.3987167179584503,0.0852631578947368,1,"{""NumberOfOpenCreditLinesAndLoans"": -0.04736842105263156}",0.3987167179584503,False
xcreditscore_lattice,4771,False,infeasible,moderate_risk,gurobi:Optimal|refined_4,gurobi,0.3521755635738373,0.3521197438240051,0.0852631578947364,1,"{""NumberOfOpenCreditLinesAndLoans"": -0.04736842105263128}",0.3521197438240051,False
xcreditscore_lattice,4787,False,infeasible,moderate_risk,gurobi:Infeasible|refined_3,gurobi,0.3769512474536896,0.3769150674343109,0.0536842105263158,1,"{""NumberOfOpenCreditLinesAndLoans"": -0.02982456140350878}",0.3769150674343109,False
xcreditscore_lattice,4816,False,infeasible,moderate_risk,gurobi:Optimal|refined_6,gurobi,0.3529953956604004,0.35266390442848206,0.09473684210526337,1,"{""NumberOfOpenCreditLinesAndLoans"": 0.05263157894736854}",0.35266390442848206,False
xcreditscore_lattice,4892,False,near_feasible,near_threshold,gurobi:Optimal|refined_3,gurobi,0.308198481798172,0.30816563963890076,0.0536842105263153,1,"{""NumberOfOpenCreditLinesAndLoans"": -0.029824561403508504}",0.30816563963890076,False
xcreditscore_lattice,4913,False,infeasible,very_high_risk,gurobi:Optimal|refined_5,gurobi,0.511481523513794,0.5112429857254028,0.0821052631578951,1,"{""NumberOfOpenCreditLinesAndLoans"": 0.0456140350877193}",0.5112429857254028,False
xcreditscore_lattice,4918,False,infeasible,moderate_risk,gurobi:Optimal|refined_13,gurobi,0.3928142786026001,0.39191991090774536,0.3278317327399929,2,"{""NumberOfOpenCreditLinesAndLoans"": 0.07719298245614031, ""NumberOfDependents"": -0.05246787897748342}",0.39191991090774536,False
xcreditscore_lattice,5034,False,infeasible,very_high_risk,gurobi:Infeasible|refined_6,gurobi,0.7154260873794556,0.7152660489082336,0.16578947368421051,1,"{""NumberOfOpenCreditLinesAndLoans"": -0.09210526315789475}",0.7152660489082336,False
xcreditscore_lattice,5049,False,infeasible,high_risk,gurobi:Optimal|refined_16,gurobi,0.42352110147476196,0.4230403006076813,1.1111082335671179,3,"{""MonthlyIncome"": 0.06046760605379051, ""NumberOfOpenCreditLinesAndLoans"": -0.03070175438596484, ""NumberOfDependents"": -0.08333333333333333}",0.4230403006076813,False
xcreditscore_lattice,5055,False,infeasible,very_high_risk,gurobi:Infeasible|refined_7,gurobi,0.5253779292106628,0.5251098871231079,0.20842105263157898,1,"{""NumberOfOpenCreditLinesAndLoans"": -0.11578947368421055}",0.5251098871231079,False
xcreditscore_lattice,5082,False,infeasible,very_high_risk,gurobi:Infeasible|refined_3,gurobi,0.8560625314712524,0.8560435771942139,0.0536842105263158,1,"{""NumberOfOpenCreditLinesAndLoans"": -0.02982456140350878}",0.8560435771942139,False
xcreditscore_lattice,5192,False,infeasible,near_threshold,gurobi:Optimal|refined_6,gurobi,0.3448905348777771,0.3445625901222229,0.09473684210526337,1,"{""NumberOfOpenCreditLinesAndLoans"": 0.05263157894736854}",0.3445625901222229,False
xcreditscore_lattice,5311,False,infeasible,moderate_risk,gurobi:Optimal,gurobi,0.3746357858181,0.3746357858181,3.747002708109903e-16,0,{},0.3746357858181,False
xcreditscore_lattice,5320,False,infeasible,high_risk,gurobi:Infeasible|refined_3,gurobi,0.4147002696990967,0.41458162665367126,0.04421052631578946,1,"{""NumberOfOpenCreditLinesAndLoans"": 0.024561403508771923}",0.41458162665367126,False
xcreditscore_lattice,5458,False,infeasible,very_high_risk,gurobi:Infeasible|refined_9,gurobi,0.728557825088501,0.7281739115715027,0.13894736842105262,1,"{""NumberOfOpenCreditLinesAndLoans"": 0.07719298245614035}",0.7281739115715027,False
xcreditscore_lattice,5546,False,infeasible,near_threshold,gurobi:Optimal|refined_6,gurobi,0.34644171595573425,0.34631603956222534,0.15789473684210473,1,"{""NumberOfOpenCreditLinesAndLoans"": -0.08771929824561375}",0.34631603956222534,False
xcreditscore_lattice,5547,False,near_feasible,near_threshold,gurobi:Infeasible|refined_6,gurobi,0.3057416081428528,0.3056237995624542,0.15789473684210523,1,"{""NumberOfOpenCreditLinesAndLoans"": -0.08771929824561403}",0.3056237995624542,False
xcreditscore_lattice,5554,False,infeasible,near_threshold,gurobi:Infeasible|refined_2,gurobi,0.32561275362968445,0.32559680938720703,0.02526315789473684,1,"{""NumberOfOpenCreditLinesAndLoans"": -0.014035087719298248}",0.32559680938720703,False
xcreditscore_lattice,5563,False,infeasible,very_high_risk,gurobi:Infeasible|refined_3,gurobi,0.712472677230835,0.7124411463737488,0.0536842105263158,1,"{""NumberOfOpenCreditLinesAndLoans"": -0.02982456140350878}",0.7124411463737488,False
xcreditscore_lattice,5591,False,infeasible,moderate_risk,gurobi:Optimal|refined_6,gurobi,0.37654200196266174,0.37620124220848083,0.09473684210526337,1,"{""NumberOfOpenCreditLinesAndLoans"": 0.05263157894736854}",0.37620124220848083,False
xcreditscore_lattice,5631,False,infeasible,very_high_risk,gurobi:Infeasible|refined_2,gurobi,0.8712607026100159,0.8712525367736816,0.02526315789473684,1,"{""NumberOfOpenCreditLinesAndLoans"": -0.014035087719298248}",0.8712525367736816,False
xcreditscore_lattice,5685,False,infeasible,high_risk,gurobi:Optimal|refined_2,gurobi,0.4089944660663605,0.4089769721031189,0.025263157894736467,1,"{""NumberOfOpenCreditLinesAndLoans"": -0.01403508771929804}",0.4089769721031189,False
xcreditscore_lattice,5686,False,infeasible,very_high_risk,gurobi:Infeasible|refined_11,gurobi,0.9403582811355591,0.9036022424697876,0.3473684210526306,1,"{""NumberOfOpenCreditLinesAndLoans"": 0.19298245614035037}",0.9036022424697876,False
xcreditscore_lattice,5715,False,infeasible,very_high_risk,gurobi:Infeasible|refined_3,gurobi,0.8413314819335938,0.8413109183311462,0.0536842105263158,1,"{""NumberOfOpenCreditLinesAndLoans"": -0.02982456140350878}",0.8413109183311462,False
xcreditscore_lattice,5793,False,infeasible,moderate_risk,gurobi:Optimal,gurobi,0.37577641010284424,0.37577641010284424,3.747002708109903e-16,0,{},0.37577641010284424,False
xcreditscore_lattice,5814,False,infeasible,high_risk,gurobi:Infeasible|refined_5,gurobi,0.40802842378616333,0.4077979326248169,0.08210526315789474,1,"{""NumberOfOpenCreditLinesAndLoans"": 0.0456140350877193}",0.4077979326248169,False
xcreditscore_lattice,5828,False,infeasible,moderate_risk,gurobi:Optimal|refined_7,gurobi,0.38295429944992065,0.38249677419662476,0.14031244241677215,1,"{""NumberOfOpenCreditLinesAndLoans"": 0.07795135689820676}",0.38249677419662476,False
xcreditscore_lattice,5916,False,infeasible,moderate_risk,gurobi:Optimal|refined_2,gurobi,0.39546990394592285,0.3954525887966156,0.025263157894737202,1,"{""NumberOfOpenCreditLinesAndLoans"": -0.014035087719298248}",0.3954525887966156,False
xcreditscore_lattice,5931,False,infeasible,moderate_risk,gurobi:Optimal|refined_9,gurobi,0.39202606678009033,0.3927721381187439,0.16558677617714185,2,"{""NumberOfOpenCreditLinesAndLoans"": -0.04241022911963929, ""NumberRealEstateLoansOrLines"": -0.018867924528301886}",0.3927721381187439,False
xcreditscore_lattice,5987,False,infeasible,very_high_risk,gurobi:Infeasible|refined_2,gurobi,0.8489218950271606,0.8489125967025757,0.02526315789473684,1,"{""NumberOfOpenCreditLinesAndLoans"": -0.014035087719298248}",0.8489125967025757,False
xcreditscore_lattice,6042,False,infeasible,near_threshold,gurobi:Optimal|refined_9,gurobi,0.34042081236839294,0.33998528122901917,0.13894736842105262,1,"{""NumberOfOpenCreditLinesAndLoans"": 0.07719298245614035}",0.33998528122901917,False
xcreditscore_lattice,6070,False,infeasible,high_risk,gurobi:Infeasible|refined_3,gurobi,0.4886678159236908,0.4885457754135132,0.04421052631578946,1,"{""NumberOfOpenCreditLinesAndLoans"": 0.024561403508771923}",0.4885457754135132,False
xcreditscore_lattice,6076,False,infeasible,very_high_risk,gurobi:Infeasible|refined_11,gurobi,0.5378224849700928,0.5372644662857056,0.34736842105263155,1,"{""NumberOfOpenCreditLinesAndLoans"": -0.19298245614035087}",0.5372644662857056,False
xcreditscore_lattice,6086,False,infeasible,near_threshold,gurobi:Optimal|refined_3,gurobi,0.34507736563682556,0.34496694803237915,0.04421052631578978,1,"{""NumberOfOpenCreditLinesAndLoans"": 0.024561403508772103}",0.34496694803237915,False
xcreditscore_lattice,6123,False,infeasible,moderate_risk,gurobi:Infeasible,gurobi,0.3560072183609009,0.3560072183609009,0.0,0,{},0.3560072183609009,False
xcreditscore_lattice,6198,False,infeasible,high_risk,gurobi:Infeasible,gurobi,0.4125504195690155,0.4125504195690155,0.0,0,{},0.4125504195690155,False
xcreditscore_lattice,6215,False,infeasible,moderate_risk,gurobi:Optimal|refined_6,gurobi,0.3659856915473938,0.36580339074134827,0.16578947368421051,1,"{""NumberOfOpenCreditLinesAndLoans"": -0.09210526315789475}",0.36580339074134827,False
xcreditscore_lattice,6222,False,infeasible,moderate_risk,gurobi:Optimal|refined_3,gurobi,0.36274901032447815,0.3626360595226288,0.04421052631578978,1,"{""NumberOfOpenCreditLinesAndLoans"": 0.024561403508772103}",0.3626360595226288,False
xcreditscore_lattice,6242,False,infeasible,moderate_risk,gurobi:Infeasible|refined_3,gurobi,0.36747729778289795,0.3674415051937103,0.0536842105263158,1,"{""NumberOfOpenCreditLinesAndLoans"": -0.02982456140350878}",0.3674415051937103,False
xcreditscore_lattice,6255,False,near_feasible,near_threshold,gurobi:Optimal|refined_4,gurobi,0.31374403834342957,0.3136913776397705,0.0852631578947363,1,"{""NumberOfOpenCreditLinesAndLoans"": -0.04736842105263128}",0.3136913776397705,False
xcreditscore_lattice,6283,False,infeasible,very_high_risk,gurobi:Infeasible|refined_4,gurobi,0.8539942502975464,0.8539637327194214,0.0852631578947368,1,"{""NumberOfOpenCreditLinesAndLoans"": -0.04736842105263156}",0.8539637327194214,False
xcreditscore_lattice,6344,False,infeasible,high_risk,gurobi:Optimal,gurobi,0.49915066361427307,0.49915066361427307,3.747002708109903e-16,0,{},0.49915066361427307,False
xcreditscore_lattice,6348,False,infeasible,near_threshold,gurobi:Infeasible|refined_5,gurobi,0.3432636857032776,0.34318602085113525,0.11999999999999997,1,"{""NumberOfOpenCreditLinesAndLoans"": -0.06666666666666665}",0.34318602085113525,False
xcreditscore_lattice,6395,False,infeasible,high_risk,gurobi:Optimal|refined_13,gurobi,0.4051831066608429,0.40427932143211365,0.7930590167297081,3,"{""MonthlyIncome"": 0.02832893186469245, ""NumberOfOpenCreditLinesAndLoans"": 0.07719298245614031, ""NumberOfDependents"": -0.08333333333333333}",0.40427932143211365,False
xcreditscore_lattice,6412,False,infeasible,high_risk,gurobi:Infeasible|refined_2,gurobi,0.46571585536003113,0.4656977951526642,0.02526315789473684,1,"{""NumberOfOpenCreditLinesAndLoans"": -0.014035087719298248}",0.4656977951526642,False
xcreditscore_lattice,6421,False,infeasible,high_risk,gurobi:Infeasible|refined_9,gurobi,0.41250190138816833,0.3639427721500397,0.2778947368421053,1,"{""NumberOfOpenCreditLinesAndLoans"": -0.15438596491228074}",0.3639427721500397,False
xcreditscore_lattice,6538,False,near_feasible,near_threshold,gurobi:Optimal,gurobi,0.3033142387866974,0.3033142387866974,4.746203430272544e-16,0,{},0.3033142387866974,False
xcreditscore_lattice,6592,False,infeasible,high_risk,gurobi:Optimal|refined_5,gurobi,0.48601555824279785,0.4857771694660187,0.08210526315789503,1,"{""NumberOfOpenCreditLinesAndLoans"": 0.04561403508771947}",0.4857771694660187,False
xcreditscore_lattice,6603,False,infeasible,moderate_risk,gurobi:Optimal|refined_6,gurobi,0.35381561517715454,0.35348376631736755,0.09473684210526337,1,"{""NumberOfOpenCreditLinesAndLoans"": 0.05263157894736854}",0.35348376631736755,False
xcreditscore_lattice,6625,False,infeasible,very_high_risk,gurobi:Infeasible|refined_8,gurobi,0.7364689707756042,0.7362085580825806,0.24315789473684213,1,"{""NumberOfOpenCreditLinesAndLoans"": -0.13508771929824565}",0.7362085580825806,False
xcreditscore_lattice,6633,False,infeasible,high_risk,gurobi:Optimal|refined_6,gurobi,0.4984523355960846,0.4983135163784027,0.1578947368421056,1,"{""NumberOfOpenCreditLinesAndLoans"": -0.08771929824561403}",0.4983135163784027,False
xcreditscore_lattice,6676,False,infeasible,moderate_risk,gurobi:Optimal|refined_6,gurobi,0.3661719858646393,0.36583513021469116,0.09473684210526347,1,"{""NumberOfOpenCreditLinesAndLoans"": 0.05263157894736854}",0.36583513021469116,False
xcreditscore_lattice,6724,False,infeasible,near_threshold,gurobi:Optimal|refined_8,gurobi,0.34839320182800293,0.3480887711048126,0.2431578947368425,1,"{""NumberOfOpenCreditLinesAndLoans"": -0.13508771929824565}",0.3480887711048126,False
xcreditscore_lattice,6758,False,infeasible,moderate_risk,gurobi:Optimal,gurobi,0.3690069317817688,0.3690069317817688,4.746203430272544e-16,0,{},0.3690069317817688,False
xcreditscore_lattice,6800,False,infeasible,very_high_risk,gurobi:Infeasible,gurobi,0.7876092791557312,0.7876092791557312,0.0,0,{},0.7876092791557312,False
xcreditscore_lattice,6825,False,infeasible,high_risk,gurobi:Optimal|refined_6,gurobi,0.4088595509529114,0.40866971015930176,0.16578947368420993,1,"{""NumberOfOpenCreditLinesAndLoans"": -0.09210526315789441}",0.40866971015930176,False
xcreditscore_lattice,6828,False,infeasible,moderate_risk,gurobi:Optimal|refined_3,gurobi,0.36535683274269104,0.3652435541152954,0.04421052631578978,1,"{""NumberOfOpenCreditLinesAndLoans"": 0.024561403508772103}",0.3652435541152954,False
xcreditscore_lattice,6842,False,infeasible,moderate_risk,gurobi:Infeasible|refined_3,gurobi,0.3946921229362488,0.3945753872394562,0.04421052631578946,1,"{""NumberOfOpenCreditLinesAndLoans"": 0.024561403508771923}",0.3945753872394562,False
xcreditscore_lattice,6846,False,infeasible,high_risk,gurobi:Infeasible,gurobi,0.48798131942749023,0.48798131942749023,0.0,0,{},0.48798131942749023,False
xcreditscore_lattice,6916,False,infeasible,very_high_risk,gurobi:Infeasible|refined_3,gurobi,0.8780915141105652,0.8780750036239624,0.0536842105263158,1,"{""NumberOfOpenCreditLinesAndLoans"": -0.02982456140350878}",0.8780750036239624,False
xcreditscore_lattice,6960,False,near_feasible,near_threshold,gurobi:Optimal|refined_6,gurobi,0.30828696489334106,0.30816856026649475,0.15789473684210473,1,"{""NumberOfOpenCreditLinesAndLoans"": -0.08771929824561375}",0.30816856026649475,False
xcreditscore_lattice,7002,False,infeasible,moderate_risk,gurobi:Optimal|refined_5,gurobi,0.3846440613269806,0.38441818952560425,0.08210526315789503,1,"{""NumberOfOpenCreditLinesAndLoans"": 0.04561403508771947}",0.38441818952560425,False
xcreditscore_lattice,7014,False,infeasible,very_high_risk,gurobi:Optimal|refined_5,gurobi,0.6367692947387695,0.6366896629333496,0.11999999999999997,1,"{""NumberOfOpenCreditLinesAndLoans"": -0.06666666666666665}",0.6366896629333496,False
xcreditscore_lattice,7027,False,infeasible,moderate_risk,gurobi:Optimal|refined_8,gurobi,0.3861299157142639,0.34597691893577576,0.24315789473684304,1,"{""NumberOfOpenCreditLinesAndLoans"": -0.13508771929824565}",0.34597691893577576,False
xcreditscore_lattice,7057,False,infeasible,very_high_risk,gurobi:Infeasible|refined_3,gurobi,0.5271405577659607,0.5271021723747253,0.0536842105263158,1,"{""NumberOfOpenCreditLinesAndLoans"": -0.02982456140350878}",0.5271021723747253,False
xcreditscore_lattice,7075,False,infeasible,very_high_risk,gurobi:Optimal|refined_3,gurobi,0.7496305108070374,0.749538779258728,0.04421052631578978,1,"{""NumberOfOpenCreditLinesAndLoans"": 0.024561403508772103}",0.749538779258728,False
xcreditscore_lattice,7118,False,infeasible,moderate_risk,gurobi:Infeasible|refined_6,gurobi,0.3854891359806061,0.3853030800819397,0.16578947368421051,1,"{""NumberOfOpenCreditLinesAndLoans"": -0.09210526315789475}",0.3853030800819397,False
xcreditscore_lattice,7147,False,infeasible,very_high_risk,gurobi:Optimal|refined_4,gurobi,0.6916709542274475,0.6916187405586243,0.0852631578947363,1,"{""NumberOfOpenCreditLinesAndLoans"": -0.04736842105263128}",0.6916187405586243,False
xcreditscore_lattice,7165,False,infeasible,very_high_risk,gurobi:Infeasible|refined_5,gurobi,0.5037667155265808,0.5036806464195251,0.11999999999999997,1,"{""NumberOfOpenCreditLinesAndLoans"": -0.06666666666666665}",0.5036806464195251,False
xcreditscore_lattice,7171,False,near_feasible,near_threshold,gurobi:Infeasible|refined_11,gurobi,0.3020351827144623,0.3015432357788086,0.34736842105263155,1,"{""NumberOfOpenCreditLinesAndLoans"": -0.19298245614035087}",0.3015432357788086,False
xcreditscore_lattice,7183,True,feasible,near_threshold,gurobi:Infeasible|refined_2,gurobi,0.30530181527137756,0.29532310366630554,0.06947368421052633,1,"{""NumberOfOpenCreditLinesAndLoans"": -0.038596491228070184}",0.29532310366630554,True
xcreditscore_lattice,7205,False,infeasible,high_risk,gurobi:Optimal|refined_16,gurobi,0.429781436920166,0.42932555079460144,1.5090209392317444,3,"{""MonthlyIncome"": 0.09419535934906588, ""NumberOfOpenCreditLinesAndLoans"": -0.017543859649122695, ""NumberOfDependents"": -0.08333333333333333}",0.42932555079460144,False
xcreditscore_lattice,7243,False,infeasible,very_high_risk,gurobi:Optimal|refined_3,gurobi,0.6661033034324646,0.6660690903663635,0.0536842105263154,1,"{""NumberOfOpenCreditLinesAndLoans"": -0.029824561403508504}",0.6660690903663635,False
xcreditscore_lattice,7250,False,infeasible,moderate_risk,gurobi:Infeasible|refined_6,gurobi,0.36236661672592163,0.3620312213897705,0.09473684210526315,1,"{""NumberOfOpenCreditLinesAndLoans"": 0.05263157894736842}",0.3620312213897705,False
xcreditscore_lattice,7291,False,infeasible,moderate_risk,gurobi:Optimal|refined_6,gurobi,0.36077171564102173,0.3604370057582855,0.09473684210526337,1,"{""NumberOfOpenCreditLinesAndLoans"": 0.05263157894736854}",0.3604370057582855,False
xcreditscore_lattice,7345,False,infeasible,very_high_risk,gurobi:Optimal,gurobi,0.6313978433609009,0.6313978433609009,3.747002708109903e-16,0,{},0.6313978433609009,False
xcreditscore_lattice,7363,False,infeasible,very_high_risk,gurobi:Infeasible|refined_3,gurobi,0.7786677479743958,0.7786412239074707,0.0536842105263158,1,"{""NumberOfOpenCreditLinesAndLoans"": -0.02982456140350878}",0.7786412239074707,False
xcreditscore_lattice,7379,False,infeasible,very_high_risk,gurobi:Infeasible|refined_5,gurobi,0.7935173511505127,0.7934609055519104,0.11999999999999997,1,"{""NumberOfOpenCreditLinesAndLoans"": -0.06666666666666665}",0.7934609055519104,False
xcreditscore_lattice,7398,False,infeasible,high_risk,gurobi:Infeasible|refined_5,gurobi,0.48267802596092224,0.48259201645851135,0.11999999999999997,1,"{""NumberOfOpenCreditLinesAndLoans"": -0.06666666666666665}",0.48259201645851135,False
xcreditscore_lattice,7508,False,infeasible,very_high_risk,gurobi:Infeasible|refined_3,gurobi,0.8160393834114075,0.815966010093689,0.04421052631578946,1,"{""NumberOfOpenCreditLinesAndLoans"": 0.024561403508771923}",0.815966010093689,False
xcreditscore_lattice,7572,False,infeasible,high_risk,gurobi:Optimal,gurobi,0.4844207465648651,0.4844207465648651,3.747002708109903e-16,0,{},0.4844207465648651,False
xcreditscore_lattice,7583,False,infeasible,high_risk,gurobi:Infeasible|refined_6,gurobi,0.44519954919815063,0.4450624883174896,0.15789473684210523,1,"{""NumberOfOpenCreditLinesAndLoans"": -0.08771929824561403}",0.4450624883174896,False
xcreditscore_lattice,7620,True,feasible,near_threshold,gurobi:Optimal|refined_1,gurobi,0.3027624785900116,0.29510176181793213,0.034736842105263885,1,"{""NumberOfOpenCreditLinesAndLoans"": -0.019298245614035092}",0.29510176181793213,True
xcreditscore_lattice,7647,False,infeasible,near_threshold,gurobi:Optimal|refined_6,gurobi,0.324863076210022,0.32474133372306824,0.15789473684210473,1,"{""NumberOfOpenCreditLinesAndLoans"": -0.08771929824561375}",0.32474133372306824,False
xcreditscore_lattice,7650,False,infeasible,very_high_risk,gurobi:Optimal|refined_3,gurobi,0.628036618232727,0.6279224157333374,0.04421052631578978,1,"{""NumberOfOpenCreditLinesAndLoans"": 0.024561403508772103}",0.6279224157333374,False
xcreditscore_lattice,7671,False,infeasible,moderate_risk,gurobi:Infeasible,gurobi,0.36938199400901794,0.36938199400901794,0.0,0,{},0.36938199400901794,False
xcreditscore_lattice,7678,False,infeasible,moderate_risk,gurobi:Optimal|refined_7,gurobi,0.3583260774612427,0.3580789864063263,0.20842105263157934,1,"{""NumberOfOpenCreditLinesAndLoans"": -0.11578947368421055}",0.3580789864063263,False
xcreditscore_lattice,7690,False,near_feasible,near_threshold,gurobi:Infeasible|refined_4,gurobi,0.307847261428833,0.3077951669692993,0.0852631578947368,1,"{""NumberOfOpenCreditLinesAndLoans"": -0.04736842105263156}",0.3077951669692993,False
xcreditscore_lattice,7697,False,infeasible,very_high_risk,gurobi:Infeasible|refined_10,gurobi,0.5086550116539001,0.5081993937492371,0.3126315789473685,1,"{""NumberOfOpenCreditLinesAndLoans"": -0.17368421052631583}",0.5081993937492371,False
xcreditscore_lattice,7699,False,infeasible,moderate_risk,gurobi:Infeasible|refined_7,gurobi,0.3803638219833374,0.38011056184768677,0.20842105263157898,1,"{""NumberOfOpenCreditLinesAndLoans"": -0.11578947368421055}",0.38011056184768677,False
xcreditscore_lattice,7705,False,infeasible,very_high_risk,gurobi:Infeasible,gurobi,0.8613176345825195,0.8613176345825195,0.0,0,{},0.8613176345825195,False
xcreditscore_lattice,7721,False,infeasible,moderate_risk,gurobi:Optimal|refined_3,gurobi,0.35617637634277344,0.3560643494129181,0.04421052631578978,1,"{""NumberOfOpenCreditLinesAndLoans"": 0.024561403508772103}",0.3560643494129181,False
xcreditscore_lattice,7726,False,infeasible,high_risk,gurobi:Infeasible|refined_11,gurobi,0.4053983986377716,0.3784567713737488,0.34736842105263155,1,"{""NumberOfOpenCreditLinesAndLoans"": -0.19298245614035087}",0.3784567713737488,False
xcreditscore_lattice,7807,False,infeasible,moderate_risk,gurobi:Optimal|refined_6,gurobi,0.35201647877693176,0.35183730721473694,0.16578947368420993,1,"{""NumberOfOpenCreditLinesAndLoans"": -0.09210526315789441}",0.35183730721473694,False
xcreditscore_lattice,7984,False,infeasible,high_risk,gurobi:Infeasible|refined_3,gurobi,0.4922756254673004,0.49215349555015564,0.04421052631578946,1,"{""NumberOfOpenCreditLinesAndLoans"": 0.024561403508771923}",0.49215349555015564,False
xcreditscore_lattice,8023,False,infeasible,very_high_risk,gurobi:Infeasible|refined_3,gurobi,0.5103482007980347,0.5102261900901794,0.04421052631578946,1,"{""NumberOfOpenCreditLinesAndLoans"": 0.024561403508771923}",0.5102261900901794,False
xcreditscore_lattice,8040,False,infeasible,moderate_risk,gurobi:Optimal|refined_5,gurobi,0.3542281985282898,0.3540099263191223,0.08210526315789503,1,"{""NumberOfOpenCreditLinesAndLoans"": 0.04561403508771947}",0.3540099263191223,False
xcreditscore_lattice,8057,False,infeasible,near_threshold,gurobi:Infeasible|refined_5,gurobi,0.3425695598125458,0.3424919545650482,0.11999999999999997,1,"{""NumberOfOpenCreditLinesAndLoans"": -0.06666666666666665}",0.3424919545650482,False
xcreditscore_lattice,8082,False,infeasible,very_high_risk,gurobi:Infeasible|refined_4,gurobi,0.8251687288284302,0.8251334428787231,0.0852631578947368,1,"{""NumberOfOpenCreditLinesAndLoans"": -0.04736842105263156}",0.8251334428787231,False
xcreditscore_lattice,8103,False,infeasible,moderate_risk,gurobi:Optimal|refined_4,gurobi,0.3502042889595032,0.35014861822128296,0.0852631578947363,1,"{""NumberOfOpenCreditLinesAndLoans"": -0.04736842105263128}",0.35014861822128296,False
xcreditscore_lattice,8105,False,infeasible,very_high_risk,gurobi:Infeasible|refined_11,gurobi,0.8825470805168152,0.8823049068450928,0.34736842105263155,1,"{""NumberOfOpenCreditLinesAndLoans"": -0.19298245614035087}",0.8823049068450928,False
xcreditscore_lattice,8164,False,infeasible,very_high_risk,gurobi:Infeasible|refined_9,gurobi,0.8962476849555969,0.8961001634597778,0.2778947368421053,1,"{""NumberOfOpenCreditLinesAndLoans"": -0.15438596491228074}",0.8961001634597778,False
xcreditscore_lattice,8268,False,infeasible,near_threshold,gurobi:Optimal|refined_3,gurobi,0.34896203875541687,0.3488510549068451,0.04421052631578978,1,"{""NumberOfOpenCreditLinesAndLoans"": 0.024561403508772103}",0.3488510549068451,False
xcreditscore_lattice,8290,False,infeasible,moderate_risk,gurobi:Infeasible|refined_2,gurobi,0.3545409142971039,0.3545243442058563,0.02526315789473684,1,"{""NumberOfOpenCreditLinesAndLoans"": -0.014035087719298248}",0.3545243442058563,False
xcreditscore_lattice,8318,False,infeasible,very_high_risk,gurobi:Infeasible|refined_9,gurobi,0.7943000793457031,0.7939829230308533,0.13894736842105262,1,"{""NumberOfOpenCreditLinesAndLoans"": 0.07719298245614035}",0.7939829230308533,False
xcreditscore_lattice,8326,False,infeasible,near_threshold,gurobi:Optimal|refined_2,gurobi,0.34457018971443176,0.3445538282394409,0.025263157894736467,1,"{""NumberOfOpenCreditLinesAndLoans"": -0.01403508771929804}",0.3445538282394409,False
xcreditscore_lattice,8437,False,infeasible,high_risk,gurobi:Optimal|refined_17,gurobi,0.4307475686073303,0.4304840564727783,0.7890058773049436,2,"{""MonthlyIncome"": 0.04644678597386917, ""NumberOfOpenCreditLinesAndLoans"": -0.11578947368421061}",0.4304840564727783,False
xcreditscore_lattice,8472,False,infeasible,near_threshold,gurobi:Optimal|refined_3,gurobi,0.3306945264339447,0.33058643341064453,0.04421052631578978,1,"{""NumberOfOpenCreditLinesAndLoans"": 0.024561403508772103}",0.33058643341064453,False
xcreditscore_lattice,8510,False,infeasible,high_risk,gurobi:Optimal|refined_2,gurobi,0.4797615110874176,0.47974342107772827,0.025263157894736467,1,"{""NumberOfOpenCreditLinesAndLoans"": -0.01403508771929804}",0.47974342107772827,False
xcreditscore_lattice,8540,False,near_feasible,near_threshold,gurobi:Infeasible|refined_9,gurobi,0.30197685956954956,0.30164283514022827,0.2778947368421053,1,"{""NumberOfOpenCreditLinesAndLoans"": -0.15438596491228074}",0.30164283514022827,False
xcreditscore_lattice,8566,False,infeasible,very_high_risk,gurobi:Infeasible|refined_2,gurobi,0.8784492015838623,0.8784413933753967,0.02526315789473684,1,"{""NumberOfOpenCreditLinesAndLoans"": -0.014035087719298248}",0.8784413933753967,False
xcreditscore_lattice,8567,False,near_feasible,near_threshold,gurobi:Infeasible|refined_4,gurobi,0.3122144043445587,0.3121618330478668,0.0852631578947368,1,"{""NumberOfOpenCreditLinesAndLoans"": -0.04736842105263156}",0.3121618330478668,False
xcreditscore_lattice,8579,False,near_feasible,near_threshold,gurobi:Optimal|refined_9,gurobi,0.30893686413764954,0.3085227310657501,0.13894736842105274,1,"{""NumberOfOpenCreditLinesAndLoans"": 0.07719298245614035}",0.3085227310657501,False
xcreditscore_lattice,8607,False,infeasible,moderate_risk,gurobi:Infeasible|refined_4,gurobi,0.3564754128456116,0.35641929507255554,0.0852631578947368,1,"{""NumberOfOpenCreditLinesAndLoans"": -0.04736842105263156}",0.35641929507255554,False
xcreditscore_lattice,8628,True,feasible,near_threshold,gurobi:Optimal|refined_7,gurobi,0.3367060720920563,0.29918769001960754,0.24315789473684285,1,"{""NumberOfOpenCreditLinesAndLoans"": -0.13508771929824565}",0.29918769001960754,True
xcreditscore_lattice,8755,False,infeasible,near_threshold,gurobi:Optimal|refined_5,gurobi,0.3248118758201599,0.3247363269329071,0.11999999999999947,1,"{""NumberOfOpenCreditLinesAndLoans"": -0.06666666666666637}",0.3247363269329071,False
xcreditscore_lattice,8770,False,infeasible,very_high_risk,gurobi:Infeasible|refined_6,gurobi,0.8446767926216125,0.8444862365722656,0.09473684210526315,1,"{""NumberOfOpenCreditLinesAndLoans"": 0.05263157894736842}",0.8444862365722656,False
xcreditscore_lattice,8812,False,infeasible,near_threshold,gurobi:Optimal|refined_2,gurobi,0.3458960950374603,0.3458797037601471,0.025263157894736467,1,"{""NumberOfOpenCreditLinesAndLoans"": -0.01403508771929804}",0.3458797037601471,False
xcreditscore_lattice,8855,False,infeasible,moderate_risk,gurobi:Optimal|refined_9,gurobi,0.370980829000473,0.3705281615257263,0.13894736842105262,1,"{""NumberOfOpenCreditLinesAndLoans"": 0.07719298245614035}",0.3705281615257263,False
xcreditscore_lattice,8882,False,near_feasible,near_threshold,gurobi:Optimal|refined_4,gurobi,0.3023638427257538,0.3023122251033783,0.0852631578947363,1,"{""NumberOfOpenCreditLinesAndLoans"": -0.04736842105263128}",0.3023122251033783,False
xcreditscore_lattice,8892,False,infeasible,very_high_risk,gurobi:Infeasible|refined_5,gurobi,0.7464384436607361,0.7462577819824219,0.08210526315789474,1,"{""NumberOfOpenCreditLinesAndLoans"": 0.0456140350877193}",0.7462577819824219,False
xcreditscore_lattice,9098,False,infeasible,moderate_risk,gurobi:Infeasible,gurobi,0.3740825355052948,0.3740825355052948,0.0,0,{},0.3740825355052948,False
xcreditscore_lattice,9179,False,infeasible,near_threshold,gurobi:Infeasible|refined_3,gurobi,0.3353208303451538,0.3352864980697632,0.0536842105263158,1,"{""NumberOfOpenCreditLinesAndLoans"": -0.02982456140350878}",0.3352864980697632,False
xcreditscore_lattice,9205,False,infeasible,very_high_risk,gurobi:Optimal|refined_11,gurobi,0.6254258751869202,0.5554823875427246,0.3473684210526324,1,"{""NumberOfOpenCreditLinesAndLoans"": -0.19298245614035087}",0.5554823875427246,False
xcreditscore_lattice,9210,False,near_feasible,near_threshold,gurobi:Infeasible|refined_8,gurobi,0.30655810236930847,0.30627310276031494,0.24315789473684213,1,"{""NumberOfOpenCreditLinesAndLoans"": -0.13508771929824565}",0.30627310276031494,False
xcreditscore_lattice,9266,False,infeasible,moderate_risk,gurobi:Optimal|refined_6,gurobi,0.37654200196266174,0.37620124220848083,0.09473684210526337,1,"{""NumberOfOpenCreditLinesAndLoans"": 0.05263157894736854}",0.37620124220848083,False
xcreditscore_lattice,9277,False,infeasible,moderate_risk,gurobi:Optimal|refined_5,gurobi,0.3743042051792145,0.37408074736595154,0.08210526315789503,1,"{""NumberOfOpenCreditLinesAndLoans"": 0.04561403508771947}",0.37408074736595154,False
xcreditscore_lattice,9321,False,near_feasible,near_threshold,gurobi:Infeasible|refined_11,gurobi,0.30215027928352356,0.3016771674156189,0.34736842105263155,1,"{""NumberOfOpenCreditLinesAndLoans"": -0.19298245614035087}",0.3016771674156189,False
xcreditscore_lattice,9331,False,infeasible,very_high_risk,gurobi:Optimal|refined_5,gurobi,0.6694090962409973,0.6691977977752686,0.08210526315789503,1,"{""NumberOfOpenCreditLinesAndLoans"": 0.04561403508771947}",0.6691977977752686,False
xcreditscore_lattice,9340,False,infeasible,very_high_risk,gurobi:Infeasible,gurobi,0.7459380030632019,0.7459380030632019,0.0,0,{},0.7459380030632019,False
xcreditscore_lattice,9353,False,infeasible,very_high_risk,gurobi:Infeasible|refined_4,gurobi,0.8752290606498718,0.8752022981643677,0.0852631578947368,1,"{""NumberOfOpenCreditLinesAndLoans"": -0.04736842105263156}",0.8752022981643677,False
xcreditscore_lattice,9354,False,infeasible,very_high_risk,gurobi:Infeasible,gurobi,0.8814345002174377,0.8814345002174377,0.0,0,{},0.8814345002174377,False
xcreditscore_lattice,9395,False,infeasible,very_high_risk,gurobi:Infeasible,gurobi,0.6879955530166626,0.6879955530166626,0.0,0,{},0.6879955530166626,False
xcreditscore_lattice,9416,False,infeasible,near_threshold,gurobi:Infeasible|refined_11,gurobi,0.32067739963531494,0.32023754715919495,0.34736842105263155,1,"{""NumberOfOpenCreditLinesAndLoans"": -0.19298245614035087}",0.32023754715919495,False
xcreditscore_lattice,9422,False,infeasible,very_high_risk,gurobi:Optimal|refined_3,gurobi,0.6407283544540405,0.6406158208847046,0.04421052631578978,1,"{""NumberOfOpenCreditLinesAndLoans"": 0.024561403508772103}",0.6406158208847046,False
xcreditscore_lattice,9435,False,infeasible,moderate_risk,gurobi:Infeasible|refined_10,gurobi,0.3760993480682373,0.3756716251373291,0.3126315789473685,1,"{""NumberOfOpenCreditLinesAndLoans"": -0.17368421052631583}",0.3756716251373291,False
xcreditscore_lattice,9465,False,infeasible,near_threshold,gurobi:Optimal|refined_3,gurobi,0.3306945264339447,0.33058643341064453,0.04421052631578978,1,"{""NumberOfOpenCreditLinesAndLoans"": 0.024561403508772103}",0.33058643341064453,False
xcreditscore_lattice,9544,False,near_feasible,moderate_risk,gurobi:Optimal|refined_10,gurobi,0.35296502709388733,0.3012405335903168,0.3126315789473692,1,"{""NumberOfOpenCreditLinesAndLoans"": -0.17368421052631583}",0.3012405335903168,False
xcreditscore_lattice,9576,False,infeasible,very_high_risk,gurobi:Optimal|refined_3,gurobi,0.7019488215446472,0.7019165754318237,0.0536842105263153,1,"{""NumberOfOpenCreditLinesAndLoans"": -0.029824561403508504}",0.7019165754318237,False
xcreditscore_lattice,9655,False,infeasible,high_risk,gurobi:Optimal|refined_3,gurobi,0.4311619997024536,0.4310421943664551,0.04421052631578978,1,"{""NumberOfOpenCreditLinesAndLoans"": 0.024561403508772103}",0.4310421943664551,False
xcreditscore_lattice,9713,False,infeasible,moderate_risk,gurobi:Optimal|refined_2,gurobi,0.3950999677181244,0.3950826823711395,0.025263157894736467,1,"{""NumberOfOpenCreditLinesAndLoans"": -0.01403508771929804}",0.3950826823711395,False
xcreditscore_lattice,9736,False,infeasible,high_risk,gurobi:Infeasible|refined_4,gurobi,0.4826553165912628,0.48259425163269043,0.0852631578947368,1,"{""NumberOfOpenCreditLinesAndLoans"": -0.04736842105263156}",0.48259425163269043,False
xcreditscore_lattice,9787,False,infeasible,very_high_risk,gurobi:Infeasible|refined_9,gurobi,0.8389169573783875,0.8387026190757751,0.2778947368421053,1,"{""NumberOfOpenCreditLinesAndLoans"": -0.15438596491228074}",0.8387026190757751,False
xcreditscore_lattice,9801,False,near_feasible,near_threshold,gurobi:Optimal|refined_4,gurobi,0.3082177937030792,0.30816563963890076,0.0852631578947363,1,"{""NumberOfOpenCreditLinesAndLoans"": -0.04736842105263128}",0.30816563963890076,False
xcreditscore_lattice,9850,False,infeasible,near_threshold,gurobi:Optimal|refined_4,gurobi,0.3318643867969513,0.3318101763725281,0.0852631578947363,1,"{""NumberOfOpenCreditLinesAndLoans"": -0.04736842105263128}",0.3318101763725281,False
xcreditscore_lattice,9873,False,infeasible,high_risk,gurobi:Optimal|refined_3,gurobi,0.4024790823459625,0.402442067861557,0.0536842105263153,1,"{""NumberOfOpenCreditLinesAndLoans"": -0.029824561403508504}",0.402442067861557,False
xcreditscore_lattice,9910,False,near_feasible,near_threshold,gurobi:Optimal|refined_6,gurobi,0.30281439423561096,0.30269721150398254,0.15789473684210473,1,"{""NumberOfOpenCreditLinesAndLoans"": -0.08771929824561375}",0.30269721150398254,False
xcreditscore_lattice,9917,False,infeasible,moderate_risk,gurobi:Optimal|refined_2,gurobi,0.35950034856796265,0.35948362946510315,0.025263157894736467,1,"{""NumberOfOpenCreditLinesAndLoans"": -0.01403508771929804}",0.35948362946510315,False
xcreditscore_lattice,9921,False,infeasible,very_high_risk,gurobi:Infeasible|refined_2,gurobi,0.8184179663658142,0.8184071779251099,0.02526315789473684,1,"{""NumberOfOpenCreditLinesAndLoans"": -0.014035087719298248}",0.8184071779251099,False
xcreditscore_lattice,9950,False,near_feasible,near_threshold,gurobi:Infeasible|refined_2,gurobi,0.31368935108184814,0.313673734664917,0.02526315789473684,1,"{""NumberOfOpenCreditLinesAndLoans"": -0.014035087719298248}",0.313673734664917,False
xcreditscore_lattice,9986,False,infeasible,near_threshold,gurobi:Infeasible|refined_8,gurobi,0.3247610032558441,0.3244669437408447,0.24315789473684213,1,"{""NumberOfOpenCreditLinesAndLoans"": -0.13508771929824565}",0.3244669437408447,False
xcreditscore_lattice,10056,False,infeasible,moderate_risk,gurobi:Optimal|refined_11,gurobi,0.3860844671726227,0.3213215172290802,0.3473684210526325,1,"{""NumberOfOpenCreditLinesAndLoans"": -0.19298245614035087}",0.3213215172290802,False
xcreditscore_lattice,10059,False,infeasible,very_high_risk,gurobi:Infeasible|refined_11,gurobi,0.8949235677719116,0.8947123289108276,0.34736842105263155,1,"{""NumberOfOpenCreditLinesAndLoans"": -0.19298245614035087}",0.8947123289108276,False
xcreditscore_lattice,10108,False,infeasible,high_risk,gurobi:Infeasible|refined_11,gurobi,0.42353492975234985,0.3630489408969879,0.34736842105263155,1,"{""NumberOfOpenCreditLinesAndLoans"": -0.19298245614035087}",0.3630489408969879,False
xcreditscore_lattice,10138,False,infeasible,very_high_risk,gurobi:Infeasible|refined_3,gurobi,0.6975435018539429,0.6975109577178955,0.0536842105263158,1,"{""NumberOfOpenCreditLinesAndLoans"": -0.02982456140350878}",0.6975109577178955,False
xcreditscore_lattice,10170,False,near_feasible,near_threshold,gurobi:Infeasible|refined_6,gurobi,0.30300453305244446,0.302698016166687,0.09473684210526315,1,"{""NumberOfOpenCreditLinesAndLoans"": 0.05263157894736842}",0.302698016166687,False
xcreditscore_lattice,10257,False,near_feasible,near_threshold,gurobi:Optimal|refined_5,gurobi,0.30222177505493164,0.30214911699295044,0.12000000000000033,1,"{""NumberOfOpenCreditLinesAndLoans"": -0.06666666666666665}",0.30214911699295044,False
xcreditscore_lattice,10306,False,infeasible,moderate_risk,gurobi:Optimal|refined_6,gurobi,0.3563983738422394,0.35606545209884644,0.09473684210526337,1,"{""NumberOfOpenCreditLinesAndLoans"": 0.05263157894736854}",0.35606545209884644,False
xcreditscore_lattice,10321,False,infeasible,high_risk,gurobi:Infeasible|refined_10,gurobi,0.4565136432647705,0.4017852544784546,0.3126315789473685,1,"{""NumberOfOpenCreditLinesAndLoans"": -0.17368421052631583}",0.4017852544784546,False
xcreditscore_lattice,10357,False,infeasible,very_high_risk,gurobi:Infeasible|refined_5,gurobi,0.7706946134567261,0.7706337571144104,0.11999999999999997,1,"{""NumberOfOpenCreditLinesAndLoans"": -0.06666666666666665}",0.7706337571144104,False
xcreditscore_lattice,10363,False,infeasible,high_risk,gurobi:Optimal|refined_11,gurobi,0.40885576605796814,0.40829160809516907,0.34736842105263194,1,"{""NumberOfOpenCreditLinesAndLoans"": -0.19298245614035087}",0.40829160809516907,False
xcreditscore_lattice,10378,False,infeasible,high_risk,gurobi:Infeasible|refined_2,gurobi,0.40689459443092346,0.4068771004676819,0.02526315789473684,1,"{""NumberOfOpenCreditLinesAndLoans"": -0.014035087719298248}",0.4068771004676819,False
xcreditscore_lattice,10399,False,infeasible,moderate_risk,gurobi:Optimal|refined_3,gurobi,0.39520373940467834,0.39508700370788574,0.04421052631578978,1,"{""NumberOfOpenCreditLinesAndLoans"": 0.024561403508772103}",0.39508700370788574,False
xcreditscore_lattice,10404,False,near_feasible,near_threshold,gurobi:Optimal|refined_5,gurobi,0.30837494134902954,0.30817142128944397,0.08210526315789503,1,"{""NumberOfOpenCreditLinesAndLoans"": 0.04561403508771947}",0.30817142128944397,False
xcreditscore_lattice,10449,False,infeasible,very_high_risk,gurobi:Infeasible|refined_3,gurobi,0.6064050197601318,0.6063681840896606,0.0536842105263158,1,"{""NumberOfOpenCreditLinesAndLoans"": -0.02982456140350878}",0.6063681840896606,False
xcreditscore_lattice,10450,False,infeasible,very_high_risk,gurobi:Infeasible|refined_3,gurobi,0.8640629649162292,0.8640055060386658,0.04421052631578946,1,"{""NumberOfOpenCreditLinesAndLoans"": 0.024561403508771923}",0.8640055060386658,False
xcreditscore_lattice,10457,False,infeasible,high_risk,gurobi:Optimal|refined_14,gurobi,0.42384132742881775,0.42303919792175293,1.5785653174166923,3,"{""MonthlyIncome"": 0.0942010148670196, ""NumberOfOpenCreditLinesAndLoans"": 0.05614035087719291, ""NumberOfDependents"": -0.08333333333333333}",0.42303919792175293,False
xcreditscore_lattice,10486,False,infeasible,high_risk,gurobi:Infeasible|refined_8,gurobi,0.43232443928718567,0.43199533224105835,0.24315789473684213,1,"{""NumberOfOpenCreditLinesAndLoans"": -0.13508771929824565}",0.43199533224105835,False
xcreditscore_lattice,10574,False,near_feasible,near_threshold,gurobi:Optimal|refined_4,gurobi,0.31932368874549866,0.3192705512046814,0.0852631578947363,1,"{""NumberOfOpenCreditLinesAndLoans"": -0.04736842105263128}",0.3192705512046814,False
xcreditscore_lattice,10592,False,infeasible,moderate_risk,gurobi:Optimal|refined_6,gurobi,0.3615705072879791,0.36144235730171204,0.15789473684210523,1,"{""NumberOfOpenCreditLinesAndLoans"": -0.08771929824561403}",0.36144235730171204,False
xcreditscore_lattice,10609,False,infeasible,high_risk,gurobi:Optimal|refined_11,gurobi,0.48569256067276,0.4434368312358856,0.3473684210526327,1,"{""NumberOfOpenCreditLinesAndLoans"": -0.19298245614035087}",0.4434368312358856,False
xcreditscore_lattice,10620,False,infeasible,near_threshold,gurobi:Optimal|refined_3,gurobi,0.34507736563682556,0.34496694803237915,0.04421052631578978,1,"{""NumberOfOpenCreditLinesAndLoans"": 0.024561403508772103}",0.34496694803237915,False
xcreditscore_lattice,10639,False,infeasible,moderate_risk,gurobi:Infeasible|refined_6,gurobi,0.39433369040489197,0.3942011296749115,0.15789473684210523,1,"{""NumberOfOpenCreditLinesAndLoans"": -0.08771929824561403}",0.3942011296749115,False
xcreditscore_lattice,10685,False,infeasible,very_high_risk,gurobi:Optimal|refined_6,gurobi,0.6408039331436157,0.6406230926513672,0.16578947368420993,1,"{""NumberOfOpenCreditLinesAndLoans"": -0.09210526315789441}",0.6406230926513672,False
xcreditscore_lattice,10706,False,infeasible,moderate_risk,gurobi:Infeasible|refined_6,gurobi,0.35334375500679016,0.3530121147632599,0.09473684210526315,1,"{""NumberOfOpenCreditLinesAndLoans"": 0.05263157894736842}",0.3530121147632599,False
xcreditscore_lattice,10716,False,infeasible,very_high_risk,gurobi:Infeasible|refined_5,gurobi,0.8959886431694031,0.8958996534347534,0.08210526315789474,1,"{""NumberOfOpenCreditLinesAndLoans"": 0.0456140350877193}",0.8958996534347534,False
xcreditscore_lattice,10723,False,infeasible,high_risk,gurobi:Infeasible|refined_6,gurobi,0.48280057311058044,0.482604444026947,0.16578947368421051,1,"{""NumberOfOpenCreditLinesAndLoans"": -0.09210526315789475}",0.482604444026947,False
xcreditscore_lattice,10727,False,infeasible,high_risk,gurobi:Infeasible,gurobi,0.4005405604839325,0.4005405604839325,0.0,0,{},0.4005405604839325,False
xcreditscore_lattice,10779,False,infeasible,high_risk,gurobi:Optimal,gurobi,0.4759843051433563,0.4759843051433563,3.747002708109903e-16,0,{},0.4759843051433563,False
xcreditscore_lattice,10781,False,infeasible,very_high_risk,gurobi:Infeasible|refined_4,gurobi,0.8273188471794128,0.8272838592529297,0.0852631578947368,1,"{""NumberOfOpenCreditLinesAndLoans"": -0.04736842105263156}",0.8272838592529297,False
xcreditscore_lattice,10819,False,infeasible,near_threshold,gurobi:Optimal|refined_9,gurobi,0.3310159742832184,0.33058643341064453,0.13894736842105262,1,"{""NumberOfOpenCreditLinesAndLoans"": 0.07719298245614035}",0.33058643341064453,False
xcreditscore_lattice,10882,False,infeasible,moderate_risk,gurobi:Infeasible,gurobi,0.3680988848209381,0.3680988848209381,0.0,0,{},0.3680988848209381,False
xcreditscore_lattice,10883,False,infeasible,high_risk,gurobi:Optimal|refined_2,gurobi,0.4028928279876709,0.4028754234313965,0.025263157894736467,1,"{""NumberOfOpenCreditLinesAndLoans"": -0.01403508771929804}",0.4028754234313965,False
xcreditscore_lattice,10885,False,infeasible,very_high_risk,gurobi:Infeasible|refined_3,gurobi,0.7717337012290955,0.7717065811157227,0.0536842105263158,1,"{""NumberOfOpenCreditLinesAndLoans"": -0.02982456140350878}",0.7717065811157227,False
xcreditscore_lattice,10899,False,infeasible,very_high_risk,gurobi:Optimal|refined_5,gurobi,0.7377481460571289,0.73756343126297,0.08210526315789503,1,"{""NumberOfOpenCreditLinesAndLoans"": 0.04561403508771947}",0.73756343126297,False
xcreditscore_lattice,10921,False,infeasible,high_risk,gurobi:Optimal|refined_9,gurobi,0.43539872765541077,0.38591474294662476,0.27789473684210614,1,"{""NumberOfOpenCreditLinesAndLoans"": -0.15438596491228074}",0.38591474294662476,False
xcreditscore_lattice,10956,False,near_feasible,near_threshold,gurobi:Optimal|refined_6,gurobi,0.30343151092529297,0.3033142387866974,0.15789473684210484,1,"{""NumberOfOpenCreditLinesAndLoans"": -0.08771929824561375}",0.3033142387866974,False
xcreditscore_lattice,10961,False,infeasible,very_high_risk,gurobi:Infeasible,gurobi,0.8429155349731445,0.8429155349731445,0.0,0,{},0.8429155349731445,False
xcreditscore_lattice,11026,False,infeasible,moderate_risk,gurobi:Optimal|refined_6,gurobi,0.39221036434173584,0.3920230567455292,0.16578947368421088,1,"{""NumberOfOpenCreditLinesAndLoans"": -0.09210526315789475}",0.3920230567455292,False
xcreditscore_lattice,11062,False,infeasible,high_risk,gurobi:Infeasible,gurobi,0.42807537317276,0.42807537317276,0.0,0,{},0.42807537317276,False
xcreditscore_lattice,11066,False,infeasible,near_threshold,gurobi:Optimal|refined_9,gurobi,0.3377854526042938,0.337351530790329,0.13894736842105262,1,"{""NumberOfOpenCreditLinesAndLoans"": 0.07719298245614035}",0.337351530790329,False
xcreditscore_lattice,11110,False,infeasible,high_risk,gurobi:Infeasible|refined_3,gurobi,0.4881021976470947,0.4879801273345947,0.04421052631578946,1,"{""NumberOfOpenCreditLinesAndLoans"": 0.024561403508771923}",0.4879801273345947,False
xcreditscore_lattice,11140,False,infeasible,very_high_risk,gurobi:Infeasible|refined_6,gurobi,0.7603147029876709,0.7602136135101318,0.15789473684210523,1,"{""NumberOfOpenCreditLinesAndLoans"": -0.08771929824561403}",0.7602136135101318,False
xcreditscore_lattice,11151,False,near_feasible,near_threshold,gurobi:Infeasible|refined_2,gurobi,0.3048912286758423,0.30487585067749023,0.02526315789473684,1,"{""NumberOfOpenCreditLinesAndLoans"": -0.014035087719298248}",0.30487585067749023,False
xcreditscore_lattice,11153,False,near_feasible,near_threshold,gurobi:Infeasible|refined_7,gurobi,0.30764028429985046,0.30741140246391296,0.20842105263157898,1,"{""NumberOfOpenCreditLinesAndLoans"": -0.11578947368421055}",0.30741140246391296,False
xcreditscore_lattice,11161,False,infeasible,moderate_risk,gurobi:Infeasible|refined_6,gurobi,0.3508174419403076,0.3506909906864166,0.15789473684210523,1,"{""NumberOfOpenCreditLinesAndLoans"": -0.08771929824561403}",0.3506909906864166,False
xcreditscore_lattice,11279,False,infeasible,moderate_risk,gurobi:Optimal,gurobi,0.35341769456863403,0.35341769456863403,5.251536182998485e-16,0,{},0.35341769456863403,False
xcreditscore_lattice,11312,False,infeasible,very_high_risk,gurobi:Infeasible|refined_5,gurobi,0.7753097414970398,0.7751434445381165,0.08210526315789474,1,"{""NumberOfOpenCreditLinesAndLoans"": 0.0456140350877193}",0.7751434445381165,False
xcreditscore_lattice,11325,False,infeasible,high_risk,gurobi:Infeasible|refined_3,gurobi,0.448922336101532,0.44888418912887573,0.0536842105263158,1,"{""NumberOfOpenCreditLinesAndLoans"": -0.02982456140350878}",0.44888418912887573,False
xcreditscore_lattice,11345,False,infeasible,moderate_risk,gurobi:Infeasible|refined_5,gurobi,0.39854636788368225,0.3983176052570343,0.08210526315789474,1,"{""NumberOfOpenCreditLinesAndLoans"": 0.0456140350877193}",0.3983176052570343,False
xcreditscore_lattice,11351,False,infeasible,moderate_risk,gurobi:Optimal|refined_4,gurobi,0.3512510061264038,0.3511953055858612,0.0852631578947364,1,"{""NumberOfOpenCreditLinesAndLoans"": -0.04736842105263128}",0.3511953055858612,False
xcreditscore_lattice,11367,False,infeasible,moderate_risk,gurobi:Infeasible|refined_11,gurobi,0.36841100454330444,0.3678888976573944,0.34736842105263155,1,"{""NumberOfOpenCreditLinesAndLoans"": -0.19298245614035087}",0.3678888976573944,False
xcreditscore_lattice,11429,False,infeasible,very_high_risk,gurobi:Infeasible|refined_4,gurobi,0.8178201913833618,0.8177837133407593,0.0852631578947368,1,"{""NumberOfOpenCreditLinesAndLoans"": -0.04736842105263156}",0.8177837133407593,False
xcreditscore_lattice,11493,False,near_feasible,near_threshold,gurobi:Optimal|refined_3,gurobi,0.30977779626846313,0.30967336893081665,0.04421052631578978,1,"{""NumberOfOpenCreditLinesAndLoans"": 0.024561403508772103}",0.30967336893081665,False
xcreditscore_lattice,11506,False,infeasible,moderate_risk,gurobi:Infeasible|refined_6,gurobi,0.35394948720932007,0.35376980900764465,0.16578947368421051,1,"{""NumberOfOpenCreditLinesAndLoans"": -0.09210526315789475}",0.35376980900764465,False
xcreditscore_lattice,11569,False,infeasible,moderate_risk,gurobi:Infeasible|refined_4,gurobi,0.3759641945362091,0.3685793876647949,0.0852631578947368,1,"{""NumberOfOpenCreditLinesAndLoans"": -0.04736842105263156}",0.3685793876647949,False
xcreditscore_lattice,11576,False,infeasible,high_risk,gurobi:Infeasible|refined_4,gurobi,0.40103083848953247,0.4009721279144287,0.0852631578947368,1,"{""NumberOfOpenCreditLinesAndLoans"": -0.04736842105263156}",0.4009721279144287,False
xcreditscore_lattice,11581,False,infeasible,moderate_risk,gurobi:Optimal|refined_9,gurobi,0.375148206949234,0.37469345331192017,0.13894736842105274,1,"{""NumberOfOpenCreditLinesAndLoans"": 0.07719298245614035}",0.37469345331192017,False
xcreditscore_lattice,11584,False,infeasible,very_high_risk,gurobi:Infeasible|refined_6,gurobi,0.9148793816566467,0.9148181676864624,0.16578947368421051,1,"{""NumberOfOpenCreditLinesAndLoans"": -0.09210526315789475}",0.9148181676864624,False
xcreditscore_lattice,11592,False,near_feasible,near_threshold,gurobi:Optimal|refined_6,gurobi,0.3039206564426422,0.3036136329174042,0.09473684210526337,1,"{""NumberOfOpenCreditLinesAndLoans"": 0.05263157894736854}",0.3036136329174042,False
xcreditscore_lattice,11650,False,infeasible,very_high_risk,gurobi:Infeasible|refined_9,gurobi,0.8335229158401489,0.8048208951950073,0.2778947368421053,1,"{""NumberOfOpenCreditLinesAndLoans"": -0.15438596491228074}",0.8048208951950073,False
xcreditscore_lattice,11702,False,infeasible,moderate_risk,gurobi:Optimal|refined_6,gurobi,0.377431184053421,0.37709012627601624,0.09473684210526347,1,"{""NumberOfOpenCreditLinesAndLoans"": 0.05263157894736854}",0.37709012627601624,False
xcreditscore_lattice,11765,False,infeasible,high_risk,gurobi:Optimal|refined_5,gurobi,0.4228326082229614,0.42274850606918335,0.11999999999999947,1,"{""NumberOfOpenCreditLinesAndLoans"": -0.06666666666666637}",0.42274850606918335,False
xcreditscore_lattice,11794,False,infeasible,near_threshold,gurobi:Optimal|refined_5,gurobi,0.33716413378715515,0.3369508981704712,0.08210526315789503,1,"{""NumberOfOpenCreditLinesAndLoans"": 0.04561403508771947}",0.3369508981704712,False
xcreditscore_lattice,11797,False,infeasible,moderate_risk,gurobi:Infeasible,gurobi,0.3756791949272156,0.3756791949272156,0.0,0,{},0.3756791949272156,False
xcreditscore_lattice,11799,False,infeasible,very_high_risk,gurobi:Infeasible|refined_4,gurobi,0.798696756362915,0.7986574172973633,0.0852631578947368,1,"{""NumberOfOpenCreditLinesAndLoans"": -0.04736842105263156}",0.7986574172973633,False
xcreditscore_lattice,11829,False,infeasible,very_high_risk,gurobi:Infeasible|refined_8,gurobi,0.9016401171684265,0.9015210866928101,0.24315789473684213,1,"{""NumberOfOpenCreditLinesAndLoans"": -0.13508771929824565}",0.9015210866928101,False
xcreditscore_lattice,11869,False,infeasible,near_threshold,gurobi:Optimal|refined_9,gurobi,0.32516592741012573,0.3247402608394623,0.13894736842105262,1,"{""NumberOfOpenCreditLinesAndLoans"": 0.07719298245614035}",0.3247402608394623,False
xcreditscore_lattice,11887,False,infeasible,very_high_risk,gurobi:Optimal|refined_6,gurobi,0.7378417253494263,0.7375608086585999,0.09473684210526337,1,"{""NumberOfOpenCreditLinesAndLoans"": 0.05263157894736854}",0.7375608086585999,False
xcreditscore_lattice,11891,False,infeasible,near_threshold,gurobi:Infeasible|refined_9,gurobi,0.32134684920310974,0.32100123167037964,0.2778947368421053,1,"{""NumberOfOpenCreditLinesAndLoans"": -0.15438596491228074}",0.32100123167037964,False
xcreditscore_lattice,11927,False,infeasible,very_high_risk,gurobi:Optimal|refined_17,gurobi,0.7549972534179688,0.7545593976974487,1.6523033178702438,3,"{""MonthlyIncome"": 0.09555268648225107, ""NumberOfOpenCreditLinesAndLoans"": -0.08771929824561403, ""NumberOfDependents"": -0.08333333333333333}",0.7545593976974487,False
xcreditscore_lattice,11937,False,infeasible,high_risk,gurobi:Infeasible|refined_9,gurobi,0.4310348331928253,0.3842065930366516,0.2778947368421053,1,"{""NumberOfOpenCreditLinesAndLoans"": -0.15438596491228074}",0.3842065930366516,False
xcreditscore_lattice,11982,False,infeasible,very_high_risk,gurobi:Optimal|refined_16,gurobi,0.6966801285743713,0.6969945430755615,0.5082800346370935,4,"{""MonthlyIncome"": 0.006996217880550528, ""NumberOfOpenCreditLinesAndLoans"": -0.017543859649122695, ""NumberRealEstateLoansOrLines"": -0.018867924528301886, ""NumberOfDependents"": -0.08333333333333333}",0.6969945430755615,False
xcreditscore_lattice,12188,False,infeasible,near_threshold,gurobi:Infeasible,gurobi,0.3486499488353729,0.3486499488353729,0.0,0,{},0.3486499488353729,False
xcreditscore_lattice,12225,False,infeasible,moderate_risk,gurobi:Optimal,gurobi,0.3651914894580841,0.3651914894580841,4.746203430272544e-16,0,{},0.3651914894580841,False
xcreditscore_lattice,12281,False,infeasible,moderate_risk,gurobi:Optimal|refined_7,gurobi,0.35425159335136414,0.35400575399398804,0.2084210526315783,1,"{""NumberOfOpenCreditLinesAndLoans"": -0.11578947368421019}",0.35400575399398804,False
xcreditscore_lattice,12321,False,infeasible,high_risk,gurobi:Optimal|refined_4,gurobi,0.422810435295105,0.42275071144104004,0.0852631578947363,1,"{""NumberOfOpenCreditLinesAndLoans"": -0.04736842105263128}",0.42275071144104004,False
xcreditscore_lattice,12360,False,infeasible,moderate_risk,gurobi:Infeasible|refined_10,gurobi,0.3999384343624115,0.345000684261322,0.3126315789473685,1,"{""NumberOfOpenCreditLinesAndLoans"": -0.17368421052631583}",0.345000684261322,False
xcreditscore_lattice,12365,False,infeasible,very_high_risk,gurobi:Infeasible|refined_3,gurobi,0.706971287727356,0.7069393396377563,0.0536842105263158,1,"{""NumberOfOpenCreditLinesAndLoans"": -0.02982456140350878}",0.7069393396377563,False
xcreditscore_lattice,12393,False,infeasible,very_high_risk,gurobi:Infeasible|refined_4,gurobi,0.872080385684967,0.8720530867576599,0.0852631578947368,1,"{""NumberOfOpenCreditLinesAndLoans"": -0.04736842105263156}",0.8720530867576599,False
xcreditscore_lattice,12421,False,near_feasible,near_threshold,gurobi:Optimal|refined_3,gurobi,0.3000818192958832,0.30004948377609253,0.0536842105263153,1,"{""NumberOfOpenCreditLinesAndLoans"": -0.029824561403508504}",0.30004948377609253,False
xcreditscore_lattice,12428,False,infeasible,moderate_risk,gurobi:Optimal|refined_13,gurobi,0.38697806000709534,0.3863878548145294,0.15191807788349326,2,"{""NumberOfOpenCreditLinesAndLoans"": 0.07719298245614031, ""NumberOfDependents"": -0.0036029748506779813}",0.3863878548145294,False
xcreditscore_lattice,12485,False,infeasible,near_threshold,gurobi:Optimal|refined_2,gurobi,0.3349296748638153,0.3349135220050812,0.02526315789473684,1,"{""NumberOfOpenCreditLinesAndLoans"": -0.014035087719298248}",0.3349135220050812,False
xcreditscore_lattice,12565,False,infeasible,very_high_risk,gurobi:Infeasible|refined_5,gurobi,0.720980167388916,0.7207880616188049,0.08210526315789474,1,"{""NumberOfOpenCreditLinesAndLoans"": 0.0456140350877193}",0.7207880616188049,False
xcreditscore_lattice,12593,False,infeasible,moderate_risk,gurobi:Optimal|refined_10,gurobi,0.3926903009414673,0.39268019795417786,0.014796693016847566,1,"{""NumberOfOpenCreditLinesAndLoans"": -0.00822038500935976}",0.39268019795417786,False
xcreditscore_lattice,12609,False,infeasible,moderate_risk,gurobi:Optimal|refined_15,gurobi,0.39602869749069214,0.3966000974178314,0.1278697620074875,3,"{""NumberOfOpenCreditLinesAndLoans"": 0.008771929824561542, ""NumberRealEstateLoansOrLines"": -0.018867924528301886, ""NumberOfDependents"": -0.0063422012670793365}",0.3966000974178314,False
xcreditscore_lattice,12652,False,infeasible,moderate_risk,gurobi:Optimal|refined_9,gurobi,0.3874989449977875,0.3870384991168976,0.13894736842105262,1,"{""NumberOfOpenCreditLinesAndLoans"": 0.07719298245614035}",0.3870384991168976,False
xcreditscore_lattice,12658,False,infeasible,very_high_risk,gurobi:Infeasible|refined_9,gurobi,0.8732810616493225,0.873105525970459,0.2778947368421053,1,"{""NumberOfOpenCreditLinesAndLoans"": -0.15438596491228074}",0.873105525970459,False
xcreditscore_lattice,12668,False,infeasible,high_risk,gurobi:Infeasible|refined_2,gurobi,0.43156665563583374,0.4315488636493683,0.02526315789473684,1,"{""NumberOfOpenCreditLinesAndLoans"": -0.014035087719298248}",0.4315488636493683,False
xcreditscore_lattice,12762,False,infeasible,very_high_risk,gurobi:Infeasible|refined_3,gurobi,0.6325635313987732,0.632527768611908,0.0536842105263158,1,"{""NumberOfOpenCreditLinesAndLoans"": -0.02982456140350878}",0.632527768611908,False
xcreditscore_lattice,12831,False,near_feasible,near_threshold,gurobi:Optimal|refined_4,gurobi,0.31932368874549866,0.3192705512046814,0.0852631578947363,1,"{""NumberOfOpenCreditLinesAndLoans"": -0.04736842105263128}",0.3192705512046814,False
xcreditscore_lattice,12833,False,near_feasible,near_threshold,gurobi:Optimal|refined_2,gurobi,0.30968499183654785,0.30966952443122864,0.025263157894736467,1,"{""NumberOfOpenCreditLinesAndLoans"": -0.01403508771929804}",0.30966952443122864,False
xcreditscore_lattice,12895,False,infeasible,very_high_risk,gurobi:Infeasible|refined_11,gurobi,0.7022268772125244,0.7017572522163391,0.34736842105263155,1,"{""NumberOfOpenCreditLinesAndLoans"": -0.19298245614035087}",0.7017572522163391,False
xcreditscore_lattice,12914,False,infeasible,very_high_risk,gurobi:Infeasible|refined_9,gurobi,0.9316487312316895,0.917407751083374,0.2778947368421053,1,"{""NumberOfOpenCreditLinesAndLoans"": -0.15438596491228074}",0.917407751083374,False
xcreditscore_lattice,12960,False,infeasible,moderate_risk,gurobi:Infeasible|refined_6,gurobi,0.3930821120738983,0.3929496705532074,0.15789473684210523,1,"{""NumberOfOpenCreditLinesAndLoans"": -0.08771929824561403}",0.3929496705532074,False
xcreditscore_lattice,12963,False,infeasible,moderate_risk,gurobi:Optimal|refined_6,gurobi,0.39602386951446533,0.3958910405635834,0.1578947368421056,1,"{""NumberOfOpenCreditLinesAndLoans"": -0.08771929824561403}",0.3958910405635834,False
xcreditscore_lattice,13010,False,near_feasible,near_threshold,gurobi:Infeasible|refined_3,gurobi,0.3188476860523224,0.318814218044281,0.0536842105263158,1,"{""NumberOfOpenCreditLinesAndLoans"": -0.02982456140350878}",0.318814218044281,False
xcreditscore_lattice,13064,False,infeasible,moderate_risk,gurobi:Infeasible|refined_5,gurobi,0.3511345088481903,0.3509170413017273,0.08210526315789474,1,"{""NumberOfOpenCreditLinesAndLoans"": 0.0456140350877193}",0.3509170413017273,False
xcreditscore_lattice,13146,False,infeasible,high_risk,gurobi:Infeasible|refined_4,gurobi,0.4263315200805664,0.4262716770172119,0.0852631578947368,1,"{""NumberOfOpenCreditLinesAndLoans"": -0.04736842105263156}",0.4262716770172119,False
xcreditscore_lattice,13150,False,infeasible,very_high_risk,gurobi:Infeasible|refined_6,gurobi,0.8222653269767761,0.8220531344413757,0.09473684210526315,1,"{""NumberOfOpenCreditLinesAndLoans"": 0.05263157894736842}",0.8220531344413757,False
xcreditscore_lattice,13178,False,infeasible,very_high_risk,gurobi:Infeasible|refined_4,gurobi,0.8010335564613342,0.8009945750236511,0.0852631578947368,1,"{""NumberOfOpenCreditLinesAndLoans"": -0.04736842105263156}",0.8009945750236511,False
xcreditscore_lattice,13213,False,infeasible,high_risk,gurobi:Infeasible|refined_11,gurobi,0.45776334404945374,0.45720621943473816,0.34736842105263155,1,"{""NumberOfOpenCreditLinesAndLoans"": -0.19298245614035087}",0.45720621943473816,False
xcreditscore_lattice,13242,True,feasible,moderate_risk,gurobi:Infeasible|refined_8,gurobi,0.3515560030937195,0.29421037435531616,0.2778947368421053,1,"{""NumberOfOpenCreditLinesAndLoans"": -0.15438596491228074}",0.29421037435531616,True
xcreditscore_lattice,13251,False,infeasible,very_high_risk,gurobi:Infeasible|refined_8,gurobi,0.7982293367385864,0.7980132102966309,0.24315789473684213,1,"{""NumberOfOpenCreditLinesAndLoans"": -0.13508771929824565}",0.7980132102966309,False
xcreditscore_lattice,13288,False,infeasible,near_threshold,gurobi:Infeasible|refined_7,gurobi,0.3238339126110077,0.32359862327575684,0.20842105263157898,1,"{""NumberOfOpenCreditLinesAndLoans"": -0.11578947368421055}",0.32359862327575684,False
xcreditscore_lattice,13297,False,infeasible,high_risk,gurobi:Infeasible,gurobi,0.48278629779815674,0.48278629779815674,0.0,0,{},0.48278629779815674,False
xcreditscore_lattice,13378,False,near_feasible,near_threshold,gurobi:Infeasible|refined_9,gurobi,0.3118166923522949,0.31147661805152893,0.2778947368421053,1,"{""NumberOfOpenCreditLinesAndLoans"": -0.15438596491228074}",0.31147661805152893,False
xcreditscore_lattice,13404,False,infeasible,moderate_risk,gurobi:Optimal|refined_6,gurobi,0.3698959946632385,0.3695577383041382,0.09473684210526337,1,"{""NumberOfOpenCreditLinesAndLoans"": 0.05263157894736854}",0.3695577383041382,False
xcreditscore_lattice,13461,False,infeasible,near_threshold,gurobi:Infeasible|refined_3,gurobi,0.3252350986003876,0.3252013027667999,0.0536842105263158,1,"{""NumberOfOpenCreditLinesAndLoans"": -0.02982456140350878}",0.3252013027667999,False
xcreditscore_lattice,13514,False,infeasible,moderate_risk,gurobi:Infeasible|refined_3,gurobi,0.37637513875961304,0.37633898854255676,0.0536842105263158,1,"{""NumberOfOpenCreditLinesAndLoans"": -0.02982456140350878}",0.37633898854255676,False
xcreditscore_lattice,13519,False,infeasible,high_risk,gurobi:Infeasible|refined_4,gurobi,0.4270647466182709,0.4270048439502716,0.0852631578947368,1,"{""NumberOfOpenCreditLinesAndLoans"": -0.04736842105263156}",0.4270048439502716,False
xcreditscore_lattice,13635,False,infeasible,moderate_risk,gurobi:Infeasible|refined_6,gurobi,0.39310452342033386,0.39291703701019287,0.16578947368421051,1,"{""NumberOfOpenCreditLinesAndLoans"": -0.09210526315789475}",0.39291703701019287,False
xcreditscore_lattice,13721,False,infeasible,moderate_risk,gurobi:Optimal|refined_11,gurobi,0.3914429843425751,0.3912142515182495,0.08007310562626083,1,"{""NumberOfOpenCreditLinesAndLoans"": 0.04448505868125596}",0.3912142515182495,False
xcreditscore_lattice,13774,False,infeasible,moderate_risk,gurobi:Infeasible|refined_5,gurobi,0.367953896522522,0.36787375807762146,0.11999999999999997,1,"{""NumberOfOpenCreditLinesAndLoans"": -0.06666666666666665}",0.36787375807762146,False
xcreditscore_lattice,13900,False,infeasible,high_risk,gurobi:Optimal|refined_5,gurobi,0.4563659429550171,0.45612916350364685,0.08210526315789503,1,"{""NumberOfOpenCreditLinesAndLoans"": 0.04561403508771947}",0.45612916350364685,False
xcreditscore_lattice,13917,False,infeasible,moderate_risk,gurobi:Infeasible|refined_5,gurobi,0.38117897510528564,0.3707444667816162,0.11999999999999997,1,"{""NumberOfOpenCreditLinesAndLoans"": -0.06666666666666665}",0.3707444667816162,False
xcreditscore_lattice,13972,False,infeasible,moderate_risk,gurobi:Optimal|refined_4,gurobi,0.36282286047935486,0.3627663254737854,0.0852631578947363,1,"{""NumberOfOpenCreditLinesAndLoans"": -0.04736842105263128}",0.3627663254737854,False
xcreditscore_lattice,14036,False,infeasible,near_threshold,gurobi:Optimal|refined_5,gurobi,0.3451867401599884,0.34497103095054626,0.08210526315789503,1,"{""NumberOfOpenCreditLinesAndLoans"": 0.04561403508771947}",0.34497103095054626,False
xcreditscore_lattice,14066,False,infeasible,very_high_risk,gurobi:Infeasible|refined_6,gurobi,0.8480803966522217,0.847893238067627,0.09473684210526315,1,"{""NumberOfOpenCreditLinesAndLoans"": 0.05263157894736842}",0.847893238067627,False
xcreditscore_lattice,14146,False,infeasible,high_risk,gurobi:Optimal|refined_16,gurobi,0.43654507398605347,0.4293210506439209,1.882050352702224,3,"{""MonthlyIncome"": 0.112542975584599, ""NumberOfOpenCreditLinesAndLoans"": -0.03070175438596484, ""NumberOfDependents"": -0.11666666666666665}",0.4293210506439209,False
xcreditscore_lattice,14221,False,infeasible,very_high_risk,gurobi:Infeasible,gurobi,0.847199022769928,0.847199022769928,0.0,0,{},0.847199022769928,False
xcreditscore_lattice,14275,False,infeasible,near_threshold,gurobi:Infeasible|refined_9,gurobi,0.3454933762550354,0.34513500332832336,0.2778947368421053,1,"{""NumberOfOpenCreditLinesAndLoans"": -0.15438596491228074}",0.34513500332832336,False
xcreditscore_lattice,14346,False,infeasible,very_high_risk,gurobi:Infeasible|refined_3,gurobi,0.5336041450500488,0.5335658192634583,0.0536842105263158,1,"{""NumberOfOpenCreditLinesAndLoans"": -0.02982456140350878}",0.5335658192634583,False
xcreditscore_lattice,14353,False,infeasible,high_risk,gurobi:Optimal|refined_5,gurobi,0.48044267296791077,0.48020443320274353,0.08210526315789503,1,"{""NumberOfOpenCreditLinesAndLoans"": 0.04561403508771947}",0.48020443320274353,False
xcreditscore_lattice,14384,True,feasible,near_threshold,gurobi:Optimal|refined_5,gurobi,0.34502288699150085,0.2981734573841095,0.17368421052631622,1,"{""NumberOfOpenCreditLinesAndLoans"": 0.09649122807017518}",0.2981734573841095,True
xcreditscore_lattice,14400,False,infeasible,high_risk,gurobi:Infeasible|refined_8,gurobi,0.4883129596710205,0.4879778325557709,0.24315789473684213,1,"{""NumberOfOpenCreditLinesAndLoans"": -0.13508771929824565}",0.4879778325557709,False
xcreditscore_lattice,14452,False,infeasible,near_threshold,gurobi:Optimal,gurobi,0.34541675448417664,0.34541675448417664,4.609631847974099e-16,0,{},0.34541675448417664,False
xcreditscore_lattice,14454,False,infeasible,very_high_risk,gurobi:Infeasible|refined_7,gurobi,0.8217131495475769,0.8215556740760803,0.20842105263157898,1,"{""NumberOfOpenCreditLinesAndLoans"": -0.11578947368421055}",0.8215556740760803,False
xcreditscore_lattice,14549,False,near_feasible,near_threshold,gurobi:Optimal|refined_6,gurobi,0.3140070140361786,0.3136943578720093,0.09473684210526337,1,"{""NumberOfOpenCreditLinesAndLoans"": 0.05263157894736854}",0.3136943578720093,False
xcreditscore_lattice,14650,False,infeasible,moderate_risk,gurobi:Optimal|refined_6,gurobi,0.38338109850883484,0.3830379545688629,0.09473684210526337,1,"{""NumberOfOpenCreditLinesAndLoans"": 0.05263157894736854}",0.3830379545688629,False
xcreditscore_lattice,14652,False,infeasible,moderate_risk,gurobi:Optimal|refined_4,gurobi,0.3786800801753998,0.37862250208854675,0.0852631578947363,1,"{""NumberOfOpenCreditLinesAndLoans"": -0.04736842105263128}",0.37862250208854675,False
xcreditscore_lattice,14702,False,infeasible,very_high_risk,gurobi:Infeasible|refined_7,gurobi,0.8476535081863403,0.8475146889686584,0.20842105263157898,1,"{""NumberOfOpenCreditLinesAndLoans"": -0.11578947368421055}",0.8475146889686584,False
xcreditscore_lattice,14725,False,infeasible,very_high_risk,gurobi:Infeasible,gurobi,0.7387451529502869,0.7387451529502869,0.0,0,{},0.7387451529502869,False
xcreditscore_lattice,14742,False,infeasible,high_risk,gurobi:Infeasible|refined_2,gurobi,0.4560227692127228,0.456004798412323,0.02526315789473684,1,"{""NumberOfOpenCreditLinesAndLoans"": -0.014035087719298248}",0.456004798412323,False
xcreditscore_lattice,14755,True,feasible,moderate_risk,gurobi:Infeasible|refined_10,gurobi,0.36432257294654846,0.2997100055217743,0.34736842105263155,1,"{""NumberOfOpenCreditLinesAndLoans"": -0.19298245614035087}",0.2997100055217743,True
xcreditscore_lattice,14777,False,infeasible,high_risk,gurobi:Optimal|refined_9,gurobi,0.4806842803955078,0.480199933052063,0.13894736842105262,1,"{""NumberOfOpenCreditLinesAndLoans"": 0.07719298245614035}",0.480199933052063,False
xcreditscore_lattice,14812,False,infeasible,near_threshold,gurobi:Infeasible|refined_9,gurobi,0.3304941952228546,0.3301435112953186,0.2778947368421053,1,"{""NumberOfOpenCreditLinesAndLoans"": -0.15438596491228074}",0.3301435112953186,False
xcreditscore_lattice,14864,False,infeasible,high_risk,gurobi:Infeasible|refined_9,gurobi,0.4649085998535156,0.4644259512424469,0.13894736842105262,1,"{""NumberOfOpenCreditLinesAndLoans"": 0.07719298245614035}",0.4644259512424469,False
xcreditscore_lattice,14907,False,infeasible,high_risk,gurobi:Infeasible|refined_6,gurobi,0.4846877157688141,0.484325110912323,0.09473684210526315,1,"{""NumberOfOpenCreditLinesAndLoans"": 0.05263157894736842}",0.484325110912323,False
xcreditscore_lattice,15010,False,infeasible,moderate_risk,gurobi:Optimal,gurobi,0.3746357858181,0.3746357858181,3.747002708109903e-16,0,{},0.3746357858181,False
xcreditscore_lattice,15077,False,infeasible,very_high_risk,gurobi:Infeasible|refined_7,gurobi,0.6449076533317566,0.6144855618476868,0.20842105263157898,1,"{""NumberOfOpenCreditLinesAndLoans"": -0.11578947368421055}",0.6144855618476868,False
xcreditscore_lattice,15126,False,infeasible,near_threshold,gurobi:Optimal|refined_9,gurobi,0.3433658182621002,0.3429284393787384,0.13894736842105262,1,"{""NumberOfOpenCreditLinesAndLoans"": 0.07719298245614035}",0.3429284393787384,False
xcreditscore_lattice,15217,False,infeasible,near_threshold,gurobi:Infeasible|refined_10,gurobi,0.3291938304901123,0.32879137992858887,0.3126315789473685,1,"{""NumberOfOpenCreditLinesAndLoans"": -0.17368421052631583}",0.32879137992858887,False
xcreditscore_lattice,15245,False,infeasible,very_high_risk,gurobi:Optimal|refined_11,gurobi,0.5025209784507751,0.4302508234977722,0.3473684210526327,1,"{""NumberOfOpenCreditLinesAndLoans"": -0.19298245614035087}",0.4302508234977722,False
xcreditscore_lattice,15317,False,infeasible,moderate_risk,gurobi:Optimal|refined_11,gurobi,0.3691868484020233,0.32533198595046997,0.3473684210526325,1,"{""NumberOfOpenCreditLinesAndLoans"": -0.19298245614035087}",0.32533198595046997,False
xcreditscore_lattice,15337,False,infeasible,moderate_risk,gurobi:Optimal|refined_3,gurobi,0.35910436511039734,0.359068900346756,0.0536842105263153,1,"{""NumberOfOpenCreditLinesAndLoans"": -0.029824561403508504}",0.359068900346756,False
xcreditscore_lattice,15350,False,infeasible,high_risk,gurobi:Optimal|refined_2,gurobi,0.4645552635192871,0.46453726291656494,0.025263157894736467,1,"{""NumberOfOpenCreditLinesAndLoans"": -0.01403508771929804}",0.46453726291656494,False
xcreditscore_lattice,15467,False,near_feasible,near_threshold,gurobi:Infeasible|refined_3,gurobi,0.30572646856307983,0.30562281608581543,0.04421052631578946,1,"{""NumberOfOpenCreditLinesAndLoans"": 0.024561403508771923}",0.30562281608581543,False
xcreditscore_lattice,15478,False,infeasible,very_high_risk,gurobi:Infeasible|refined_5,gurobi,0.7875403165817261,0.7874826788902283,0.11999999999999997,1,"{""NumberOfOpenCreditLinesAndLoans"": -0.06666666666666665}",0.7874826788902283,False
xcreditscore_lattice,15502,False,infeasible,very_high_risk,gurobi:Infeasible|refined_3,gurobi,0.7391871809959412,0.7390929460525513,0.04421052631578946,1,"{""NumberOfOpenCreditLinesAndLoans"": 0.024561403508771923}",0.7390929460525513,False
xcreditscore_lattice,15530,False,near_feasible,near_threshold,gurobi:Optimal|refined_6,gurobi,0.30809205770492554,0.3077826499938965,0.09473684210526337,1,"{""NumberOfOpenCreditLinesAndLoans"": 0.05263157894736854}",0.3077826499938965,False
xcreditscore_lattice,15531,False,infeasible,very_high_risk,gurobi:Infeasible|refined_3,gurobi,0.9081782698631287,0.908165454864502,0.0536842105263158,1,"{""NumberOfOpenCreditLinesAndLoans"": -0.02982456140350878}",0.908165454864502,False
xcreditscore_lattice,15644,False,infeasible,moderate_risk,gurobi:Infeasible|refined_5,gurobi,0.36859506368637085,0.36851486563682556,0.11999999999999997,1,"{""NumberOfOpenCreditLinesAndLoans"": -0.06666666666666665}",0.36851486563682556,False
xcreditscore_lattice,15645,False,infeasible,moderate_risk,gurobi:Infeasible|refined_11,gurobi,0.3561338484287262,0.3556297719478607,0.34736842105263155,1,"{""NumberOfOpenCreditLinesAndLoans"": -0.19298245614035087}",0.3556297719478607,False
xcreditscore_lattice,15655,False,near_feasible,near_threshold,gurobi:Infeasible|refined_6,gurobi,0.31968578696250916,0.3195149004459381,0.16578947368421051,1,"{""NumberOfOpenCreditLinesAndLoans"": -0.09210526315789475}",0.3195149004459381,False
xcreditscore_lattice,15675,False,infeasible,high_risk,gurobi:Infeasible|refined_3,gurobi,0.44855937361717224,0.44843852519989014,0.04421052631578946,1,"{""NumberOfOpenCreditLinesAndLoans"": 0.024561403508771923}",0.44843852519989014,False
xcreditscore_lattice,15743,False,infeasible,moderate_risk,gurobi:Optimal|refined_3,gurobi,0.3911716341972351,0.39105528593063354,0.04421052631578978,1,"{""NumberOfOpenCreditLinesAndLoans"": 0.024561403508772103}",0.39105528593063354,False
xcreditscore_lattice,15790,False,infeasible,very_high_risk,gurobi:Infeasible|refined_5,gurobi,0.7153152227401733,0.715120792388916,0.08210526315789474,1,"{""NumberOfOpenCreditLinesAndLoans"": 0.0456140350877193}",0.715120792388916,False
xcreditscore_lattice,15791,False,infeasible,high_risk,gurobi:Optimal|refined_11,gurobi,0.46266892552375793,0.3916184902191162,0.3473684210526325,1,"{""NumberOfOpenCreditLinesAndLoans"": -0.19298245614035087}",0.3916184902191162,False
xcreditscore_lattice,15847,False,near_feasible,near_threshold,gurobi:Infeasible|refined_4,gurobi,0.31254467368125916,0.31249210238456726,0.0852631578947368,1,"{""NumberOfOpenCreditLinesAndLoans"": -0.04736842105263156}",0.31249210238456726,False
xcreditscore_lattice,16005,False,infeasible,high_risk,gurobi:Infeasible|refined_5,gurobi,0.4322362244129181,0.4320020377635956,0.08210526315789474,1,"{""NumberOfOpenCreditLinesAndLoans"": 0.0456140350877193}",0.4320020377635956,False
xcreditscore_lattice,16025,False,near_feasible,near_threshold,gurobi:Optimal|refined_3,gurobi,0.3026450276374817,0.30254194140434265,0.04421052631578978,1,"{""NumberOfOpenCreditLinesAndLoans"": 0.024561403508772103}",0.30254194140434265,False
xcreditscore_lattice,16027,False,near_feasible,near_threshold,gurobi:Infeasible|refined_8,gurobi,0.3052978813648224,0.3050135374069214,0.24315789473684213,1,"{""NumberOfOpenCreditLinesAndLoans"": -0.13508771929824565}",0.3050135374069214,False
xcreditscore_lattice,16142,False,infeasible,high_risk,gurobi:Optimal|refined_9,gurobi,0.4398483335971832,0.4393702745437622,0.13894736842105262,1,"{""NumberOfOpenCreditLinesAndLoans"": 0.07719298245614035}",0.4393702745437622,False
xcreditscore_lattice,16241,False,infeasible,high_risk,gurobi:Infeasible|refined_5,gurobi,0.41976433992385864,0.4195318818092346,0.08210526315789474,1,"{""NumberOfOpenCreditLinesAndLoans"": 0.0456140350877193}",0.4195318818092346,False
xcreditscore_lattice,16247,False,infeasible,near_threshold,gurobi:Infeasible|refined_8,gurobi,0.33903661370277405,0.3387361168861389,0.24315789473684213,1,"{""NumberOfOpenCreditLinesAndLoans"": -0.13508771929824565}",0.3387361168861389,False
xcreditscore_lattice,16256,False,infeasible,high_risk,gurobi:Optimal|refined_15,gurobi,0.43925681710243225,0.43881189823150635,1.820182398156044,3,"{""MonthlyIncome"": 0.12035143395774667, ""NumberOfOpenCreditLinesAndLoans"": 0.008771929824561542, ""NumberOfDependents"": -0.08333333333333333}",0.43881189823150635,False
xcreditscore_lattice,16319,False,near_feasible,moderate_risk,gurobi:Infeasible|refined_9,gurobi,0.3584049344062805,0.3150974214076996,0.2778947368421053,1,"{""NumberOfOpenCreditLinesAndLoans"": -0.15438596491228074}",0.3150974214076996,False
xcreditscore_lattice,16330,False,infeasible,high_risk,gurobi:Optimal|refined_14,gurobi,0.4175557792186737,0.4167569875717163,1.3067241634583668,3,"{""MonthlyIncome"": 0.07245372255035357, ""NumberOfOpenCreditLinesAndLoans"": 0.05614035087719291, ""NumberOfDependents"": -0.08333333333333333}",0.4167569875717163,False
xcreditscore_lattice,16367,False,infeasible,high_risk,gurobi:Optimal|refined_5,gurobi,0.40917861461639404,0.40909531712532043,0.11999999999999947,1,"{""NumberOfOpenCreditLinesAndLoans"": -0.06666666666666637}",0.40909531712532043,False
xcreditscore_lattice,16379,False,infeasible,moderate_risk,gurobi:Infeasible|refined_9,gurobi,0.39583954215049744,0.3953755795955658,0.13894736842105262,1,"{""NumberOfOpenCreditLinesAndLoans"": 0.07719298245614035}",0.3953755795955658,False
xcreditscore_lattice,16388,False,infeasible,high_risk,gurobi:Optimal|refined_2,gurobi,0.4556889832019806,0.4556709825992584,0.025263157894736467,1,"{""NumberOfOpenCreditLinesAndLoans"": -0.01403508771929804}",0.4556709825992584,False
xcreditscore_lattice,16463,False,infeasible,high_risk,gurobi:Optimal,gurobi,0.44773387908935547,0.44773387908935547,3.747002708109903e-16,0,{},0.44773387908935547,False
xcreditscore_lattice,16485,False,infeasible,near_threshold,gurobi:Optimal|refined_5,gurobi,0.3477439880371094,0.34752753376960754,0.08210526315789503,1,"{""NumberOfOpenCreditLinesAndLoans"": 0.04561403508771947}",0.34752753376960754,False
xcreditscore_lattice,16495,False,infeasible,moderate_risk,gurobi:Optimal|refined_6,gurobi,0.3580678105354309,0.35788723826408386,0.16578947368420993,1,"{""NumberOfOpenCreditLinesAndLoans"": -0.09210526315789441}",0.35788723826408386,False
xcreditscore_lattice,16618,False,infeasible,moderate_risk,gurobi:Optimal|refined_9,gurobi,0.39959847927093506,0.39913302659988403,0.13894736842105262,1,"{""NumberOfOpenCreditLinesAndLoans"": 0.07719298245614035}",0.39913302659988403,False
xcreditscore_lattice,16633,False,infeasible,near_threshold,gurobi:Infeasible|refined_4,gurobi,0.32629451155662537,0.3262407183647156,0.0852631578947368,1,"{""NumberOfOpenCreditLinesAndLoans"": -0.04736842105263156}",0.3262407183647156,False
xcreditscore_lattice,16645,False,infeasible,near_threshold,gurobi:Infeasible|refined_5,gurobi,0.34288835525512695,0.342810720205307,0.11999999999999997,1,"{""NumberOfOpenCreditLinesAndLoans"": -0.06666666666666665}",0.342810720205307,False
xcreditscore_lattice,16668,False,infeasible,very_high_risk,gurobi:Infeasible|refined_7,gurobi,0.5834496021270752,0.5831883549690247,0.20842105263157898,1,"{""NumberOfOpenCreditLinesAndLoans"": -0.11578947368421055}",0.5831883549690247,False
xcreditscore_lattice,16742,False,infeasible,moderate_risk,gurobi:Optimal|refined_5,gurobi,0.3503720164299011,0.3501547873020172,0.08210526315789503,1,"{""NumberOfOpenCreditLinesAndLoans"": 0.04561403508771947}",0.3501547873020172,False
xcreditscore_lattice,16772,False,infeasible,very_high_risk,gurobi:Infeasible|refined_5,gurobi,0.8521096110343933,0.8519892692565918,0.08210526315789474,1,"{""NumberOfOpenCreditLinesAndLoans"": 0.0456140350877193}",0.8519892692565918,False
xcreditscore_lattice,16807,False,infeasible,high_risk,gurobi:Optimal|refined_14,gurobi,0.4049498438835144,0.4042826294898987,0.6269782967810118,3,"{""MonthlyIncome"": 0.01971615847932307, ""NumberOfOpenCreditLinesAndLoans"": 0.04473684210526305, ""NumberOfDependents"": -0.08333333333333333}",0.4042826294898987,False
xcreditscore_lattice,16881,False,near_feasible,near_threshold,gurobi:Infeasible|refined_6,gurobi,0.3142557144165039,0.30061933398246765,0.15789473684210523,1,"{""NumberOfOpenCreditLinesAndLoans"": -0.08771929824561403}",0.30061933398246765,False
xcreditscore_lattice,16929,False,infeasible,high_risk,gurobi:Optimal|refined_5,gurobi,0.43957236409187317,0.43933728337287903,0.08210526315789503,1,"{""NumberOfOpenCreditLinesAndLoans"": 0.04561403508771947}",0.43933728337287903,False
xcreditscore_lattice,16930,False,infeasible,very_high_risk,gurobi:Optimal|refined_11,gurobi,0.5264835357666016,0.5259239077568054,0.34736842105263094,1,"{""NumberOfOpenCreditLinesAndLoans"": -0.19298245614035053}",0.5259239077568054,False
xcreditscore_lattice,16955,False,near_feasible,near_threshold,gurobi:Optimal|refined_6,gurobi,0.32898086309432983,0.31335631012916565,0.15789473684210595,1,"{""NumberOfOpenCreditLinesAndLoans"": -0.08771929824561403}",0.31335631012916565,False
xcreditscore_lattice,16959,False,infeasible,moderate_risk,gurobi:Optimal|refined_6,gurobi,0.36077171564102173,0.3604370057582855,0.09473684210526337,1,"{""NumberOfOpenCreditLinesAndLoans"": 0.05263157894736854}",0.3604370057582855,False
xcreditscore_lattice,16992,False,infeasible,very_high_risk,gurobi:Infeasible,gurobi,0.8723241090774536,0.8723241090774536,0.0,0,{},0.8723241090774536,False
xcreditscore_lattice,17000,False,infeasible,near_threshold,gurobi:Optimal|refined_4,gurobi,0.34502020478248596,0.3449649214744568,0.0852631578947363,1,"{""NumberOfOpenCreditLinesAndLoans"": -0.04736842105263128}",0.3449649214744568,False
xcreditscore_lattice,17065,False,infeasible,very_high_risk,gurobi:Infeasible|refined_6,gurobi,0.7638669013977051,0.7637667059898376,0.15789473684210523,1,"{""NumberOfOpenCreditLinesAndLoans"": -0.08771929824561403}",0.7637667059898376,False
xcreditscore_lattice,17104,False,infeasible,high_risk,gurobi:Infeasible|refined_4,gurobi,0.4072706401348114,0.4072115421295166,0.0852631578947368,1,"{""NumberOfOpenCreditLinesAndLoans"": -0.04736842105263156}",0.4072115421295166,False
xcreditscore_lattice,17122,False,infeasible,near_threshold,gurobi:Optimal|refined_9,gurobi,0.3253297209739685,0.3249039649963379,0.13894736842105262,1,"{""NumberOfOpenCreditLinesAndLoans"": 0.07719298245614035}",0.3249039649963379,False
xcreditscore_lattice,17142,False,near_feasible,near_threshold,gurobi:Optimal|refined_9,gurobi,0.3195880055427551,0.3191661834716797,0.13894736842105262,1,"{""NumberOfOpenCreditLinesAndLoans"": 0.07719298245614035}",0.3191661834716797,False
xcreditscore_lattice,17193,False,infeasible,very_high_risk,gurobi:Infeasible|refined_4,gurobi,0.8647142648696899,0.8646856546401978,0.0852631578947368,1,"{""NumberOfOpenCreditLinesAndLoans"": -0.04736842105263156}",0.8646856546401978,False
xcreditscore_lattice,17226,False,infeasible,near_threshold,gurobi:Optimal|refined_9,gurobi,0.3253297209739685,0.3249039649963379,0.13894736842105262,1,"{""NumberOfOpenCreditLinesAndLoans"": 0.07719298245614035}",0.3249039649963379,False
xcreditscore_lattice,17242,False,infeasible,very_high_risk,gurobi:Infeasible|refined_6,gurobi,0.7750963568687439,0.7749995589256287,0.15789473684210523,1,"{""NumberOfOpenCreditLinesAndLoans"": -0.08771929824561403}",0.7749995589256287,False
xcreditscore_lattice,17245,False,infeasible,high_risk,gurobi:Infeasible|refined_6,gurobi,0.42149782180786133,0.42136242985725403,0.15789473684210523,1,"{""NumberOfOpenCreditLinesAndLoans"": -0.08771929824561403}",0.42136242985725403,False
xcreditscore_lattice,17310,False,infeasible,high_risk,gurobi:Optimal|refined_10,gurobi,0.4843827784061432,0.4289502799510956,0.312631578947369,1,"{""NumberOfOpenCreditLinesAndLoans"": -0.17368421052631583}",0.4289502799510956,False
xcreditscore_lattice,17379,False,infeasible,very_high_risk,gurobi:Infeasible|refined_3,gurobi,0.8096700310707092,0.8096463084220886,0.0536842105263158,1,"{""NumberOfOpenCreditLinesAndLoans"": -0.02982456140350878}",0.8096463084220886,False
xcreditscore_lattice,17415,False,infeasible,high_risk,gurobi:Optimal|refined_3,gurobi,0.4027968943119049,0.4027598202228546,0.0536842105263153,1,"{""NumberOfOpenCreditLinesAndLoans"": -0.029824561403508504}",0.4027598202228546,False
xcreditscore_lattice,17443,False,infeasible,high_risk,gurobi:Infeasible|refined_6,gurobi,0.4739503264427185,0.47358837723731995,0.09473684210526315,1,"{""NumberOfOpenCreditLinesAndLoans"": 0.05263157894736842}",0.47358837723731995,False
xcreditscore_lattice,17516,False,infeasible,near_threshold,gurobi:Optimal|refined_9,gurobi,0.34540557861328125,0.34496694803237915,0.13894736842105262,1,"{""NumberOfOpenCreditLinesAndLoans"": 0.07719298245614035}",0.34496694803237915,False
xcreditscore_lattice,17596,False,infeasible,very_high_risk,gurobi:Infeasible|refined_5,gurobi,0.7384576201438904,0.7383911609649658,0.11999999999999997,1,"{""NumberOfOpenCreditLinesAndLoans"": -0.06666666666666665}",0.7383911609649658,False
xcreditscore_lattice,17615,False,infeasible,very_high_risk,gurobi:Infeasible|refined_2,gurobi,0.7846702337265015,0.7846580147743225,0.02526315789473684,1,"{""NumberOfOpenCreditLinesAndLoans"": -0.014035087719298248}",0.7846580147743225,False
xcreditscore_lattice,17782,False,infeasible,moderate_risk,gurobi:Infeasible|refined_6,gurobi,0.39439520239830017,0.39420759677886963,0.16578947368421051,1,"{""NumberOfOpenCreditLinesAndLoans"": -0.09210526315789475}",0.39420759677886963,False
xcreditscore_lattice,17807,False,infeasible,very_high_risk,gurobi:Infeasible|refined_4,gurobi,0.6635209321975708,0.6634662747383118,0.0852631578947368,1,"{""NumberOfOpenCreditLinesAndLoans"": -0.04736842105263156}",0.6634662747383118,False
xcreditscore_lattice,17855,False,infeasible,moderate_risk,gurobi:Infeasible|refined_5,gurobi,0.37590616941452026,0.3756822943687439,0.08210526315789474,1,"{""NumberOfOpenCreditLinesAndLoans"": 0.0456140350877193}",0.3756822943687439,False
xcreditscore_lattice,17903,False,infeasible,near_threshold,gurobi:Infeasible|refined_4,gurobi,0.33708059787750244,0.3370259404182434,0.0852631578947368,1,"{""NumberOfOpenCreditLinesAndLoans"": -0.04736842105263156}",0.3370259404182434,False
xcreditscore_lattice,17904,False,near_feasible,near_threshold,gurobi:Infeasible|refined_6,gurobi,0.30435675382614136,0.30423927307128906,0.15789473684210523,1,"{""NumberOfOpenCreditLinesAndLoans"": -0.08771929824561403}",0.30423927307128906,False
xcreditscore_lattice,17927,False,infeasible,very_high_risk,gurobi:Infeasible|refined_3,gurobi,0.8206024765968323,0.8205797672271729,0.0536842105263158,1,"{""NumberOfOpenCreditLinesAndLoans"": -0.02982456140350878}",0.8205797672271729,False
xcreditscore_lattice,17941,False,infeasible,near_threshold,gurobi:Optimal|refined_3,gurobi,0.336712509393692,0.3366033732891083,0.04421052631578982,1,"{""NumberOfOpenCreditLinesAndLoans"": 0.024561403508771923}",0.3366033732891083,False
xcreditscore_lattice,18029,False,infeasible,near_threshold,gurobi:Optimal|refined_3,gurobi,0.32501110434532166,0.3249039649963379,0.04421052631578978,1,"{""NumberOfOpenCreditLinesAndLoans"": 0.024561403508772103}",0.3249039649963379,False
xcreditscore_lattice,18123,False,infeasible,very_high_risk,gurobi:Infeasible|refined_6,gurobi,0.7436385154724121,0.7433616518974304,0.09473684210526315,1,"{""NumberOfOpenCreditLinesAndLoans"": 0.05263157894736842}",0.7433616518974304,False
xcreditscore_lattice,18168,False,infeasible,high_risk,gurobi:Infeasible|refined_3,gurobi,0.40106427669525146,0.4010273218154907,0.0536842105263158,1,"{""NumberOfOpenCreditLinesAndLoans"": -0.02982456140350878}",0.4010273218154907,False
xcreditscore_lattice,18202,False,near_feasible,near_threshold,gurobi:Optimal|refined_7,gurobi,0.31950613856315613,0.319272518157959,0.2084210526315783,1,"{""NumberOfOpenCreditLinesAndLoans"": -0.11578947368421019}",0.319272518157959,False
xcreditscore_lattice,18219,False,infeasible,very_high_risk,gurobi:Infeasible,gurobi,0.87381511926651,0.87381511926651,0.0,0,{},0.87381511926651,False
xcreditscore_lattice,18356,False,infeasible,moderate_risk,gurobi:Optimal|refined_11,gurobi,0.38489311933517456,0.38441503047943115,0.34736842105263094,1,"{""NumberOfOpenCreditLinesAndLoans"": -0.19298245614035053}",0.38441503047943115,False
xcreditscore_lattice,18515,False,infeasible,high_risk,gurobi:Optimal|refined_14,gurobi,0.411582887172699,0.4042826294898987,1.0173696452402192,3,"{""MonthlyIncome"": 0.04134746635605967, ""NumberOfOpenCreditLinesAndLoans"": 0.04473684210526305, ""NumberOfDependents"": -0.11666666666666665}",0.4042826294898987,False
xcreditscore_lattice,18556,False,near_feasible,moderate_risk,gurobi:Optimal|refined_8,gurobi,0.3526671826839447,0.314212828874588,0.243157894736843,1,"{""NumberOfOpenCreditLinesAndLoans"": -0.13508771929824565}",0.314212828874588,False
xcreditscore_lattice,18580,False,near_feasible,near_threshold,gurobi:Infeasible|refined_7,gurobi,0.31464627385139465,0.31441453099250793,0.20842105263157898,1,"{""NumberOfOpenCreditLinesAndLoans"": -0.11578947368421055}",0.31441453099250793,False
xcreditscore_lattice,18629,False,infeasible,high_risk,gurobi:Optimal|refined_5,gurobi,0.46462294459342957,0.46453726291656494,0.11999999999999947,1,"{""NumberOfOpenCreditLinesAndLoans"": -0.06666666666666637}",0.46453726291656494,False
xcreditscore_lattice,18652,False,infeasible,very_high_risk,gurobi:Infeasible|refined_6,gurobi,0.8214004635810852,0.8212851881980896,0.16578947368421051,1,"{""NumberOfOpenCreditLinesAndLoans"": -0.09210526315789475}",0.8212851881980896,False
xcreditscore_lattice,18668,False,infeasible,moderate_risk,gurobi:Optimal|refined_6,gurobi,0.35381561517715454,0.35348376631736755,0.09473684210526337,1,"{""NumberOfOpenCreditLinesAndLoans"": 0.05263157894736854}",0.35348376631736755,False
xcreditscore_lattice,18683,False,infeasible,moderate_risk,gurobi:Optimal|refined_11,gurobi,0.37535855174064636,0.327151358127594,0.34736842105263227,1,"{""NumberOfOpenCreditLinesAndLoans"": -0.19298245614035087}",0.327151358127594,False
xcreditscore_lattice,18710,False,infeasible,very_high_risk,gurobi:Infeasible|refined_6,gurobi,0.8803688287734985,0.8802859783172607,0.16578947368421051,1,"{""NumberOfOpenCreditLinesAndLoans"": -0.09210526315789475}",0.8802859783172607,False
xcreditscore_lattice,18724,False,infeasible,high_risk,gurobi:Infeasible|refined_6,gurobi,0.41406235098838806,0.41371020674705505,0.09473684210526315,1,"{""NumberOfOpenCreditLinesAndLoans"": 0.05263157894736842}",0.41371020674705505,False
xcreditscore_lattice,18859,False,infeasible,near_threshold,gurobi:Optimal|refined_3,gurobi,0.3433268964290619,0.34321677684783936,0.04421052631578988,1,"{""NumberOfOpenCreditLinesAndLoans"": 0.024561403508772103}",0.34321677684783936,False
xcreditscore_lattice,18909,False,infeasible,high_risk,gurobi:Infeasible|refined_3,gurobi,0.48263272643089294,0.48259425163269043,0.0536842105263158,1,"{""NumberOfOpenCreditLinesAndLoans"": -0.02982456140350878}",0.48259425163269043,False
xcreditscore_lattice,18937,False,infeasible,moderate_risk,gurobi:Optimal,gurobi,0.3588501513004303,0.3588501513004303,3.747002708109903e-16,0,{},0.3588501513004303,False
xcreditscore_lattice,19013,False,infeasible,near_threshold,gurobi:Optimal|refined_4,gurobi,0.3245585262775421,0.32450488209724426,0.0852631578947363,1,"{""NumberOfOpenCreditLinesAndLoans"": -0.04736842105263128}",0.32450488209724426,False
xcreditscore_lattice,19045,False,infeasible,moderate_risk,gurobi:Optimal|refined_9,gurobi,0.3687343895435333,0.36828285455703735,0.13894736842105262,1,"{""NumberOfOpenCreditLinesAndLoans"": 0.07719298245614035}",0.36828285455703735,False
xcreditscore_lattice,19052,False,infeasible,moderate_risk,gurobi:Optimal|refined_3,gurobi,0.3831522762775421,0.38303685188293457,0.04421052631578978,1,"{""NumberOfOpenCreditLinesAndLoans"": 0.024561403508772103}",0.38303685188293457,False
xcreditscore_lattice,19120,False,infeasible,high_risk,gurobi:Infeasible|refined_6,gurobi,0.40088915824890137,0.4005405604839325,0.09473684210526315,1,"{""NumberOfOpenCreditLinesAndLoans"": 0.05263157894736842}",0.4005405604839325,False
xcreditscore_lattice,19121,False,infeasible,moderate_risk,gurobi:Optimal|refined_5,gurobi,0.3842155635356903,0.38398978114128113,0.08210526315789503,1,"{""NumberOfOpenCreditLinesAndLoans"": 0.04561403508771947}",0.38398978114128113,False
xcreditscore_lattice,19136,False,infeasible,very_high_risk,gurobi:Infeasible|refined_10,gurobi,0.8362774848937988,0.8014562726020813,0.3126315789473685,1,"{""NumberOfOpenCreditLinesAndLoans"": -0.17368421052631583}",0.8014562726020813,False
xcreditscore_lattice,19185,False,infeasible,high_risk,gurobi:Infeasible,gurobi,0.46402689814567566,0.46402689814567566,0.0,0,{},0.46402689814567566,False
xcreditscore_lattice,19231,False,infeasible,very_high_risk,gurobi:Infeasible|refined_5,gurobi,0.7609033584594727,0.7607296705245972,0.08210526315789474,1,"{""NumberOfOpenCreditLinesAndLoans"": 0.0456140350877193}",0.7607296705245972,False
xcreditscore_lattice,19437,False,near_feasible,near_threshold,gurobi:Optimal|refined_5,gurobi,0.3193434476852417,0.3192685544490814,0.11999999999999947,1,"{""NumberOfOpenCreditLinesAndLoans"": -0.06666666666666637}",0.3192685544490814,False
xcreditscore_lattice,19484,False,infeasible,high_risk,gurobi:Optimal|refined_19,gurobi,0.4175827205181122,0.4167569875717163,0.47113390837897795,2,"{""NumberOfOpenCreditLinesAndLoans"": -0.1543859649122808, ""NumberOfDependents"": -0.053677547649131276}",0.4167569875717163,False
xcreditscore_lattice,19522,False,infeasible,moderate_risk,gurobi:Optimal|refined_3,gurobi,0.3515285849571228,0.3514172434806824,0.04421052631578978,1,"{""NumberOfOpenCreditLinesAndLoans"": 0.024561403508772103}",0.3514172434806824,False
xcreditscore_lattice,19560,False,infeasible,near_threshold,gurobi:Optimal|refined_6,gurobi,0.348147451877594,0.3478180766105652,0.09473684210526337,1,"{""NumberOfOpenCreditLinesAndLoans"": 0.05263157894736854}",0.3478180766105652,False
xcreditscore_lattice,19573,False,infeasible,very_high_risk,gurobi:Infeasible|refined_3,gurobi,0.8927420973777771,0.8926953077316284,0.04421052631578946,1,"{""NumberOfOpenCreditLinesAndLoans"": 0.024561403508771923}",0.8926953077316284,False
xcreditscore_lattice,19590,False,infeasible,moderate_risk,gurobi:Infeasible|refined_6,gurobi,0.35637447237968445,0.3562471270561218,0.15789473684210523,1,"{""NumberOfOpenCreditLinesAndLoans"": -0.08771929824561403}",0.3562471270561218,False
xcreditscore_lattice,19622,False,infeasible,moderate_risk,gurobi:Optimal|refined_6,gurobi,0.3653201758861542,0.3651914894580841,0.15789473684210484,1,"{""NumberOfOpenCreditLinesAndLoans"": -0.08771929824561375}",0.3651914894580841,False
xcreditscore_lattice,19655,False,infeasible,very_high_risk,gurobi:Optimal|refined_5,gurobi,0.6130790114402771,0.6128525733947754,0.08210526315789503,1,"{""NumberOfOpenCreditLinesAndLoans"": 0.04561403508771947}",0.6128525733947754,False
xcreditscore_lattice,19734,False,infeasible,moderate_risk,gurobi:Infeasible|refined_3,gurobi,0.3797065019607544,0.3796702027320862,0.0536842105263158,1,"{""NumberOfOpenCreditLinesAndLoans"": -0.02982456140350878}",0.3796702027320862,False
xcreditscore_lattice,19775,False,infeasible,moderate_risk,gurobi:Optimal|refined_5,gurobi,0.3887569010257721,0.38872775435447693,0.04265809576267115,1,"{""NumberOfOpenCreditLinesAndLoans"": -0.023698942090372863}",0.38872775435447693,False
xcreditscore_lattice,19839,False,infeasible,moderate_risk,gurobi:Infeasible,gurobi,0.3821628987789154,0.3821628987789154,0.0,0,{},0.3821628987789154,False
xcreditscore_lattice,19861,False,infeasible,moderate_risk,gurobi:Infeasible|refined_4,gurobi,0.3564754128456116,0.35641929507255554,0.0852631578947368,1,"{""NumberOfOpenCreditLinesAndLoans"": -0.04736842105263156}",0.35641929507255554,False
xcreditscore_lattice,19883,False,infeasible,moderate_risk,gurobi:Optimal,gurobi,0.3682838976383209,0.3682838976383209,3.747002708109903e-16,0,{},0.3682838976383209,False
xcreditscore_lattice,19951,False,infeasible,high_risk,gurobi:Infeasible|refined_9,gurobi,0.4137660562992096,0.41338154673576355,0.2778947368421053,1,"{""NumberOfOpenCreditLinesAndLoans"": -0.15438596491228074}",0.41338154673576355,False
xcreditscore_lattice,19965,False,infeasible,very_high_risk,gurobi:Infeasible|refined_3,gurobi,0.8438767790794373,0.8438124060630798,0.04421052631578946,1,"{""NumberOfOpenCreditLinesAndLoans"": 0.024561403508771923}",0.8438124060630798,False
xcreditscore_lattice,19987,False,infeasible,very_high_risk,gurobi:Infeasible,gurobi,0.8880413770675659,0.8880413770675659,0.0,0,{},0.8880413770675659,False
xcreditscore_lattice,20000,False,infeasible,high_risk,gurobi:Infeasible|refined_4,gurobi,0.4488421678543091,0.4487816393375397,0.0852631578947368,1,"{""NumberOfOpenCreditLinesAndLoans"": -0.04736842105263156}",0.4487816393375397,False
xcreditscore_lattice,20026,False,infeasible,very_high_risk,gurobi:Optimal|refined_3,gurobi,0.7175145745277405,0.7174155116081238,0.04421052631578978,1,"{""NumberOfOpenCreditLinesAndLoans"": 0.024561403508772103}",0.7174155116081238,False
xcreditscore_lattice,20032,False,near_feasible,near_threshold,gurobi:Optimal|refined_9,gurobi,0.3196943998336792,0.319272518157959,0.13894736842105262,1,"{""NumberOfOpenCreditLinesAndLoans"": 0.07719298245614035}",0.319272518157959,False
xcreditscore_lattice,20056,False,infeasible,moderate_risk,gurobi:Optimal|refined_9,gurobi,0.3687343895435333,0.36828285455703735,0.13894736842105262,1,"{""NumberOfOpenCreditLinesAndLoans"": 0.07719298245614035}",0.36828285455703735,False
xcreditscore_lattice,20192,False,infeasible,very_high_risk,gurobi:Infeasible|refined_6,gurobi,0.5249618887901306,0.4996253252029419,0.16578947368421051,1,"{""NumberOfOpenCreditLinesAndLoans"": -0.09210526315789475}",0.4996253252029419,False
xcreditscore_lattice,20201,False,infeasible,very_high_risk,gurobi:Infeasible|refined_7,gurobi,0.8158561587333679,0.8156946301460266,0.20842105263157898,1,"{""NumberOfOpenCreditLinesAndLoans"": -0.11578947368421055}",0.8156946301460266,False
xcreditscore_lattice,20368,False,infeasible,near_threshold,gurobi:Optimal|refined_6,gurobi,0.345296174287796,0.3449680209159851,0.09473684210526337,1,"{""NumberOfOpenCreditLinesAndLoans"": 0.05263157894736854}",0.3449680209159851,False
xcreditscore_lattice,20416,False,infeasible,high_risk,gurobi:Infeasible|refined_9,gurobi,0.4843563437461853,0.4838716983795166,0.13894736842105262,1,"{""NumberOfOpenCreditLinesAndLoans"": 0.07719298245614035}",0.4838716983795166,False
xcreditscore_lattice,20424,False,infeasible,high_risk,gurobi:Infeasible|refined_9,gurobi,0.4364835321903229,0.4360062777996063,0.13894736842105262,1,"{""NumberOfOpenCreditLinesAndLoans"": 0.07719298245614035}",0.4360062777996063,False
xcreditscore_lattice,20436,False,infeasible,very_high_risk,gurobi:Infeasible|refined_9,gurobi,0.7968661189079285,0.7965518236160278,0.13894736842105262,1,"{""NumberOfOpenCreditLinesAndLoans"": 0.07719298245614035}",0.7965518236160278,False
xcreditscore_lattice,20482,False,infeasible,very_high_risk,gurobi:Infeasible|refined_8,gurobi,0.7499768733978271,0.7497252821922302,0.24315789473684213,1,"{""NumberOfOpenCreditLinesAndLoans"": -0.13508771929824565}",0.7497252821922302,False
xcreditscore_lattice,20515,False,near_feasible,near_threshold,gurobi:Infeasible|refined_8,gurobi,0.34759870171546936,0.3114444613456726,0.24315789473684213,1,"{""NumberOfOpenCreditLinesAndLoans"": -0.13508771929824565}",0.3114444613456726,False
xcreditscore_lattice,20585,False,infeasible,very_high_risk,gurobi:Infeasible|refined_6,gurobi,0.8475369215011597,0.8474353551864624,0.16578947368421051,1,"{""NumberOfOpenCreditLinesAndLoans"": -0.09210526315789475}",0.8474353551864624,False
xcreditscore_lattice,20587,False,near_feasible,near_threshold,gurobi:Optimal|refined_5,gurobi,0.3141216039657593,0.3046191334724426,0.12000000000000081,1,"{""NumberOfOpenCreditLinesAndLoans"": -0.06666666666666665}",0.3046191334724426,False
xcreditscore_lattice,20591,False,infeasible,moderate_risk,gurobi:Optimal|refined_8,gurobi,0.36614304780960083,0.3658318817615509,0.2431578947368416,1,"{""NumberOfOpenCreditLinesAndLoans"": -0.13508771929824528}",0.3658318817615509,False
xcreditscore_lattice,20621,False,infeasible,high_risk,gurobi:Infeasible|refined_9,gurobi,0.4649085998535156,0.4644259512424469,0.13894736842105262,1,"{""NumberOfOpenCreditLinesAndLoans"": 0.07719298245614035}",0.4644259512424469,False
xcreditscore_lattice,20647,False,infeasible,very_high_risk,gurobi:Infeasible|refined_3,gurobi,0.7638540863990784,0.763765811920166,0.04421052631578946,1,"{""NumberOfOpenCreditLinesAndLoans"": 0.024561403508771923}",0.763765811920166,False
xcreditscore_lattice,20659,False,infeasible,moderate_risk,gurobi:Optimal|refined_6,gurobi,0.3848244845867157,0.38469308614730835,0.15789473684210523,1,"{""NumberOfOpenCreditLinesAndLoans"": -0.08771929824561403}",0.38469308614730835,False
xcreditscore_lattice,20660,False,infeasible,very_high_risk,gurobi:Optimal|refined_2,gurobi,0.6864629983901978,0.6864473819732666,0.025263157894736567,1,"{""NumberOfOpenCreditLinesAndLoans"": -0.01403508771929804}",0.6864473819732666,False
xcreditscore_lattice,20665,False,near_feasible,near_threshold,gurobi:Infeasible|refined_6,gurobi,0.3021462559700012,0.30202925205230713,0.15789473684210523,1,"{""NumberOfOpenCreditLinesAndLoans"": -0.08771929824561403}",0.30202925205230713,False
xcreditscore_lattice,20670,False,infeasible,very_high_risk,gurobi:Optimal,gurobi,0.6128494143486023,0.6128494143486023,3.747002708109903e-16,0,{},0.6128494143486023,False
xcreditscore_lattice,20671,False,infeasible,high_risk,gurobi:Infeasible|refined_3,gurobi,0.4324891269207001,0.4324513077735901,0.0536842105263158,1,"{""NumberOfOpenCreditLinesAndLoans"": -0.02982456140350878}",0.4324513077735901,False
xcreditscore_lattice,20700,False,infeasible,high_risk,gurobi:Infeasible|refined_6,gurobi,0.4260464608669281,0.4259106516838074,0.15789473684210523,1,"{""NumberOfOpenCreditLinesAndLoans"": -0.08771929824561403}",0.4259106516838074,False
xcreditscore_lattice,20706,True,feasible,near_threshold,gurobi:Infeasible|refined_1,gurobi,0.30074241757392883,0.2977851331233978,0.03473684210526316,1,"{""NumberOfOpenCreditLinesAndLoans"": -0.019298245614035092}",0.2977851331233978,True
xcreditscore_lattice,20708,False,near_feasible,near_threshold,gurobi:Infeasible|refined_6,gurobi,0.3010595440864563,0.30094271898269653,0.15789473684210523,1,"{""NumberOfOpenCreditLinesAndLoans"": -0.08771929824561403}",0.30094271898269653,False
xcreditscore_lattice,20717,False,infeasible,moderate_risk,gurobi:Infeasible|refined_6,gurobi,0.3502033054828644,0.3500770032405853,0.15789473684210523,1,"{""NumberOfOpenCreditLinesAndLoans"": -0.08771929824561403}",0.3500770032405853,False
xcreditscore_lattice,20772,True,feasible,near_threshold,gurobi:Optimal|refined_6,gurobi,0.31750205159187317,0.2999342679977417,0.2084210526315795,1,"{""NumberOfOpenCreditLinesAndLoans"": -0.11578947368421055}",0.2999342679977417,True
xcreditscore_lattice,20788,False,infeasible,very_high_risk,gurobi:Infeasible|refined_5,gurobi,0.8601199984550476,0.8600785732269287,0.11999999999999997,1,"{""NumberOfOpenCreditLinesAndLoans"": -0.06666666666666665}",0.8600785732269287,False
xcreditscore_lattice,20826,False,infeasible,very_high_risk,gurobi:Infeasible|refined_9,gurobi,0.762218713760376,0.7619314193725586,0.2778947368421053,1,"{""NumberOfOpenCreditLinesAndLoans"": -0.15438596491228074}",0.7619314193725586,False
xcreditscore_lattice,20843,False,infeasible,high_risk,gurobi:Optimal|refined_5,gurobi,0.4031137228012085,0.4028841257095337,0.08210526315789503,1,"{""NumberOfOpenCreditLinesAndLoans"": 0.04561403508771947}",0.4028841257095337,False
xcreditscore_lattice,20875,False,infeasible,high_risk,gurobi:Infeasible|refined_4,gurobi,0.4994693398475647,0.49940818548202515,0.0852631578947368,1,"{""NumberOfOpenCreditLinesAndLoans"": -0.04736842105263156}",0.49940818548202515,False
xcreditscore_lattice,20955,False,infeasible,near_threshold,gurobi:Optimal|refined_5,gurobi,0.324953556060791,0.32474425435066223,0.08210526315789503,1,"{""NumberOfOpenCreditLinesAndLoans"": 0.04561403508771947}",0.32474425435066223,False
xcreditscore_lattice,20987,False,infeasible,moderate_risk,gurobi:Optimal|refined_6,gurobi,0.3529953956604004,0.35266390442848206,0.09473684210526337,1,"{""NumberOfOpenCreditLinesAndLoans"": 0.05263157894736854}",0.35266390442848206,False
xcreditscore_lattice,21114,False,infeasible,very_high_risk,gurobi:Infeasible|refined_4,gurobi,0.5508179068565369,0.5507573485374451,0.0852631578947368,1,"{""NumberOfOpenCreditLinesAndLoans"": -0.04736842105263156}",0.5507573485374451,False
xcreditscore_lattice,21139,False,infeasible,high_risk,gurobi:Infeasible|refined_3,gurobi,0.48327207565307617,0.48323360085487366,0.0536842105263158,1,"{""NumberOfOpenCreditLinesAndLoans"": -0.02982456140350878}",0.48323360085487366,False
xcreditscore_lattice,21145,False,infeasible,near_threshold,gurobi:Optimal|refined_5,gurobi,0.3311704397201538,0.3309590816497803,0.08210526315789513,1,"{""NumberOfOpenCreditLinesAndLoans"": 0.04561403508771947}",0.3309590816497803,False
xcreditscore_lattice,21146,False,infeasible,moderate_risk,gurobi:Infeasible|refined_9,gurobi,0.39946314692497253,0.3990829288959503,0.2778947368421053,1,"{""NumberOfOpenCreditLinesAndLoans"": -0.15438596491228074}",0.3990829288959503,False
xcreditscore_lattice,21304,False,infeasible,high_risk,gurobi:Optimal|refined_16,gurobi,0.41681867837905884,0.4167636036872864,0.41422521858369327,2,"{""MonthlyIncome"": 0.026822228013011262, ""NumberOfOpenCreditLinesAndLoans"": -0.04385964912280693}",0.4167636036872864,False
xcreditscore_lattice,21365,False,infeasible,moderate_risk,gurobi:Optimal|refined_8,gurobi,0.3783726692199707,0.33858147263526917,0.243157894736843,1,"{""NumberOfOpenCreditLinesAndLoans"": -0.13508771929824565}",0.33858147263526917,False
xcreditscore_lattice,21407,False,infeasible,very_high_risk,gurobi:Infeasible|refined_5,gurobi,0.7793598175048828,0.7791956663131714,0.08210526315789474,1,"{""NumberOfOpenCreditLinesAndLoans"": 0.0456140350877193}",0.7791956663131714,False
xcreditscore_lattice,21427,False,infeasible,very_high_risk,gurobi:Infeasible|refined_3,gurobi,0.8783117532730103,0.8782952427864075,0.0536842105263158,1,"{""NumberOfOpenCreditLinesAndLoans"": -0.02982456140350878}",0.8782952427864075,False
xcreditscore_lattice,21454,False,infeasible,high_risk,gurobi:Optimal|refined_6,gurobi,0.42310839891433716,0.42275410890579224,0.09473684210526337,1,"{""NumberOfOpenCreditLinesAndLoans"": 0.05263157894736854}",0.42275410890579224,False
xcreditscore_lattice,21455,False,infeasible,very_high_risk,gurobi:Infeasible|refined_4,gurobi,0.7807086110115051,0.780666708946228,0.0852631578947368,1,"{""NumberOfOpenCreditLinesAndLoans"": -0.04736842105263156}",0.780666708946228,False
xcreditscore_lattice,21461,False,near_feasible,moderate_risk,gurobi:Optimal|refined_11,gurobi,0.36014047265052795,0.30247732996940613,0.3473684210526324,1,"{""NumberOfOpenCreditLinesAndLoans"": -0.19298245614035087}",0.30247732996940613,False
xcreditscore_lattice,21513,False,infeasible,near_threshold,gurobi:Optimal|refined_5,gurobi,0.3431476056575775,0.3429325222969055,0.08210526315789503,1,"{""NumberOfOpenCreditLinesAndLoans"": 0.04561403508771947}",0.3429325222969055,False
xcreditscore_lattice,21606,True,feasible,near_threshold,gurobi:Optimal,gurobi,0.34389495849609375,0.284982830286026,2.426452918396061,4,"{""MonthlyIncome"": 0.12090715248464447, ""NumberOfOpenCreditLinesAndLoans"": 0.19298245614035087, ""NumberRealEstateLoansOrLines"": -0.05660377358490566, ""NumberOfDependents"": -0.08333333333333333}",0.284982830286026,True
xcreditscore_lattice,21608,False,infeasible,high_risk,gurobi:Infeasible|refined_4,gurobi,0.48990726470947266,0.4898461401462555,0.0852631578947368,1,"{""NumberOfOpenCreditLinesAndLoans"": -0.04736842105263156}",0.4898461401462555,False
xcreditscore_lattice,21670,False,near_feasible,near_threshold,gurobi:Optimal|refined_5,gurobi,0.30974316596984863,0.30966952443122864,0.11999999999999947,1,"{""NumberOfOpenCreditLinesAndLoans"": -0.06666666666666637}",0.30966952443122864,False
xcreditscore_lattice,21748,False,infeasible,very_high_risk,gurobi:Optimal|refined_6,gurobi,0.5845862627029419,0.5842337012290955,0.09473684210526337,1,"{""NumberOfOpenCreditLinesAndLoans"": 0.05263157894736854}",0.5842337012290955,False
xcreditscore_lattice,21764,False,infeasible,near_threshold,gurobi:Optimal|refined_5,gurobi,0.3283255100250244,0.3282495439052582,0.11999999999999947,1,"{""NumberOfOpenCreditLinesAndLoans"": -0.06666666666666637}",0.3282495439052582,False
xcreditscore_lattice,21766,False,infeasible,high_risk,gurobi:Infeasible|refined_4,gurobi,0.4656577408313751,0.46559688448905945,0.0852631578947368,1,"{""NumberOfOpenCreditLinesAndLoans"": -0.04736842105263156}",0.46559688448905945,False
xcreditscore_lattice,21772,False,infeasible,very_high_risk,gurobi:Infeasible|refined_3,gurobi,0.8025089502334595,0.8024845123291016,0.0536842105263158,1,"{""NumberOfOpenCreditLinesAndLoans"": -0.02982456140350878}",0.8024845123291016,False
xcreditscore_lattice,21802,False,infeasible,very_high_risk,gurobi:Infeasible|refined_3,gurobi,0.7597443461418152,0.7596551775932312,0.04421052631578946,1,"{""NumberOfOpenCreditLinesAndLoans"": 0.024561403508771923}",0.7596551775932312,False
xcreditscore_lattice,21816,False,near_feasible,near_threshold,gurobi:Infeasible|refined_6,gurobi,0.3057962656021118,0.30562952160835266,0.16578947368421051,1,"{""NumberOfOpenCreditLinesAndLoans"": -0.09210526315789475}",0.30562952160835266,False
xcreditscore_lattice,21825,False,near_feasible,moderate_risk,gurobi:Infeasible|refined_10,gurobi,0.3524205982685089,0.30320924520492554,0.3126315789473685,1,"{""NumberOfOpenCreditLinesAndLoans"": -0.17368421052631583}",0.30320924520492554,False
xcreditscore_lattice,21836,False,infeasible,high_risk,gurobi:Infeasible|refined_5,gurobi,0.47278261184692383,0.47254472970962524,0.08210526315789474,1,"{""NumberOfOpenCreditLinesAndLoans"": 0.0456140350877193}",0.47254472970962524,False
xcreditscore_lattice,21857,False,infeasible,moderate_risk,gurobi:Optimal,gurobi,0.36858218908309937,0.36858218908309937,4.746203430272544e-16,0,{},0.36858218908309937,False
xcreditscore_lattice,21982,False,infeasible,high_risk,gurobi:Infeasible|refined_8,gurobi,0.4308335781097412,0.43050476908683777,0.24315789473684213,1,"{""NumberOfOpenCreditLinesAndLoans"": -0.13508771929824565}",0.43050476908683777,False
xcreditscore_lattice,22008,False,infeasible,high_risk,gurobi:Optimal|refined_3,gurobi,0.4154673218727112,0.41534867882728577,0.04421052631578978,1,"{""NumberOfOpenCreditLinesAndLoans"": 0.024561403508772103}",0.41534867882728577,False
xcreditscore_lattice,22020,False,infeasible,moderate_risk,gurobi:Optimal,gurobi,0.37361153960227966,0.37387320399284363,0.029795329584190067,1,"{""NumberRealEstateLoansOrLines"": -0.006299006572163696}",0.37387320399284363,False
xcreditscore_lattice,22109,False,infeasible,very_high_risk,gurobi:Infeasible|refined_4,gurobi,0.9042263031005859,0.9041445851325989,0.06157894736842104,1,"{""NumberOfOpenCreditLinesAndLoans"": 0.03421052631578947}",0.9041445851325989,False
xcreditscore_lattice,22125,False,infeasible,moderate_risk,gurobi:Optimal|refined_6,gurobi,0.3592912554740906,0.3589571416378021,0.09473684210526347,1,"{""NumberOfOpenCreditLinesAndLoans"": 0.05263157894736854}",0.3589571416378021,False
xcreditscore_lattice,22209,False,infeasible,very_high_risk,gurobi:Infeasible|refined_4,gurobi,0.8721684813499451,0.8721411824226379,0.0852631578947368,1,"{""NumberOfOpenCreditLinesAndLoans"": -0.04736842105263156}",0.8721411824226379,False
xcreditscore_lattice,22211,False,infeasible,moderate_risk,gurobi:Optimal|refined_6,gurobi,0.35513556003570557,0.3549557030200958,0.16578947368420993,1,"{""NumberOfOpenCreditLinesAndLoans"": -0.09210526315789441}",0.3549557030200958,False
xcreditscore_lattice,22235,False,infeasible,high_risk,gurobi:Optimal|refined_5,gurobi,0.4387527108192444,0.438667893409729,0.11999999999999947,1,"{""NumberOfOpenCreditLinesAndLoans"": -0.06666666666666637}",0.438667893409729,False
xcreditscore_lattice,22256,False,infeasible,moderate_risk,gurobi:Optimal|refined_4,gurobi,0.3598366379737854,0.35978034138679504,0.0852631578947364,1,"{""NumberOfOpenCreditLinesAndLoans"": -0.04736842105263128}",0.35978034138679504,False
xcreditscore_lattice,22312,False,infeasible,near_threshold,gurobi:Infeasible|refined_9,gurobi,0.33697354793548584,0.33661946654319763,0.2778947368421053,1,"{""NumberOfOpenCreditLinesAndLoans"": -0.15438596491228074}",0.33661946654319763,False
xcreditscore_lattice,22336,False,infeasible,near_threshold,gurobi:Infeasible|refined_9,gurobi,0.33803340792655945,0.33767879009246826,0.2778947368421053,1,"{""NumberOfOpenCreditLinesAndLoans"": -0.15438596491228074}",0.33767879009246826,False
xcreditscore_lattice,22388,False,infeasible,near_threshold,gurobi:Infeasible|refined_5,gurobi,0.3346152901649475,0.3345385789871216,0.11999999999999997,1,"{""NumberOfOpenCreditLinesAndLoans"": -0.06666666666666665}",0.3345385789871216,False
xcreditscore_lattice,22413,False,infeasible,high_risk,gurobi:Infeasible|refined_3,gurobi,0.43388718366622925,0.4337671995162964,0.04421052631578946,1,"{""NumberOfOpenCreditLinesAndLoans"": 0.024561403508771923}",0.4337671995162964,False
xcreditscore_lattice,22479,False,infeasible,very_high_risk,gurobi:Infeasible|refined_2,gurobi,0.8516780138015747,0.8516688346862793,0.02526315789473684,1,"{""NumberOfOpenCreditLinesAndLoans"": -0.014035087719298248}",0.8516688346862793,False
xcreditscore_lattice,22483,False,infeasible,very_high_risk,gurobi:Infeasible|refined_6,gurobi,0.818498432636261,0.818381667137146,0.16578947368421051,1,"{""NumberOfOpenCreditLinesAndLoans"": -0.09210526315789475}",0.818381667137146,False
xcreditscore_lattice,22493,False,infeasible,very_high_risk,gurobi:Infeasible|refined_11,gurobi,0.5702760219573975,0.5177865028381348,0.34736842105263155,1,"{""NumberOfOpenCreditLinesAndLoans"": -0.19298245614035087}",0.5177865028381348,False
monotone_xgboost,65,True,feasible,near_threshold,gurobi:Optimal,gurobi,0.11636539548635483,0.09088905155658722,1.4237009349886012,1,"{""MonthlyIncome"": 0.11389607479908809}",0.09088905155658722,True
monotone_xgboost,122,False,infeasible,very_high_risk,gurobi:Optimal|refined_2,gurobi,0.6645787954330444,0.5493471026420593,1.9309561474426935,3,"{""MonthlyIncome"": 0.13043877040833105, ""NumberOfOpenCreditLinesAndLoans"": 0.11734619643153582, ""NumberRealEstateLoansOrLines"": -0.018867924528301886}",0.5493471026420593,False
monotone_xgboost,196,False,infeasible,moderate_risk,gurobi:Optimal|refined_2,gurobi,0.355021595954895,0.3465992212295532,0.0268421052631574,1,"{""NumberOfOpenCreditLinesAndLoans"": -0.014912280701754113}",0.3465992212295532,False
monotone_xgboost,338,False,infeasible,very_high_risk,gurobi:Optimal|refined_2,gurobi,0.6998215913772583,0.5713725090026855,0.20198228070922586,2,"{""MonthlyIncome"": 0.014516477193580173, ""NumberOfOpenCreditLinesAndLoans"": -0.011403508771929825}",0.5713725090026855,False
monotone_xgboost,404,False,infeasible,very_high_risk,gurobi:Optimal,gurobi,0.600715696811676,0.4746607840061188,0.5953239188298282,1,"{""MonthlyIncome"": 0.04762591350638625}",0.4746607840061188,False
monotone_xgboost,405,False,infeasible,moderate_risk,gurobi:Infeasible,gurobi,0.3915964961051941,0.3915964961051941,0.0,0,{},0.3915964961051941,False
monotone_xgboost,452,False,near_feasible,high_risk,gurobi:Optimal,gurobi,0.42393606901168823,0.319951593875885,1.4278234211004004,1,"{""MonthlyIncome"": 0.11422587368803203}",0.319951593875885,False
monotone_xgboost,480,False,infeasible,very_high_risk,gurobi:Infeasible|refined_3,gurobi,0.7144195437431335,0.6502383351325989,0.06947368421052633,1,"{""NumberOfOpenCreditLinesAndLoans"": -0.038596491228070184}",0.6502383351325989,False
monotone_xgboost,522,True,feasible,near_threshold,gurobi:Infeasible,gurobi,0.13711382448673248,0.13711382448673248,0.0,0,{},0.13711382448673248,True
monotone_xgboost,537,True,feasible,near_threshold,gurobi:Infeasible,gurobi,0.2015717774629593,0.2015717774629593,0.0,0,{},0.2015717774629593,True
monotone_xgboost,588,False,infeasible,very_high_risk,gurobi:Infeasible,gurobi,0.8091824054718018,0.8091824054718018,0.0,0,{},0.8091824054718018,False
monotone_xgboost,594,False,infeasible,very_high_risk,gurobi:Infeasible,gurobi,0.697581946849823,0.697581946849823,0.0,0,{},0.697581946849823,False
monotone_xgboost,647,False,infeasible,very_high_risk,gurobi:Optimal,gurobi,0.7030526399612427,0.6578141450881958,1.086822198126027,1,"{""MonthlyIncome"": 0.08694577585008216}",0.6578141450881958,False
monotone_xgboost,662,True,feasible,near_threshold,gurobi:Infeasible,gurobi,0.2740902900695801,0.2740902900695801,0.0,0,{},0.2740902900695801,True
monotone_xgboost,670,False,infeasible,high_risk,gurobi:Infeasible|refined_2,gurobi,0.44409823417663574,0.4166531562805176,0.03157894736842105,1,"{""NumberOfOpenCreditLinesAndLoans"": 0.017543859649122806}",0.4166531562805176,False
monotone_xgboost,724,False,infeasible,high_risk,gurobi:Optimal|refined_3,gurobi,0.495558500289917,0.4665775001049042,0.04421052631578914,1,"{""NumberOfOpenCreditLinesAndLoans"": -0.024561403508771746}",0.4665775001049042,False
monotone_xgboost,734,False,infeasible,very_high_risk,gurobi:Infeasible|refined_2,gurobi,0.5792934894561768,0.45662492513656616,0.03473684210526316,1,"{""NumberOfOpenCreditLinesAndLoans"": -0.019298245614035092}",0.45662492513656616,False
monotone_xgboost,813,False,infeasible,very_high_risk,gurobi:Optimal,gurobi,0.5145915746688843,0.5145915746688843,6.494804694057165e-16,0,{},0.5145915746688843,False
monotone_xgboost,828,True,feasible,near_threshold,gurobi:Optimal,gurobi,0.267027884721756,0.21701839566230774,0.20874871110691598,1,"{""MonthlyIncome"": 0.01669989688855328}",0.21701839566230774,True
monotone_xgboost,841,True,feasible,moderate_risk,gurobi:Optimal|refined_1,gurobi,0.3513985872268677,0.2979285418987274,0.03473684210526402,1,"{""NumberOfOpenCreditLinesAndLoans"": 0.019298245614035092}",0.2979285418987274,True
monotone_xgboost,912,True,feasible,moderate_risk,gurobi:Optimal,gurobi,0.3730963170528412,0.27033621072769165,1.3733889432731752,2,"{""MonthlyIncome"": 0.09559137725996743, ""NumberRealEstateLoansOrLines"": -0.03773584905660378}",0.27033621072769165,True
monotone_xgboost,1024,False,infeasible,very_high_risk,gurobi:Optimal,gurobi,0.8576372861862183,0.7033686637878418,1.265576748197436,1,"{""MonthlyIncome"": 0.10124613985579488}",0.7033686637878418,False
monotone_xgboost,1047,False,infeasible,very_high_risk,gurobi:Infeasible|refined_2,gurobi,0.8052884936332703,0.7810466885566711,0.029999999999999992,1,"{""NumberOfOpenCreditLinesAndLoans"": -0.016666666666666663}",0.7810466885566711,False
monotone_xgboost,1052,False,infeasible,very_high_risk,gurobi:Infeasible|refined_2,gurobi,0.5385794043540955,0.506449282169342,0.028421052631578934,1,"{""NumberOfOpenCreditLinesAndLoans"": -0.01578947368421052}",0.506449282169342,False
monotone_xgboost,1088,True,feasible,near_threshold,gurobi:Optimal,gurobi,0.12177595496177673,0.12177595496177673,2.9976021664879224e-16,0,{},0.12177595496177673,True
monotone_xgboost,1111,False,infeasible,very_high_risk,gurobi:Infeasible,gurobi,0.7360780239105225,0.7360780239105225,0.0,0,{},0.7360780239105225,False
monotone_xgboost,1153,False,infeasible,very_high_risk,gurobi:Infeasible|refined_3,gurobi,0.674156129360199,0.6053723096847534,0.06947368421052633,1,"{""NumberOfOpenCreditLinesAndLoans"": -0.038596491228070184}",0.6053723096847534,False
monotone_xgboost,1192,False,infeasible,very_high_risk,gurobi:Infeasible,gurobi,0.895624041557312,0.895624041557312,0.0,0,{},0.895624041557312,False
monotone_xgboost,1227,False,infeasible,very_high_risk,gurobi:Optimal|refined_4,gurobi,0.7117405533790588,0.4978301227092743,0.6573278507242766,2,"{""MonthlyIncome"": 0.047280964900047386, ""NumberOfOpenCreditLinesAndLoans"": -0.03684210526315789}",0.4978301227092743,False
monotone_xgboost,1270,False,infeasible,very_high_risk,gurobi:Optimal,gurobi,0.7244267463684082,0.7244267463684082,0.0,0,{},0.7244267463684082,False
monotone_xgboost,1275,False,infeasible,very_high_risk,gurobi:Infeasible|refined_3,gurobi,0.8807118535041809,0.8237648010253906,0.06947368421052633,1,"{""NumberOfOpenCreditLinesAndLoans"": -0.038596491228070184}",0.8237648010253906,False
monotone_xgboost,1295,False,infeasible,very_high_risk,gurobi:Infeasible|refined_3,gurobi,0.6524840593338013,0.6356443166732788,0.04105263157894737,1,"{""NumberOfOpenCreditLinesAndLoans"": -0.02280701754385965}",0.6356443166732788,False
monotone_xgboost,1304,False,infeasible,very_high_risk,gurobi:Optimal,gurobi,0.5176239609718323,0.41494011878967285,1.7396250968197717,2,"{""MonthlyIncome"": 0.13043877040833105, ""NumberOfOpenCreditLinesAndLoans"": 0.06063359261979656}",0.41494011878967285,False
monotone_xgboost,1320,False,infeasible,moderate_risk,gurobi:Optimal|refined_2,gurobi,0.3630484938621521,0.32305434346199036,0.034736842105263815,1,"{""NumberOfOpenCreditLinesAndLoans"": 0.019298245614035453}",0.32305434346199036,False
monotone_xgboost,1339,False,infeasible,very_high_risk,gurobi:Infeasible,gurobi,0.7478029131889343,0.7478029131889343,0.0,0,{},0.7478029131889343,False
monotone_xgboost,1360,False,infeasible,very_high_risk,gurobi:Optimal,gurobi,0.5356475710868835,0.5356475710868835,0.0,0,{},0.5356475710868835,False
monotone_xgboost,1430,True,feasible,near_threshold,gurobi:Optimal,gurobi,0.33576738834381104,0.2860764265060425,1.3315116787444263,1,"{""MonthlyIncome"": 0.10652093429955412}",0.2860764265060425,True
monotone_xgboost,1435,False,infeasible,very_high_risk,gurobi:Optimal,gurobi,0.6175426840782166,0.6175426840782166,0.0,0,{},0.6175426840782166,False
monotone_xgboost,1500,False,infeasible,very_high_risk,gurobi:Infeasible|refined_3,gurobi,0.8111919164657593,0.7245715856552124,0.06947368421052633,1,"{""NumberOfOpenCreditLinesAndLoans"": -0.038596491228070184}",0.7245715856552124,False
monotone_xgboost,1561,False,infeasible,high_risk,gurobi:Optimal,gurobi,0.45141077041625977,0.45141077041625977,0.0,0,{},0.45141077041625977,False
monotone_xgboost,1598,True,feasible,near_threshold,gurobi:Optimal,gurobi,0.12447793781757355,0.12447793781757355,7.220862251622916e-16,0,{},0.12447793781757355,True
monotone_xgboost,1622,False,infeasible,very_high_risk,gurobi:Optimal|refined_2,gurobi,0.7503253817558289,0.45318442583084106,0.1295822308587692,2,"{""MonthlyIncome"": 0.007587631100280483, ""NumberOfOpenCreditLinesAndLoans"": -0.019298245614035092}",0.45318442583084106,False
monotone_xgboost,1712,True,feasible,near_threshold,gurobi:Optimal,gurobi,0.10580190271139145,0.10403551161289215,1.2752961741281974,1,"{""MonthlyIncome"": 0.10202369393025579}",0.10403551161289215,True
monotone_xgboost,1751,True,feasible,near_threshold,gurobi:Infeasible,gurobi,0.26254650950431824,0.26254650950431824,0.0,0,{},0.26254650950431824,True
monotone_xgboost,1752,False,infeasible,very_high_risk,gurobi:Optimal,gurobi,0.7710450291633606,0.6774771809577942,1.4427733219434993,1,"{""MonthlyIncome"": 0.11542186575547994}",0.6774771809577942,False
monotone_xgboost,1878,False,infeasible,very_high_risk,gurobi:Infeasible|refined_2,gurobi,0.8138014674186707,0.800935685634613,0.029999999999999992,1,"{""NumberOfOpenCreditLinesAndLoans"": -0.016666666666666663}",0.800935685634613,False
monotone_xgboost,1905,True,feasible,near_threshold,gurobi:Optimal,gurobi,0.29134905338287354,0.29134905338287354,0.0,0,{},0.29134905338287354,True
monotone_xgboost,1966,False,infeasible,very_high_risk,gurobi:Infeasible,gurobi,0.5429755449295044,0.5429755449295044,0.0,0,{},0.5429755449295044,False
monotone_xgboost,1987,True,feasible,near_threshold,gurobi:Optimal,gurobi,0.13120023906230927,0.13120023906230927,0.0,0,{},0.13120023906230927,True
monotone_xgboost,2090,False,infeasible,very_high_risk,gurobi:Infeasible|refined_2,gurobi,0.7741789817810059,0.7455834150314331,0.03315789473684211,1,"{""NumberOfOpenCreditLinesAndLoans"": -0.01842105263157895}",0.7455834150314331,False
monotone_xgboost,2101,False,infeasible,very_high_risk,gurobi:Optimal|refined_2,gurobi,0.6999598145484924,0.6042721271514893,1.0735065993031903,2,"{""MonthlyIncome"": 0.08436473847057102, ""NumberOfOpenCreditLinesAndLoans"": -0.010526315789473684}",0.6042721271514893,False
monotone_xgboost,2142,True,feasible,near_threshold,gurobi:Optimal,gurobi,0.1172066330909729,0.07858161628246307,0.6289020507219766,1,"{""MonthlyIncome"": 0.050312164057758124}",0.07858161628246307,True
monotone_xgboost,2161,True,feasible,near_threshold,gurobi:Optimal,gurobi,0.18937011063098907,0.2119811773300171,1.14137166502124,2,"{""MonthlyIncome"": 0.06989012589886932, ""NumberRealEstateLoansOrLines"": -0.05660377358490566}",0.2119811773300171,True
monotone_xgboost,2237,False,near_feasible,near_threshold,gurobi:Infeasible|refined_2,gurobi,0.3411122262477875,0.31272056698799133,0.02210526315789473,1,"{""NumberOfOpenCreditLinesAndLoans"": -0.012280701754385961}",0.31272056698799133,False
monotone_xgboost,2254,False,infeasible,moderate_risk,gurobi:Optimal,gurobi,0.38976413011550903,0.38976413011550903,2.310651670001107e-16,0,{},0.38976413011550903,False
monotone_xgboost,2313,False,infeasible,very_high_risk,gurobi:Infeasible,gurobi,0.7289025783538818,0.7289025783538818,0.0,0,{},0.7289025783538818,False
monotone_xgboost,2428,False,infeasible,very_high_risk,gurobi:Infeasible|refined_2,gurobi,0.6509130001068115,0.628859281539917,0.03473684210526316,1,"{""NumberOfOpenCreditLinesAndLoans"": 0.019298245614035092}",0.628859281539917,False
monotone_xgboost,2467,False,infeasible,very_high_risk,gurobi:Optimal|refined_2,gurobi,0.5217340588569641,0.471488893032074,0.029999999999999492,1,"{""NumberOfOpenCreditLinesAndLoans"": -0.016666666666666385}",0.471488893032074,False
monotone_xgboost,2480,True,feasible,near_threshold,gurobi:Optimal,gurobi,0.05947229266166687,0.05947229266166687,4.996003610813204e-16,0,{},0.05947229266166687,True
monotone_xgboost,2481,True,feasible,near_threshold,gurobi:Infeasible,gurobi,0.16521815955638885,0.16521815955638885,0.0,0,{},0.16521815955638885,True
monotone_xgboost,2566,False,infeasible,very_high_risk,gurobi:Optimal|refined_3,gurobi,0.6142489314079285,0.47340768575668335,0.6521258336135045,2,"{""MonthlyIncome"": 0.04812796142592247, ""NumberOfOpenCreditLinesAndLoans"": -0.028070175438596495}",0.47340768575668335,False
monotone_xgboost,2648,False,infeasible,high_risk,gurobi:Infeasible,gurobi,0.4673278033733368,0.4673278033733368,0.0,0,{},0.4673278033733368,False
monotone_xgboost,2661,False,infeasible,very_high_risk,gurobi:Optimal,gurobi,0.5296657085418701,0.5296657085418701,4.996003610813204e-16,0,{},0.5296657085418701,False
monotone_xgboost,2690,False,infeasible,high_risk,gurobi:Optimal,gurobi,0.48678210377693176,0.4561857283115387,0.8898779857449338,1,"{""MonthlyIncome"": 0.0711902388595947}",0.4561857283115387,False
monotone_xgboost,2758,False,infeasible,very_high_risk,gurobi:Infeasible,gurobi,0.6504839062690735,0.6504839062690735,0.0,0,{},0.6504839062690735,False
monotone_xgboost,2804,True,feasible,near_threshold,gurobi:Optimal,gurobi,0.03863121196627617,0.03863121196627617,3.747002708109903e-16,0,{},0.03863121196627617,True
monotone_xgboost,2824,False,infeasible,very_high_risk,gurobi:Infeasible,gurobi,0.763425350189209,0.763425350189209,0.0,0,{},0.763425350189209,False
monotone_xgboost,2898,False,infeasible,very_high_risk,gurobi:Optimal|refined_2,gurobi,0.7231571078300476,0.6024671792984009,0.1110043665340607,2,"{""MonthlyIncome"": 0.006480349322724858, ""NumberOfOpenCreditLinesAndLoans"": -0.016666666666666663}",0.6024671792984009,False
monotone_xgboost,2934,False,infeasible,very_high_risk,gurobi:Infeasible,gurobi,0.9310375452041626,0.9310375452041626,0.0,0,{},0.9310375452041626,False
monotone_xgboost,2953,True,feasible,high_risk,gurobi:Infeasible|refined_2,gurobi,0.4852451682090759,0.25430992245674133,0.06947368421052633,1,"{""NumberOfOpenCreditLinesAndLoans"": -0.038596491228070184}",0.25430992245674133,True
monotone_xgboost,3009,False,infeasible,very_high_risk,gurobi:Infeasible,gurobi,0.6329174637794495,0.6329174637794495,0.0,0,{},0.6329174637794495,False
monotone_xgboost,3061,False,infeasible,very_high_risk,gurobi:Infeasible,gurobi,0.8379672765731812,0.8379672765731812,0.0,0,{},0.8379672765731812,False
monotone_xgboost,3138,False,infeasible,very_high_risk,gurobi:Infeasible,gurobi,0.7124056220054626,0.7124056220054626,0.0,0,{},0.7124056220054626,False
monotone_xgboost,3168,True,feasible,near_threshold,gurobi:Optimal,gurobi,0.2922353148460388,0.2299855798482895,1.3985839656068277,1,"{""MonthlyIncome"": 0.11188671724854622}",0.2299855798482895,True
monotone_xgboost,3322,False,infeasible,very_high_risk,gurobi:Infeasible|refined_2,gurobi,0.7418069243431091,0.7341634631156921,0.020526315789473684,1,"{""NumberOfOpenCreditLinesAndLoans"": -0.011403508771929825}",0.7341634631156921,False
monotone_xgboost,3347,False,infeasible,high_risk,gurobi:Optimal|refined_2,gurobi,0.45950236916542053,0.45093488693237305,0.025263157894736467,1,"{""NumberOfOpenCreditLinesAndLoans"": -0.01403508771929804}",0.45093488693237305,False
monotone_xgboost,3473,False,infeasible,very_high_risk,gurobi:Optimal,gurobi,0.5828313231468201,0.5063775777816772,1.5389166902562212,1,"{""MonthlyIncome"": 0.12311333522049771}",0.5063775777816772,False
monotone_xgboost,3540,False,infeasible,very_high_risk,gurobi:Infeasible,gurobi,0.8994013071060181,0.8994013071060181,0.0,0,{},0.8994013071060181,False
monotone_xgboost,3612,False,infeasible,very_high_risk,gurobi:Infeasible,gurobi,0.6640808582305908,0.6640808582305908,0.0,0,{},0.6640808582305908,False
monotone_xgboost,3621,False,infeasible,very_high_risk,gurobi:Infeasible|refined_4,gurobi,0.948180079460144,0.9166421890258789,0.10421052631578949,1,"{""NumberOfOpenCreditLinesAndLoans"": -0.05789473684210528}",0.9166421890258789,False
monotone_xgboost,3697,False,infeasible,very_high_risk,gurobi:Infeasible|refined_2,gurobi,0.9101669192314148,0.8694725632667542,0.03157894736842105,1,"{""NumberOfOpenCreditLinesAndLoans"": 0.017543859649122806}",0.8694725632667542,False
monotone_xgboost,3723,False,infeasible,very_high_risk,gurobi:Optimal|refined_2,gurobi,0.80417799949646,0.6807916164398193,1.6483123001803575,2,"{""MonthlyIncome"": 0.1303491945407444, ""NumberOfOpenCreditLinesAndLoans"": -0.010526315789473684}",0.6807916164398193,False
monotone_xgboost,3779,True,feasible,near_threshold,gurobi:Optimal,gurobi,0.08705943077802658,0.08705943077802658,3.747002708109903e-16,0,{},0.08705943077802658,True
monotone_xgboost,3929,True,feasible,near_threshold,gurobi:Optimal,gurobi,0.24397020041942596,0.24397020041942596,7.494005416219807e-16,0,{},0.24397020041942596,True
monotone_xgboost,3991,False,infeasible,very_high_risk,gurobi:Optimal,gurobi,0.6643630862236023,0.488895058631897,0.7186650121549913,2,"{""MonthlyIncome"": 0.04321346277051272, ""NumberRealEstateLoansOrLines"": -0.03773584905660378}",0.488895058631897,False
monotone_xgboost,4001,False,infeasible,very_high_risk,gurobi:Infeasible,gurobi,0.5859098434448242,0.5859098434448242,0.0,0,{},0.5859098434448242,False
monotone_xgboost,4020,False,infeasible,very_high_risk,gurobi:Infeasible|refined_2,gurobi,0.6667051315307617,0.6344610452651978,0.03473684210526316,1,"{""NumberOfOpenCreditLinesAndLoans"": 0.019298245614035092}",0.6344610452651978,False
monotone_xgboost,4087,False,infeasible,very_high_risk,gurobi:Optimal|refined_2,gurobi,0.5612722039222717,0.46262070536613464,0.4958604317393031,2,"{""MonthlyIncome"": 0.037521466118091616, ""NumberOfOpenCreditLinesAndLoans"": -0.01491228070175439}",0.46262070536613464,False
monotone_xgboost,4141,False,infeasible,very_high_risk,gurobi:Optimal,gurobi,0.57038813829422,0.48954567313194275,0.0807588052319756,1,"{""MonthlyIncome"": 0.006460704418558047}",0.48954567313194275,False
monotone_xgboost,4169,False,infeasible,very_high_risk,gurobi:Infeasible|refined_2,gurobi,0.9558465480804443,0.9508925676345825,0.03157894736842105,1,"{""NumberOfOpenCreditLinesAndLoans"": 0.017543859649122806}",0.9508925676345825,False
monotone_xgboost,4187,True,feasible,near_threshold,gurobi:Optimal,gurobi,0.18507154285907745,0.10678872466087341,1.434846263771994,1,"{""MonthlyIncome"": 0.11478770110175952}",0.10678872466087341,True
monotone_xgboost,4202,False,infeasible,very_high_risk,gurobi:Optimal,gurobi,0.756496012210846,0.6505442261695862,1.4432124333435503,1,"{""MonthlyIncome"": 0.11545699466748402}",0.6505442261695862,False
monotone_xgboost,4223,False,infeasible,very_high_risk,gurobi:Optimal,gurobi,0.6250137090682983,0.5024967193603516,0.9970541488374288,1,"{""MonthlyIncome"": 0.0797643319069943}",0.5024967193603516,False
monotone_xgboost,4292,False,infeasible,high_risk,gurobi:Optimal|refined_2,gurobi,0.47639116644859314,0.4670899212360382,0.018947368421052397,1,"{""NumberOfOpenCreditLinesAndLoans"": -0.010526315789473556}",0.4670899212360382,False
monotone_xgboost,4368,False,infeasible,moderate_risk,gurobi:Optimal,gurobi,0.3858911693096161,0.3858911693096161,4.996003610813204e-16,0,{},0.3858911693096161,False
monotone_xgboost,4369,False,infeasible,very_high_risk,gurobi:Optimal|refined_2,gurobi,0.5128094553947449,0.5124471783638,0.018947368421052397,1,"{""NumberOfOpenCreditLinesAndLoans"": -0.010526315789473556}",0.5124471783638,False
monotone_xgboost,4387,False,infeasible,very_high_risk,gurobi:Infeasible|refined_2,gurobi,0.9055111408233643,0.8690147399902344,0.03157894736842105,1,"{""NumberOfOpenCreditLinesAndLoans"": 0.017543859649122806}",0.8690147399902344,False
monotone_xgboost,4411,True,feasible,near_threshold,gurobi:Optimal,gurobi,0.14472565054893494,0.14472565054893494,4.609631847974099e-16,0,{},0.14472565054893494,True
monotone_xgboost,4476,False,infeasible,very_high_risk,gurobi:Optimal|refined_2,gurobi,0.6590611338615417,0.4278724193572998,1.8156693287374024,3,"{""DebtRatio"": -2.1584241836525852e-07, ""MonthlyIncome"": 0.13043877040833105, ""NumberOfOpenCreditLinesAndLoans"": 0.10287978856731808}",0.4278724193572998,False
monotone_xgboost,4481,False,infeasible,very_high_risk,gurobi:Optimal,gurobi,0.6299561262130737,0.503773033618927,0.8908035319217661,1,"{""MonthlyIncome"": 0.07126428255374129}",0.503773033618927,False
monotone_xgboost,4493,False,infeasible,very_high_risk,gurobi:Optimal|refined_7,gurobi,0.7910890579223633,0.49070069193840027,0.4583737218471431,2,"{""NumberOfOpenCreditLinesAndLoans"": -0.11578947368421055, ""NumberRealEstateLoansOrLines"": -0.05284229199982167}",0.49070069193840027,False
monotone_xgboost,4498,False,infeasible,very_high_risk,gurobi:Infeasible|refined_3,gurobi,0.7831094861030579,0.7593520879745483,0.04105263157894737,1,"{""NumberOfOpenCreditLinesAndLoans"": -0.02280701754385965}",0.7593520879745483,False
monotone_xgboost,4501,False,infeasible,high_risk,gurobi:Infeasible|refined_4,gurobi,0.46663305163383484,0.4308551251888275,0.10421052631578949,1,"{""NumberOfOpenCreditLinesAndLoans"": -0.05789473684210528}",0.4308551251888275,False
monotone_xgboost,4510,False,infeasible,very_high_risk,gurobi:Optimal|refined_2,gurobi,0.5887302756309509,0.4626605808734894,1.1147498754411702,2,"{""MonthlyIncome"": 0.08766420056160941, ""NumberOfOpenCreditLinesAndLoans"": -0.010526315789473684}",0.4626605808734894,False
monotone_xgboost,4520,False,infeasible,very_high_risk,gurobi:Optimal|refined_2,gurobi,0.6789461374282837,0.5484516620635986,0.17322124760359722,3,"{""MonthlyIncome"": 0.003938883338923433, ""NumberOfOpenCreditLinesAndLoans"": 0.019298245614035092, ""NumberRealEstateLoansOrLines"": -0.018867924528301886}",0.5484516620635986,False
monotone_xgboost,4571,False,infeasible,high_risk,gurobi:Infeasible,gurobi,0.433537095785141,0.433537095785141,0.0,0,{},0.433537095785141,False
monotone_xgboost,4650,False,infeasible,high_risk,gurobi:Optimal|refined_2,gurobi,0.4894479215145111,0.3923453390598297,1.114677920322895,2,"{""MonthlyIncome"": 0.0876584441521474, ""NumberOfOpenCreditLinesAndLoans"": -0.010526315789473684}",0.3923453390598297,False
monotone_xgboost,4651,False,infeasible,high_risk,gurobi:Optimal,gurobi,0.407155305147171,0.407155305147171,0.0,0,{},0.407155305147171,False
monotone_xgboost,4670,False,infeasible,very_high_risk,gurobi:Optimal,gurobi,0.5204303860664368,0.5204303860664368,4.996003610813204e-16,0,{},0.5204303860664368,False
monotone_xgboost,4721,False,infeasible,high_risk,gurobi:Optimal|refined_2,gurobi,0.4922581613063812,0.48480746150016785,0.031578947368421546,1,"{""NumberOfOpenCreditLinesAndLoans"": 0.017543859649123084}",0.48480746150016785,False
monotone_xgboost,4756,False,infeasible,very_high_risk,gurobi:Infeasible,gurobi,0.7705967426300049,0.7705967426300049,0.0,0,{},0.7705967426300049,False
monotone_xgboost,4771,True,feasible,near_threshold,gurobi:Optimal,gurobi,0.20191942155361176,0.20191942155361176,5.995204332975846e-16,0,{},0.20191942155361176,True
monotone_xgboost,4787,False,infeasible,very_high_risk,gurobi:Infeasible|refined_3,gurobi,0.5860352516174316,0.5687801241874695,0.0536842105263158,1,"{""NumberOfOpenCreditLinesAndLoans"": -0.02982456140350878}",0.5687801241874695,False
monotone_xgboost,4816,False,infeasible,very_high_risk,gurobi:Optimal,gurobi,0.5365564227104187,0.5365564227104187,2.310651670001107e-16,0,{},0.5365564227104187,False
monotone_xgboost,4892,True,feasible,near_threshold,gurobi:Optimal,gurobi,0.20881173014640808,0.20881173014640808,4.996003610813204e-16,0,{},0.20881173014640808,True
monotone_xgboost,4913,False,infeasible,very_high_risk,gurobi:Optimal,gurobi,0.5805646777153015,0.5805646777153015,0.0,0,{},0.5805646777153015,False
monotone_xgboost,4918,True,feasible,near_threshold,gurobi:Optimal,gurobi,0.13276022672653198,0.09047580510377884,0.9693929895840713,1,"{""MonthlyIncome"": 0.0775514391667257}",0.09047580510377884,True
monotone_xgboost,5034,False,infeasible,very_high_risk,gurobi:Infeasible|refined_3,gurobi,0.8026050329208374,0.7767517566680908,0.06631578947368422,1,"{""NumberOfOpenCreditLinesAndLoans"": -0.0368421052631579}",0.7767517566680908,False
monotone_xgboost,5049,False,infeasible,very_high_risk,gurobi:Optimal|refined_4,gurobi,0.6070694327354431,0.42227017879486084,1.1714049401610702,2,"{""MonthlyIncome"": 0.08727028994972771, ""NumberOfOpenCreditLinesAndLoans"": -0.044736842105263165}",0.42227017879486084,False
monotone_xgboost,5055,False,infeasible,very_high_risk,gurobi:Infeasible|refined_2,gurobi,0.9185727834701538,0.9027311205863953,0.03473684210526316,1,"{""NumberOfOpenCreditLinesAndLoans"": 0.019298245614035092}",0.9027311205863953,False
monotone_xgboost,5082,False,infeasible,very_high_risk,gurobi:Infeasible|refined_2,gurobi,0.8961803317070007,0.8900606632232666,0.0268421052631579,1,"{""NumberOfOpenCreditLinesAndLoans"": -0.01491228070175439}",0.8900606632232666,False
monotone_xgboost,5192,False,infeasible,very_high_risk,gurobi:Optimal|refined_2,gurobi,0.5363502502441406,0.40117576718330383,0.5733839640967104,2,"{""MonthlyIncome"": 0.04435492765405263, ""NumberOfOpenCreditLinesAndLoans"": -0.010526315789473684}",0.40117576718330383,False
monotone_xgboost,5311,True,feasible,near_threshold,gurobi:Optimal,gurobi,0.175614595413208,0.175614595413208,3.747002708109903e-16,0,{},0.175614595413208,True
monotone_xgboost,5320,False,infeasible,very_high_risk,gurobi:Infeasible,gurobi,0.7998091578483582,0.7998091578483582,0.0,0,{},0.7998091578483582,False
monotone_xgboost,5458,False,infeasible,very_high_risk,gurobi:Infeasible,gurobi,0.8234075903892517,0.8234075903892517,0.0,0,{},0.8234075903892517,False
monotone_xgboost,5546,False,infeasible,very_high_risk,gurobi:Optimal|refined_3,gurobi,0.5083366632461548,0.48537546396255493,0.0631578947368421,1,"{""NumberOfOpenCreditLinesAndLoans"": -0.03508771929824561}",0.48537546396255493,False
monotone_xgboost,5547,True,feasible,near_threshold,gurobi:Optimal,gurobi,0.12635189294815063,0.09840283542871475,1.3136988761050417,1,"{""MonthlyIncome"": 0.10509591008840334}",0.09840283542871475,True
monotone_xgboost,5554,True,feasible,moderate_risk,gurobi:Optimal|refined_3,gurobi,0.3653590679168701,0.2940651774406433,1.5785712715283318,2,"{""MonthlyIncome"": 0.1202225438275297, ""NumberOfOpenCreditLinesAndLoans"": -0.04210526315789474}",0.2940651774406433,True
monotone_xgboost,5563,False,infeasible,very_high_risk,gurobi:Infeasible|refined_3,gurobi,0.7832751274108887,0.7561742067337036,0.0536842105263158,1,"{""NumberOfOpenCreditLinesAndLoans"": -0.02982456140350878}",0.7561742067337036,False
monotone_xgboost,5591,False,infeasible,high_risk,gurobi:Optimal|refined_2,gurobi,0.4868278205394745,0.4791513979434967,0.018947368421052397,1,"{""NumberOfOpenCreditLinesAndLoans"": -0.010526315789473556}",0.4791513979434967,False
monotone_xgboost,5631,False,infeasible,very_high_risk,gurobi:Infeasible|refined_2,gurobi,0.6796157360076904,0.6732814908027649,0.02526315789473684,1,"{""NumberOfOpenCreditLinesAndLoans"": -0.014035087719298248}",0.6732814908027649,False
monotone_xgboost,5685,False,infeasible,high_risk,gurobi:Optimal,gurobi,0.447217732667923,0.447217732667923,3.747002708109903e-16,0,{},0.447217732667923,False
monotone_xgboost,5686,False,infeasible,very_high_risk,gurobi:Infeasible,gurobi,0.911564826965332,0.911564826965332,0.0,0,{},0.911564826965332,False
monotone_xgboost,5715,False,infeasible,very_high_risk,gurobi:Infeasible,gurobi,0.5502616763114929,0.5502616763114929,0.0,0,{},0.5502616763114929,False
monotone_xgboost,5793,False,infeasible,high_risk,gurobi:Optimal|refined_2,gurobi,0.4909178614616394,0.47615280747413635,0.023684210526315412,1,"{""NumberOfOpenCreditLinesAndLoans"": -0.013157894736841896}",0.47615280747413635,False
monotone_xgboost,5814,False,infeasible,near_threshold,gurobi:Infeasible,gurobi,0.33043012022972107,0.33043012022972107,0.0,0,{},0.33043012022972107,False
monotone_xgboost,5828,False,infeasible,very_high_risk,gurobi:Optimal,gurobi,0.6324158906936646,0.5523673295974731,0.9033300754134918,1,"{""MonthlyIncome"": 0.07226640603307934}",0.5523673295974731,False
monotone_xgboost,5916,True,feasible,near_threshold,gurobi:Optimal,gurobi,0.1431407928466797,0.1431407928466797,3.610431125811458e-16,0,{},0.1431407928466797,True
monotone_xgboost,5931,True,feasible,near_threshold,gurobi:Optimal,gurobi,0.10577751696109772,0.08573880791664124,0.5972049463861175,2,"{""MonthlyIncome"": 0.040636526609946114, ""NumberRealEstateLoansOrLines"": -0.018867924528301886}",0.08573880791664124,True
monotone_xgboost,5987,False,infeasible,high_risk,gurobi:Infeasible|refined_2,gurobi,0.46731600165367126,0.44790032505989075,0.02526315789473684,1,"{""NumberOfOpenCreditLinesAndLoans"": -0.014035087719298248}",0.44790032505989075,False
monotone_xgboost,6042,False,infeasible,moderate_risk,gurobi:Optimal,gurobi,0.3787664473056793,0.3787664473056793,0.0,0,{},0.3787664473056793,False
monotone_xgboost,6070,True,feasible,near_threshold,gurobi:Optimal,gurobi,0.15792372822761536,0.10165132582187653,1.407566186361655,1,"{""MonthlyIncome"": 0.11260529490893241}",0.10165132582187653,True
monotone_xgboost,6076,False,infeasible,very_high_risk,gurobi:Optimal|refined_2,gurobi,0.7174974083900452,0.3940434753894806,1.4243220216181744,2,"{""MonthlyIncome"": 0.1111668143610329, ""NumberOfOpenCreditLinesAndLoans"": 0.019298245614035092}",0.3940434753894806,False
monotone_xgboost,6086,True,feasible,near_threshold,gurobi:Optimal,gurobi,0.1088394820690155,0.1088394820690155,3.2474023470285827e-16,0,{},0.1088394820690155,True
monotone_xgboost,6123,False,infeasible,very_high_risk,gurobi:Infeasible,gurobi,0.6943769454956055,0.6943769454956055,0.0,0,{},0.6943769454956055,False
monotone_xgboost,6198,False,infeasible,very_high_risk,gurobi:Infeasible|refined_4,gurobi,0.5098671913146973,0.45684295892715454,0.07105263157894735,1,"{""NumberOfOpenCreditLinesAndLoans"": -0.039473684210526314}",0.45684295892715454,False
monotone_xgboost,6215,True,feasible,near_threshold,gurobi:Optimal,gurobi,0.10810387134552002,0.03642595559358597,0.7787306254694228,3,"{""RevolvingUtilizationOfUnsecuredLines"": -2.2446801297386598e-07, ""MonthlyIncome"": 0.055158513596206646, ""NumberRealEstateLoansOrLines"": -0.018867924528301886}",0.03642595559358597,True
monotone_xgboost,6222,True,feasible,near_threshold,gurobi:Optimal,gurobi,0.23105166852474213,0.1516878306865692,0.7268054111343804,1,"{""MonthlyIncome"": 0.05814443289075043}",0.1516878306865692,True
monotone_xgboost,6242,False,near_feasible,high_risk,gurobi:Optimal|refined_3,gurobi,0.40757808089256287,0.3170422911643982,1.4550510536689267,2,"{""MonthlyIncome"": 0.11210934745140888, ""NumberOfOpenCreditLinesAndLoans"": -0.02982456140350878}",0.3170422911643982,False
monotone_xgboost,6255,False,infeasible,high_risk,gurobi:Optimal,gurobi,0.46162936091423035,0.46162936091423035,4.996003610813204e-16,0,{},0.46162936091423035,False
monotone_xgboost,6283,False,infeasible,very_high_risk,gurobi:Infeasible,gurobi,0.9189077019691467,0.9189077019691467,0.0,0,{},0.9189077019691467,False
monotone_xgboost,6344,False,infeasible,very_high_risk,gurobi:Optimal,gurobi,0.5838666558265686,0.5838666558265686,3.747002708109903e-16,0,{},0.5838666558265686,False
monotone_xgboost,6348,True,feasible,high_risk,gurobi:Optimal,gurobi,0.42044830322265625,0.2697509527206421,1.7085059835466931,3,"{""DebtRatio"": -7.150730775164598e-07, ""MonthlyIncome"": 0.13043877040833105, ""NumberOfOpenCreditLinesAndLoans"": 0.04334321004287084}",0.2697509527206421,True
monotone_xgboost,6395,False,infeasible,high_risk,gurobi:Optimal,gurobi,0.42809024453163147,0.42045778036117554,0.9853354234868017,1,"{""MonthlyIncome"": 0.07882683387894414}",0.42045778036117554,False
monotone_xgboost,6412,False,infeasible,very_high_risk,gurobi:Infeasible|refined_3,gurobi,0.558003306388855,0.5514336824417114,0.05052631578947368,1,"{""NumberOfOpenCreditLinesAndLoans"": -0.028070175438596495}",0.5514336824417114,False
monotone_xgboost,6421,False,infeasible,very_high_risk,gurobi:Optimal|refined_2,gurobi,0.6538525223731995,0.33594992756843567,1.644039024601342,3,"{""MonthlyIncome"": 0.10732456729685645, ""NumberOfOpenCreditLinesAndLoans"": -0.019298245614035092, ""NumberRealEstateLoansOrLines"": -0.05660377358490566}",0.33594992756843567,False
monotone_xgboost,6538,False,infeasible,very_high_risk,gurobi:Optimal,gurobi,0.5179789066314697,0.5179789066314697,4.746203430272544e-16,0,{},0.5179789066314697,False
monotone_xgboost,6592,True,feasible,near_threshold,gurobi:Optimal,gurobi,0.23577575385570526,0.23577575385570526,2.9976021664879224e-16,0,{},0.23577575385570526,True
monotone_xgboost,6603,False,infeasible,very_high_risk,gurobi:Optimal,gurobi,0.6611731648445129,0.5704315900802612,0.6371636884380172,1,"{""MonthlyIncome"": 0.05097309507504137}",0.5704315900802612,False
monotone_xgboost,6625,False,infeasible,very_high_risk,gurobi:Infeasible,gurobi,0.5852941870689392,0.5852941870689392,0.0,0,{},0.5852941870689392,False
monotone_xgboost,6633,False,infeasible,very_high_risk,gurobi:Optimal|refined_2,gurobi,0.6077216863632202,0.5829750895500183,0.03157894736842105,1,"{""NumberOfOpenCreditLinesAndLoans"": 0.017543859649122806}",0.5829750895500183,False
monotone_xgboost,6676,True,feasible,near_threshold,gurobi:Optimal,gurobi,0.34422507882118225,0.2062421441078186,0.8072690894473327,1,"{""MonthlyIncome"": 0.0645815271557866}",0.2062421441078186,True
monotone_xgboost,6724,False,infeasible,high_risk,gurobi:Optimal,gurobi,0.4969978630542755,0.4969978630542755,3.610431125811458e-16,0,{},0.4969978630542755,False
monotone_xgboost,6758,False,infeasible,high_risk,gurobi:Optimal,gurobi,0.43938949704170227,0.4357021450996399,0.7431778501290247,1,"{""MonthlyIncome"": 0.05945422801032197}",0.4357021450996399,False
monotone_xgboost,6800,False,infeasible,very_high_risk,gurobi:Infeasible,gurobi,0.7995967864990234,0.7995967864990234,0.0,0,{},0.7995967864990234,False
monotone_xgboost,6825,True,feasible,near_threshold,gurobi:Optimal,gurobi,0.0480448380112648,0.0480448380112648,5.995204332975845e-16,0,{},0.0480448380112648,True
monotone_xgboost,6828,False,infeasible,very_high_risk,gurobi:Optimal|refined_3,gurobi,0.6888248324394226,0.5234688520431519,0.3781581606927458,2,"{""MonthlyIncome"": 0.02671581075015651, ""NumberOfOpenCreditLinesAndLoans"": -0.024561403508771926}",0.5234688520431519,False
monotone_xgboost,6842,False,infeasible,very_high_risk,gurobi:Infeasible,gurobi,0.5075053572654724,0.5075053572654724,0.0,0,{},0.5075053572654724,False
monotone_xgboost,6846,False,infeasible,very_high_risk,gurobi:Infeasible,gurobi,0.5948575735092163,0.5948575735092163,0.0,0,{},0.5948575735092163,False
monotone_xgboost,6916,False,infeasible,very_high_risk,gurobi:Infeasible|refined_3,gurobi,0.7662391662597656,0.7557178139686584,0.0536842105263158,1,"{""NumberOfOpenCreditLinesAndLoans"": -0.02982456140350878}",0.7557178139686584,False
monotone_xgboost,6960,True,feasible,near_threshold,gurobi:Optimal,gurobi,0.0918656662106514,0.0918656662106514,4.996003610813204e-16,0,{},0.0918656662106514,True
monotone_xgboost,7002,False,infeasible,very_high_risk,gurobi:Optimal|refined_2,gurobi,0.5917475819587708,0.5882618427276611,0.020526315789473382,1,"{""NumberOfOpenCreditLinesAndLoans"": -0.011403508771929659}",0.5882618427276611,False
monotone_xgboost,7014,True,feasible,near_threshold,gurobi:Optimal|refined_1,gurobi,0.288002610206604,0.2614593505859375,0.10191371485600176,2,"{""NumberOfOpenCreditLinesAndLoans"": -0.016666666666666663, ""NumberRealEstateLoansOrLines"": -0.015203220398240638}",0.2614593505859375,True
monotone_xgboost,7027,False,infeasible,very_high_risk,gurobi:Optimal|refined_2,gurobi,0.7189130783081055,0.6487042903900146,0.03473684210526408,1,"{""NumberOfOpenCreditLinesAndLoans"": 0.019298245614035092}",0.6487042903900146,False
monotone_xgboost,7057,False,infeasible,very_high_risk,gurobi:Infeasible,gurobi,0.739898145198822,0.739898145198822,0.0,0,{},0.739898145198822,False
monotone_xgboost,7075,False,infeasible,very_high_risk,gurobi:Optimal|refined_2,gurobi,0.7288153171539307,0.5681543946266174,0.7907483057591348,2,"{""MonthlyIncome"": 0.06149144340809921, ""NumberOfOpenCreditLinesAndLoans"": -0.012280701754385961}",0.5681543946266174,False
monotone_xgboost,7118,False,infeasible,high_risk,gurobi:Optimal,gurobi,0.4221249222755432,0.3817868232727051,2.083017283930868,3,"{""MonthlyIncome"": 0.13043877040833105, ""NumberOfOpenCreditLinesAndLoans"": 0.19298245614035087, ""NumberOfDependents"": -0.029212286881694013}",0.3817868232727051,False
monotone_xgboost,7147,False,infeasible,high_risk,gurobi:Optimal,gurobi,0.4866138696670532,0.4848739206790924,0.33928368641074913,1,"{""MonthlyIncome"": 0.02714269491285993}",0.4848739206790924,False
monotone_xgboost,7165,False,infeasible,very_high_risk,gurobi:Infeasible|refined_4,gurobi,0.8821192383766174,0.8303399085998535,0.08999999999999997,1,"{""NumberOfOpenCreditLinesAndLoans"": -0.04999999999999999}",0.8303399085998535,False
monotone_xgboost,7171,True,feasible,near_threshold,gurobi:Infeasible,gurobi,0.2091335952281952,0.2091335952281952,0.0,0,{},0.2091335952281952,True
monotone_xgboost,7183,True,feasible,near_threshold,gurobi:Optimal,gurobi,0.28875207901000977,0.19037051498889923,1.2837955010098658,2,"{""MonthlyIncome"": 0.09556377097984597, ""NumberRealEstateLoansOrLines"": -0.018867924528301886}",0.19037051498889923,True
monotone_xgboost,7205,True,feasible,moderate_risk,gurobi:Optimal,gurobi,0.3555320203304291,0.284368097782135,0.7839064618975847,1,"{""MonthlyIncome"": 0.06271251695180678}",0.284368097782135,True
monotone_xgboost,7243,False,infeasible,very_high_risk,gurobi:Optimal|refined_3,gurobi,0.6548988223075867,0.6290217638015747,0.2997360318158357,2,"{""MonthlyIncome"": 0.019684145703161585, ""NumberOfOpenCreditLinesAndLoans"": -0.02982456140350878}",0.6290217638015747,False
monotone_xgboost,7250,False,infeasible,very_high_risk,gurobi:Infeasible,gurobi,0.5458877086639404,0.5458877086639404,0.0,0,{},0.5458877086639404,False
monotone_xgboost,7291,False,infeasible,very_high_risk,gurobi:Optimal,gurobi,0.6346266865730286,0.6346266865730286,2.310651670001107e-16,0,{},0.6346266865730286,False
monotone_xgboost,7345,False,infeasible,very_high_risk,gurobi:Optimal,gurobi,0.631788969039917,0.631788969039917,0.0,0,{},0.631788969039917,False
monotone_xgboost,7363,False,infeasible,very_high_risk,gurobi:Infeasible|refined_2,gurobi,0.8418802618980408,0.8249305486679077,0.0268421052631579,1,"{""NumberOfOpenCreditLinesAndLoans"": -0.01491228070175439}",0.8249305486679077,False
monotone_xgboost,7379,False,infeasible,very_high_risk,gurobi:Infeasible|refined_2,gurobi,0.8959760665893555,0.8823744058609009,0.029999999999999992,1,"{""NumberOfOpenCreditLinesAndLoans"": -0.016666666666666663}",0.8823744058609009,False
monotone_xgboost,7398,True,feasible,near_threshold,gurobi:Infeasible,gurobi,0.24936391413211823,0.24936391413211823,0.0,0,{},0.24936391413211823,True
monotone_xgboost,7508,False,infeasible,very_high_risk,gurobi:Optimal,gurobi,0.7588174939155579,0.6982049942016602,1.3652537648083938,1,"{""MonthlyIncome"": 0.1092203011846715}",0.6982049942016602,False
monotone_xgboost,7572,False,infeasible,very_high_risk,gurobi:Optimal,gurobi,0.669837474822998,0.669837474822998,3.747002708109903e-16,0,{},0.669837474822998,False
monotone_xgboost,7583,True,feasible,near_threshold,gurobi:Infeasible,gurobi,0.26358562707901,0.26358562707901,0.0,0,{},0.26358562707901,True
monotone_xgboost,7620,True,feasible,near_threshold,gurobi:Optimal,gurobi,0.17893871665000916,0.17893871665000916,7.220862251622916e-16,0,{},0.17893871665000916,True
monotone_xgboost,7647,False,infeasible,very_high_risk,gurobi:Optimal|refined_3,gurobi,0.5800244212150574,0.5108165144920349,0.0631578947368416,1,"{""NumberOfOpenCreditLinesAndLoans"": -0.035087719298245335}",0.5108165144920349,False
monotone_xgboost,7650,False,infeasible,very_high_risk,gurobi:Optimal|refined_2,gurobi,0.70915687084198,0.6840502619743347,0.022105263157894402,1,"{""NumberOfOpenCreditLinesAndLoans"": -0.012280701754385781}",0.6840502619743347,False
monotone_xgboost,7671,False,infeasible,high_risk,gurobi:Infeasible,gurobi,0.4024786353111267,0.4024786353111267,0.0,0,{},0.4024786353111267,False
monotone_xgboost,7678,False,near_feasible,near_threshold,gurobi:Optimal|refined_2,gurobi,0.33116933703422546,0.30938825011253357,0.034736842105263524,1,"{""NumberOfOpenCreditLinesAndLoans"": 0.019298245614035092}",0.30938825011253357,False
monotone_xgboost,7690,True,feasible,near_threshold,gurobi:Infeasible,gurobi,0.2860434949398041,0.2860434949398041,0.0,0,{},0.2860434949398041,True
monotone_xgboost,7697,True,feasible,near_threshold,gurobi:Infeasible,gurobi,0.2749384045600891,0.2749384045600891,0.0,0,{},0.2749384045600891,True
monotone_xgboost,7699,False,infeasible,high_risk,gurobi:Infeasible|refined_2,gurobi,0.4185073673725128,0.3643275499343872,0.03473684210526316,1,"{""NumberOfOpenCreditLinesAndLoans"": 0.019298245614035092}",0.3643275499343872,False
monotone_xgboost,7705,False,infeasible,very_high_risk,gurobi:Infeasible,gurobi,0.8796035051345825,0.8796035051345825,0.0,0,{},0.8796035051345825,False
monotone_xgboost,7721,False,infeasible,very_high_risk,gurobi:Optimal,gurobi,0.5270858407020569,0.4052010476589203,0.5759787249937791,1,"{""MonthlyIncome"": 0.04607829799950233}",0.4052010476589203,False
monotone_xgboost,7726,True,feasible,near_threshold,gurobi:Optimal,gurobi,0.05229760706424713,0.08233960717916489,1.9186766487659328,2,"{""MonthlyIncome"": 0.11351086493599219, ""NumberRealEstateLoansOrLines"": -0.10566037735849057}",0.08233960717916489,True
monotone_xgboost,7807,True,feasible,near_threshold,gurobi:Optimal,gurobi,0.2492835521697998,0.2492835521697998,5.995204332975845e-16,0,{},0.2492835521697998,True
monotone_xgboost,7984,False,infeasible,very_high_risk,gurobi:Optimal|refined_4,gurobi,0.7004232406616211,0.4924255907535553,1.1406886994410783,2,"{""MonthlyIncome"": 0.08594983279739155, ""NumberOfOpenCreditLinesAndLoans"": -0.03684210526315789}",0.4924255907535553,False
monotone_xgboost,8023,False,infeasible,very_high_risk,gurobi:Optimal|refined_2,gurobi,0.5987659692764282,0.5277284383773804,1.3638380775163437,2,"{""MonthlyIncome"": 0.10733862514867593, ""NumberOfOpenCreditLinesAndLoans"": -0.012280701754385961}",0.5277284383773804,False
monotone_xgboost,8040,True,feasible,moderate_risk,gurobi:Optimal,gurobi,0.35633009672164917,0.23779578506946564,0.11124158464471379,1,"{""MonthlyIncome"": 0.008899326771577103}",0.23779578506946564,True
monotone_xgboost,8057,True,feasible,near_threshold,gurobi:Infeasible,gurobi,0.20614807307720184,0.20614807307720184,0.0,0,{},0.20614807307720184,True
monotone_xgboost,8082,False,infeasible,very_high_risk,gurobi:Infeasible,gurobi,0.8998834490776062,0.8998834490776062,0.0,0,{},0.8998834490776062,False
monotone_xgboost,8103,True,feasible,moderate_risk,gurobi:Optimal,gurobi,0.3964676260948181,0.2816586196422577,0.03077013817013197,1,"{""MonthlyIncome"": 0.0024616110536105577}",0.2816586196422577,True
monotone_xgboost,8105,False,infeasible,very_high_risk,gurobi:Infeasible|refined_3,gurobi,0.9264655113220215,0.8324463963508606,0.06947368421052633,1,"{""NumberOfOpenCreditLinesAndLoans"": -0.038596491228070184}",0.8324463963508606,False
monotone_xgboost,8164,False,infeasible,very_high_risk,gurobi:Infeasible|refined_3,gurobi,0.5724632143974304,0.4875594675540924,0.06947368421052633,1,"{""NumberOfOpenCreditLinesAndLoans"": -0.038596491228070184}",0.4875594675540924,False
monotone_xgboost,8268,False,infeasible,high_risk,gurobi:Optimal,gurobi,0.42078566551208496,0.42078566551208496,3.2474023470285827e-16,0,{},0.42078566551208496,False
monotone_xgboost,8290,False,infeasible,high_risk,gurobi:Optimal|refined_2,gurobi,0.4041995406150818,0.3681616187095642,1.8128651072397348,2,"{""MonthlyIncome"": 0.13043877040833105, ""NumberOfOpenCreditLinesAndLoans"": 0.10132248729755375}",0.3681616187095642,False
monotone_xgboost,8318,False,infeasible,very_high_risk,gurobi:Optimal,gurobi,0.7768681645393372,0.7264165878295898,1.1236693912721767,1,"{""MonthlyIncome"": 0.08989355130177414}",0.7264165878295898,False
monotone_xgboost,8326,False,infeasible,high_risk,gurobi:Optimal|refined_3,gurobi,0.45314183831214905,0.4431047737598419,0.05052631578947331,1,"{""NumberOfOpenCreditLinesAndLoans"": -0.028070175438596287}",0.4431047737598419,False
monotone_xgboost,8437,True,feasible,near_threshold,gurobi:Optimal,gurobi,0.11052863299846649,0.050519924610853195,0.9648342811252371,2,"{""RevolvingUtilizationOfUnsecuredLines"": -6.261255621448424e-07, ""MonthlyIncome"": 0.07718655465235032}",0.050519924610853195,True
monotone_xgboost,8472,False,infeasible,high_risk,gurobi:Optimal,gurobi,0.41340371966362,0.41340371966362,3.2474023470285827e-16,0,{},0.41340371966362,False
monotone_xgboost,8510,False,infeasible,very_high_risk,gurobi:Optimal|refined_5,gurobi,0.6286785006523132,0.5094379186630249,0.10105263157894699,1,"{""NumberOfOpenCreditLinesAndLoans"": -0.05614035087719278}",0.5094379186630249,False
monotone_xgboost,8540,True,feasible,near_threshold,gurobi:Optimal,gurobi,0.15168680250644684,0.12398846447467804,1.1254855204519794,1,"{""MonthlyIncome"": 0.09003884163615836}",0.12398846447467804,True
monotone_xgboost,8566,True,feasible,near_threshold,gurobi:Infeasible,gurobi,0.1582929790019989,0.1582929790019989,0.0,0,{},0.1582929790019989,True
monotone_xgboost,8567,False,infeasible,moderate_risk,gurobi:Optimal,gurobi,0.37148886919021606,0.3259778320789337,1.5360412879052319,2,"{""MonthlyIncome"": 0.11574343393147526, ""NumberRealEstateLoansOrLines"": -0.018867924528301886}",0.3259778320789337,False
monotone_xgboost,8579,False,infeasible,very_high_risk,gurobi:Optimal,gurobi,0.5748186707496643,0.5748186707496643,9.992007221626408e-17,0,{},0.5748186707496643,False
monotone_xgboost,8607,False,infeasible,very_high_risk,gurobi:Infeasible,gurobi,0.6173515915870667,0.6173515915870667,0.0,0,{},0.6173515915870667,False
monotone_xgboost,8628,True,feasible,near_threshold,gurobi:Optimal|refined_3,gurobi,0.33699673414230347,0.28630945086479187,0.10421052631578949,1,"{""NumberOfOpenCreditLinesAndLoans"": -0.05789473684210528}",0.28630945086479187,True
monotone_xgboost,8755,True,feasible,near_threshold,gurobi:Optimal,gurobi,0.21153806149959564,0.21153806149959564,4.996003610813204e-16,0,{},0.21153806149959564,True
monotone_xgboost,8770,False,infeasible,very_high_risk,gurobi:Infeasible|refined_2,gurobi,0.8321683406829834,0.8292174339294434,0.01894736842105263,1,"{""NumberOfOpenCreditLinesAndLoans"": -0.010526315789473684}",0.8292174339294434,False
monotone_xgboost,8812,True,feasible,near_threshold,gurobi:Optimal,gurobi,0.0514054074883461,0.0514054074883461,3.747002708109903e-16,0,{},0.0514054074883461,True
monotone_xgboost,8855,False,infeasible,very_high_risk,gurobi:Optimal,gurobi,0.6683733463287354,0.5450239777565002,0.8299379345837545,1,"{""MonthlyIncome"": 0.06639503476670036}",0.5450239777565002,False
monotone_xgboost,8882,False,infeasible,high_risk,gurobi:Optimal,gurobi,0.4860326051712036,0.4860326051712036,4.996003610813204e-16,0,{},0.4860326051712036,False
monotone_xgboost,8892,False,infeasible,very_high_risk,gurobi:Infeasible|refined_2,gurobi,0.7967634201049805,0.7796741127967834,0.020526315789473684,1,"{""NumberOfOpenCreditLinesAndLoans"": -0.011403508771929825}",0.7796741127967834,False
monotone_xgboost,9098,False,infeasible,high_risk,gurobi:Infeasible,gurobi,0.48668980598449707,0.48668980598449707,0.0,0,{},0.48668980598449707,False
monotone_xgboost,9179,True,feasible,near_threshold,gurobi:Infeasible,gurobi,0.21307373046875,0.21307373046875,0.0,0,{},0.21307373046875,True
monotone_xgboost,9205,False,infeasible,very_high_risk,gurobi:Optimal|refined_6,gurobi,0.8411438465118408,0.5186461806297302,0.1736842105263158,1,"{""NumberOfOpenCreditLinesAndLoans"": -0.09649122807017546}",0.5186461806297302,False
monotone_xgboost,9210,True,feasible,near_threshold,gurobi:Optimal,gurobi,0.2912066578865051,0.2520861327648163,1.2813258075718967,1,"{""MonthlyIncome"": 0.10250606460575173}",0.2520861327648163,True
monotone_xgboost,9266,True,feasible,near_threshold,gurobi:Optimal,gurobi,0.2842404246330261,0.2842404246330261,2.310651670001107e-16,0,{},0.2842404246330261,True
monotone_xgboost,9277,False,infeasible,very_high_risk,gurobi:Optimal,gurobi,0.5831910967826843,0.45601582527160645,0.758641790414466,1,"{""MonthlyIncome"": 0.06069134323315728}",0.45601582527160645,False
monotone_xgboost,9321,True,feasible,near_threshold,gurobi:Optimal,gurobi,0.12811356782913208,0.0371522419154644,1.1217082800693847,2,"{""RevolvingUtilizationOfUnsecuredLines"": -6.687287016959308e-07, ""MonthlyIncome"": 0.08973646178694027}",0.0371522419154644,True
monotone_xgboost,9331,False,infeasible,very_high_risk,gurobi:Optimal,gurobi,0.6603551506996155,0.5653759241104126,0.3068063284462461,1,"{""MonthlyIncome"": 0.02454450627569969}",0.5653759241104126,False
monotone_xgboost,9340,False,infeasible,very_high_risk,gurobi:Infeasible,gurobi,0.7456092238426208,0.7456092238426208,0.0,0,{},0.7456092238426208,False
monotone_xgboost,9353,False,infeasible,very_high_risk,gurobi:Infeasible,gurobi,0.9595896601676941,0.9595896601676941,0.0,0,{},0.9595896601676941,False
monotone_xgboost,9354,False,infeasible,very_high_risk,gurobi:Infeasible,gurobi,0.6929364204406738,0.6929364204406738,0.0,0,{},0.6929364204406738,False
monotone_xgboost,9395,False,infeasible,very_high_risk,gurobi:Infeasible,gurobi,0.8719044923782349,0.8719044923782349,0.0,0,{},0.8719044923782349,False
monotone_xgboost,9416,True,feasible,near_threshold,gurobi:Optimal,gurobi,0.17619900405406952,0.03986997529864311,1.4210367080578599,3,"{""RevolvingUtilizationOfUnsecuredLines"": -4.38614321284042e-07, ""DebtRatio"": -7.967732601357775e-08, ""MonthlyIncome"": 0.113682773189402}",0.03986997529864311,True
monotone_xgboost,9422,True,feasible,near_threshold,gurobi:Optimal|refined_1,gurobi,0.33602115511894226,0.2853807210922241,0.10284258714716053,2,"{""MonthlyIncome"": 0.006458985919141264, ""NumberOfOpenCreditLinesAndLoans"": -0.012280701754385961}",0.2853807210922241,True
monotone_xgboost,9435,True,feasible,near_threshold,gurobi:Infeasible,gurobi,0.1907282918691635,0.1907282918691635,0.0,0,{},0.1907282918691635,True
monotone_xgboost,9465,False,infeasible,very_high_risk,gurobi:Optimal,gurobi,0.5904532074928284,0.5904532074928284,3.2474023470285827e-16,0,{},0.5904532074928284,False
monotone_xgboost,9544,True,feasible,near_threshold,gurobi:Optimal|refined_1,gurobi,0.3128971755504608,0.2944701313972473,0.03473684210526316,1,"{""NumberOfOpenCreditLinesAndLoans"": -0.019298245614035092}",0.2944701313972473,True
monotone_xgboost,9576,False,infeasible,very_high_risk,gurobi:Optimal|refined_3,gurobi,0.7813484072685242,0.6654077172279358,0.7050527690143228,2,"{""MonthlyIncome"": 0.05210948467904056, ""NumberOfOpenCreditLinesAndLoans"": -0.02982456140350878}",0.6654077172279358,False
monotone_xgboost,9655,False,infeasible,very_high_risk,gurobi:Optimal,gurobi,0.5177561640739441,0.5177561640739441,3.2474023470285827e-16,0,{},0.5177561640739441,False
monotone_xgboost,9713,False,infeasible,very_high_risk,gurobi:Optimal|refined_4,gurobi,0.5692242383956909,0.5276027917861938,0.07578947368421016,1,"{""NumberOfOpenCreditLinesAndLoans"": -0.042105263157894535}",0.5276027917861938,False
monotone_xgboost,9736,False,infeasible,very_high_risk,gurobi:Infeasible,gurobi,0.6888163685798645,0.6888163685798645,0.0,0,{},0.6888163685798645,False
monotone_xgboost,9787,False,infeasible,very_high_risk,gurobi:Optimal,gurobi,0.7406970858573914,0.6377025842666626,1.453547735129266,1,"{""MonthlyIncome"": 0.11628381881034129}",0.6377025842666626,False
monotone_xgboost,9801,False,infeasible,very_high_risk,gurobi:Optimal|refined_5,gurobi,0.5161637663841248,0.4327055513858795,0.11368421052631524,1,"{""NumberOfOpenCreditLinesAndLoans"": -0.0631578947368418}",0.4327055513858795,False
monotone_xgboost,9850,False,infeasible,moderate_risk,gurobi:Optimal,gurobi,0.35048484802246094,0.35048484802246094,4.996003610813204e-16,0,{},0.35048484802246094,False
monotone_xgboost,9873,False,infeasible,high_risk,gurobi:Optimal|refined_3,gurobi,0.48784035444259644,0.4252623915672302,0.0536842105263153,1,"{""NumberOfOpenCreditLinesAndLoans"": -0.029824561403508504}",0.4252623915672302,False
monotone_xgboost,9910,True,feasible,near_threshold,gurobi:Optimal,gurobi,0.20239681005477905,0.20239681005477905,4.996003610813204e-16,0,{},0.20239681005477905,True
monotone_xgboost,9917,False,infeasible,very_high_risk,gurobi:Optimal|refined_3,gurobi,0.5089772939682007,0.4236421585083008,0.713078874238105,2,"{""MonthlyIncome"": 0.05300420467589051, ""NumberOfOpenCreditLinesAndLoans"": -0.028070175438596495}",0.4236421585083008,False
monotone_xgboost,9921,False,infeasible,very_high_risk,gurobi:Infeasible|refined_2,gurobi,0.7289565801620483,0.7237683534622192,0.02526315789473684,1,"{""NumberOfOpenCreditLinesAndLoans"": -0.014035087719298248}",0.7237683534622192,False
monotone_xgboost,9950,False,infeasible,very_high_risk,gurobi:Infeasible,gurobi,0.5240343809127808,0.5240343809127808,0.0,0,{},0.5240343809127808,False
monotone_xgboost,9986,True,feasible,near_threshold,gurobi:Optimal,gurobi,0.13258445262908936,0.11816868931055069,1.427987719592541,2,"{""MonthlyIncome"": 0.10709914846645999, ""NumberRealEstateLoansOrLines"": -0.018867924528301886}",0.11816868931055069,True
monotone_xgboost,10056,True,feasible,near_threshold,gurobi:Optimal,gurobi,0.14347225427627563,0.14347225427627563,9.190188320247349e-16,0,{},0.14347225427627563,True
monotone_xgboost,10059,False,infeasible,very_high_risk,gurobi:Infeasible,gurobi,0.9844872355461121,0.9844872355461121,0.0,0,{},0.9844872355461121,False
monotone_xgboost,10108,False,infeasible,very_high_risk,gurobi:Infeasible,gurobi,0.5905541777610779,0.5905541777610779,0.0,0,{},0.5905541777610779,False
monotone_xgboost,10138,False,infeasible,very_high_risk,gurobi:Infeasible|refined_2,gurobi,0.7005534768104553,0.6812781691551208,0.0268421052631579,1,"{""NumberOfOpenCreditLinesAndLoans"": -0.01491228070175439}",0.6812781691551208,False
monotone_xgboost,10170,False,infeasible,very_high_risk,gurobi:Infeasible,gurobi,0.8696377873420715,0.8696377873420715,0.0,0,{},0.8696377873420715,False
monotone_xgboost,10257,True,feasible,near_threshold,gurobi:Optimal,gurobi,0.07300680875778198,0.07300680875778198,0.0,0,{},0.07300680875778198,True
monotone_xgboost,10306,False,infeasible,high_risk,gurobi:Optimal|refined_2,gurobi,0.44159001111984253,0.3459155261516571,0.6067927199277761,2,"{""MonthlyIncome"": 0.04702762812053787, ""NumberOfOpenCreditLinesAndLoans"": -0.010526315789473684}",0.3459155261516571,False
monotone_xgboost,10321,False,infeasible,very_high_risk,gurobi:Infeasible|refined_2,gurobi,0.67930006980896,0.5921286344528198,0.03473684210526316,1,"{""NumberOfOpenCreditLinesAndLoans"": -0.019298245614035092}",0.5921286344528198,False
monotone_xgboost,10357,False,infeasible,moderate_risk,gurobi:Infeasible|refined_2,gurobi,0.3607628643512726,0.32454466819763184,0.029999999999999992,1,"{""NumberOfOpenCreditLinesAndLoans"": -0.016666666666666663}",0.32454466819763184,False
monotone_xgboost,10363,False,infeasible,very_high_risk,gurobi:Optimal|refined_3,gurobi,0.6715084910392761,0.45371049642562866,0.06947368421052669,1,"{""NumberOfOpenCreditLinesAndLoans"": -0.038596491228070184}",0.45371049642562866,False
monotone_xgboost,10378,False,infeasible,very_high_risk,gurobi:Optimal,gurobi,0.5254180431365967,0.5604466795921326,2.0542629880536607,3,"{""MonthlyIncome"": 0.13043877040833105, ""NumberOfOpenCreditLinesAndLoans"": 0.19298245614035087, ""NumberOfDependents"": -0.02122498247135865}",0.5604466795921326,False
monotone_xgboost,10399,False,infeasible,high_risk,gurobi:Optimal|refined_2,gurobi,0.4696316719055176,0.4650215804576874,0.022105263157894402,1,"{""NumberOfOpenCreditLinesAndLoans"": -0.012280701754385781}",0.4650215804576874,False
monotone_xgboost,10404,False,infeasible,high_risk,gurobi:Optimal,gurobi,0.4450090825557709,0.4450090825557709,2.9976021664879224e-16,0,{},0.4450090825557709,False
monotone_xgboost,10449,False,infeasible,very_high_risk,gurobi:Infeasible,gurobi,0.7423787117004395,0.7423787117004395,0.0,0,{},0.7423787117004395,False
monotone_xgboost,10450,False,infeasible,very_high_risk,gurobi:Infeasible,gurobi,0.9229917526245117,0.9229917526245117,0.0,0,{},0.9229917526245117,False
monotone_xgboost,10457,False,infeasible,very_high_risk,gurobi:Optimal|refined_2,gurobi,0.5131363272666931,0.41698354482650757,1.137165159169392,2,"{""MonthlyIncome"": 0.08945742325986716, ""NumberOfOpenCreditLinesAndLoans"": -0.010526315789473684}",0.41698354482650757,False
monotone_xgboost,10486,False,infeasible,high_risk,gurobi:Infeasible|refined_2,gurobi,0.43503448367118835,0.41887471079826355,0.03473684210526316,1,"{""NumberOfOpenCreditLinesAndLoans"": -0.019298245614035092}",0.41887471079826355,False
monotone_xgboost,10574,False,infeasible,high_risk,gurobi:Optimal,gurobi,0.42107489705085754,0.42107489705085754,4.996003610813204e-16,0,{},0.42107489705085754,False
monotone_xgboost,10592,False,infeasible,very_high_risk,gurobi:Optimal|refined_4,gurobi,0.6556961536407471,0.42051443457603455,0.41989978728924293,3,"{""MonthlyIncome"": 0.018873166513775096, ""NumberOfOpenCreditLinesAndLoans"": 0.05263157894736842, ""NumberRealEstateLoansOrLines"": -0.018867924528301886}",0.42051443457603455,False
monotone_xgboost,10609,False,infeasible,very_high_risk,gurobi:Optimal|refined_4,gurobi,0.6085752844810486,0.4248192608356476,0.10421052631579067,1,"{""NumberOfOpenCreditLinesAndLoans"": -0.05789473684210528}",0.4248192608356476,False
monotone_xgboost,10620,True,feasible,near_threshold,gurobi:Optimal,gurobi,0.11557527631521225,0.11557527631521225,3.2474023470285827e-16,0,{},0.11557527631521225,True
monotone_xgboost,10639,False,infeasible,very_high_risk,gurobi:Infeasible|refined_2,gurobi,0.6815288662910461,0.6171460151672363,0.03157894736842105,1,"{""NumberOfOpenCreditLinesAndLoans"": 0.017543859649122806}",0.6171460151672363,False
monotone_xgboost,10685,False,infeasible,very_high_risk,gurobi:Optimal,gurobi,0.5416333079338074,0.5416333079338074,0.0,0,{},0.5416333079338074,False
monotone_xgboost,10706,False,infeasible,very_high_risk,gurobi:Infeasible|refined_2,gurobi,0.5993228554725647,0.5876539349555969,0.01894736842105263,1,"{""NumberOfOpenCreditLinesAndLoans"": -0.010526315789473684}",0.5876539349555969,False
monotone_xgboost,10716,False,infeasible,very_high_risk,gurobi:Infeasible|refined_2,gurobi,0.8933818340301514,0.8837714195251465,0.020526315789473684,1,"{""NumberOfOpenCreditLinesAndLoans"": -0.011403508771929825}",0.8837714195251465,False
monotone_xgboost,10723,False,infeasible,very_high_risk,gurobi:Infeasible,gurobi,0.6529991030693054,0.6529991030693054,0.0,0,{},0.6529991030693054,False
monotone_xgboost,10727,True,feasible,moderate_risk,gurobi:Optimal,gurobi,0.39833202958106995,0.2054908573627472,1.6949595914895526,3,"{""DebtRatio"": -5.622739031885433e-07, ""MonthlyIncome"": 0.13043877040833105, ""NumberOfOpenCreditLinesAndLoans"": 0.03581786111994373}",0.2054908573627472,True
monotone_xgboost,10779,True,feasible,near_threshold,gurobi:Optimal,gurobi,0.04998694732785225,0.04998694732785225,3.747002708109903e-16,0,{},0.04998694732785225,True
monotone_xgboost,10781,False,infeasible,very_high_risk,gurobi:Infeasible,gurobi,0.8677340149879456,0.8677340149879456,0.0,0,{},0.8677340149879456,False
monotone_xgboost,10819,False,infeasible,very_high_risk,gurobi:Optimal,gurobi,0.6121588945388794,0.6121588945388794,0.0,0,{},0.6121588945388794,False
monotone_xgboost,10882,False,infeasible,very_high_risk,gurobi:Infeasible,gurobi,0.6791625618934631,0.6791625618934631,0.0,0,{},0.6791625618934631,False
monotone_xgboost,10883,False,infeasible,very_high_risk,gurobi:Optimal|refined_2,gurobi,0.5365774631500244,0.5157337784767151,0.025263157894736467,1,"{""NumberOfOpenCreditLinesAndLoans"": -0.01403508771929804}",0.5157337784767151,False
monotone_xgboost,10885,False,infeasible,very_high_risk,gurobi:Infeasible|refined_3,gurobi,0.6585598587989807,0.6479253768920898,0.0536842105263158,1,"{""NumberOfOpenCreditLinesAndLoans"": -0.02982456140350878}",0.6479253768920898,False
monotone_xgboost,10899,False,infeasible,very_high_risk,gurobi:Optimal,gurobi,0.640484094619751,0.6054109334945679,0.6579470474509017,1,"{""MonthlyIncome"": 0.05263576379607214}",0.6054109334945679,False
monotone_xgboost,10921,False,infeasible,high_risk,gurobi:Optimal|refined_3,gurobi,0.4748220443725586,0.3247605264186859,0.06947368421052717,1,"{""NumberOfOpenCreditLinesAndLoans"": -0.038596491228070184}",0.3247605264186859,False
monotone_xgboost,10956,False,infeasible,moderate_risk,gurobi:Optimal|refined_2,gurobi,0.39462026953697205,0.37504708766937256,0.03157894736842164,1,"{""NumberOfOpenCreditLinesAndLoans"": 0.017543859649123084}",0.37504708766937256,False
monotone_xgboost,10961,False,infeasible,very_high_risk,gurobi:Infeasible,gurobi,0.8555864095687866,0.8555864095687866,0.0,0,{},0.8555864095687866,False
monotone_xgboost,11026,True,feasible,near_threshold,gurobi:Optimal,gurobi,0.16562628746032715,0.16562628746032715,3.610431125811458e-16,0,{},0.16562628746032715,True
monotone_xgboost,11062,False,infeasible,very_high_risk,gurobi:Infeasible,gurobi,0.7458157539367676,0.7458157539367676,0.0,0,{},0.7458157539367676,False
monotone_xgboost,11066,False,infeasible,very_high_risk,gurobi:Optimal,gurobi,0.5807114243507385,0.5807114243507385,0.0,0,{},0.5807114243507385,False
monotone_xgboost,11110,False,infeasible,very_high_risk,gurobi:Infeasible,gurobi,0.6889486312866211,0.6889486312866211,0.0,0,{},0.6889486312866211,False
monotone_xgboost,11140,False,infeasible,very_high_risk,gurobi:Infeasible|refined_3,gurobi,0.5041541457176208,0.4405097961425781,0.0631578947368421,1,"{""NumberOfOpenCreditLinesAndLoans"": -0.03508771929824561}",0.4405097961425781,False
monotone_xgboost,11151,False,infeasible,very_high_risk,gurobi:Infeasible|refined_3,gurobi,0.5251152515411377,0.5175431370735168,0.05052631578947368,1,"{""NumberOfOpenCreditLinesAndLoans"": -0.028070175438596495}",0.5175431370735168,False
monotone_xgboost,11153,False,infeasible,very_high_risk,gurobi:Infeasible|refined_2,gurobi,0.5018553733825684,0.4927786886692047,0.03473684210526316,1,"{""NumberOfOpenCreditLinesAndLoans"": 0.019298245614035092}",0.4927786886692047,False
monotone_xgboost,11161,False,infeasible,high_risk,gurobi:Infeasible|refined_4,gurobi,0.49336498975753784,0.40738847851753235,0.09473684210526315,1,"{""NumberOfOpenCreditLinesAndLoans"": 0.05263157894736842}",0.40738847851753235,False
monotone_xgboost,11279,True,feasible,near_threshold,gurobi:Optimal,gurobi,0.16960635781288147,0.16960635781288147,5.251536182998485e-16,0,{},0.16960635781288147,True
monotone_xgboost,11312,False,infeasible,very_high_risk,gurobi:Infeasible,gurobi,0.709382951259613,0.709382951259613,0.0,0,{},0.709382951259613,False
monotone_xgboost,11325,False,infeasible,very_high_risk,gurobi:Infeasible|refined_3,gurobi,0.7501832246780396,0.7062847018241882,0.0536842105263158,1,"{""NumberOfOpenCreditLinesAndLoans"": -0.02982456140350878}",0.7062847018241882,False
monotone_xgboost,11345,False,infeasible,very_high_risk,gurobi:Infeasible|refined_2,gurobi,0.8062566518783569,0.7904188632965088,0.020526315789473684,1,"{""NumberOfOpenCreditLinesAndLoans"": -0.011403508771929825}",0.7904188632965088,False
monotone_xgboost,11351,False,infeasible,very_high_risk,gurobi:Optimal|refined_3,gurobi,0.5731755495071411,0.5232422947883606,0.056842105263157465,1,"{""NumberOfOpenCreditLinesAndLoans"": -0.03157894736842076}",0.5232422947883606,False
monotone_xgboost,11367,True,feasible,near_threshold,gurobi:Infeasible,gurobi,0.20744705200195312,0.20744705200195312,0.0,0,{},0.20744705200195312,True
monotone_xgboost,11429,False,infeasible,very_high_risk,gurobi:Infeasible,gurobi,0.6806784868240356,0.6806784868240356,0.0,0,{},0.6806784868240356,False
monotone_xgboost,11493,True,feasible,near_threshold,gurobi:Optimal,gurobi,0.29709509015083313,0.29709509015083313,3.2474023470285827e-16,0,{},0.29709509015083313,True
monotone_xgboost,11506,False,infeasible,high_risk,gurobi:Optimal|refined_2,gurobi,0.482024222612381,0.3508418798446655,1.7919296969180525,3,"{""MonthlyIncome"": 0.13043877040833105, ""NumberOfOpenCreditLinesAndLoans"": 0.04010927947340187, ""NumberRealEstateLoansOrLines"": -0.018867924528301886}",0.3508418798446655,False
monotone_xgboost,11569,True,feasible,high_risk,gurobi:Optimal,gurobi,0.4341997504234314,0.2689548432826996,1.7592292769093654,2,"{""MonthlyIncome"": 0.11931873484991937, ""NumberRealEstateLoansOrLines"": -0.05660377358490566}",0.2689548432826996,True
monotone_xgboost,11576,False,infeasible,very_high_risk,gurobi:Infeasible|refined_4,gurobi,0.7096632122993469,0.630366861820221,0.0852631578947368,1,"{""NumberOfOpenCreditLinesAndLoans"": -0.04736842105263156}",0.630366861820221,False
monotone_xgboost,11581,False,infeasible,very_high_risk,gurobi:Optimal,gurobi,0.5158653855323792,0.5158653855323792,9.992007221626408e-17,0,{},0.5158653855323792,False
monotone_xgboost,11584,False,infeasible,very_high_risk,gurobi:Infeasible,gurobi,0.9712800979614258,0.9712800979614258,0.0,0,{},0.9712800979614258,False
monotone_xgboost,11592,True,feasible,near_threshold,gurobi:Optimal,gurobi,0.28656676411628723,0.28656676411628723,2.310651670001107e-16,0,{},0.28656676411628723,True
monotone_xgboost,11650,False,infeasible,very_high_risk,gurobi:Infeasible|refined_3,gurobi,0.5616459250450134,0.4850757420063019,0.06947368421052633,1,"{""NumberOfOpenCreditLinesAndLoans"": -0.038596491228070184}",0.4850757420063019,False
monotone_xgboost,11702,False,infeasible,very_high_risk,gurobi:Optimal,gurobi,0.5776402950286865,0.5776402950286865,3.3098523921637476e-16,0,{},0.5776402950286865,False
monotone_xgboost,11765,True,feasible,near_threshold,gurobi:Optimal,gurobi,0.047830477356910706,0.047830477356910706,4.996003610813204e-16,0,{},0.047830477356910706,True
monotone_xgboost,11794,False,infeasible,high_risk,gurobi:Optimal,gurobi,0.46727532148361206,0.46727532148361206,2.9976021664879224e-16,0,{},0.46727532148361206,False
monotone_xgboost,11797,False,infeasible,very_high_risk,gurobi:Infeasible,gurobi,0.6070933938026428,0.6070933938026428,0.0,0,{},0.6070933938026428,False
monotone_xgboost,11799,False,infeasible,very_high_risk,gurobi:Optimal,gurobi,0.7133780121803284,0.624118983745575,1.0386696187821116,1,"{""MonthlyIncome"": 0.08309356950256894}",0.624118983745575,False
monotone_xgboost,11829,False,infeasible,very_high_risk,gurobi:Infeasible,gurobi,0.9339452981948853,0.9339452981948853,0.0,0,{},0.9339452981948853,False
monotone_xgboost,11869,False,infeasible,moderate_risk,gurobi:Optimal,gurobi,0.3825719356536865,0.3825719356536865,0.0,0,{},0.3825719356536865,False
monotone_xgboost,11887,False,infeasible,very_high_risk,gurobi:Optimal,gurobi,0.6571670174598694,0.6242348551750183,0.6633959140301731,1,"{""MonthlyIncome"": 0.05307167312241384}",0.6242348551750183,False
monotone_xgboost,11891,False,infeasible,very_high_risk,gurobi:Infeasible|refined_2,gurobi,0.501154363155365,0.45650261640548706,0.03473684210526316,1,"{""NumberOfOpenCreditLinesAndLoans"": -0.019298245614035092}",0.45650261640548706,False
monotone_xgboost,11927,False,infeasible,very_high_risk,gurobi:Optimal|refined_4,gurobi,0.6743925213813782,0.5440387725830078,0.8886923852279186,2,"{""MonthlyIncome"": 0.06351644344981244, ""NumberOfOpenCreditLinesAndLoans"": 0.05263157894736842}",0.5440387725830078,False
monotone_xgboost,11937,True,feasible,near_threshold,gurobi:Infeasible,gurobi,0.16531185805797577,0.16531185805797577,0.0,0,{},0.16531185805797577,True
monotone_xgboost,11982,False,infeasible,very_high_risk,gurobi:Optimal|refined_2,gurobi,0.6670833826065063,0.5793591737747192,0.7906831511533216,3,"{""MonthlyIncome"": 0.054093730359743485, ""NumberOfOpenCreditLinesAndLoans"": -0.014035087719298248, ""NumberRealEstateLoansOrLines"": -0.018867924528301886}",0.5793591737747192,False
monotone_xgboost,12188,True,feasible,high_risk,gurobi:Optimal|refined_2,gurobi,0.46787819266319275,0.29834678769111633,1.7483880266710095,3,"{""DebtRatio"": -7.419585730543167e-07, ""MonthlyIncome"": 0.13043877040833105, ""NumberOfOpenCreditLinesAndLoans"": 0.06549982598555898}",0.29834678769111633,True
monotone_xgboost,12225,True,feasible,near_threshold,gurobi:Optimal,gurobi,0.08299866318702698,0.08299866318702698,4.746203430272544e-16,0,{},0.08299866318702698,True
monotone_xgboost,12281,True,feasible,near_threshold,gurobi:Optimal,gurobi,0.26567089557647705,0.17226310074329376,0.02761821320315865,1,"{""MonthlyIncome"": 0.002209457056252692}",0.17226310074329376,True
monotone_xgboost,12321,True,feasible,near_threshold,gurobi:Optimal,gurobi,0.04804510995745659,0.04804510995745659,4.996003610813204e-16,0,{},0.04804510995745659,True
monotone_xgboost,12360,False,near_feasible,very_high_risk,gurobi:Optimal|refined_2,gurobi,0.6528322696685791,0.30978912115097046,1.4696403247769632,3,"{""MonthlyIncome"": 0.09337267131090612, ""NumberOfOpenCreditLinesAndLoans"": -0.019298245614035092, ""NumberRealEstateLoansOrLines"": -0.05660377358490566}",0.30978912115097046,False
monotone_xgboost,12365,False,infeasible,very_high_risk,gurobi:Infeasible|refined_3,gurobi,0.6725743412971497,0.6401010155677795,0.0536842105263158,1,"{""NumberOfOpenCreditLinesAndLoans"": -0.02982456140350878}",0.6401010155677795,False
monotone_xgboost,12393,False,infeasible,very_high_risk,gurobi:Infeasible,gurobi,0.8515218496322632,0.8515218496322632,0.0,0,{},0.8515218496322632,False
monotone_xgboost,12421,False,infeasible,high_risk,gurobi:Optimal|refined_5,gurobi,0.423644095659256,0.32395997643470764,0.10736842105263107,1,"{""NumberOfOpenCreditLinesAndLoans"": -0.05964912280701727}",0.32395997643470764,False
monotone_xgboost,12428,False,infeasible,very_high_risk,gurobi:Optimal,gurobi,0.5024736523628235,0.3804018497467041,0.949991042543263,1,"{""MonthlyIncome"": 0.07599928340346104}",0.3804018497467041,False
monotone_xgboost,12485,True,feasible,near_threshold,gurobi:Optimal,gurobi,0.253017783164978,0.16517774760723114,0.5818441308667691,2,"{""MonthlyIncome"": 0.03940766136839824, ""NumberRealEstateLoansOrLines"": -0.018867924528301886}",0.16517774760723114,True
monotone_xgboost,12565,False,infeasible,very_high_risk,gurobi:Infeasible|refined_2,gurobi,0.6998273730278015,0.6991623044013977,0.020526315789473684,1,"{""NumberOfOpenCreditLinesAndLoans"": -0.011403508771929825}",0.6991623044013977,False
monotone_xgboost,12593,False,infeasible,high_risk,gurobi:Optimal,gurobi,0.4316764175891876,0.38131406903266907,0.9494059191141719,1,"{""MonthlyIncome"": 0.07595247352913376}",0.38131406903266907,False
monotone_xgboost,12609,False,infeasible,very_high_risk,gurobi:Optimal,gurobi,0.644676923751831,0.48687461018562317,0.6915596891071228,2,"{""MonthlyIncome"": 0.04818490602762654, ""NumberRealEstateLoansOrLines"": -0.018867924528301886}",0.48687461018562317,False
monotone_xgboost,12652,False,infeasible,near_threshold,gurobi:Optimal,gurobi,0.3388976454734802,0.3388976454734802,0.0,0,{},0.3388976454734802,False
monotone_xgboost,12658,False,infeasible,very_high_risk,gurobi:Infeasible|refined_3,gurobi,0.8009113669395447,0.7836146950721741,0.06947368421052633,1,"{""NumberOfOpenCreditLinesAndLoans"": -0.038596491228070184}",0.7836146950721741,False
monotone_xgboost,12668,True,feasible,near_threshold,gurobi:Infeasible,gurobi,0.09322453290224075,0.09322453290224075,0.0,0,{},0.09322453290224075,True
monotone_xgboost,12762,False,infeasible,very_high_risk,gurobi:Optimal|refined_3,gurobi,0.7004045248031616,0.5754737854003906,1.673588438097865,2,"{""MonthlyIncome"": 0.12959233820572394, ""NumberOfOpenCreditLinesAndLoans"": -0.02982456140350878}",0.5754737854003906,False
monotone_xgboost,12831,False,infeasible,high_risk,gurobi:Optimal,gurobi,0.4238395094871521,0.4238395094871521,4.996003610813204e-16,0,{},0.4238395094871521,False
monotone_xgboost,12833,True,feasible,near_threshold,gurobi:Optimal,gurobi,0.256212055683136,0.256212055683136,3.747002708109903e-16,0,{},0.256212055683136,True
monotone_xgboost,12895,False,infeasible,very_high_risk,gurobi:Infeasible|refined_2,gurobi,0.53615403175354,0.5342441201210022,0.03473684210526316,1,"{""NumberOfOpenCreditLinesAndLoans"": 0.019298245614035092}",0.5342441201210022,False
monotone_xgboost,12914,False,infeasible,very_high_risk,gurobi:Infeasible|refined_3,gurobi,0.9575796127319336,0.9482672214508057,0.06947368421052633,1,"{""NumberOfOpenCreditLinesAndLoans"": -0.038596491228070184}",0.9482672214508057,False
monotone_xgboost,12960,False,infeasible,very_high_risk,gurobi:Infeasible|refined_4,gurobi,0.8608546853065491,0.8287293314933777,0.09473684210526315,1,"{""NumberOfOpenCreditLinesAndLoans"": 0.05263157894736842}",0.8287293314933777,False
monotone_xgboost,12963,False,infeasible,very_high_risk,gurobi:Optimal|refined_2,gurobi,0.5110925436019897,0.481308251619339,0.03157894736842141,1,"{""NumberOfOpenCreditLinesAndLoans"": 0.017543859649122806}",0.481308251619339,False
monotone_xgboost,13010,False,infeasible,high_risk,gurobi:Optimal,gurobi,0.4821740686893463,0.3902215361595154,1.5129206206063162,1,"{""MonthlyIncome"": 0.12103364964850528}",0.3902215361595154,False
monotone_xgboost,13064,False,infeasible,very_high_risk,gurobi:Infeasible,gurobi,0.8298757076263428,0.8298757076263428,0.0,0,{},0.8298757076263428,False
monotone_xgboost,13146,False,infeasible,very_high_risk,gurobi:Infeasible,gurobi,0.5563875436782837,0.5563875436782837,0.0,0,{},0.5563875436782837,False
monotone_xgboost,13150,False,infeasible,very_high_risk,gurobi:Infeasible,gurobi,0.9621001482009888,0.9621001482009888,0.0,0,{},0.9621001482009888,False
monotone_xgboost,13178,False,infeasible,high_risk,gurobi:Infeasible,gurobi,0.43967336416244507,0.43967336416244507,0.0,0,{},0.43967336416244507,False
monotone_xgboost,13213,False,infeasible,very_high_risk,gurobi:Infeasible,gurobi,0.9300903081893921,0.9300903081893921,0.0,0,{},0.9300903081893921,False
monotone_xgboost,13242,False,infeasible,very_high_risk,gurobi:Infeasible|refined_5,gurobi,0.5951910614967346,0.4730258285999298,0.13894736842105265,1,"{""NumberOfOpenCreditLinesAndLoans"": -0.07719298245614037}",0.4730258285999298,False
monotone_xgboost,13251,False,infeasible,very_high_risk,gurobi:Infeasible,gurobi,0.7611525058746338,0.7611525058746338,0.0,0,{},0.7611525058746338,False
monotone_xgboost,13288,True,feasible,near_threshold,gurobi:Infeasible,gurobi,0.10780321806669235,0.10780321806669235,0.0,0,{},0.10780321806669235,True
monotone_xgboost,13297,False,infeasible,very_high_risk,gurobi:Infeasible,gurobi,0.8501625061035156,0.8501625061035156,0.0,0,{},0.8501625061035156,False
monotone_xgboost,13378,True,feasible,near_threshold,gurobi:Optimal,gurobi,0.23600848019123077,0.14454932510852814,1.3837101362727144,1,"{""MonthlyIncome"": 0.11069681090181716}",0.14454932510852814,True
monotone_xgboost,13404,False,infeasible,very_high_risk,gurobi:Optimal|refined_2,gurobi,0.5880708694458008,0.5877012014389038,0.018947368421052397,1,"{""NumberOfOpenCreditLinesAndLoans"": -0.010526315789473556}",0.5877012014389038,False
monotone_xgboost,13461,False,infeasible,very_high_risk,gurobi:Optimal|refined_3,gurobi,0.6196455359458923,0.49761614203453064,1.4816540483100653,2,"{""MonthlyIncome"": 0.11423758702269995, ""NumberOfOpenCreditLinesAndLoans"": -0.02982456140350878}",0.49761614203453064,False
monotone_xgboost,13514,False,infeasible,very_high_risk,gurobi:Infeasible|refined_2,gurobi,0.8481096625328064,0.8401121497154236,0.0268421052631579,1,"{""NumberOfOpenCreditLinesAndLoans"": -0.01491228070175439}",0.8401121497154236,False
monotone_xgboost,13519,False,infeasible,very_high_risk,gurobi:Infeasible,gurobi,0.6262653470039368,0.6262653470039368,0.0,0,{},0.6262653470039368,False
monotone_xgboost,13635,False,infeasible,very_high_risk,gurobi:Infeasible,gurobi,0.6101899147033691,0.6101899147033691,0.0,0,{},0.6101899147033691,False
monotone_xgboost,13721,False,infeasible,very_high_risk,gurobi:Optimal|refined_2,gurobi,0.8073396682739258,0.6086595058441162,0.6418312588689479,2,"{""MonthlyIncome"": 0.04970439544635792, ""NumberOfOpenCreditLinesAndLoans"": -0.011403508771929825}",0.6086595058441162,False
monotone_xgboost,13774,False,infeasible,high_risk,gurobi:Infeasible|refined_2,gurobi,0.4495292007923126,0.42959877848625183,0.029999999999999992,1,"{""NumberOfOpenCreditLinesAndLoans"": -0.016666666666666663}",0.42959877848625183,False
monotone_xgboost,13900,False,infeasible,very_high_risk,gurobi:Optimal|refined_2,gurobi,0.6169163584709167,0.6037856340408325,0.020526315789473382,1,"{""NumberOfOpenCreditLinesAndLoans"": -0.011403508771929659}",0.6037856340408325,False
monotone_xgboost,13917,False,infeasible,very_high_risk,gurobi:Optimal,gurobi,0.658882737159729,0.4176424741744995,1.7686314891155641,2,"{""MonthlyIncome"": 0.12007091182641526, ""NumberRealEstateLoansOrLines"": -0.05660377358490566}",0.4176424741744995,False
monotone_xgboost,13972,False,infeasible,high_risk,gurobi:Optimal,gurobi,0.49035415053367615,0.49035415053367615,4.996003610813204e-16,0,{},0.49035415053367615,False
monotone_xgboost,14036,True,feasible,near_threshold,gurobi:Optimal,gurobi,0.11015935242176056,0.11015935242176056,2.9976021664879224e-16,0,{},0.11015935242176056,True
monotone_xgboost,14066,False,infeasible,very_high_risk,gurobi:Infeasible|refined_2,gurobi,0.6907269954681396,0.6702125072479248,0.01894736842105263,1,"{""NumberOfOpenCreditLinesAndLoans"": -0.010526315789473684}",0.6702125072479248,False
monotone_xgboost,14146,False,infeasible,very_high_risk,gurobi:Optimal,gurobi,0.6676369309425354,0.49540525674819946,0.86881252016707,1,"{""MonthlyIncome"": 0.06950500161336559}",0.49540525674819946,False
monotone_xgboost,14221,False,infeasible,very_high_risk,gurobi:Infeasible,gurobi,0.726198136806488,0.726198136806488,0.0,0,{},0.726198136806488,False
monotone_xgboost,14275,False,infeasible,high_risk,gurobi:Infeasible|refined_2,gurobi,0.48615002632141113,0.4832146465778351,0.03473684210526316,1,"{""NumberOfOpenCreditLinesAndLoans"": -0.019298245614035092}",0.4832146465778351,False
monotone_xgboost,14346,False,infeasible,very_high_risk,gurobi:Infeasible,gurobi,0.9068145751953125,0.9068145751953125,0.0,0,{},0.9068145751953125,False
monotone_xgboost,14353,False,infeasible,very_high_risk,gurobi:Optimal|refined_2,gurobi,0.603896975517273,0.597099244594574,0.020526315789473382,1,"{""NumberOfOpenCreditLinesAndLoans"": -0.011403508771929659}",0.597099244594574,False
monotone_xgboost,14384,True,feasible,near_threshold,gurobi:Optimal,gurobi,0.1751358062028885,0.1751358062028885,0.0,0,{},0.1751358062028885,True
monotone_xgboost,14400,False,infeasible,high_risk,gurobi:Infeasible,gurobi,0.4904825985431671,0.4904825985431671,0.0,0,{},0.4904825985431671,False
monotone_xgboost,14452,True,feasible,near_threshold,gurobi:Optimal,gurobi,0.058447469025850296,0.058447469025850296,4.609631847974099e-16,0,{},0.058447469025850296,True
monotone_xgboost,14454,False,infeasible,very_high_risk,gurobi:Infeasible|refined_2,gurobi,0.9151796698570251,0.9136991500854492,0.03473684210526316,1,"{""NumberOfOpenCreditLinesAndLoans"": 0.019298245614035092}",0.9136991500854492,False
monotone_xgboost,14549,False,infeasible,very_high_risk,gurobi:Optimal,gurobi,0.5251255035400391,0.5251255035400391,2.310651670001107e-16,0,{},0.5251255035400391,False
monotone_xgboost,14650,False,infeasible,very_high_risk,gurobi:Optimal,gurobi,0.5394864678382874,0.5394864678382874,2.310651670001107e-16,0,{},0.5394864678382874,False
monotone_xgboost,14652,True,feasible,near_threshold,gurobi:Optimal,gurobi,0.29316186904907227,0.29316186904907227,4.996003610813204e-16,0,{},0.29316186904907227,True
monotone_xgboost,14702,False,infeasible,very_high_risk,gurobi:Infeasible|refined_2,gurobi,0.8847225308418274,0.8675239682197571,0.03473684210526316,1,"{""NumberOfOpenCreditLinesAndLoans"": 0.019298245614035092}",0.8675239682197571,False
monotone_xgboost,14725,False,infeasible,very_high_risk,gurobi:Infeasible,gurobi,0.6339544057846069,0.6339544057846069,0.0,0,{},0.6339544057846069,False
monotone_xgboost,14742,True,feasible,near_threshold,gurobi:Optimal,gurobi,0.2626955509185791,0.16942958533763885,1.2310801412195447,1,"{""MonthlyIncome"": 0.09848641129756358}",0.16942958533763885,True
monotone_xgboost,14755,False,infeasible,very_high_risk,gurobi:Infeasible|refined_7,gurobi,0.5643126368522644,0.366986483335495,0.20842105263157898,1,"{""NumberOfOpenCreditLinesAndLoans"": -0.11578947368421055}",0.366986483335495,False
monotone_xgboost,14777,False,infeasible,very_high_risk,gurobi:Optimal,gurobi,0.5903223156929016,0.5903223156929016,0.0,0,{},0.5903223156929016,False
monotone_xgboost,14812,False,infeasible,very_high_risk,gurobi:Optimal,gurobi,0.6499277353286743,0.5555903911590576,1.4657756650640008,2,"{""MonthlyIncome"": 0.11012218410417678, ""NumberRealEstateLoansOrLines"": -0.018867924528301886}",0.5555903911590576,False
monotone_xgboost,14864,False,infeasible,very_high_risk,gurobi:Optimal,gurobi,0.57005774974823,0.4340127110481262,1.3132135467141248,1,"{""MonthlyIncome"": 0.10505708373712999}",0.4340127110481262,False
monotone_xgboost,14907,False,infeasible,very_high_risk,gurobi:Optimal,gurobi,0.5996850728988647,0.5348570346832275,1.3777454478264985,1,"{""MonthlyIncome"": 0.11021963582611988}",0.5348570346832275,False
monotone_xgboost,15010,False,near_feasible,near_threshold,gurobi:Optimal,gurobi,0.30593112111091614,0.30593112111091614,3.747002708109903e-16,0,{},0.30593112111091614,False
monotone_xgboost,15077,False,infeasible,very_high_risk,gurobi:Infeasible|refined_2,gurobi,0.903541624546051,0.9028127193450928,0.03473684210526316,1,"{""NumberOfOpenCreditLinesAndLoans"": -0.019298245614035092}",0.9028127193450928,False
monotone_xgboost,15126,False,infeasible,high_risk,gurobi:Optimal,gurobi,0.44336795806884766,0.44336795806884766,0.0,0,{},0.44336795806884766,False
monotone_xgboost,15217,True,feasible,near_threshold,gurobi:Infeasible,gurobi,0.269633948802948,0.269633948802948,0.0,0,{},0.269633948802948,True
monotone_xgboost,15245,False,infeasible,very_high_risk,gurobi:Optimal|refined_2,gurobi,0.9464719295501709,0.9382432699203491,0.03473684210526434,1,"{""NumberOfOpenCreditLinesAndLoans"": -0.019298245614035092}",0.9382432699203491,False
monotone_xgboost,15317,False,infeasible,very_high_risk,gurobi:Optimal,gurobi,0.5483169555664062,0.5483169555664062,9.190188320247349e-16,0,{},0.5483169555664062,False
monotone_xgboost,15337,False,infeasible,very_high_risk,gurobi:Optimal|refined_4,gurobi,0.5009300708770752,0.37519195675849915,0.6537744282839909,2,"{""MonthlyIncome"": 0.04585984899956138, ""NumberOfOpenCreditLinesAndLoans"": -0.044736842105263165}",0.37519195675849915,False
monotone_xgboost,15350,False,infeasible,very_high_risk,gurobi:Optimal|refined_2,gurobi,0.6013912558555603,0.5766772031784058,0.025263157894736467,1,"{""NumberOfOpenCreditLinesAndLoans"": -0.01403508771929804}",0.5766772031784058,False
monotone_xgboost,15467,False,infeasible,high_risk,gurobi:Optimal|refined_2,gurobi,0.4274207651615143,0.32925745844841003,1.4379518374534308,2,"{""MonthlyIncome"": 0.11326772594364289, ""NumberOfOpenCreditLinesAndLoans"": -0.012280701754385961}",0.32925745844841003,False
monotone_xgboost,15478,False,infeasible,very_high_risk,gurobi:Optimal|refined_2,gurobi,0.7512998580932617,0.616021990776062,0.9911444503527409,2,"{""MonthlyIncome"": 0.07689155602821927, ""NumberOfOpenCreditLinesAndLoans"": -0.016666666666666663}",0.616021990776062,False
monotone_xgboost,15502,True,feasible,near_threshold,gurobi:Infeasible,gurobi,0.2818818688392639,0.2818818688392639,0.0,0,{},0.2818818688392639,True
monotone_xgboost,15530,False,infeasible,high_risk,gurobi:Optimal|refined_2,gurobi,0.4620586931705475,0.4584219455718994,0.018947368421052397,1,"{""NumberOfOpenCreditLinesAndLoans"": -0.010526315789473556}",0.4584219455718994,False
monotone_xgboost,15531,False,infeasible,very_high_risk,gurobi:Infeasible|refined_2,gurobi,0.9596225619316101,0.9574924111366272,0.0268421052631579,1,"{""NumberOfOpenCreditLinesAndLoans"": -0.01491228070175439}",0.9574924111366272,False
monotone_xgboost,15644,False,infeasible,very_high_risk,gurobi:Infeasible|refined_2,gurobi,0.618183434009552,0.581369936466217,0.029999999999999992,1,"{""NumberOfOpenCreditLinesAndLoans"": -0.016666666666666663}",0.581369936466217,False
monotone_xgboost,15645,False,infeasible,very_high_risk,gurobi:Infeasible|refined_6,gurobi,0.9200882315635681,0.8089367151260376,0.1736842105263158,1,"{""NumberOfOpenCreditLinesAndLoans"": -0.09649122807017546}",0.8089367151260376,False
monotone_xgboost,15655,True,feasible,near_threshold,gurobi:Optimal,gurobi,0.13611698150634766,0.11765693128108978,1.5264718394836534,2,"{""MonthlyIncome"": 0.11497787805774898, ""NumberRealEstateLoansOrLines"": -0.018867924528301886}",0.11765693128108978,True
monotone_xgboost,15675,False,infeasible,very_high_risk,gurobi:Infeasible,gurobi,0.7377420663833618,0.7377420663833618,0.0,0,{},0.7377420663833618,False
monotone_xgboost,15743,False,infeasible,high_risk,gurobi:Optimal|refined_2,gurobi,0.46850478649139404,0.466288685798645,0.022105263157894402,1,"{""NumberOfOpenCreditLinesAndLoans"": -0.012280701754385781}",0.466288685798645,False
monotone_xgboost,15790,False,infeasible,very_high_risk,gurobi:Infeasible,gurobi,0.6003133058547974,0.6003133058547974,0.0,0,{},0.6003133058547974,False
monotone_xgboost,15791,True,feasible,near_threshold,gurobi:Optimal,gurobi,0.14604362845420837,0.14604362845420837,9.190188320247349e-16,0,{},0.14604362845420837,True
monotone_xgboost,15847,False,infeasible,very_high_risk,gurobi:Optimal,gurobi,0.5291236042976379,0.39824166893959045,1.332055939663184,1,"{""MonthlyIncome"": 0.10656447517305472}",0.39824166893959045,False
monotone_xgboost,16005,True,feasible,near_threshold,gurobi:Infeasible,gurobi,0.1058332771062851,0.1058332771062851,0.0,0,{},0.1058332771062851,True
monotone_xgboost,16025,True,feasible,near_threshold,gurobi:Optimal,gurobi,0.2690894305706024,0.2690894305706024,3.2474023470285827e-16,0,{},0.2690894305706024,True
monotone_xgboost,16027,False,infeasible,high_risk,gurobi:Infeasible|refined_2,gurobi,0.42378824949264526,0.41621217131614685,0.03473684210526316,1,"{""NumberOfOpenCreditLinesAndLoans"": -0.019298245614035092}",0.41621217131614685,False
monotone_xgboost,16142,False,infeasible,very_high_risk,gurobi:Optimal,gurobi,0.5025318264961243,0.5025318264961243,0.0,0,{},0.5025318264961243,False
monotone_xgboost,16241,False,infeasible,very_high_risk,gurobi:Infeasible,gurobi,0.837748110294342,0.837748110294342,0.0,0,{},0.837748110294342,False
monotone_xgboost,16247,False,infeasible,moderate_risk,gurobi:Infeasible,gurobi,0.3956786096096039,0.3956786096096039,0.0,0,{},0.3956786096096039,False
monotone_xgboost,16256,True,feasible,moderate_risk,gurobi:Optimal,gurobi,0.351256400346756,0.26758500933647156,1.16860094177242,1,"{""MonthlyIncome"": 0.0934880753417936}",0.26758500933647156,True
monotone_xgboost,16319,False,infeasible,very_high_risk,gurobi:Optimal|refined_2,gurobi,0.6450350284576416,0.3330444097518921,1.6174377538378215,3,"{""MonthlyIncome"": 0.11233633473671809, ""NumberOfOpenCreditLinesAndLoans"": -0.019298245614035092, ""NumberRealEstateLoansOrLines"": -0.03773584905660378}",0.3330444097518921,False
monotone_xgboost,16330,True,feasible,near_threshold,gurobi:Optimal,gurobi,0.15891392529010773,0.1074889749288559,1.1025377333799413,1,"{""MonthlyIncome"": 0.0882030186703953}",0.1074889749288559,True
monotone_xgboost,16367,True,feasible,near_threshold,gurobi:Optimal,gurobi,0.23876583576202393,0.23876583576202393,4.996003610813204e-16,0,{},0.23876583576202393,True
monotone_xgboost,16379,False,infeasible,very_high_risk,gurobi:Infeasible,gurobi,0.5511187314987183,0.5511187314987183,0.0,0,{},0.5511187314987183,False
monotone_xgboost,16388,False,near_feasible,near_threshold,gurobi:Optimal|refined_2,gurobi,0.3136640787124634,0.3081553876399994,0.025263157894736467,1,"{""NumberOfOpenCreditLinesAndLoans"": -0.01403508771929804}",0.3081553876399994,False
monotone_xgboost,16463,False,infeasible,very_high_risk,gurobi:Optimal,gurobi,0.5822391510009766,0.5822391510009766,3.747002708109903e-16,0,{},0.5822391510009766,False
monotone_xgboost,16485,False,infeasible,high_risk,gurobi:Optimal,gurobi,0.4557796120643616,0.35437503457069397,0.5731776722980302,1,"{""MonthlyIncome"": 0.04585421378384241}",0.35437503457069397,False
monotone_xgboost,16495,True,feasible,moderate_risk,gurobi:Optimal|refined_1,gurobi,0.35945600271224976,0.2850468158721924,0.09319937832400098,2,"{""MonthlyIncome"": 0.00480331868697271, ""NumberOfOpenCreditLinesAndLoans"": -0.01842105263157895}",0.2850468158721924,True
monotone_xgboost,16618,False,infeasible,very_high_risk,gurobi:Optimal,gurobi,0.5893273949623108,0.5893273949623108,0.0,0,{},0.5893273949623108,False
monotone_xgboost,16633,True,feasible,near_threshold,gurobi:Optimal,gurobi,0.1462090164422989,0.03376418724656105,1.5943811091171176,2,"{""RevolvingUtilizationOfUnsecuredLines"": -7.601520471397505e-07, ""MonthlyIncome"": 0.12755026068375527}",0.03376418724656105,True
monotone_xgboost,16645,False,near_feasible,moderate_risk,gurobi:Optimal|refined_2,gurobi,0.37398314476013184,0.3033779561519623,1.611743871042669,2,"{""MonthlyIncome"": 0.12653950968341351, ""NumberOfOpenCreditLinesAndLoans"": -0.016666666666666663}",0.3033779561519623,False
monotone_xgboost,16668,False,infeasible,very_high_risk,gurobi:Infeasible|refined_2,gurobi,0.5732172727584839,0.5644633769989014,0.03473684210526316,1,"{""NumberOfOpenCreditLinesAndLoans"": 0.019298245614035092}",0.5644633769989014,False
monotone_xgboost,16742,True,feasible,moderate_risk,gurobi:Optimal,gurobi,0.37685295939445496,0.2371046543121338,0.09164980437458951,1,"{""MonthlyIncome"": 0.007331984349967161}",0.2371046543121338,True
monotone_xgboost,16772,False,infeasible,very_high_risk,gurobi:Optimal|refined_2,gurobi,0.7558273077011108,0.5723354816436768,1.702005537930336,3,"{""DebtRatio"": -2.2099643578963664e-07, ""MonthlyIncome"": 0.13043877040833105, ""NumberOfOpenCreditLinesAndLoans"": 0.03973322380223282}",0.5723354816436768,False
monotone_xgboost,16807,False,infeasible,very_high_risk,gurobi:Optimal,gurobi,0.5576776266098022,0.43572601675987244,1.0354099989597707,1,"{""MonthlyIncome"": 0.08283279991678165}",0.43572601675987244,False
monotone_xgboost,16881,False,infeasible,moderate_risk,gurobi:Optimal|refined_3,gurobi,0.3786352276802063,0.3570355176925659,1.5169431219385747,3,"{""MonthlyIncome"": 0.10202307997425203, ""NumberOfOpenCreditLinesAndLoans"": -0.03508771929824561, ""NumberRealEstateLoansOrLines"": -0.03773584905660378}",0.3570355176925659,False
monotone_xgboost,16929,False,infeasible,very_high_risk,gurobi:Optimal,gurobi,0.5548531413078308,0.5548531413078308,2.9976021664879224e-16,0,{},0.5548531413078308,False
monotone_xgboost,16930,False,infeasible,very_high_risk,gurobi:Optimal,gurobi,0.500244677066803,0.500244677066803,6.994405055138485e-16,0,{},0.500244677066803,False
monotone_xgboost,16955,True,feasible,near_threshold,gurobi:Optimal,gurobi,0.2970196306705475,0.2970196306705475,0.0,0,{},0.2970196306705475,True
monotone_xgboost,16959,False,infeasible,very_high_risk,gurobi:Optimal,gurobi,0.5285677313804626,0.5285677313804626,2.310651670001107e-16,0,{},0.5285677313804626,False
monotone_xgboost,16992,True,feasible,near_threshold,gurobi:Infeasible,gurobi,0.19804280996322632,0.19804280996322632,0.0,0,{},0.19804280996322632,True
monotone_xgboost,17000,False,infeasible,high_risk,gurobi:Optimal,gurobi,0.4864179790019989,0.4864179790019989,4.996003610813204e-16,0,{},0.4864179790019989,False
monotone_xgboost,17065,False,infeasible,very_high_risk,gurobi:Infeasible|refined_4,gurobi,0.6042230725288391,0.5464456081390381,0.09473684210526315,1,"{""NumberOfOpenCreditLinesAndLoans"": 0.05263157894736842}",0.5464456081390381,False
monotone_xgboost,17104,False,infeasible,very_high_risk,gurobi:Infeasible,gurobi,0.6247610449790955,0.6247610449790955,0.0,0,{},0.6247610449790955,False
monotone_xgboost,17122,False,infeasible,high_risk,gurobi:Optimal,gurobi,0.4690627157688141,0.4690627157688141,0.0,0,{},0.4690627157688141,False
monotone_xgboost,17142,True,feasible,near_threshold,gurobi:Optimal,gurobi,0.27938252687454224,0.27938252687454224,0.0,0,{},0.27938252687454224,True
monotone_xgboost,17193,False,infeasible,very_high_risk,gurobi:Infeasible,gurobi,0.8399120569229126,0.8399120569229126,0.0,0,{},0.8399120569229126,False
monotone_xgboost,17226,False,infeasible,high_risk,gurobi:Optimal,gurobi,0.4467658996582031,0.4467658996582031,0.0,0,{},0.4467658996582031,False
monotone_xgboost,17242,False,infeasible,very_high_risk,gurobi:Infeasible|refined_2,gurobi,0.5762811899185181,0.5538615584373474,0.03157894736842105,1,"{""NumberOfOpenCreditLinesAndLoans"": 0.017543859649122806}",0.5538615584373474,False
monotone_xgboost,17245,False,infeasible,very_high_risk,gurobi:Infeasible|refined_2,gurobi,0.7871325016021729,0.7520331144332886,0.03157894736842105,1,"{""NumberOfOpenCreditLinesAndLoans"": -0.017543859649122806}",0.7520331144332886,False
monotone_xgboost,17310,False,infeasible,very_high_risk,gurobi:Optimal|refined_2,gurobi,0.5931749939918518,0.45020923018455505,0.03473684210526369,1,"{""NumberOfOpenCreditLinesAndLoans"": -0.019298245614035092}",0.45020923018455505,False
monotone_xgboost,17379,False,infeasible,very_high_risk,gurobi:Optimal|refined_2,gurobi,0.5927743315696716,0.5178619623184204,1.282490812201554,2,"{""MonthlyIncome"": 0.10045189655507168, ""NumberOfOpenCreditLinesAndLoans"": -0.01491228070175439}",0.5178619623184204,False
monotone_xgboost,17415,False,infeasible,high_risk,gurobi:Optimal,gurobi,0.44108787178993225,0.44108787178993225,4.996003610813204e-16,0,{},0.44108787178993225,False
monotone_xgboost,17443,False,infeasible,very_high_risk,gurobi:Infeasible,gurobi,0.6558828353881836,0.6558828353881836,0.0,0,{},0.6558828353881836,False
monotone_xgboost,17516,False,infeasible,very_high_risk,gurobi:Optimal,gurobi,0.6188741326332092,0.6188741326332092,0.0,0,{},0.6188741326332092,False
monotone_xgboost,17596,False,infeasible,very_high_risk,gurobi:Infeasible|refined_2,gurobi,0.7105307579040527,0.6783364415168762,0.029999999999999992,1,"{""NumberOfOpenCreditLinesAndLoans"": -0.016666666666666663}",0.6783364415168762,False
monotone_xgboost,17615,False,infeasible,very_high_risk,gurobi:Infeasible|refined_5,gurobi,0.6194078922271729,0.6039432287216187,0.10105263157894737,1,"{""NumberOfOpenCreditLinesAndLoans"": -0.05614035087719299}",0.6039432287216187,False
monotone_xgboost,17782,False,infeasible,very_high_risk,gurobi:Infeasible|refined_3,gurobi,0.7548893690109253,0.7462978959083557,0.06631578947368422,1,"{""NumberOfOpenCreditLinesAndLoans"": 0.0368421052631579}",0.7462978959083557,False
monotone_xgboost,17807,False,infeasible,very_high_risk,gurobi:Infeasible,gurobi,0.7211002111434937,0.7211002111434937,0.0,0,{},0.7211002111434937,False
monotone_xgboost,17855,True,feasible,near_threshold,gurobi:Infeasible,gurobi,0.15354318916797638,0.15354318916797638,0.0,0,{},0.15354318916797638,True
monotone_xgboost,17903,False,infeasible,high_risk,gurobi:Optimal,gurobi,0.4377753734588623,0.34782055020332336,1.57340685945088,1,"{""MonthlyIncome"": 0.1258725487560704}",0.34782055020332336,False
monotone_xgboost,17904,True,feasible,near_threshold,gurobi:Optimal,gurobi,0.2782943546772003,0.2712268531322479,1.2850141240450526,1,"{""MonthlyIncome"": 0.1028011299236042}",0.2712268531322479,True
monotone_xgboost,17927,False,infeasible,very_high_risk,gurobi:Infeasible,gurobi,0.6323999166488647,0.6323999166488647,0.0,0,{},0.6323999166488647,False
monotone_xgboost,17941,False,infeasible,very_high_risk,gurobi:Optimal,gurobi,0.5269551277160645,0.5269551277160645,3.610431125811458e-16,0,{},0.5269551277160645,False
monotone_xgboost,18029,False,infeasible,moderate_risk,gurobi:Optimal,gurobi,0.37779542803764343,0.37779542803764343,3.2474023470285827e-16,0,{},0.37779542803764343,False
monotone_xgboost,18123,False,infeasible,very_high_risk,gurobi:Optimal|refined_2,gurobi,0.7253791093826294,0.5699511170387268,0.7715411387820588,2,"{""MonthlyIncome"": 0.06020750162888049, ""NumberOfOpenCreditLinesAndLoans"": -0.010526315789473684}",0.5699511170387268,False
monotone_xgboost,18168,False,infeasible,very_high_risk,gurobi:Infeasible|refined_2,gurobi,0.5495520234107971,0.4948083162307739,0.0268421052631579,1,"{""NumberOfOpenCreditLinesAndLoans"": -0.01491228070175439}",0.4948083162307739,False
monotone_xgboost,18202,False,infeasible,high_risk,gurobi:Optimal|refined_2,gurobi,0.4535347521305084,0.4291287958621979,0.034736842105263815,1,"{""NumberOfOpenCreditLinesAndLoans"": 0.019298245614035453}",0.4291287958621979,False
monotone_xgboost,18219,False,infeasible,very_high_risk,gurobi:Infeasible,gurobi,0.8845330476760864,0.8845330476760864,0.0,0,{},0.8845330476760864,False
monotone_xgboost,18356,True,feasible,near_threshold,gurobi:Optimal,gurobi,0.11089405417442322,0.11089405417442322,6.994405055138485e-16,0,{},0.11089405417442322,True
monotone_xgboost,18515,False,infeasible,very_high_risk,gurobi:Optimal|refined_2,gurobi,0.6322031617164612,0.49240848422050476,1.1320063793213686,2,"{""MonthlyIncome"": 0.08891840508255158, ""NumberOfOpenCreditLinesAndLoans"": -0.011403508771929825}",0.49240848422050476,False
monotone_xgboost,18556,False,infeasible,high_risk,gurobi:Optimal|refined_2,gurobi,0.42753440141677856,0.4120813310146332,0.03473684210526402,1,"{""NumberOfOpenCreditLinesAndLoans"": -0.019298245614035092}",0.4120813310146332,False
monotone_xgboost,18580,True,feasible,near_threshold,gurobi:Optimal,gurobi,0.22077064216136932,0.13975505530834198,1.5414426314263059,2,"{""MonthlyIncome"": 0.11617554141316118, ""NumberRealEstateLoansOrLines"": -0.018867924528301886}",0.13975505530834198,True
monotone_xgboost,18629,True,feasible,near_threshold,gurobi:Optimal,gurobi,0.22762836515903473,0.22762836515903473,4.996003610813204e-16,0,{},0.22762836515903473,True
monotone_xgboost,18652,False,infeasible,very_high_risk,gurobi:Infeasible|refined_3,gurobi,0.8675826191902161,0.8301665782928467,0.06631578947368422,1,"{""NumberOfOpenCreditLinesAndLoans"": -0.0368421052631579}",0.8301665782928467,False
monotone_xgboost,18668,False,infeasible,very_high_risk,gurobi:Optimal,gurobi,0.6619923114776611,0.5713278651237488,0.6424788016355489,1,"{""MonthlyIncome"": 0.05139830413084392}",0.5713278651237488,False
monotone_xgboost,18683,False,infeasible,very_high_risk,gurobi:Optimal|refined_2,gurobi,0.7118210196495056,0.5784333348274231,0.034736842105263885,1,"{""NumberOfOpenCreditLinesAndLoans"": 0.019298245614035092}",0.5784333348274231,False
monotone_xgboost,18710,False,infeasible,very_high_risk,gurobi:Infeasible,gurobi,0.8215434551239014,0.8215434551239014,0.0,0,{},0.8215434551239014,False
monotone_xgboost,18724,False,infeasible,very_high_risk,gurobi:Infeasible,gurobi,0.6571610569953918,0.6571610569953918,0.0,0,{},0.6571610569953918,False
monotone_xgboost,18859,False,infeasible,very_high_risk,gurobi:Optimal,gurobi,0.6325697898864746,0.6325697898864746,4.2466030691912235e-16,0,{},0.6325697898864746,False
monotone_xgboost,18909,False,infeasible,very_high_risk,gurobi:Infeasible|refined_4,gurobi,0.739010751247406,0.6632149815559387,0.0805263157894737,1,"{""NumberOfOpenCreditLinesAndLoans"": -0.044736842105263165}",0.6632149815559387,False
monotone_xgboost,18937,False,near_feasible,near_threshold,gurobi:Optimal,gurobi,0.3187548816204071,0.3187548816204071,3.747002708109903e-16,0,{},0.3187548816204071,False
monotone_xgboost,19013,False,infeasible,very_high_risk,gurobi:Optimal|refined_5,gurobi,0.5497955679893494,0.46545037627220154,0.11368421052631524,1,"{""NumberOfOpenCreditLinesAndLoans"": -0.0631578947368418}",0.46545037627220154,False
monotone_xgboost,19045,False,infeasible,high_risk,gurobi:Optimal,gurobi,0.4713713824748993,0.4713713824748993,0.0,0,{},0.4713713824748993,False
monotone_xgboost,19052,False,infeasible,high_risk,gurobi:Optimal,gurobi,0.477250874042511,0.477250874042511,3.2474023470285827e-16,0,{},0.477250874042511,False
monotone_xgboost,19120,True,feasible,high_risk,gurobi:Optimal,gurobi,0.4895809292793274,0.23214690387248993,1.7641505432543596,2,"{""MonthlyIncome"": 0.13043877040833105, ""NumberOfOpenCreditLinesAndLoans"": 0.07425884063901197}",0.23214690387248993,True
monotone_xgboost,19121,False,infeasible,high_risk,gurobi:Optimal|refined_3,gurobi,0.4899093508720398,0.4571874439716339,0.04105263157894707,1,"{""NumberOfOpenCreditLinesAndLoans"": -0.022807017543859484}",0.4571874439716339,False
monotone_xgboost,19136,False,infeasible,very_high_risk,gurobi:Infeasible|refined_2,gurobi,0.9108111262321472,0.8863469958305359,0.03473684210526316,1,"{""NumberOfOpenCreditLinesAndLoans"": -0.019298245614035092}",0.8863469958305359,False
monotone_xgboost,19185,False,infeasible,very_high_risk,gurobi:Infeasible,gurobi,0.7068253755569458,0.7068253755569458,0.0,0,{},0.7068253755569458,False
monotone_xgboost,19231,False,infeasible,very_high_risk,gurobi:Infeasible,gurobi,0.6193994879722595,0.6193994879722595,0.0,0,{},0.6193994879722595,False
monotone_xgboost,19437,False,infeasible,very_high_risk,gurobi:Optimal|refined_2,gurobi,0.5889605283737183,0.5349248647689819,0.029999999999999492,1,"{""NumberOfOpenCreditLinesAndLoans"": -0.016666666666666385}",0.5349248647689819,False
monotone_xgboost,19484,True,feasible,moderate_risk,gurobi:Optimal,gurobi,0.3574202060699463,0.24437637627124786,0.9757676371757352,1,"{""MonthlyIncome"": 0.07806141097405882}",0.24437637627124786,True
monotone_xgboost,19522,True,feasible,near_threshold,gurobi:Optimal,gurobi,0.020563391968607903,0.020563391968607903,3.2474023470285827e-16,0,{},0.020563391968607903,True
monotone_xgboost,19560,False,infeasible,very_high_risk,gurobi:Optimal,gurobi,0.6448583006858826,0.6448583006858826,2.310651670001107e-16,0,{},0.6448583006858826,False
monotone_xgboost,19573,True,feasible,near_threshold,gurobi:Infeasible,gurobi,0.16949716210365295,0.16949716210365295,0.0,0,{},0.16949716210365295,True
monotone_xgboost,19590,False,infeasible,high_risk,gurobi:Infeasible|refined_2,gurobi,0.49156489968299866,0.4338510036468506,0.03157894736842105,1,"{""NumberOfOpenCreditLinesAndLoans"": 0.017543859649122806}",0.4338510036468506,False
monotone_xgboost,19622,False,infeasible,high_risk,gurobi:Optimal|refined_2,gurobi,0.46967631578445435,0.44118237495422363,0.03157894736842164,1,"{""NumberOfOpenCreditLinesAndLoans"": 0.017543859649123084}",0.44118237495422363,False
monotone_xgboost,19655,False,infeasible,very_high_risk,gurobi:Optimal,gurobi,0.6155542135238647,0.6155542135238647,2.9976021664879224e-16,0,{},0.6155542135238647,False
monotone_xgboost,19734,False,infeasible,very_high_risk,gurobi:Infeasible,gurobi,0.6877366304397583,0.6877366304397583,0.0,0,{},0.6877366304397583,False
monotone_xgboost,19775,False,infeasible,very_high_risk,gurobi:Optimal|refined_3,gurobi,0.6145756840705872,0.4962446689605713,0.5800890538553128,2,"{""MonthlyIncome"": 0.04211238746631977, ""NumberOfOpenCreditLinesAndLoans"": -0.02982456140350878}",0.4962446689605713,False
monotone_xgboost,19839,False,infeasible,very_high_risk,gurobi:Infeasible,gurobi,0.5878807306289673,0.5878807306289673,0.0,0,{},0.5878807306289673,False
monotone_xgboost,19861,False,infeasible,very_high_risk,gurobi:Infeasible,gurobi,0.5887665748596191,0.5887665748596191,0.0,0,{},0.5887665748596191,False
monotone_xgboost,19883,False,infeasible,very_high_risk,gurobi:Optimal|refined_2,gurobi,0.5033226013183594,0.4996738135814667,0.023684210526315412,1,"{""NumberOfOpenCreditLinesAndLoans"": -0.013157894736841896}",0.4996738135814667,False
monotone_xgboost,19951,True,feasible,near_threshold,gurobi:Infeasible,gurobi,0.27081459760665894,0.27081459760665894,0.0,0,{},0.27081459760665894,True
monotone_xgboost,19965,False,infeasible,very_high_risk,gurobi:Infeasible|refined_4,gurobi,0.8081874251365662,0.7858351469039917,0.0663157894736842,1,"{""NumberOfOpenCreditLinesAndLoans"": -0.03684210526315789}",0.7858351469039917,False
monotone_xgboost,19987,False,infeasible,very_high_risk,gurobi:Infeasible,gurobi,0.8559341430664062,0.8559341430664062,0.0,0,{},0.8559341430664062,False
monotone_xgboost,20000,False,infeasible,very_high_risk,gurobi:Infeasible,gurobi,0.7691819071769714,0.7691819071769714,0.0,0,{},0.7691819071769714,False
monotone_xgboost,20026,True,feasible,near_threshold,gurobi:Optimal,gurobi,0.3010565936565399,0.22904910147190094,0.5639619578933635,1,"{""MonthlyIncome"": 0.04511695663146908}",0.22904910147190094,True
monotone_xgboost,20032,True,feasible,near_threshold,gurobi:Optimal,gurobi,0.1586994230747223,0.1586994230747223,0.0,0,{},0.1586994230747223,True
monotone_xgboost,20056,False,infeasible,high_risk,gurobi:Optimal,gurobi,0.4780656695365906,0.4780656695365906,0.0,0,{},0.4780656695365906,False
monotone_xgboost,20192,False,infeasible,very_high_risk,gurobi:Infeasible|refined_3,gurobi,0.8236353993415833,0.7774408459663391,0.06631578947368422,1,"{""NumberOfOpenCreditLinesAndLoans"": -0.0368421052631579}",0.7774408459663391,False
monotone_xgboost,20201,False,infeasible,very_high_risk,gurobi:Infeasible|refined_2,gurobi,0.8995036482810974,0.8949491381645203,0.03473684210526316,1,"{""NumberOfOpenCreditLinesAndLoans"": 0.019298245614035092}",0.8949491381645203,False
monotone_xgboost,20368,False,infeasible,high_risk,gurobi:Optimal|refined_2,gurobi,0.46480533480644226,0.4624742567539215,0.018947368421052397,1,"{""NumberOfOpenCreditLinesAndLoans"": -0.010526315789473556}",0.4624742567539215,False
monotone_xgboost,20416,False,infeasible,high_risk,gurobi:Optimal,gurobi,0.4782182574272156,0.4062252342700958,1.28920668491411,1,"{""MonthlyIncome"": 0.1031365347931288}",0.4062252342700958,False
monotone_xgboost,20424,False,infeasible,very_high_risk,gurobi:Optimal,gurobi,0.7714143395423889,0.6829251050949097,1.2736564002658965,1,"{""MonthlyIncome"": 0.10189251202127173}",0.6829251050949097,False
monotone_xgboost,20436,False,infeasible,very_high_risk,gurobi:Infeasible,gurobi,0.8823384046554565,0.8823384046554565,0.0,0,{},0.8823384046554565,False
monotone_xgboost,20482,False,infeasible,very_high_risk,gurobi:Infeasible,gurobi,0.7065070271492004,0.7065070271492004,0.0,0,{},0.7065070271492004,False
monotone_xgboost,20515,False,near_feasible,near_threshold,gurobi:Infeasible,gurobi,0.31656742095947266,0.31656742095947266,0.0,0,{},0.31656742095947266,False
monotone_xgboost,20585,False,infeasible,very_high_risk,gurobi:Infeasible|refined_3,gurobi,0.7567577362060547,0.736015796661377,0.06631578947368422,1,"{""NumberOfOpenCreditLinesAndLoans"": 0.0368421052631579}",0.736015796661377,False
monotone_xgboost,20587,False,infeasible,very_high_risk,gurobi:Optimal|refined_4,gurobi,0.6149463057518005,0.5398299694061279,0.09000000000000082,1,"{""NumberOfOpenCreditLinesAndLoans"": -0.04999999999999999}",0.5398299694061279,False
monotone_xgboost,20591,False,infeasible,high_risk,gurobi:Optimal,gurobi,0.4223051965236664,0.38960039615631104,0.6554951729707644,1,"{""MonthlyIncome"": 0.052439613837661145}",0.38960039615631104,False
monotone_xgboost,20621,False,infeasible,very_high_risk,gurobi:Optimal,gurobi,0.676475465297699,0.6058652400970459,1.2926250417030418,1,"{""MonthlyIncome"": 0.10341000333624335}",0.6058652400970459,False
monotone_xgboost,20647,False,infeasible,very_high_risk,gurobi:Infeasible|refined_2,gurobi,0.8171228170394897,0.8042552471160889,0.02210526315789473,1,"{""NumberOfOpenCreditLinesAndLoans"": -0.012280701754385961}",0.8042552471160889,False
monotone_xgboost,20659,False,infeasible,very_high_risk,gurobi:Optimal|refined_4,gurobi,0.5713905096054077,0.4103766679763794,0.5585418141956299,2,"{""MonthlyIncome"": 0.03710439776722934, ""NumberOfOpenCreditLinesAndLoans"": 0.05263157894736842}",0.4103766679763794,False
monotone_xgboost,20660,False,infeasible,very_high_risk,gurobi:Optimal,gurobi,0.5666413307189941,0.4671940803527832,0.4339379923538609,1,"{""MonthlyIncome"": 0.03471503938830886}",0.4671940803527832,False
monotone_xgboost,20665,True,feasible,near_threshold,gurobi:Optimal,gurobi,0.14874304831027985,0.1274801343679428,1.264044639072286,1,"{""MonthlyIncome"": 0.10112357112578288}",0.1274801343679428,True
monotone_xgboost,20670,False,infeasible,very_high_risk,gurobi:Optimal,gurobi,0.6538043022155762,0.6538043022155762,3.747002708109903e-16,0,{},0.6538043022155762,False
monotone_xgboost,20671,True,feasible,near_threshold,gurobi:Infeasible,gurobi,0.22670036554336548,0.22670036554336548,0.0,0,{},0.22670036554336548,True
monotone_xgboost,20700,False,infeasible,very_high_risk,gurobi:Infeasible|refined_4,gurobi,0.7531266808509827,0.6973608136177063,0.09473684210526315,1,"{""NumberOfOpenCreditLinesAndLoans"": 0.05263157894736842}",0.6973608136177063,False
monotone_xgboost,20706,True,feasible,near_threshold,gurobi:Infeasible,gurobi,0.18664512038230896,0.18664512038230896,0.0,0,{},0.18664512038230896,True
monotone_xgboost,20708,True,feasible,near_threshold,gurobi:Optimal,gurobi,0.17207996547222137,0.15555042028427124,1.2755113899712056,2,"{""MonthlyIncome"": 0.09490104209675317, ""NumberRealEstateLoansOrLines"": -0.018867924528301886}",0.15555042028427124,True
monotone_xgboost,20717,False,infeasible,high_risk,gurobi:Infeasible|refined_3,gurobi,0.4505184590816498,0.4191514253616333,0.0631578947368421,1,"{""NumberOfOpenCreditLinesAndLoans"": -0.03508771929824561}",0.4191514253616333,False
monotone_xgboost,20772,True,feasible,near_threshold,gurobi:Optimal,gurobi,0.29411131143569946,0.29411131143569946,0.0,0,{},0.29411131143569946,True
monotone_xgboost,20788,False,infeasible,very_high_risk,gurobi:Infeasible|refined_2,gurobi,0.8615713119506836,0.8315150141716003,0.029999999999999992,1,"{""NumberOfOpenCreditLinesAndLoans"": -0.016666666666666663}",0.8315150141716003,False
monotone_xgboost,20826,False,infeasible,very_high_risk,gurobi:Infeasible|refined_3,gurobi,0.747911810874939,0.6975481510162354,0.06947368421052633,1,"{""NumberOfOpenCreditLinesAndLoans"": -0.038596491228070184}",0.6975481510162354,False
monotone_xgboost,20843,True,feasible,near_threshold,gurobi:Optimal,gurobi,0.0508216954767704,0.0508216954767704,2.9976021664879224e-16,0,{},0.0508216954767704,True
monotone_xgboost,20875,False,infeasible,very_high_risk,gurobi:Optimal,gurobi,0.6761799454689026,0.523313581943512,1.0583548924092923,1,"{""MonthlyIncome"": 0.08466839139274339}",0.523313581943512,False
monotone_xgboost,20955,True,feasible,near_threshold,gurobi:Optimal,gurobi,0.159723699092865,0.159723699092865,2.9976021664879224e-16,0,{},0.159723699092865,True
monotone_xgboost,20987,False,infeasible,very_high_risk,gurobi:Optimal,gurobi,0.5624192357063293,0.5624192357063293,2.310651670001107e-16,0,{},0.5624192357063293,False
monotone_xgboost,21114,False,infeasible,very_high_risk,gurobi:Optimal,gurobi,0.5615759491920471,0.45633989572525024,1.3313706413368653,1,"{""MonthlyIncome"": 0.10650965130694923}",0.45633989572525024,False
monotone_xgboost,21139,False,infeasible,very_high_risk,gurobi:Optimal|refined_2,gurobi,0.6387143135070801,0.4912353456020355,0.9459232080254698,2,"{""MonthlyIncome"": 0.07352648822098495, ""NumberOfOpenCreditLinesAndLoans"": -0.01491228070175439}",0.4912353456020355,False
monotone_xgboost,21145,False,infeasible,high_risk,gurobi:Optimal|refined_2,gurobi,0.48629364371299744,0.4834182560443878,0.020526315789473483,1,"{""NumberOfOpenCreditLinesAndLoans"": -0.011403508771929659}",0.4834182560443878,False
monotone_xgboost,21146,False,infeasible,near_threshold,gurobi:Infeasible,gurobi,0.33453071117401123,0.33453071117401123,0.0,0,{},0.33453071117401123,False
monotone_xgboost,21304,False,infeasible,high_risk,gurobi:Optimal,gurobi,0.43340179324150085,0.4020601212978363,0.9173602828907685,1,"{""MonthlyIncome"": 0.07338882263126148}",0.4020601212978363,False
monotone_xgboost,21365,False,infeasible,high_risk,gurobi:Optimal|refined_2,gurobi,0.4099591076374054,0.4017755091190338,0.03473684210526402,1,"{""NumberOfOpenCreditLinesAndLoans"": -0.019298245614035092}",0.4017755091190338,False
monotone_xgboost,21407,False,near_feasible,near_threshold,gurobi:Infeasible|refined_2,gurobi,0.315718412399292,0.31468483805656433,0.020526315789473684,1,"{""NumberOfOpenCreditLinesAndLoans"": -0.011403508771929825}",0.31468483805656433,False
monotone_xgboost,21427,False,infeasible,very_high_risk,gurobi:Infeasible,gurobi,0.862343966960907,0.862343966960907,0.0,0,{},0.862343966960907,False
monotone_xgboost,21454,False,infeasible,very_high_risk,gurobi:Optimal|refined_2,gurobi,0.5409460663795471,0.5350175499916077,0.018947368421052397,1,"{""NumberOfOpenCreditLinesAndLoans"": -0.010526315789473556}",0.5350175499916077,False
monotone_xgboost,21455,False,infeasible,very_high_risk,gurobi:Infeasible,gurobi,0.7772842049598694,0.7772842049598694,0.0,0,{},0.7772842049598694,False
monotone_xgboost,21461,False,infeasible,very_high_risk,gurobi:Optimal|refined_2,gurobi,0.6750748157501221,0.634871244430542,0.03473684210526402,1,"{""NumberOfOpenCreditLinesAndLoans"": -0.019298245614035092}",0.634871244430542,False
monotone_xgboost,21513,False,infeasible,moderate_risk,gurobi:Optimal|refined_3,gurobi,0.3650530278682709,0.3397061824798584,0.04105263157894707,1,"{""NumberOfOpenCreditLinesAndLoans"": -0.022807017543859484}",0.3397061824798584,False
monotone_xgboost,21606,True,feasible,near_threshold,gurobi:Optimal,gurobi,0.2536773979663849,0.11689969152212143,1.3807708423740281,2,"{""MonthlyIncome"": 0.08904206008709238, ""NumberRealEstateLoansOrLines"": -0.05660377358490566}",0.11689969152212143,True
monotone_xgboost,21608,False,infeasible,very_high_risk,gurobi:Infeasible|refined_5,gurobi,0.6723026037216187,0.5927373170852661,0.11368421052631573,1,"{""NumberOfOpenCreditLinesAndLoans"": -0.06315789473684208}",0.5927373170852661,False
monotone_xgboost,21670,True,feasible,near_threshold,gurobi:Optimal,gurobi,0.14381229877471924,0.14381229877471924,4.996003610813204e-16,0,{},0.14381229877471924,True
monotone_xgboost,21748,False,infeasible,very_high_risk,gurobi:Optimal,gurobi,0.7074939012527466,0.7074939012527466,2.310651670001107e-16,0,{},0.7074939012527466,False
monotone_xgboost,21764,True,feasible,near_threshold,gurobi:Optimal,gurobi,0.05435805022716522,0.05435805022716522,4.996003610813204e-16,0,{},0.05435805022716522,True
monotone_xgboost,21766,False,infeasible,very_high_risk,gurobi:Infeasible,gurobi,0.8155911564826965,0.8155911564826965,0.0,0,{},0.8155911564826965,False
monotone_xgboost,21772,False,infeasible,very_high_risk,gurobi:Infeasible,gurobi,0.8919764757156372,0.8919764757156372,0.0,0,{},0.8919764757156372,False
monotone_xgboost,21802,False,infeasible,very_high_risk,gurobi:Infeasible,gurobi,0.8682624101638794,0.8682624101638794,0.0,0,{},0.8682624101638794,False
monotone_xgboost,21816,True,feasible,near_threshold,gurobi:Optimal,gurobi,0.11967067420482635,0.03929965943098068,1.3236001865452938,2,"{""RevolvingUtilizationOfUnsecuredLines"": -7.691936184909313e-08, ""MonthlyIncome"": 0.10588799184781494}",0.03929965943098068,True
monotone_xgboost,21825,False,infeasible,moderate_risk,gurobi:Infeasible|refined_2,gurobi,0.3830772042274475,0.33477866649627686,0.03473684210526316,1,"{""NumberOfOpenCreditLinesAndLoans"": -0.019298245614035092}",0.33477866649627686,False
monotone_xgboost,21836,False,infeasible,very_high_risk,gurobi:Infeasible|refined_2,gurobi,0.6533427834510803,0.6289864182472229,0.020526315789473684,1,"{""NumberOfOpenCreditLinesAndLoans"": -0.011403508771929825}",0.6289864182472229,False
monotone_xgboost,21857,False,infeasible,high_risk,gurobi:Optimal,gurobi,0.4712919294834137,0.3757935166358948,0.34774519017925243,1,"{""MonthlyIncome"": 0.027819615214340183}",0.3757935166358948,False
monotone_xgboost,21982,False,infeasible,very_high_risk,gurobi:Infeasible|refined_2,gurobi,0.8458450436592102,0.8365804553031921,0.03473684210526316,1,"{""NumberOfOpenCreditLinesAndLoans"": -0.019298245614035092}",0.8365804553031921,False
monotone_xgboost,22008,True,feasible,near_threshold,gurobi:Optimal,gurobi,0.18197011947631836,0.18197011947631836,3.2474023470285827e-16,0,{},0.18197011947631836,True
monotone_xgboost,22020,False,infeasible,very_high_risk,gurobi:Optimal,gurobi,0.6237847208976746,0.4845138490200043,0.5068974939315638,2,"{""MonthlyIncome"": 0.033411930413581814, ""NumberRealEstateLoansOrLines"": -0.018867924528301886}",0.4845138490200043,False
monotone_xgboost,22109,True,feasible,near_threshold,gurobi:Infeasible,gurobi,0.20003263652324677,0.20003263652324677,0.0,0,{},0.20003263652324677,True
monotone_xgboost,22125,False,infeasible,very_high_risk,gurobi:Optimal,gurobi,0.600651204586029,0.600651204586029,3.3098523921637476e-16,0,{},0.600651204586029,False
monotone_xgboost,22209,False,infeasible,very_high_risk,gurobi:Infeasible,gurobi,0.8802921772003174,0.8802921772003174,0.0,0,{},0.8802921772003174,False
monotone_xgboost,22211,True,feasible,near_threshold,gurobi:Optimal,gurobi,0.10958278924226761,0.10958278924226761,5.995204332975845e-16,0,{},0.10958278924226761,True
monotone_xgboost,22235,True,feasible,near_threshold,gurobi:Optimal,gurobi,0.17224498093128204,0.17224498093128204,4.996003610813204e-16,0,{},0.17224498093128204,True
monotone_xgboost,22256,False,infeasible,very_high_risk,gurobi:Optimal,gurobi,0.5111852884292603,0.3877364993095398,0.6667225079287464,1,"{""MonthlyIncome"": 0.05333780063429971}",0.3877364993095398,False
monotone_xgboost,22312,False,near_feasible,moderate_risk,gurobi:Optimal,gurobi,0.3679000735282898,0.3132864534854889,1.3941910840284304,1,"{""MonthlyIncome"": 0.11153528672227443}",0.3132864534854889,False
monotone_xgboost,22336,False,infeasible,very_high_risk,gurobi:Infeasible|refined_3,gurobi,0.5826170444488525,0.5066981315612793,0.06947368421052633,1,"{""NumberOfOpenCreditLinesAndLoans"": -0.038596491228070184}",0.5066981315612793,False
monotone_xgboost,22388,True,feasible,near_threshold,gurobi:Infeasible,gurobi,0.051737911999225616,0.051737911999225616,0.0,0,{},0.051737911999225616,True
monotone_xgboost,22413,False,infeasible,very_high_risk,gurobi:Infeasible|refined_4,gurobi,0.7459958791732788,0.7015908360481262,0.0663157894736842,1,"{""NumberOfOpenCreditLinesAndLoans"": -0.03684210526315789}",0.7015908360481262,False
monotone_xgboost,22479,False,infeasible,very_high_risk,gurobi:Infeasible|refined_2,gurobi,0.8560653924942017,0.8525137305259705,0.02526315789473684,1,"{""NumberOfOpenCreditLinesAndLoans"": -0.014035087719298248}",0.8525137305259705,False
monotone_xgboost,22483,False,infeasible,very_high_risk,gurobi:Infeasible,gurobi,0.8237957954406738,0.8237957954406738,0.0,0,{},0.8237957954406738,False
monotone_xgboost,22493,False,infeasible,very_high_risk,gurobi:Infeasible|refined_2,gurobi,0.8990142941474915,0.853907585144043,0.03473684210526316,1,"{""NumberOfOpenCreditLinesAndLoans"": 0.019298245614035092}",0.853907585144043,False
