predictor_label,test_index,feasible,recourse_band,original_score_band,solver_status,solver_family,original_score,new_score,total_cost,n_changed_features,changed_features,validity_reconstructed_score,validity_passes_threshold
xcreditscore_lattice,0,True,feasible,moderate_risk,gurobi_exact:Optimal,gurobi_exact,0.48150479793548584,0.27631351351737976,0.16360152258116958,3,"{""NumSatisfactoryTrades"": 0.08016877637130798, ""PercentTradesNeverDelq"": 0.029618081681465847, ""MSinceMostRecentInqexcl7days"": 0.1111111111111111}",0.27631351351737976,True
xcreditscore_lattice,2,False,infeasible,very_high_risk,gurobi_exact:Optimal|refined_32,gurobi_exact,0.6388004422187805,0.4518616497516632,0.28938911784477395,4,"{""NumSatisfactoryTrades"": 0.01848101265822788, ""PercentTradesNeverDelq"": 0.15000000000000002, ""MSinceMostRecentDelq"": 0.1951807228915663, ""RevolvingBurdenPerTrade"": -0.0017241379310344862}",0.4518616497516632,False
xcreditscore_lattice,4,True,feasible,high_risk,gurobi_exact:Optimal|refined_1,gurobi_exact,0.5477101802825928,0.41837936639785767,0.05603651193378791,1,"{""MSinceMostRecentInqexcl7days"": 0.08741587202772294}",0.41837936639785767,True
xcreditscore_lattice,5,True,feasible,moderate_risk,gurobi_exact:Optimal,gurobi_exact,0.5095756649971008,0.26699650287628174,0.22262807534154602,4,"{""PercentTradesNeverDelq"": 0.06999999999999995, ""MSinceMostRecentDelq"": 0.10707191238755676, ""PercentInstallTrades"": 0.0222222222222222, ""MSinceMostRecentInqexcl7days"": 0.1111111111111111}",0.26699650287628174,True
xcreditscore_lattice,7,False,infeasible,very_high_risk,gurobi_exact:Infeasible|refined_32,gurobi_exact,0.8046649694442749,0.629161536693573,0.289852108703155,4,"{""PercentTradesNeverDelq"": 0.18999999999999906, ""MSinceMostRecentInqexcl7days"": 0.07000000000000003, ""NetFractionRevolvingBurden"": -0.03706896551724137, ""NumRevolvingTradesWBalance"": -0.0062500000000000056}",0.629161536693573,False
xcreditscore_lattice,8,True,feasible,near_threshold,gurobi_exact:Optimal,gurobi_exact,0.4691530764102936,0.3049193322658539,0.0881836620025291,2,"{""ExternalRiskEstimate"": 0.005972569983356046, ""MSinceMostRecentInqexcl7days"": 0.1111111111111111}",0.3049193322658539,True
xcreditscore_lattice,10,False,infeasible,very_high_risk,gurobi_exact:Optimal|refined_32,gurobi_exact,0.925273060798645,0.6595300436019897,1.1986919220734644,10,"{""NumSatisfactoryTrades"": 0.1848101265822785, ""PercentTradesNeverDelq"": 0.12, ""MSinceMostRecentDelq"": 0.19518072289156627, ""PercentInstallTrades"": -0.08000000000000007, ""MSinceMostRecentInqexcl7days"": 0.1111111111111111, ""NumInqLast6M"": -0.05555555555555558, ""NumInqLast6Mexcl7days"": -0.05296243843950185, ""NetFractionInstallBurden"": -0.048979591836734726, ""RevolvingBurdenPerTrade"": -0.038793103448275856, ""InstallBurdenPerTrade"": -0.017142857142857126}",0.6595300436019897,False
xcreditscore_lattice,11,False,infeasible,very_high_risk,gurobi_exact:Infeasible|refined_32,gurobi_exact,0.7651199102401733,0.5005301237106323,0.23280221021227662,4,"{""NumSatisfactoryTrades"": 0.05544303797468356, ""MSinceMostRecentDelq"": 0.0487951807228916, ""MSinceMostRecentInqexcl7days"": 0.12000000000000005, ""PercentTradesWBalance"": -0.13500000000000012}",0.5005301237106323,False
xcreditscore_lattice,12,True,feasible,very_high_risk,gurobi_exact:Optimal,gurobi_exact,0.8279648423194885,0.41143670678138733,0.7088460170312465,5,"{""NumSatisfactoryTrades"": 0.09282700421940926, ""PercentTradesNeverDelq"": 0.17999999999999994, ""MSinceMostRecentInqexcl7days"": 0.1111111111111111, ""NetFractionRevolvingBurden"": -0.17403529087171027, ""PercentTradesWBalance"": -0.2533333333333334}",0.41143670678138733,True
xcreditscore_lattice,13,True,feasible,near_threshold,gurobi_exact:Optimal,gurobi_exact,0.42252564430236816,0.2901277542114258,0.08592379622191895,3,"{""NumSatisfactoryTrades"": 0.002574087564030214, ""PercentTradesNeverDelq"": 0.040000000000000036, ""MSinceMostRecentInqexcl7days"": 0.06944444444444445}",0.2901277542114258,True
xcreditscore_lattice,15,True,feasible,high_risk,gurobi_exact:Optimal,gurobi_exact,0.5552093386650085,0.264260470867157,0.23520634963976014,2,"{""PercentTradesNeverDelq"": 0.1665716664150666, ""MSinceMostRecentInqexcl7days"": 0.1111111111111111}",0.264260470867157,True
xcreditscore_lattice,16,False,infeasible,very_high_risk,gurobi_exact:Infeasible|refined_32,gurobi_exact,0.9272805452346802,0.8302315473556519,0.22415309692348429,4,"{""NumSatisfactoryTrades"": 0.02772151898734178, ""MSinceMostRecentDelq"": 0.13662650602409618, ""PercentInstallTrades"": -0.06000000000000005, ""MSinceMostRecentInqexcl7days"": 0.12000000000000005}",0.8302315473556519,False
xcreditscore_lattice,17,True,feasible,very_high_risk,gurobi_exact:Optimal,gurobi_exact,0.6908296942710876,0.3246486186981201,0.475623882611709,5,"{""NumSatisfactoryTrades"": 0.11814345991561179, ""PercentInstallTrades"": 0.04222222222222222, ""MSinceMostRecentInqexcl7days"": 0.1111111111111111, ""NetFractionRevolvingBurden"": -0.14308803808880724, ""NumRevolvingTradesWBalance"": -0.07260589917017485}",0.3246486186981201,True
xcreditscore_lattice,18,True,feasible,moderate_risk,gurobi_exact:Optimal,gurobi_exact,0.4872733950614929,0.32581406831741333,0.16043455708063825,2,"{""ExternalRiskEstimate"": 0.04082688934039136, ""MSinceMostRecentInqexcl7days"": 0.06944444444444445}",0.32581406831741333,True
xcreditscore_lattice,19,True,feasible,high_risk,gurobi_exact:Optimal|refined_27,gurobi_exact,0.586042582988739,0.4173702895641327,0.21097627802488617,2,"{""PercentTradesNeverDelq"": 0.16999999999999904, ""MSinceMostRecentDelq"": 0.06831325301204823}",0.4173702895641327,True
xcreditscore_lattice,20,True,feasible,very_high_risk,gurobi_exact:Optimal|refined_11,gurobi_exact,0.6261593103408813,0.4196391701698303,0.19273887024137426,4,"{""NumSatisfactoryTrades"": 0.01256157128496542, ""PercentInstallTrades"": -0.10000000000000009, ""MSinceMostRecentInqexcl7days"": 0.1111111111111111, ""NetFractionRevolvingBurden"": -0.03556034482758624}",0.4196391701698303,True
xcreditscore_lattice,23,False,near_feasible,very_high_risk,gurobi_exact:Optimal|refined_32,gurobi_exact,0.7613926529884338,0.43147581815719604,0.6811683284044096,7,"{""NumSatisfactoryTrades"": 0.0462025316455697, ""PercentTradesNeverDelq"": 0.030000000000000027, ""PercentInstallTrades"": -0.2, ""MSinceMostRecentInqexcl7days"": 0.1111111111111111, ""NetFractionRevolvingBurden"": -0.19762931034482759, ""NumRevolvingTradesWBalance"": -0.012500000000000011, ""PercentTradesWBalance"": -0.2235122689956981}",0.43147581815719604,False
xcreditscore_lattice,29,False,infeasible,very_high_risk,gurobi_exact:Optimal|refined_32,gurobi_exact,0.9041305780410767,0.7032763957977295,0.4358189928295354,5,"{""PercentTradesNeverDelq"": 0.07999999999999996, ""MSinceMostRecentDelq"": 0.1951807228915663, ""MSinceMostRecentInqexcl7days"": 0.1111111111111111, ""NetFractionRevolvingBurden"": -0.05732758620689657, ""RevolvingBurdenPerTrade"": -0.05732758620689657}",0.7032763957977295,False
xcreditscore_lattice,31,True,feasible,near_threshold,gurobi_exact:Optimal,gurobi_exact,0.44968101382255554,0.3663058578968048,0.10994895865874203,2,"{""PercentTradesNeverDelq"": 0.09999999999999998, ""PercentTradesWBalance"": -0.019174348972570754}",0.3663058578968048,True
xcreditscore_lattice,32,True,feasible,high_risk,gurobi_exact:Optimal,gurobi_exact,0.5210602879524231,0.24670231342315674,0.44024558917261813,2,"{""ExternalRiskEstimate"": 0.06097936816571914, ""NetFractionRevolvingBurden"": -0.19762931034482784}",0.24670231342315674,True
xcreditscore_lattice,34,True,feasible,near_threshold,gurobi_exact:Optimal,gurobi_exact,0.4638518989086151,0.3083007037639618,0.11929465009043551,3,"{""PercentInstallTrades"": -0.07444444444444445, ""MSinceMostRecentInqexcl7days"": 0.1111111111111111, ""NumBank2NatlTradesWHighUtilization"": -0.0005700179149532303}",0.3083007037639618,True
xcreditscore_lattice,35,True,feasible,high_risk,gurobi_exact:Optimal,gurobi_exact,0.5387008190155029,0.27177882194519043,0.20175672629303743,2,"{""PercentTradesNeverDelq"": 0.13259346086746837, ""MSinceMostRecentInqexcl7days"": 0.1111111111111111}",0.27177882194519043,True
xcreditscore_lattice,36,False,infeasible,very_high_risk,gurobi_exact:Optimal|refined_32,gurobi_exact,0.7574634552001953,0.48710259795188904,0.4621808525226475,4,"{""NumSatisfactoryTrades"": 0.07392405063291108, ""PercentInstallTrades"": -0.2, ""MSinceMostRecentInqexcl7days"": 0.1111111111111111, ""NetFractionRevolvingBurden"": -0.15209817795083333}",0.48710259795188904,False
xcreditscore_lattice,37,False,infeasible,very_high_risk,gurobi_exact:Infeasible|refined_32,gurobi_exact,0.8504955768585205,0.6521011590957642,0.21187110114502067,4,"{""NumSatisfactoryTrades"": 0.07392405063291141, ""MSinceMostRecentDelq"": 0.15614457831325287, ""MSinceMostRecentInqexcl7days"": 0.07000000000000003, ""PercentTradesWBalance"": -0.015000000000000013}",0.6521011590957642,False
xcreditscore_lattice,38,True,feasible,high_risk,gurobi_exact:Optimal|refined_3,gurobi_exact,0.55622398853302,0.4132506549358368,0.1255686021700804,3,"{""PercentTradesNeverDelq"": 0.10012861516803584, ""PercentInstallTrades"": 0.012222222222222218, ""MSinceMostRecentInqexcl7days"": 0.030000000000000006}",0.4132506549358368,True
xcreditscore_lattice,39,False,infeasible,very_high_risk,gurobi_exact:Infeasible|refined_32,gurobi_exact,0.8710163235664368,0.6992475390434265,0.24689746602778007,3,"{""MSinceMostRecentDelq"": 0.12686746987951808, ""PercentInstallTrades"": -0.14000000000000012, ""MSinceMostRecentInqexcl7days"": 0.12000000000000005}",0.6992475390434265,False
xcreditscore_lattice,41,False,infeasible,very_high_risk,gurobi_exact:Optimal|refined_32,gurobi_exact,0.7694630026817322,0.6598928570747375,0.23444268646887173,4,"{""NumSatisfactoryTrades"": 0.06468354430379725, ""MSinceMostRecentDelq"": 0.17566265060240943, ""PercentInstallTrades"": -0.05549999999999988, ""PercentTradesWBalance"": -0.06000000000000005}",0.6598928570747375,False
xcreditscore_lattice,42,True,feasible,very_high_risk,gurobi_exact:Optimal|refined_3,gurobi_exact,0.6811060309410095,0.4177771210670471,0.27438588079488496,4,"{""ExternalRiskEstimate"": 0.057766816431366275, ""NumSatisfactoryTrades"": 0.03516174402250351, ""PercentInstallTrades"": -0.06000000000000005, ""MSinceMostRecentInqexcl7days"": 0.06944444444444445}",0.4177771210670471,True
xcreditscore_lattice,43,False,infeasible,very_high_risk,gurobi_exact:Optimal|refined_32,gurobi_exact,0.6875484585762024,0.5255856513977051,0.6358519005981323,6,"{""NumSatisfactoryTrades"": 0.12936708860759516, ""PercentTradesNeverDelq"": 0.040000000000000036, ""MSinceMostRecentDelq"": 0.1951807228915663, ""PercentInstallTrades"": -0.2, ""NetFractionRevolvingBurden"": -0.1733009406609663, ""InstallBurdenPerTrade"": -0.009464285714285703}",0.5255856513977051,False
xcreditscore_lattice,44,False,near_feasible,high_risk,gurobi_exact:Optimal|refined_32,gurobi_exact,0.6180949211120605,0.42909035086631775,0.23034902794044793,3,"{""MSinceMostRecentDelq"": 0.19518072289156604, ""MSinceMostRecentInqexcl7days"": 0.11581697548808956, ""RevolvingBurdenPerTrade"": -0.02155172413793105}",0.42909035086631775,False
xcreditscore_lattice,46,False,infeasible,very_high_risk,gurobi_exact:Optimal|refined_32,gurobi_exact,0.8580970764160156,0.6517471075057983,0.49609561819548786,6,"{""NumSatisfactoryTrades"": 0.022503516174402244, ""MSinceMostRecentDelq"": 0.19518072289156604, ""PercentInstallTrades"": -0.06000000000000005, ""MSinceMostRecentInqexcl7days"": 0.1111111111111111, ""NetFractionRevolvingBurden"": -0.13122101930352129, ""InquiryToTradeRatio"": -0.026804857155661853}",0.6517471075057983,False
xcreditscore_lattice,49,False,near_feasible,very_high_risk,gurobi_exact:Optimal|refined_32,gurobi_exact,0.7767072916030884,0.42757728695869446,0.5869579991106606,7,"{""PercentTradesNeverDelq"": 0.07999999999999996, ""MSinceMostRecentDelq"": 0.10734939759036151, ""PercentInstallTrades"": -0.020000000000000018, ""MSinceMostRecentInqexcl7days"": 0.1111111111111111, ""NetFractionRevolvingBurden"": -0.16962699206167375, ""NumRevolvingTradesWBalance"": -0.05062499999999992, ""PercentTradesWBalance"": -0.10500032548089788}",0.42757728695869446,False
xcreditscore_lattice,50,False,infeasible,very_high_risk,gurobi_exact:Optimal|refined_32,gurobi_exact,0.8173023462295532,0.4742061495780945,1.1073207303510375,7,"{""MSinceMostRecentDelq"": 0.18542168674698775, ""MSinceMostRecentInqexcl7days"": 0.1111111111111111, ""NumInqLast6M"": -0.05980696980526136, ""NetFractionRevolvingBurden"": -0.19762931034482778, ""NumRevolvingTradesWBalance"": -0.0866129648958705, ""NumBank2NatlTradesWHighUtilization"": -0.10833333333333331, ""PercentTradesWBalance"": -0.16333333333333344}",0.4742061495780945,False
xcreditscore_lattice,54,False,infeasible,very_high_risk,gurobi_exact:Optimal|refined_32,gurobi_exact,0.7718871831893921,0.6530771851539612,0.4650810479030399,6,"{""NumSatisfactoryTrades"": 0.16156398160519198, ""PercentTradesNeverDelq"": 0.05999999999999994, ""PercentInstallTrades"": -0.020000000000000018, ""NumRevolvingTradesWBalance"": -0.0062500000000000056, ""NumBank2NatlTradesWHighUtilization"": -0.05833333333333332, ""PercentTradesWBalance"": -0.30000000000000004}",0.6530771851539612,False
xcreditscore_lattice,55,False,near_feasible,very_high_risk,gurobi_exact:Optimal|refined_32,gurobi_exact,0.7801932692527771,0.4208346903324127,0.9049542887234993,10,"{""NumSatisfactoryTrades"": 0.13080168776371306, ""PercentTradesNeverDelq"": 0.09999999999999998, ""PercentInstallTrades"": -0.14000000000000012, ""MSinceMostRecentInqexcl7days"": 0.1111111111111111, ""NumInqLast6M"": -0.010249461703438021, ""NetFractionRevolvingBurden"": -0.11733716475095785, ""NumRevolvingTradesWBalance"": -0.0062500000000000056, ""NumBank2NatlTradesWHighUtilization"": -0.05833333333333332, ""PercentTradesWBalance"": -0.22333333333333338, ""RevolvingBurdenPerTrade"": -0.0776724137931035}",0.4208346903324127,False
xcreditscore_lattice,56,False,infeasible,very_high_risk,gurobi_exact:Infeasible|refined_32,gurobi_exact,0.8526066541671753,0.7171139717102051,0.3557576444149545,5,"{""MSinceMostRecentDelq"": 0.01951807228915664, ""PercentInstallTrades"": -0.10000000000000009, ""MSinceMostRecentInqexcl7days"": 0.07000000000000003, ""NetFractionRevolvingBurden"": -0.16798491379310368, ""NumRevolvingTradesWBalance"": -0.0062500000000000056}",0.7171139717102051,False
xcreditscore_lattice,57,False,infeasible,very_high_risk,gurobi_exact:Optimal|refined_32,gurobi_exact,0.8341749906539917,0.5013614296913147,0.8928153660955483,9,"{""NumSatisfactoryTrades"": 0.00984528832630098, ""PercentTradesNeverDelq"": 0.19999999999999996, ""MSinceMostRecentDelq"": 0.19518072289156585, ""PercentInstallTrades"": 0.0022222222222222088, ""MSinceMostRecentInqexcl7days"": 0.1111111111111111, ""NumInqLast6M"": -0.0561487314891648, ""NumInqLast6Mexcl7days"": -0.02296491561592935, ""InquiryToTradeRatio"": -0.021511259764205197, ""RevolvingBurdenPerTrade"": -0.02844827586206896}",0.5013614296913147,False
xcreditscore_lattice,58,True,feasible,moderate_risk,gurobi_exact:Optimal,gurobi_exact,0.48150479793548584,0.27631351351737976,0.16360152258116958,3,"{""NumSatisfactoryTrades"": 0.08016877637130798, ""PercentTradesNeverDelq"": 0.029618081681465847, ""MSinceMostRecentInqexcl7days"": 0.1111111111111111}",0.27631351351737976,True
xcreditscore_lattice,59,False,infeasible,very_high_risk,gurobi_exact:Infeasible|refined_32,gurobi_exact,0.9205632209777832,0.7869457602500916,0.30960020590403264,4,"{""PercentTradesNeverDelq"": 0.059499999999999664, ""PercentInstallTrades"": -0.2, ""MSinceMostRecentInqexcl7days"": 0.11000000000000004, ""NetFractionRevolvingBurden"": -0.03952586206896558}",0.7869457602500916,False
xcreditscore_lattice,60,True,feasible,moderate_risk,gurobi_exact:Optimal,gurobi_exact,0.5011539459228516,0.22980941832065582,0.30030183669567423,4,"{""ExternalRiskEstimate"": 0.058883223515278416, ""PercentTradesNeverDelq"": 0.05999999999999994, ""PercentInstallTrades"": -0.004444444444444445, ""MSinceMostRecentInqexcl7days"": 0.1111111111111111}",0.22980941832065582,True
xcreditscore_lattice,61,True,feasible,moderate_risk,gurobi:Optimal|refined_26,gurobi,0.491528183221817,0.41995614767074585,0.4765206710331408,5,"{""NumSatisfactoryTrades"": 0.18481012658227847, ""MSinceMostRecentDelq"": 0.14638554216867458, ""MSinceMostRecentInqexcl7days"": 0.16010851736173293, ""NetFractionRevolvingBurden"": -0.08893318965517252, ""RevolvingBurdenPerTrade"": -0.009913793103448282}",0.41995614767074585,True
xcreditscore_lattice,62,False,near_feasible,very_high_risk,gurobi:Optimal|refined_32,gurobi,0.7529303431510925,0.43473300337791443,1.3345202478024387,8,"{""ExternalRiskEstimate"": 0.07475409836065572, ""NumSatisfactoryTrades"": 0.18481012658227847, ""PercentTradesNeverDelq"": 0.040000000000000036, ""MSinceMostRecentDelq"": 0.1171084337349398, ""PercentInstallTrades"": -0.16, ""MSinceMostRecentInqexcl7days"": 0.2, ""NumInqLast6M"": -0.06060606060606061, ""InstallBurdenPerTrade"": -0.36638351470312025}",0.43473300337791443,False
xcreditscore_lattice,63,True,feasible,moderate_risk,gurobi:Optimal|refined_7,gurobi,0.5149312019348145,0.41870176792144775,0.4884802626659632,4,"{""ExternalRiskEstimate"": 0.04263452918718169, ""NumSatisfactoryTrades"": 0.18481012658227847, ""MSinceMostRecentInqexcl7days"": 0.2, ""NetFractionRevolvingBurden"": -0.06917025862068976}",0.41870176792144775,True
xcreditscore_lattice,64,True,feasible,moderate_risk,gurobi:Optimal,gurobi,0.48150479793548584,0.3706490695476532,0.32927002240897596,2,"{""ExternalRiskEstimate"": 0.06464186487010248, ""NumSatisfactoryTrades"": 0.18481012658227847}",0.3706490695476532,True
xcreditscore_lattice,65,True,feasible,very_high_risk,gurobi:Optimal,gurobi,0.6701781749725342,0.3759026825428009,0.5875976799374228,4,"{""ExternalRiskEstimate"": 0.07475409836065572, ""NumSatisfactoryTrades"": 0.1848101265822785, ""MSinceMostRecentInqexcl7days"": 0.2, ""NumInqLast6M"": -0.0202819261952185}",0.3759026825428009,True
xcreditscore_lattice,66,False,infeasible,very_high_risk,gurobi:Infeasible|refined_32,gurobi,0.8075016736984253,0.6240362524986267,0.1843189113052119,3,"{""PercentTradesNeverDelq"": 0.10999999999999899, ""MSinceMostRecentDelq"": 0.048795180722891573, ""MSinceMostRecentInqexcl7days"": 0.07000000000000003}",0.6240362524986267,False
xcreditscore_lattice,68,True,feasible,near_threshold,gurobi:Optimal|refined_1,gurobi,0.45292526483535767,0.4184499680995941,0.14416886433366125,2,"{""NumSatisfactoryTrades"": 0.1746953561373884, ""MSinceMostRecentInqexcl7days"": 0.010000000000000002}",0.4184499680995941,True
xcreditscore_lattice,71,False,infeasible,very_high_risk,gurobi:Infeasible|refined_32,gurobi,0.8593186140060425,0.69879150390625,0.2611624000226941,4,"{""NumSatisfactoryTrades"": 0.11088607594936722, ""PercentInstallTrades"": -0.14000000000000012, ""MSinceMostRecentInqexcl7days"": 0.12000000000000005, ""NumRevolvingTradesWBalance"": -0.0062500000000000056}",0.69879150390625,False
xcreditscore_lattice,75,True,feasible,near_threshold,gurobi:Optimal,gurobi,0.4265824854373932,0.4087386429309845,0.1250141880010434,1,"{""NumSatisfactoryTrades"": 0.15853390983178922}",0.4087386429309845,True
xcreditscore_lattice,77,True,feasible,very_high_risk,gurobi:Optimal,gurobi,0.6894352436065674,0.3650396764278412,0.8881754995508664,5,"{""ExternalRiskEstimate"": 0.07475409836065572, ""NumSatisfactoryTrades"": 0.18481012658227852, ""MSinceMostRecentInqexcl7days"": 0.2, ""NumInqLast6M"": -0.06363636363636364, ""NetFractionRevolvingBurden"": -0.06200632298376629}",0.3650396764278412,True
xcreditscore_lattice,78,True,feasible,very_high_risk,gurobi:Optimal,gurobi,0.6267997622489929,0.3667941391468048,0.38387581479388255,3,"{""ExternalRiskEstimate"": 0.03871933051948773, ""NumSatisfactoryTrades"": 0.1848101265822785, ""MSinceMostRecentInqexcl7days"": 0.2}",0.3667941391468048,True
xcreditscore_lattice,79,True,feasible,moderate_risk,gurobi:Optimal,gurobi,0.48150479793548584,0.3706490695476532,0.32927002240897596,2,"{""ExternalRiskEstimate"": 0.06464186487010248, ""NumSatisfactoryTrades"": 0.18481012658227847}",0.3706490695476532,True
xcreditscore_lattice,81,True,feasible,high_risk,gurobi:Optimal|refined_11,gurobi,0.5783257484436035,0.4154084622859955,0.1925013856260941,2,"{""NumSatisfactoryTrades"": 0.15469592323289677, ""MSinceMostRecentInqexcl7days"": 0.11000000000000004}",0.4154084622859955,True
xcreditscore_lattice,82,True,feasible,moderate_risk,gurobi:Optimal,gurobi,0.48150479793548584,0.3706490695476532,0.32927002240897596,2,"{""ExternalRiskEstimate"": 0.06464186487010248, ""NumSatisfactoryTrades"": 0.18481012658227847}",0.3706490695476532,True
xcreditscore_lattice,83,True,feasible,high_risk,gurobi:Optimal,gurobi,0.5772387385368347,0.30140629410743713,0.384986972892778,3,"{""ExternalRiskEstimate"": 0.03911068473488877, ""NumSatisfactoryTrades"": 0.1848101265822785, ""MSinceMostRecentInqexcl7days"": 0.2}",0.30140629410743713,True
xcreditscore_lattice,84,True,feasible,very_high_risk,gurobi:Optimal|refined_12,gurobi,0.6649067997932434,0.41812145709991455,0.7135880532188157,5,"{""ExternalRiskEstimate"": 0.07475409836065572, ""NumSatisfactoryTrades"": 0.1848101265822785, ""PercentTradesNeverDelq"": 0.17402320343831834, ""MSinceMostRecentDelq"": 0.08783132530120485, ""MSinceMostRecentInqexcl7days"": 0.2}",0.41812145709991455,True
xcreditscore_lattice,85,True,feasible,very_high_risk,gurobi:Optimal,gurobi,0.8089667558670044,0.35859084129333496,1.6860898337334471,9,"{""ExternalRiskEstimate"": 0.07475409836065572, ""NumSatisfactoryTrades"": 0.18481012658227847, ""PercentTradesNeverDelq"": 0.15000000000000002, ""PercentInstallTrades"": -0.2, ""MSinceMostRecentInqexcl7days"": 0.2, ""NumInqLast6M"": -0.06363636363636364, ""NetFractionRevolvingBurden"": -0.19762931034482759, ""NumInstallTradesWBalance"": -0.21853249329459354, ""NumBank2NatlTradesWHighUtilization"": -0.05555555555555555}",0.35859084129333496,True
xcreditscore_lattice,86,True,feasible,high_risk,gurobi:Optimal,gurobi,0.6147257685661316,0.3838750422000885,0.3995994692062823,3,"{""ExternalRiskEstimate"": 0.044257262918053764, ""NumSatisfactoryTrades"": 0.18481012658227847, ""MSinceMostRecentInqexcl7days"": 0.2}",0.3838750422000885,True
xcreditscore_lattice,87,False,infeasible,very_high_risk,gurobi:Optimal|refined_32,gurobi,0.8609168529510498,0.518526017665863,1.7731442161921476,12,"{""ExternalRiskEstimate"": 0.07475409836065572, ""NumSatisfactoryTrades"": 0.18481012658227847, ""PercentTradesNeverDelq"": 0.020000000000000018, ""MSinceMostRecentDelq"": 0.0487951807228916, ""PercentInstallTrades"": -0.2, ""MSinceMostRecentInqexcl7days"": 0.2, ""NumInqLast6M"": -0.030303030303030304, ""NetFractionRevolvingBurden"": -0.19762931034482759, ""NumRevolvingTradesWBalance"": -0.16875, ""NumInstallTradesWBalance"": -0.15870551608747097, ""NumBank2NatlTradesWHighUtilization"": -0.16666666666666666, ""PercentTradesWBalance"": -0.1050000000000001}",0.518526017665863,False
xcreditscore_lattice,91,True,feasible,moderate_risk,gurobi:Optimal,gurobi,0.48150479793548584,0.3706490695476532,0.32927002240897596,2,"{""ExternalRiskEstimate"": 0.06464186487010248, ""NumSatisfactoryTrades"": 0.18481012658227847}",0.3706490695476532,True
xcreditscore_lattice,93,True,feasible,very_high_risk,gurobi:Optimal|refined_1,gurobi,0.8479636907577515,0.41956034302711487,2.4916751916886746,17,"{""ExternalRiskEstimate"": 0.07475409836065572, ""MSinceMostRecentTradeOpen"": -0.00783289817232376, ""NumSatisfactoryTrades"": 0.1848101265822785, ""PercentTradesNeverDelq"": 0.19999999999999996, ""MSinceMostRecentDelq"": 0.1951807228915663, ""PercentInstallTrades"": -0.2, ""MSinceMostRecentInqexcl7days"": 0.2, ""NumInqLast6M"": -0.030303030303030304, ""NetFractionRevolvingBurden"": -0.19762931034482759, ""NetFractionInstallBurden"": -0.022704081632653084, ""NumRevolvingTradesWBalance"": -0.09375, ""NumInstallTradesWBalance"": -0.22222222222222224, ""NumBank2NatlTradesWHighUtilization"": -0.1111111111111111, ""PercentTradesWBalance"": -0.287034427144129, ""InquiryToTradeRatio"": -0.008281573498964802, ""RevolvingBurdenPerTrade"": -0.11293103448275864, ""InstallBurdenPerTrade"": -0.2119047619047619}",0.41956034302711487,True
xcreditscore_lattice,94,False,infeasible,very_high_risk,gurobi:Infeasible|refined_32,gurobi,0.7899695634841919,0.5702630877494812,0.2583256525374636,4,"{""NumSatisfactoryTrades"": 0.10164556962025328, ""MSinceMostRecentDelq"": 0.02927710843373496, ""PercentInstallTrades"": -0.14000000000000012, ""MSinceMostRecentInqexcl7days"": 0.11000000000000004}",0.5702630877494812,False
xcreditscore_lattice,95,False,infeasible,very_high_risk,gurobi:Infeasible|refined_32,gurobi,0.9145137071609497,0.7480368614196777,0.27363395043924854,3,"{""PercentTradesNeverDelq"": 0.19999999999999996, ""MSinceMostRecentDelq"": 0.00975903614457832, ""MSinceMostRecentInqexcl7days"": 0.11000000000000004}",0.7480368614196777,False
xcreditscore_lattice,97,True,feasible,near_threshold,gurobi:Optimal|refined_5,gurobi,0.44630369544029236,0.4121953547000885,0.1439247000966292,3,"{""NumSatisfactoryTrades"": 0.11440258152010663, ""NetFractionRevolvingBurden"": -0.01976293103448279, ""PercentTradesWBalance"": -0.04500000000000004}",0.4121953547000885,True
xcreditscore_lattice,100,True,feasible,very_high_risk,gurobi:Optimal,gurobi,0.6294905543327332,0.37287500500679016,0.7862862053578439,5,"{""ExternalRiskEstimate"": 0.07475409836065572, ""NumSatisfactoryTrades"": 0.18481012658227852, ""MSinceMostRecentInqexcl7days"": 0.2, ""NumInqLast6M"": -0.009918481132314945, ""NetFractionRevolvingBurden"": -0.1853448275862069}",0.37287500500679016,True
xcreditscore_lattice,101,False,infeasible,very_high_risk,gurobi:Infeasible|refined_32,gurobi,0.8574193716049194,0.7156555652618408,0.14842474148762497,3,"{""PercentTradesNeverDelq"": 0.06999999999999895, ""MSinceMostRecentInqexcl7days"": 0.11000000000000004, ""PercentTradesWBalance"": -0.015000000000000013}",0.7156555652618408,False
xcreditscore_lattice,102,False,infeasible,very_high_risk,gurobi:Infeasible|refined_32,gurobi,0.8620827198028564,0.741861879825592,0.11717817048131897,3,"{""NumSatisfactoryTrades"": 0.00924050632911394, ""PercentTradesNeverDelq"": 0.040000000000000036, ""MSinceMostRecentInqexcl7days"": 0.11000000000000004}",0.741861879825592,False
xcreditscore_lattice,103,True,feasible,very_high_risk,gurobi:Optimal|refined_24,gurobi,0.7543795704841614,0.4166939854621887,1.6674880951019073,11,"{""ExternalRiskEstimate"": 0.07475409836065572, ""NumSatisfactoryTrades"": 0.18481012658227852, ""MSinceMostRecentDelq"": 0.15614457831325287, ""PercentInstallTrades"": -0.2, ""MSinceMostRecentInqexcl7days"": 0.2, ""NumInqLast6M"": -0.045454545454545456, ""NetFractionRevolvingBurden"": -0.19762931034482759, ""NumRevolvingTradesWBalance"": -0.125, ""NumBank2NatlTradesWHighUtilization"": -0.05555555555555555, ""PercentTradesWBalance"": -0.1200000000000001, ""InstallBurdenPerTrade"": -0.17468435019108505}",0.4166939854621887,True
xcreditscore_lattice,105,True,feasible,high_risk,gurobi:Optimal|refined_2,gurobi,0.5462157130241394,0.4130025804042816,0.3474273556413228,3,"{""ExternalRiskEstimate"": 0.06652145770277307, ""NumSatisfactoryTrades"": 0.1848101265822785, ""MSinceMostRecentInqexcl7days"": 0.020000000000000004}",0.4130025804042816,True
xcreditscore_lattice,107,True,feasible,near_threshold,gurobi:Optimal|refined_4,gurobi,0.46611326932907104,0.40752142667770386,0.10009627641686515,2,"{""NumSatisfactoryTrades"": 0.09441833502009422, ""MSinceMostRecentInqexcl7days"": 0.04}",0.40752142667770386,True
xcreditscore_lattice,108,True,feasible,very_high_risk,gurobi:Optimal|refined_18,gurobi,0.7287972569465637,0.4155104160308838,0.9707085879782062,8,"{""ExternalRiskEstimate"": 0.07475409836065572, ""NumSatisfactoryTrades"": 0.18481012658227852, ""PercentTradesNeverDelq"": 0.04200000000000004, ""MSinceMostRecentDelq"": 0.08783132530120485, ""MSinceMostRecentInqexcl7days"": 0.2, ""NumInqLast6M"": -0.030303030303030304, ""NetFractionRevolvingBurden"": -0.15432082525371907, ""PercentTradesWBalance"": -0.04500000000000004}",0.4155104160308838,True
xcreditscore_lattice,109,False,infeasible,very_high_risk,gurobi:Optimal|refined_32,gurobi,0.7439849376678467,0.44956260919570923,1.1460586417343916,9,"{""ExternalRiskEstimate"": 0.07475409836065572, ""NumSatisfactoryTrades"": 0.18481012658227847, ""PercentTradesNeverDelq"": 0.19999999999999996, ""MSinceMostRecentDelq"": 0.19518072289156585, ""PercentInstallTrades"": -0.17186654378273375, ""MSinceMostRecentInqexcl7days"": 0.2, ""NumInqLast6M"": -0.015151515151515152, ""NetFractionInstallBurden"": -0.04846938775510201, ""InstallBurdenPerTrade"": -0.08971428571428564}",0.44956260919570923,False
xcreditscore_lattice,110,True,feasible,very_high_risk,gurobi:Optimal,gurobi,0.6903718709945679,0.3590346872806549,0.49414457296705955,4,"{""ExternalRiskEstimate"": 0.07475409836065572, ""NumSatisfactoryTrades"": 0.1848101265822785, ""MSinceMostRecentInqexcl7days"": 0.2, ""NetFractionRevolvingBurden"": -0.005886893078106491}",0.3590346872806549,True
xcreditscore_lattice,111,True,feasible,very_high_risk,gurobi:Optimal,gurobi,0.8504250645637512,0.4093281924724579,2.739596015612087,17,"{""ExternalRiskEstimate"": 0.07475409836065572, ""MSinceMostRecentTradeOpen"": -0.00783289817232376, ""NumSatisfactoryTrades"": 0.1848101265822785, ""NumTrades60Ever2DerogPubRec"": -0.04723341893545114, ""MSinceMostRecentDelq"": 0.19518072289156632, ""NumTradesOpeninLast12M"": -0.13684210526315788, ""PercentInstallTrades"": -0.2, ""MSinceMostRecentInqexcl7days"": 0.2, ""NumInqLast6M"": -0.030303030303030304, ""NetFractionRevolvingBurden"": -0.19762931034482759, ""NumRevolvingTradesWBalance"": -0.16875, ""NumInstallTradesWBalance"": -0.05555555555555555, ""NumBank2NatlTradesWHighUtilization"": -0.16666666666666666, ""PercentTradesWBalance"": -0.30000000000000004, ""InquiryToTradeRatio"": -0.010230179028132991, ""RevolvingBurdenPerTrade"": -0.10714285714285714, ""InstallBurdenPerTrade"": -0.29047619047619044}",0.4093281924724579,True
xcreditscore_lattice,112,True,feasible,near_threshold,gurobi:Optimal|refined_2,gurobi,0.4435502886772156,0.4143691062927246,0.012820672180906694,1,"{""MSinceMostRecentInqexcl7days"": 0.020000000000000004}",0.4143691062927246,True
xcreditscore_lattice,113,True,feasible,near_threshold,gurobi:Optimal,gurobi,0.42540743947029114,0.33267295360565186,0.17309536784427357,2,"{""NumSatisfactoryTrades"": 0.1848101265822785, ""MSinceMostRecentInqexcl7days"": 0.04268214947414238}",0.33267295360565186,True
xcreditscore_lattice,115,False,infeasible,very_high_risk,gurobi:Infeasible|refined_32,gurobi,0.8721763491630554,0.7379588484764099,0.2866363269872838,4,"{""MSinceMostRecentDelq"": 0.0487951807228916, ""MSinceMostRecentInqexcl7days"": 0.12000000000000005, ""NetFractionRevolvingBurden"": -0.09881465517241392, ""PercentTradesWBalance"": -0.07500000000000007}",0.7379588484764099,False
xcreditscore_lattice,116,True,feasible,very_high_risk,gurobi:Optimal|refined_1,gurobi,0.7732307314872742,0.4190773367881775,1.0191047830706534,7,"{""ExternalRiskEstimate"": 0.07475409836065572, ""NumSatisfactoryTrades"": 0.18481012658227852, ""MSinceMostRecentInqexcl7days"": 0.2, ""NumInqLast6M"": -0.015151515151515152, ""NetFractionRevolvingBurden"": -0.19762931034482759, ""NumRevolvingTradesWBalance"": -0.008437499999999987, ""NumBank2NatlTradesWHighUtilization"": -0.1341058252938629}",0.4190773367881775,True
xcreditscore_lattice,117,True,feasible,moderate_risk,gurobi:Optimal,gurobi,0.48150479793548584,0.3706490695476532,0.32927002240897596,2,"{""ExternalRiskEstimate"": 0.06464186487010248, ""NumSatisfactoryTrades"": 0.18481012658227847}",0.3706490695476532,True
xcreditscore_lattice,118,False,infeasible,very_high_risk,gurobi:Infeasible|refined_32,gurobi,0.8782330751419067,0.7220836281776428,0.25556955027097017,3,"{""PercentTradesNeverDelq"": 0.15000000000000013, ""MSinceMostRecentDelq"": 0.05855421686746991, ""MSinceMostRecentInqexcl7days"": 0.11000000000000004}",0.7220836281776428,False
xcreditscore_lattice,120,True,feasible,near_threshold,gurobi:Optimal|refined_8,gurobi,0.45633992552757263,0.41634416580200195,0.1974027337130169,3,"{""NumSatisfactoryTrades"": 0.18481012658227847, ""PercentTradesNeverDelq"": 0.03200000000000003, ""MSinceMostRecentInqexcl7days"": 0.031458360584141365}",0.41634416580200195,True
xcreditscore_lattice,121,True,feasible,very_high_risk,gurobi:Optimal,gurobi,0.7570211887359619,0.3046172559261322,1.3203682786207922,8,"{""ExternalRiskEstimate"": 0.07475409836065572, ""NumSatisfactoryTrades"": 0.18481012658227847, ""PercentTradesNeverDelq"": 0.09999999999999998, ""PercentInstallTrades"": -0.2, ""MSinceMostRecentInqexcl7days"": 0.2, ""NetFractionRevolvingBurden"": -0.19762931034482759, ""NumRevolvingTradesWBalance"": -0.1538391622900341, ""NumBank2NatlTradesWHighUtilization"": -0.1111111111111111}",0.3046172559261322,True
xcreditscore_lattice,122,False,infeasible,very_high_risk,gurobi:Infeasible|refined_32,gurobi,0.8392186760902405,0.6413994431495667,0.2141166916512685,4,"{""NumSatisfactoryTrades"": 0.07392405063291141, ""MSinceMostRecentDelq"": 0.14638554216867458, ""MSinceMostRecentInqexcl7days"": 0.07000000000000003, ""NetFractionRevolvingBurden"": -0.012931034482758619}",0.6413994431495667,False
xcreditscore_lattice,123,True,feasible,moderate_risk,gurobi:Optimal,gurobi,0.48150479793548584,0.3706490695476532,0.32927002240897596,2,"{""ExternalRiskEstimate"": 0.06464186487010248, ""NumSatisfactoryTrades"": 0.18481012658227847}",0.3706490695476532,True
xcreditscore_lattice,124,False,near_feasible,very_high_risk,gurobi:Optimal|refined_32,gurobi,0.7545161247253418,0.43732646107673645,1.190067566845313,9,"{""ExternalRiskEstimate"": 0.07475409836065572, ""NumSatisfactoryTrades"": 0.1848101265822785, ""PercentTradesNeverDelq"": 0.028900531189352763, ""MSinceMostRecentDelq"": 0.15614457831325268, ""MSinceMostRecentInqexcl7days"": 0.2, ""NumInqLast6M"": -0.06363636363636364, ""NetFractionRevolvingBurden"": -0.12931034482758622, ""PercentTradesWBalance"": -0.07500000000000007, ""RevolvingBurdenPerTrade"": -0.025862068965517224}",0.43732646107673645,False
xcreditscore_lattice,125,True,feasible,very_high_risk,gurobi:Optimal,gurobi,0.7657666802406311,0.3360629081726074,1.2712174942508485,8,"{""ExternalRiskEstimate"": 0.07475409836065572, ""MSinceMostRecentTradeOpen"": -0.04177545691906005, ""NumSatisfactoryTrades"": 0.1848101265822785, ""PercentTradesNeverDelq"": 0.19999999999999996, ""PercentInstallTrades"": -0.10684232440586011, ""MSinceMostRecentInqexcl7days"": 0.2, ""NetFractionRevolvingBurden"": -0.19762931034482759, ""NumBank2NatlTradesWHighUtilization"": -0.1111111111111111}",0.3360629081726074,True
xcreditscore_lattice,126,False,infeasible,very_high_risk,gurobi:Infeasible|refined_32,gurobi,0.8362153172492981,0.6497481465339661,0.20749135105274427,3,"{""PercentTradesNeverDelq"": 0.129999999999999, ""MSinceMostRecentInqexcl7days"": 0.11000000000000004, ""PercentTradesWBalance"": -0.015000000000000013}",0.6497481465339661,False
xcreditscore_lattice,127,True,feasible,very_high_risk,gurobi:Optimal,gurobi,0.7027798891067505,0.40883511304855347,0.8936114680561158,5,"{""ExternalRiskEstimate"": 0.07475409836065572, ""NumSatisfactoryTrades"": 0.18481012658227847, ""MSinceMostRecentInqexcl7days"": 0.2, ""NumInqLast6M"": -0.06363636363636364, ""NetFractionRevolvingBurden"": -0.06602830109170843}",0.40883511304855347,True
xcreditscore_lattice,128,True,feasible,very_high_risk,gurobi:Optimal,gurobi,0.808180034160614,0.3945068120956421,1.607818036953855,9,"{""ExternalRiskEstimate"": 0.07475409836065572, ""NumSatisfactoryTrades"": 0.1848101265822785, ""PercentTradesNeverDelq"": 0.19999999999999996, ""PercentInstallTrades"": -0.2, ""MSinceMostRecentInqexcl7days"": 0.2, ""NumInqLast6M"": -0.06363636363636364, ""NetFractionRevolvingBurden"": -0.1853448275862069, ""NumRevolvingTradesWBalance"": -0.06403175035182554, ""NumBank2NatlTradesWHighUtilization"": -0.1111111111111111}",0.3945068120956421,True
xcreditscore_lattice,129,True,feasible,very_high_risk,gurobi:Optimal,gurobi,0.7817373275756836,0.3931916356086731,0.8694046182043165,5,"{""ExternalRiskEstimate"": 0.07475409836065572, ""NumSatisfactoryTrades"": 0.18481012658227847, ""MSinceMostRecentInqexcl7days"": 0.2, ""NumInqLast6M"": -0.045454545454545456, ""NetFractionRevolvingBurden"": -0.11538012368303321}",0.3931916356086731,True
xcreditscore_lattice,130,True,feasible,high_risk,gurobi:Optimal,gurobi,0.5476632118225098,0.32242122292518616,0.4759287918661517,3,"{""ExternalRiskEstimate"": 0.07114074800567693, ""NumSatisfactoryTrades"": 0.18481012658227852, ""MSinceMostRecentInqexcl7days"": 0.2}",0.32242122292518616,True
xcreditscore_lattice,133,True,feasible,very_high_risk,gurobi:Optimal,gurobi,0.7672773003578186,0.2847577929496765,0.9435634388960581,6,"{""ExternalRiskEstimate"": 0.07475409836065572, ""MSinceMostRecentTradeOpen"": -0.01310215689174578, ""NumSatisfactoryTrades"": 0.18481012658227852, ""PercentTradesNeverDelq"": 0.16000000000000003, ""MSinceMostRecentInqexcl7days"": 0.2, ""NetFractionRevolvingBurden"": -0.19762931034482759}",0.2847577929496765,True
xcreditscore_lattice,134,True,feasible,very_high_risk,gurobi:Optimal,gurobi,0.7255945205688477,0.3437323570251465,1.0033994244448272,6,"{""ExternalRiskEstimate"": 0.07475409836065572, ""NumSatisfactoryTrades"": 0.18481012658227847, ""PercentTradesNeverDelq"": 0.10014509296790841, ""MSinceMostRecentInqexcl7days"": 0.2, ""NumInqLast6M"": -0.030303030303030304, ""NetFractionRevolvingBurden"": -0.19762931034482759}",0.3437323570251465,True
xcreditscore_lattice,135,True,feasible,high_risk,gurobi:Optimal,gurobi,0.5670835375785828,0.3663897216320038,0.6359859025650119,4,"{""ExternalRiskEstimate"": 0.07475409836065572, ""NumSatisfactoryTrades"": 0.18481012658227847, ""MSinceMostRecentInqexcl7days"": 0.2, ""NetFractionRevolvingBurden"": -0.1108328142867095}",0.3663897216320038,True
xcreditscore_lattice,136,True,feasible,high_risk,gurobi:Optimal,gurobi,0.5658137798309326,0.36020517349243164,0.40351387025343444,3,"{""ExternalRiskEstimate"": 0.045635930231099575, ""NumSatisfactoryTrades"": 0.18481012658227852, ""MSinceMostRecentInqexcl7days"": 0.2}",0.36020517349243164,True
xcreditscore_lattice,137,False,infeasible,very_high_risk,gurobi:Infeasible|refined_32,gurobi,0.7998329997062683,0.6352022886276245,0.2080326074005888,3,"{""MSinceMostRecentDelq"": 0.18542168674698808, ""PercentInstallTrades"": -0.020000000000000018, ""MSinceMostRecentInqexcl7days"": 0.12000000000000005}",0.6352022886276245,False
xcreditscore_lattice,138,True,feasible,very_high_risk,gurobi:Optimal,gurobi,0.7366384863853455,0.32536858320236206,1.0028618116518446,6,"{""ExternalRiskEstimate"": 0.07475409836065572, ""NumSatisfactoryTrades"": 0.18481012658227847, ""PercentTradesNeverDelq"": 0.040000000000000036, ""MSinceMostRecentInqexcl7days"": 0.2, ""NetFractionRevolvingBurden"": -0.19762931034482759, ""NumBank2NatlTradesWHighUtilization"": -0.15705526747790113}",0.32536858320236206,True
xcreditscore_lattice,139,True,feasible,high_risk,gurobi:Optimal,gurobi,0.5553010106086731,0.36415383219718933,0.4870795933689872,4,"{""ExternalRiskEstimate"": 0.07475409836065572, ""NumSatisfactoryTrades"": 0.18481012658227852, ""MSinceMostRecentInqexcl7days"": 0.2, ""NumInqLast6M"": -0.00017830888153136729}",0.36415383219718933,True
xcreditscore_lattice,140,False,infeasible,very_high_risk,gurobi:Infeasible|refined_32,gurobi,0.7764316201210022,0.5407413840293884,0.19487847101908953,3,"{""PercentTradesNeverDelq"": 0.12, ""MSinceMostRecentDelq"": 0.009759036144578317, ""MSinceMostRecentInqexcl7days"": 0.11000000000000004}",0.5407413840293884,False
xcreditscore_lattice,141,True,feasible,high_risk,gurobi:Optimal|refined_3,gurobi,0.5297558307647705,0.41277581453323364,0.3641613644527355,3,"{""ExternalRiskEstimate"": 0.07015749549234107, ""NumSatisfactoryTrades"": 0.18481012658227847, ""MSinceMostRecentInqexcl7days"": 0.030000000000000006}",0.41277581453323364,True
xcreditscore_lattice,142,True,feasible,moderate_risk,gurobi:Optimal|refined_5,gurobi,0.49217742681503296,0.41843298077583313,0.03205168045226674,1,"{""MSinceMostRecentInqexcl7days"": 0.05000000000000001}",0.41843298077583313,True
xcreditscore_lattice,147,True,feasible,very_high_risk,gurobi:Optimal|refined_7,gurobi,0.7239645719528198,0.4191550314426422,0.5318514803270347,5,"{""ExternalRiskEstimate"": 0.07475409836065572, ""NumSatisfactoryTrades"": 0.1848101265822785, ""PercentTradesNeverDelq"": 0.04200000000000004, ""MSinceMostRecentInqexcl7days"": 0.2, ""NetFractionRevolvingBurden"": -0.003193928342800273}",0.4191550314426422,True
xcreditscore_lattice,148,False,infeasible,very_high_risk,gurobi:Infeasible|refined_32,gurobi,0.8799580931663513,0.7314020991325378,0.2555066990364884,3,"{""MSinceMostRecentDelq"": 0.09759036144578317, ""MSinceMostRecentInqexcl7days"": 0.11000000000000004, ""NumBank2NatlTradesWHighUtilization"": -0.09166666666666665}",0.7314020991325378,False
xcreditscore_lattice,150,True,feasible,high_risk,gurobi:Optimal|refined_28,gurobi,0.5633424520492554,0.41810736060142517,0.743467427313166,7,"{""ExternalRiskEstimate"": 0.07475409836065572, ""NumSatisfactoryTrades"": 0.18481012658227847, ""PercentTradesNeverDelq"": 0.030000000000000027, ""MSinceMostRecentDelq"": 0.01951807228915663, ""PercentInstallTrades"": -0.1200000000000001, ""MSinceMostRecentInqexcl7days"": 0.20000000000000007, ""NetFractionRevolvingBurden"": -0.10286496179403708}",0.41810736060142517,True
xcreditscore_lattice,151,True,feasible,very_high_risk,gurobi:Optimal,gurobi,0.6442022919654846,0.3335249722003937,0.48166156328373344,3,"{""ExternalRiskEstimate"": 0.07315985245393819, ""NumSatisfactoryTrades"": 0.1848101265822785, ""MSinceMostRecentInqexcl7days"": 0.2}",0.3335249722003937,True
xcreditscore_lattice,152,True,feasible,very_high_risk,gurobi:Optimal,gurobi,0.6384726762771606,0.4116797149181366,0.4396584744215021,3,"{""ExternalRiskEstimate"": 0.058366200765272214, ""NumSatisfactoryTrades"": 0.18481012658227847, ""MSinceMostRecentInqexcl7days"": 0.2}",0.4116797149181366,True
xcreditscore_lattice,153,False,infeasible,very_high_risk,gurobi:Infeasible|refined_32,gurobi,0.8886306881904602,0.728091299533844,0.20371893909246622,3,"{""PercentTradesNeverDelq"": 0.0909999999999993, ""MSinceMostRecentDelq"": 0.06831325301204824, ""MSinceMostRecentInqexcl7days"": 0.11000000000000004}",0.728091299533844,False
xcreditscore_lattice,155,True,feasible,moderate_risk,gurobi:Optimal,gurobi,0.48150479793548584,0.3706490695476532,0.32927002240897596,2,"{""ExternalRiskEstimate"": 0.06464186487010248, ""NumSatisfactoryTrades"": 0.18481012658227847}",0.3706490695476532,True
xcreditscore_lattice,158,True,feasible,high_risk,gurobi:Optimal|refined_11,gurobi,0.5905064940452576,0.4130769371986389,0.17053099670499633,2,"{""NumSatisfactoryTrades"": 0.1268346723470566, ""MSinceMostRecentInqexcl7days"": 0.11000000000000004}",0.4130769371986389,True
xcreditscore_lattice,159,True,feasible,very_high_risk,gurobi:Optimal|refined_32,gurobi,0.6306682229042053,0.4188753664493561,0.7281270964930949,7,"{""ExternalRiskEstimate"": 0.07475409836065572, ""NumSatisfactoryTrades"": 0.18481012658227852, ""PercentTradesNeverDelq"": 0.05999999999999994, ""MSinceMostRecentDelq"": 0.10734939759036151, ""MSinceMostRecentInqexcl7days"": 0.2, ""NumInqLast6M"": -0.021298198366804466, ""NumRevolvingTradesWBalance"": -0.0062500000000000056}",0.4188753664493561,True
xcreditscore_lattice,160,True,feasible,very_high_risk,gurobi:Optimal,gurobi,0.7981107234954834,0.39646363258361816,1.3210896690042508,7,"{""ExternalRiskEstimate"": 0.07475409836065572, ""NumSatisfactoryTrades"": 0.18481012658227847, ""PercentTradesNeverDelq"": 0.15000000000000002, ""PercentInstallTrades"": -0.2, ""MSinceMostRecentInqexcl7days"": 0.2, ""NetFractionRevolvingBurden"": -0.125, ""InstallBurdenPerTrade"": -0.4350243368642268}",0.39646363258361816,True
xcreditscore_lattice,162,True,feasible,high_risk,gurobi:Optimal,gurobi,0.5836008191108704,0.3828392028808594,0.5506468818488212,3,"{""NumSatisfactoryTrades"": 0.18481012658227852, ""MSinceMostRecentInqexcl7days"": 0.2, ""NumInqLast6M"": -0.05534109690294051}",0.3828392028808594,True
xcreditscore_lattice,164,True,feasible,very_high_risk,gurobi:Optimal,gurobi,0.6615821719169617,0.4163419008255005,0.6367956543267032,4,"{""ExternalRiskEstimate"": 0.07475409836065572, ""NumSatisfactoryTrades"": 0.18481012658227852, ""MSinceMostRecentInqexcl7days"": 0.2, ""NumInqLast6M"": -0.03012152107307456}",0.4163419008255005,True
xcreditscore_lattice,166,False,infeasible,high_risk,gurobi:Optimal|refined_32,gurobi,0.6174895763397217,0.528005063533783,0.5772074580311723,6,"{""ExternalRiskEstimate"": 0.02090431668820114, ""NumSatisfactoryTrades"": 0.18481012658227852, ""MSinceMostRecentDelq"": 0.126867469879518, ""NumTradesOpeninLast12M"": -0.08210526315789446, ""MSinceMostRecentInqexcl7days"": 0.20000000000000007, ""PercentTradesWBalance"": -0.1050000000000001}",0.528005063533783,False
xcreditscore_lattice,167,True,feasible,high_risk,gurobi:Optimal,gurobi,0.5907429456710815,0.3903116285800934,0.35184096631538553,3,"{""ExternalRiskEstimate"": 0.02743653196520779, ""NumSatisfactoryTrades"": 0.18481012658227847, ""MSinceMostRecentInqexcl7days"": 0.2}",0.3903116285800934,True
xcreditscore_lattice,169,False,infeasible,very_high_risk,gurobi:Infeasible|refined_32,gurobi,0.9011455774307251,0.7713404893875122,0.2311782159383413,4,"{""PercentTradesNeverDelq"": 0.029999999999999805, ""MSinceMostRecentDelq"": 0.16590361445783144, ""PercentInstallTrades"": -0.08000000000000007, ""MSinceMostRecentInqexcl7days"": 0.07000000000000003}",0.7713404893875122,False
xcreditscore_lattice,172,True,feasible,very_high_risk,gurobi:Optimal,gurobi,0.7391310930252075,0.3698480427265167,1.008738154807454,7,"{""ExternalRiskEstimate"": 0.07475409836065572, ""NumSatisfactoryTrades"": 0.18481012658227852, ""PercentTradesNeverDelq"": 0.16999999999999993, ""PercentInstallTrades"": -0.2, ""MSinceMostRecentInqexcl7days"": 0.2, ""NetFractionRevolvingBurden"": -0.06465517241379311, ""NumRevolvingTradesWBalance"": -0.11226107627305956}",0.3698480427265167,True
xcreditscore_lattice,173,False,infeasible,very_high_risk,gurobi:Infeasible|refined_32,gurobi,0.8665124773979187,0.7409211993217468,0.2697899053280351,4,"{""MSinceMostRecentDelq"": 0.0487951807228916, ""NumTotalTrades"": 0.08076923076923087, ""MSinceMostRecentInqexcl7days"": 0.12000000000000005, ""PercentTradesWBalance"": -0.15000000000000013}",0.7409211993217468,False
xcreditscore_lattice,175,False,infeasible,high_risk,gurobi:Optimal|refined_32,gurobi,0.6185678839683533,0.480985164642334,0.9747863319987351,8,"{""ExternalRiskEstimate"": 0.07475409836065572, ""MSinceMostRecentTradeOpen"": -0.03666066189813419, ""NumSatisfactoryTrades"": 0.18481012658227847, ""PercentTradesNeverDelq"": 0.20000000000000007, ""MSinceMostRecentDelq"": 0.1951807228915663, ""PercentInstallTrades"": -0.2, ""MSinceMostRecentInqexcl7days"": 0.08333333333333337, ""InstallBurdenPerTrade"": -0.02571428571428569}",0.480985164642334,False
xcreditscore_lattice,176,True,feasible,very_high_risk,gurobi:Optimal,gurobi,0.8235730528831482,0.3847924470901489,1.899958314342631,11,"{""ExternalRiskEstimate"": 0.07475409836065572, ""MSinceMostRecentTradeOpen"": -0.01566579634464752, ""NumSatisfactoryTrades"": 0.18481012658227847, ""PercentTradesNeverDelq"": 0.08999999999999997, ""PercentInstallTrades"": -0.2, ""MSinceMostRecentInqexcl7days"": 0.2, ""NumInqLast6M"": -0.030303030303030304, ""NetFractionRevolvingBurden"": -0.19762931034482759, ""NumRevolvingTradesWBalance"": -0.108598304351284, ""NumBank2NatlTradesWHighUtilization"": -0.16666666666666666, ""InstallBurdenPerTrade"": -0.4238095238095238}",0.3847924470901489,True
xcreditscore_lattice,177,True,feasible,high_risk,gurobi:Optimal,gurobi,0.6039372086524963,0.38824543356895447,0.3634081404279739,3,"{""ExternalRiskEstimate"": 0.031510535793951355, ""NumSatisfactoryTrades"": 0.18481012658227847, ""MSinceMostRecentInqexcl7days"": 0.2}",0.38824543356895447,True
xcreditscore_lattice,179,True,feasible,very_high_risk,gurobi:Optimal,gurobi,0.7517596483230591,0.404086172580719,1.010893392085707,8,"{""ExternalRiskEstimate"": 0.07475409836065572, ""NumSatisfactoryTrades"": 0.18481012658227847, ""PercentTradesNeverDelq"": 0.08999999999999997, ""PercentInstallTrades"": -0.2, ""MSinceMostRecentInqexcl7days"": 0.2, ""NumInqLast6M"": -0.015151515151515152, ""NetFractionRevolvingBurden"": -0.11206896551724138, ""NumRevolvingTradesWBalance"": -0.06524873363729006}",0.404086172580719,True
xcreditscore_lattice,181,True,feasible,very_high_risk,gurobi:Optimal,gurobi,0.677006721496582,0.3059304654598236,0.97302928981077,6,"{""ExternalRiskEstimate"": 0.07475409836065572, ""NumSatisfactoryTrades"": 0.18481012658227847, ""PercentTradesNeverDelq"": 0.16000000000000003, ""MSinceMostRecentInqexcl7days"": 0.2, ""NetFractionRevolvingBurden"": -0.1336206896551724, ""NumRevolvingTradesWBalance"": -0.11865475362910155}",0.3059304654598236,True
xcreditscore_lattice,182,True,feasible,very_high_risk,gurobi:Optimal,gurobi,0.7309977412223816,0.28630131483078003,1.1362208751709018,7,"{""ExternalRiskEstimate"": 0.07475409836065572, ""NumSatisfactoryTrades"": 0.18481012658227847, ""MSinceMostRecentInqexcl7days"": 0.2, ""NumInqLast6M"": -0.015151515151515152, ""NetFractionRevolvingBurden"": -0.19762931034482759, ""NumRevolvingTradesWBalance"": -0.06710542317414839, ""NumBank2NatlTradesWHighUtilization"": -0.16666666666666666}",0.28630131483078003,True
xcreditscore_lattice,185,True,feasible,very_high_risk,gurobi:Optimal,gurobi,0.6935566067695618,0.3453896641731262,1.0847870287656554,6,"{""ExternalRiskEstimate"": 0.07475409836065572, ""MSinceMostRecentTradeOpen"": -0.005323249102984628, ""NumSatisfactoryTrades"": 0.18481012658227852, ""MSinceMostRecentInqexcl7days"": 0.2, ""NumInqLast6M"": -0.06363636363636364, ""NetFractionRevolvingBurden"": -0.19762931034482759}",0.3453896641731262,True
xcreditscore_lattice,187,False,infeasible,very_high_risk,gurobi:Infeasible|refined_32,gurobi,0.9407845735549927,0.803416907787323,0.3324865029827553,4,"{""NumSatisfactoryTrades"": 0.07392405063291141, ""PercentInstallTrades"": -0.1200000000000001, ""MSinceMostRecentInqexcl7days"": 0.12000000000000005, ""InstallBurdenPerTrade"": -0.13457142857142862}",0.803416907787323,False
xcreditscore_lattice,188,False,infeasible,very_high_risk,gurobi:Infeasible|refined_32,gurobi,0.925798773765564,0.7477854490280151,0.24868263945243302,4,"{""NumSatisfactoryTrades"": 0.07392405063291141, ""MSinceMostRecentDelq"": 0.06831325301204823, ""PercentInstallTrades"": -0.1200000000000001, ""MSinceMostRecentInqexcl7days"": 0.11000000000000004}",0.7477854490280151,False
xcreditscore_lattice,190,False,infeasible,very_high_risk,gurobi:Infeasible|refined_32,gurobi,0.9133293032646179,0.753065824508667,0.244100645656688,3,"{""PercentTradesNeverDelq"": 0.16999999999999904, ""MSinceMostRecentDelq"": 0.009759036144578313, ""MSinceMostRecentInqexcl7days"": 0.11000000000000004}",0.753065824508667,False
xcreditscore_lattice,191,False,infeasible,very_high_risk,gurobi:Optimal|refined_32,gurobi,0.7988242506980896,0.4831315577030182,1.670687606563137,11,"{""ExternalRiskEstimate"": 0.07475409836065572, ""MSinceMostRecentTradeOpen"": -0.01566579634464752, ""NumSatisfactoryTrades"": 0.18481012658227847, ""PercentTradesNeverDelq"": 0.19999999999999996, ""MSinceMostRecentDelq"": 0.1951807228915663, ""PercentInstallTrades"": -0.19999999999999996, ""MSinceMostRecentInqexcl7days"": 0.2, ""NetFractionRevolvingBurden"": -0.1939655172413793, ""NumBank2NatlTradesWHighUtilization"": -0.1111111111111111, ""RevolvingBurdenPerTrade"": -0.05818965517241383, ""InstallBurdenPerTrade"": -0.22338906903102357}",0.4831315577030182,False
xcreditscore_lattice,192,True,feasible,high_risk,gurobi:Optimal,gurobi,0.5443002581596375,0.3623337745666504,0.24555447531845792,2,"{""NumSatisfactoryTrades"": 0.18481012658227852, ""MSinceMostRecentInqexcl7days"": 0.15571695209875788}",0.3623337745666504,True
xcreditscore_lattice,193,False,infeasible,very_high_risk,gurobi:Infeasible|refined_32,gurobi,0.9080761671066284,0.7733800411224365,0.2598571947162473,5,"{""MSinceMostRecentDelq"": 0.0487951807228916, ""PercentInstallTrades"": -0.020000000000000018, ""MSinceMostRecentInqexcl7days"": 0.12000000000000005, ""NetFractionRevolvingBurden"": -0.029644396551724156, ""PercentTradesWBalance"": -0.16500000000000015}",0.7733800411224365,False
xcreditscore_lattice,194,True,feasible,very_high_risk,gurobi:Optimal,gurobi,0.8493472933769226,0.39380791783332825,1.9257390743264722,11,"{""ExternalRiskEstimate"": 0.07475409836065572, ""MSinceMostRecentTradeOpen"": -0.01566579634464752, ""NumSatisfactoryTrades"": 0.18481012658227852, ""PercentTradesNeverDelq"": 0.18999999999999995, ""PercentInstallTrades"": -0.2, ""MSinceMostRecentInqexcl7days"": 0.2, ""NetFractionRevolvingBurden"": -0.19762931034482759, ""NumRevolvingTradesWBalance"": -0.15625, ""NumInstallTradesWBalance"": -0.209590662377063, ""NumBank2NatlTradesWHighUtilization"": -0.16666666666666666, ""InstallBurdenPerTrade"": -0.1619047619047619}",0.39380791783332825,True
xcreditscore_lattice,195,True,feasible,moderate_risk,gurobi:Optimal|refined_1,gurobi,0.516660213470459,0.41734278202056885,0.3518853319456795,3,"{""ExternalRiskEstimate"": 0.07034931970929814, ""NumSatisfactoryTrades"": 0.18481012658227847, ""MSinceMostRecentInqexcl7days"": 0.010000000000000002}",0.41734278202056885,True
xcreditscore_lattice,197,False,infeasible,very_high_risk,gurobi:Infeasible|refined_32,gurobi,0.8052971363067627,0.6536328196525574,0.10645733786799985,2,"{""PercentTradesNeverDelq"": 0.030000000000000027, ""MSinceMostRecentInqexcl7days"": 0.12000000000000005}",0.6536328196525574,False
xcreditscore_lattice,198,True,feasible,high_risk,gurobi:Optimal,gurobi,0.5993124842643738,0.3804750144481659,0.36646458060910586,3,"{""ExternalRiskEstimate"": 0.03258702594435947, ""NumSatisfactoryTrades"": 0.18481012658227847, ""MSinceMostRecentInqexcl7days"": 0.2}",0.3804750144481659,True
xcreditscore_lattice,201,False,infeasible,very_high_risk,gurobi:Optimal|refined_32,gurobi,0.7584826946258545,0.45483049750328064,1.3771720684444033,10,"{""ExternalRiskEstimate"": 0.07475409836065572, ""MSinceMostRecentTradeOpen"": -0.06788511749347259, ""NumSatisfactoryTrades"": 0.18481012658227847, ""PercentTradesNeverDelq"": 0.16000000000000003, ""MSinceMostRecentDelq"": 0.1951807228915663, ""MSinceMostRecentInqexcl7days"": 0.04166666666666674, ""NetFractionRevolvingBurden"": -0.19762931034482759, ""NumRevolvingTradesWBalance"": -0.0390625, ""NumBank2NatlTradesWHighUtilization"": -0.12071474306817889, ""PercentTradesWBalance"": -0.1050000000000001}",0.45483049750328064,False
xcreditscore_lattice,202,False,infeasible,very_high_risk,gurobi:Optimal|refined_32,gurobi,0.730491578578949,0.4453042447566986,0.6434343573045924,6,"{""ExternalRiskEstimate"": 0.04481476103730708, ""NumSatisfactoryTrades"": 0.18481012658227847, ""PercentTradesNeverDelq"": 0.10999999999999899, ""PercentInstallTrades"": -0.14000000000000012, ""MSinceMostRecentInqexcl7days"": 0.2, ""PercentTradesWBalance"": -0.07500000000000007}",0.4453042447566986,False
xcreditscore_lattice,203,True,feasible,very_high_risk,gurobi:Optimal,gurobi,0.6643751859664917,0.38510286808013916,0.5396628970749187,4,"{""ExternalRiskEstimate"": 0.07475409836065572, ""NumSatisfactoryTrades"": 0.18481012658227852, ""MSinceMostRecentInqexcl7days"": 0.2, ""NetFractionRevolvingBurden"": -0.039565105690123614}",0.38510286808013916,True
xcreditscore_lattice,205,True,feasible,very_high_risk,gurobi:Optimal,gurobi,0.7903619408607483,0.40040841698646545,1.3194836312411569,10,"{""ExternalRiskEstimate"": 0.07475409836065572, ""MSinceMostRecentTradeOpen"": -0.033942558746736295, ""NumSatisfactoryTrades"": 0.1848101265822785, ""PercentTradesNeverDelq"": 0.20000000000000007, ""PercentInstallTrades"": -0.2, ""MSinceMostRecentInqexcl7days"": 0.2, ""NetFractionRevolvingBurden"": -0.19762931034482759, ""NumRevolvingTradesWBalance"": -0.0625, ""NumBank2NatlTradesWHighUtilization"": -0.05555555555555555, ""InstallBurdenPerTrade"": -0.005179537962427878}",0.40040841698646545,True
xcreditscore_lattice,206,True,feasible,near_threshold,gurobi:Optimal,gurobi,0.44054001569747925,0.40001922845840454,0.1478792060182571,2,"{""NumSatisfactoryTrades"": 0.18481012658227847, ""MSinceMostRecentInqexcl7days"": 0.0033454259853851202}",0.40001922845840454,True
xcreditscore_lattice,207,True,feasible,near_threshold,gurobi:Optimal,gurobi,0.4462612569332123,0.40870535373687744,0.20721447720610475,2,"{""NumSatisfactoryTrades"": 0.1848101265822785, ""MSinceMostRecentInqexcl7days"": 0.09590729848410362}",0.40870535373687744,True
xcreditscore_lattice,208,True,feasible,near_threshold,gurobi:Optimal,gurobi,0.4249681830406189,0.4001445770263672,0.12296338788919092,1,"{""NumSatisfactoryTrades"": 0.1559332341387812}",0.4001445770263672,True
xcreditscore_lattice,209,True,feasible,high_risk,gurobi:Optimal,gurobi,0.5397107601165771,0.291075199842453,0.45822348230340804,3,"{""ExternalRiskEstimate"": 0.06490486893567937, ""NumSatisfactoryTrades"": 0.18481012658227847, ""MSinceMostRecentInqexcl7days"": 0.2}",0.291075199842453,True
xcreditscore_lattice,211,True,feasible,very_high_risk,gurobi:Optimal,gurobi,0.728334903717041,0.40384477376937866,0.8339456960232013,5,"{""ExternalRiskEstimate"": 0.07475409836065572, ""NumSatisfactoryTrades"": 0.18481012658227847, ""MSinceMostRecentInqexcl7days"": 0.2, ""NumInqLast6M"": -0.06363636363636364, ""NetFractionRevolvingBurden"": -0.02188263897499418}",0.40384477376937866,True
xcreditscore_lattice,212,True,feasible,very_high_risk,gurobi:Optimal,gurobi,0.7171999216079712,0.38322871923446655,0.6957491146635304,5,"{""ExternalRiskEstimate"": 0.07475409836065572, ""NumSatisfactoryTrades"": 0.1848101265822785, ""MSinceMostRecentInqexcl7days"": 0.2, ""NumInqLast6M"": -0.006957922340215994, ""NetFractionRevolvingBurden"": -0.12931034482758622}",0.38322871923446655,True
xcreditscore_lattice,213,True,feasible,very_high_risk,gurobi:Optimal,gurobi,0.7640351057052612,0.39148372411727905,1.4755472261302214,10,"{""ExternalRiskEstimate"": 0.07475409836065572, ""NumSatisfactoryTrades"": 0.18481012658227847, ""PercentInstallTrades"": -0.19999999999999998, ""MSinceMostRecentInqexcl7days"": 0.2, ""NumInqLast6M"": -0.030303030303030304, ""NetFractionRevolvingBurden"": -0.19762931034482759, ""NumRevolvingTradesWBalance"": -0.0625, ""NumInstallTradesWBalance"": -0.04914933492058148, ""NumBank2NatlTradesWHighUtilization"": -0.05555555555555555, ""InstallBurdenPerTrade"": -0.2571428571428571}",0.39148372411727905,True
xcreditscore_lattice,214,True,feasible,moderate_risk,gurobi:Optimal,gurobi,0.48150479793548584,0.3706490695476532,0.32927002240897596,2,"{""ExternalRiskEstimate"": 0.06464186487010248, ""NumSatisfactoryTrades"": 0.18481012658227847}",0.3706490695476532,True
xcreditscore_lattice,218,True,feasible,high_risk,gurobi:Optimal|refined_1,gurobi,0.6153885126113892,0.4099771976470947,0.42928290731269353,4,"{""ExternalRiskEstimate"": 0.05000804331583375, ""NumSatisfactoryTrades"": 0.18481012658227847, ""MSinceMostRecentInqexcl7days"": 0.2, ""NetFractionRevolvingBurden"": -0.009881465517241395}",0.4099771976470947,True
xcreditscore_lattice,220,True,feasible,very_high_risk,gurobi:Optimal,gurobi,0.7578678131103516,0.35934996604919434,0.757533282543365,5,"{""ExternalRiskEstimate"": 0.07475409836065572, ""NumSatisfactoryTrades"": 0.18481012658227847, ""MSinceMostRecentInqexcl7days"": 0.2, ""NumInqLast6M"": -0.0008472389433978912, ""NetFractionRevolvingBurden"": -0.19762931034482759}",0.35934996604919434,True
xcreditscore_lattice,221,True,feasible,high_risk,gurobi:Optimal|refined_18,gurobi,0.594491183757782,0.4184906482696533,1.1057977462117032,8,"{""ExternalRiskEstimate"": 0.07475409836065572, ""NumSatisfactoryTrades"": 0.18481012658227847, ""MSinceMostRecentDelq"": 0.0487951807228916, ""NumTotalTrades"": 0.02961538461538482, ""MSinceMostRecentInqexcl7days"": 0.2, ""NetFractionRevolvingBurden"": -0.19762931034482759, ""NumBank2NatlTradesWHighUtilization"": -0.16666666666666666, ""PercentTradesWBalance"": -0.1200000000000001}",0.4184906482696533,True
xcreditscore_lattice,223,True,feasible,very_high_risk,gurobi:Optimal|refined_6,gurobi,0.7413464188575745,0.41945359110832214,1.2535276537930438,8,"{""ExternalRiskEstimate"": 0.07475409836065572, ""NumSatisfactoryTrades"": 0.18481012658227847, ""MSinceMostRecentDelq"": 0.02927710843373496, ""PercentInstallTrades"": -0.06000000000000005, ""MSinceMostRecentInqexcl7days"": 0.2, ""NumInqLast6M"": -0.030303030303030304, ""NetFractionRevolvingBurden"": -0.1896551724137931, ""InstallBurdenPerTrade"": -0.33657891710664695}",0.41945359110832214,True
xcreditscore_lattice,228,True,feasible,moderate_risk,gurobi:Optimal|refined_3,gurobi,0.4923993945121765,0.41993582248687744,0.4240533232630985,4,"{""ExternalRiskEstimate"": 0.046285671874013556, ""NumSatisfactoryTrades"": 0.18481012658227847, ""MSinceMostRecentDelq"": 0.02927710843373496, ""MSinceMostRecentInqexcl7days"": 0.2}",0.41993582248687744,True
xcreditscore_lattice,232,False,infeasible,very_high_risk,gurobi:Infeasible|refined_32,gurobi,0.9037979245185852,0.788101077079773,0.274535601560523,5,"{""NumSatisfactoryTrades"": 0.018481012658227852, ""PercentTradesNeverDelq"": 0.1100000000000001, ""MSinceMostRecentInqexcl7days"": 0.12000000000000005, ""NumRevolvingTradesWBalance"": -0.0062500000000000056, ""NumBank2NatlTradesWHighUtilization"": -0.04999999999999999}",0.788101077079773,False
xcreditscore_lattice,234,True,feasible,very_high_risk,gurobi:Optimal,gurobi,0.8529645204544067,0.4051527976989746,2.9555985223429673,18,"{""ExternalRiskEstimate"": 0.07475409836065572, ""MSinceMostRecentTradeOpen"": -0.0026109660574412533, ""NumSatisfactoryTrades"": 0.1848101265822785, ""NumTrades60Ever2DerogPubRec"": -0.09154094304817019, ""PercentTradesNeverDelq"": 0.09999999999999998, ""MSinceMostRecentDelq"": 0.19518072289156627, ""NumTradesOpeninLast12M"": -0.13684210526315788, ""PercentInstallTrades"": -0.2, ""MSinceMostRecentInqexcl7days"": 0.2, ""NumInqLast6M"": -0.030303030303030304, ""NetFractionRevolvingBurden"": -0.1853448275862069, ""NumRevolvingTradesWBalance"": -0.125, ""NumInstallTradesWBalance"": -0.24444444444444444, ""NumBank2NatlTradesWHighUtilization"": -0.05555555555555555, ""PercentTradesWBalance"": -0.29999999999999993, ""InquiryToTradeRatio"": -0.007905138339920948, ""RevolvingBurdenPerTrade"": -0.07413793103448275, ""InstallBurdenPerTrade"": -0.2020408163265306}",0.4051527976989746,True
xcreditscore_lattice,235,True,feasible,very_high_risk,gurobi:Optimal,gurobi,0.8172547221183777,0.3936697244644165,2.627102611840424,16,"{""ExternalRiskEstimate"": 0.07475409836065572, ""MSinceMostRecentTradeOpen"": -0.01566579634464752, ""NumSatisfactoryTrades"": 0.18481012658227852, ""NumTrades60Ever2DerogPubRec"": -0.058433930597511514, ""PercentTradesNeverDelq"": 0.15000000000000002, ""MSinceMostRecentDelq"": 0.19518072289156627, ""NumTradesOpeninLast12M"": -0.13684210526315788, ""PercentInstallTrades"": -0.2, ""MSinceMostRecentInqexcl7days"": 0.2, ""NumInqLast6M"": -0.030303030303030304, ""NetFractionRevolvingBurden"": -0.11637931034482758, ""NumRevolvingTradesWBalance"": -0.15625, ""NumInstallTradesWBalance"": -0.24444444444444444, ""PercentTradesWBalance"": -0.3, ""RevolvingBurdenPerTrade"": -0.03879310344827586, ""InstallBurdenPerTrade"": -0.17959183673469387}",0.3936697244644165,True
xcreditscore_lattice,237,True,feasible,very_high_risk,gurobi:Optimal,gurobi,0.7184677124023438,0.4093989133834839,2.0700781658639023,15,"{""ExternalRiskEstimate"": 0.07475409836065572, ""MSinceMostRecentTradeOpen"": -0.013054830287206266, ""NumSatisfactoryTrades"": 0.1848101265822785, ""NumTrades60Ever2DerogPubRec"": -0.01129158692872223, ""PercentTradesNeverDelq"": 0.20000000000000007, ""MSinceMostRecentDelq"": 0.1951807228915663, ""NumTradesOpeninLast12M"": -0.10526315789473684, ""PercentInstallTrades"": -0.19999999999999998, ""MSinceMostRecentInqexcl7days"": 0.2, ""NetFractionRevolvingBurden"": -0.07758620689655173, ""NumRevolvingTradesWBalance"": -0.0625, ""NumInstallTradesWBalance"": -0.05555555555555555, ""PercentTradesWBalance"": -0.3, ""RevolvingBurdenPerTrade"": -0.05172413793103448, ""InstallBurdenPerTrade"": -0.4485714285714286}",0.4093989133834839,True
xcreditscore_lattice,238,False,infeasible,very_high_risk,gurobi:Optimal|refined_30,gurobi,0.8512542247772217,0.5237683653831482,2.616785737180904,15,"{""ExternalRiskEstimate"": 0.07475409836065572, ""MSinceMostRecentTradeOpen"": -0.010443864229765013, ""NumSatisfactoryTrades"": 0.18481012658227852, ""PercentTradesNeverDelq"": 0.05999999999999994, ""MSinceMostRecentDelq"": 0.1951807228915663, ""PercentInstallTrades"": -0.2, ""MSinceMostRecentInqexcl7days"": 0.2, ""NumInqLast6M"": -0.06060606060606061, ""NetFractionRevolvingBurden"": -0.19762931034482759, ""NetFractionInstallBurden"": -0.1362244897959185, ""NumRevolvingTradesWBalance"": -0.16875, ""NumInstallTradesWBalance"": -0.22222222222222224, ""NumBank2NatlTradesWHighUtilization"": -0.16666666666666666, ""RevolvingBurdenPerTrade"": -0.08497536945812809, ""InstallBurdenPerTrade"": -0.2119047619047619}",0.5237683653831482,False
xcreditscore_lattice,239,True,feasible,high_risk,gurobi:Optimal|refined_13,gurobi,0.6086549758911133,0.4187054932117462,0.3564196539211269,5,"{""NumSatisfactoryTrades"": 0.18481012658227852, ""MSinceMostRecentDelq"": 0.03903614457831328, ""MSinceMostRecentInqexcl7days"": 0.16094772819162634, ""NumRevolvingTradesWBalance"": -0.015625, ""PercentTradesWBalance"": -0.1050000000000001}",0.4187054932117462,True
xcreditscore_lattice,243,False,infeasible,very_high_risk,gurobi:Infeasible|refined_32,gurobi,0.8876628279685974,0.6802389025688171,0.21442802612087744,4,"{""NumSatisfactoryTrades"": 0.07392405063291141, ""MSinceMostRecentDelq"": 0.09759036144578312, ""MSinceMostRecentInqexcl7days"": 0.12000000000000005, ""NetFractionRevolvingBurden"": -0.012500000000000011}",0.6802389025688171,False
xcreditscore_lattice,248,False,infeasible,very_high_risk,gurobi:Infeasible|refined_32,gurobi,0.8357775211334229,0.5874474048614502,0.27384080331192545,5,"{""NumSatisfactoryTrades"": 0.036962025316455704, ""MSinceMostRecentDelq"": 0.03903614457831328, ""MSinceMostRecentInqexcl7days"": 0.12000000000000005, ""NetFractionRevolvingBurden"": -0.07905172413793116, ""PercentTradesWBalance"": -0.06000000000000005}",0.5874474048614502,False
xcreditscore_lattice,249,True,feasible,moderate_risk,gurobi:Optimal,gurobi,0.48150479793548584,0.3706490695476532,0.32927002240897596,2,"{""ExternalRiskEstimate"": 0.06464186487010248, ""NumSatisfactoryTrades"": 0.18481012658227847}",0.3706490695476532,True
xcreditscore_lattice,250,True,feasible,very_high_risk,gurobi:Optimal|refined_6,gurobi,0.8085530996322632,0.41899892687797546,1.3586219461424665,9,"{""ExternalRiskEstimate"": 0.07475409836065572, ""MSinceMostRecentTradeOpen"": -0.033942558746736295, ""NumSatisfactoryTrades"": 0.1848101265822785, ""PercentTradesNeverDelq"": 0.19999999999999996, ""MSinceMostRecentDelq"": 0.05855421686746991, ""PercentInstallTrades"": -0.05, ""MSinceMostRecentInqexcl7days"": 0.2, ""NumInqLast6M"": -0.06363636363636364, ""InstallBurdenPerTrade"": -0.22612544218253694}",0.41899892687797546,True
xcreditscore_lattice,251,False,infeasible,very_high_risk,gurobi:Infeasible|refined_32,gurobi,0.8373539447784424,0.6657014489173889,0.23043085664717025,4,"{""NumSatisfactoryTrades"": 0.08316455696202546, ""MSinceMostRecentDelq"": 0.03903614457831328, ""MSinceMostRecentInqexcl7days"": 0.12000000000000005, ""PercentTradesWBalance"": -0.1050000000000001}",0.6657014489173889,False
xcreditscore_lattice,252,True,feasible,high_risk,gurobi:Optimal,gurobi,0.5553800463676453,0.26956111192703247,0.4850733728552381,3,"{""ExternalRiskEstimate"": 0.07436150508940143, ""NumSatisfactoryTrades"": 0.1848101265822785, ""MSinceMostRecentInqexcl7days"": 0.2}",0.26956111192703247,True
xcreditscore_lattice,253,True,feasible,moderate_risk,gurobi:Optimal,gurobi,0.48150479793548584,0.3706490695476532,0.32927002240897596,2,"{""ExternalRiskEstimate"": 0.06464186487010248, ""NumSatisfactoryTrades"": 0.18481012658227847}",0.3706490695476532,True
xcreditscore_lattice,256,True,feasible,very_high_risk,gurobi:Optimal,gurobi,0.7488585114479065,0.3511151969432831,1.1707286022700485,8,"{""ExternalRiskEstimate"": 0.07475409836065572, ""MSinceMostRecentTradeOpen"": -0.03655352480417755, ""NumSatisfactoryTrades"": 0.1848101265822785, ""PercentTradesNeverDelq"": 0.10999999999999999, ""MSinceMostRecentInqexcl7days"": 0.2, ""NumInqLast6M"": -0.030303030303030304, ""NetFractionRevolvingBurden"": -0.1939655172413793, ""NumBank2NatlTradesWHighUtilization"": -0.05319857415780425}",0.3511151969432831,True
xcreditscore_lattice,259,False,infeasible,very_high_risk,gurobi:Infeasible|refined_32,gurobi,0.9025780558586121,0.7282155752182007,0.25171696903227664,4,"{""NumSatisfactoryTrades"": 0.036962025316455704, ""PercentTradesNeverDelq"": 0.07700000000000007, ""PercentInstallTrades"": -0.1200000000000001, ""MSinceMostRecentInqexcl7days"": 0.11000000000000004}",0.7282155752182007,False
xcreditscore_lattice,261,True,feasible,high_risk,gurobi:Optimal,gurobi,0.5289473533630371,0.36712881922721863,0.3880062629612252,3,"{""ExternalRiskEstimate"": 0.04017409047074216, ""NumSatisfactoryTrades"": 0.18481012658227847, ""MSinceMostRecentInqexcl7days"": 0.2}",0.36712881922721863,True
xcreditscore_lattice,263,False,near_feasible,high_risk,gurobi:Optimal|refined_32,gurobi,0.583475649356842,0.420604944229126,0.9190067774572305,8,"{""ExternalRiskEstimate"": 0.07475409836065572, ""NumSatisfactoryTrades"": 0.18481012658227847, ""MSinceMostRecentDelq"": 0.0487951807228916, ""NumTotalTrades"": 0.12923076923076926, ""NumTradesOpeninLast12M"": -0.027368421052631486, ""MSinceMostRecentInqexcl7days"": 0.2, ""NumInqLast6M"": -0.02372540188407958, ""PercentTradesWBalance"": -0.2250000000000002}",0.420604944229126,False
xcreditscore_lattice,264,False,infeasible,very_high_risk,gurobi:Infeasible|refined_32,gurobi,0.955565869808197,0.8422922492027283,0.21210691978660767,3,"{""NumSatisfactoryTrades"": 0.09240506329113926, ""MSinceMostRecentDelq"": 0.09759036144578317, ""MSinceMostRecentInqexcl7days"": 0.12000000000000005}",0.8422922492027283,False
xcreditscore_lattice,266,True,feasible,very_high_risk,gurobi:Optimal|refined_6,gurobi,0.7305172681808472,0.41701287031173706,0.7733612086999184,6,"{""ExternalRiskEstimate"": 0.07475409836065572, ""NumSatisfactoryTrades"": 0.18481012658227847, ""PercentTradesNeverDelq"": 0.032999999999999696, ""MSinceMostRecentInqexcl7days"": 0.2, ""NumInqLast6M"": -0.030303030303030304, ""NetFractionRevolvingBurden"": -0.07633469601990357}",0.41701287031173706,True
xcreditscore_lattice,268,True,feasible,moderate_risk,gurobi:Optimal,gurobi,0.48150479793548584,0.3706490695476532,0.32927002240897596,2,"{""ExternalRiskEstimate"": 0.06464186487010248, ""NumSatisfactoryTrades"": 0.18481012658227847}",0.3706490695476532,True
xcreditscore_lattice,270,False,infeasible,very_high_risk,gurobi:Infeasible|refined_32,gurobi,0.9466956257820129,0.8565832376480103,0.18983380410619047,3,"{""NumSatisfactoryTrades"": 0.02772151898734178, ""PercentTradesNeverDelq"": 0.09899999999999909, ""MSinceMostRecentInqexcl7days"": 0.11000000000000004}",0.8565832376480103,False
xcreditscore_lattice,272,True,feasible,very_high_risk,gurobi:Optimal|refined_29,gurobi,0.8969182968139648,0.41851332783699036,1.6003043390274683,10,"{""ExternalRiskEstimate"": 0.07475409836065572, ""MSinceMostRecentTradeOpen"": -0.010443864229765013, ""NumSatisfactoryTrades"": 0.1848101265822785, ""MSinceMostRecentDelq"": 0.15614457831325287, ""MSinceMostRecentInqexcl7days"": 0.2, ""NumInqLast6M"": -0.06060606060606061, ""NetFractionRevolvingBurden"": -0.19762931034482759, ""NumRevolvingTradesWBalance"": -0.05578378284570353, ""PercentTradesWBalance"": -0.19500000000000017, ""InstallBurdenPerTrade"": -0.2571428571428571}",0.41851332783699036,True
xcreditscore_lattice,276,True,feasible,moderate_risk,gurobi:Optimal,gurobi,0.49226483702659607,0.37205779552459717,0.3320199194998497,2,"{""ExternalRiskEstimate"": 0.0656103893487544, ""NumSatisfactoryTrades"": 0.18481012658227847}",0.37205779552459717,True
xcreditscore_lattice,278,True,feasible,moderate_risk,gurobi:Optimal,gurobi,0.49976080656051636,0.4149732291698456,0.1660837838709382,2,"{""NumSatisfactoryTrades"": 0.18481012658227852, ""MSinceMostRecentInqexcl7days"": 0.031744214435482726}",0.4149732291698456,True
xcreditscore_lattice,279,True,feasible,very_high_risk,gurobi:Optimal|refined_28,gurobi,0.8358370065689087,0.4199584424495697,1.9553921677326995,13,"{""ExternalRiskEstimate"": 0.07475409836065572, ""MSinceMostRecentTradeOpen"": -0.044386422976501305, ""NumSatisfactoryTrades"": 0.1848101265822785, ""MSinceMostRecentDelq"": 0.19518072289156632, ""PercentInstallTrades"": -0.13, ""MSinceMostRecentInqexcl7days"": 0.2, ""NumInqLast6M"": -0.015151515151515152, ""NetFractionRevolvingBurden"": -0.19762931034482759, ""NumRevolvingTradesWBalance"": -0.16875, ""NumBank2NatlTradesWHighUtilization"": -0.16666666666666663, ""PercentTradesWBalance"": -0.06000000000000005, ""RevolvingBurdenPerTrade"": -0.07279693486590039, ""InstallBurdenPerTrade"": -0.2571428571428571}",0.4199584424495697,True
xcreditscore_lattice,281,False,infeasible,very_high_risk,gurobi:Infeasible|refined_32,gurobi,0.7497671842575073,0.6033763885498047,0.16022315287562808,3,"{""MSinceMostRecentDelq"": 0.09759036144578292, ""MSinceMostRecentInqexcl7days"": 0.12000000000000005, ""RevolvingBurdenPerTrade"": -0.014367816091954007}",0.6033763885498047,False
xcreditscore_lattice,282,True,feasible,high_risk,gurobi:Optimal,gurobi,0.5675502419471741,0.3787604570388794,1.0374401091105612,9,"{""ExternalRiskEstimate"": 0.07475409836065572, ""NumSatisfactoryTrades"": 0.18481012658227847, ""PercentTradesNeverDelq"": 0.06999999999999995, ""PercentInstallTrades"": -0.2, ""MSinceMostRecentInqexcl7days"": 0.19999999999999998, ""NumInqLast6M"": -0.015151515151515152, ""NetFractionRevolvingBurden"": -0.09913793103448276, ""NumRevolvingTradesWBalance"": -0.05676266766487436, ""NumBank2NatlTradesWHighUtilization"": -0.05555555555555555}",0.3787604570388794,True
xcreditscore_lattice,284,True,feasible,very_high_risk,gurobi:Optimal,gurobi,0.677995502948761,0.3989136219024658,2.0684420019343635,16,"{""ExternalRiskEstimate"": 0.07475409836065572, ""MSinceMostRecentTradeOpen"": -0.005221932114882507, ""NumSatisfactoryTrades"": 0.18481012658227847, ""NumTrades60Ever2DerogPubRec"": -0.09297145764493472, ""PercentTradesNeverDelq"": 0.19999999999999996, ""MSinceMostRecentDelq"": 0.1951807228915663, ""NumTradesOpeninLast12M"": -0.05263157894736842, ""PercentInstallTrades"": -0.2, ""MSinceMostRecentInqexcl7days"": 0.2, ""NumInqLast6M"": -0.015151515151515152, ""NetFractionRevolvingBurden"": -0.04741379310344827, ""NumRevolvingTradesWBalance"": -0.03125, ""NumBank2NatlTradesWHighUtilization"": -0.05555555555555555, ""PercentTradesWBalance"": -0.3, ""RevolvingBurdenPerTrade"": -0.04741379310344827, ""InstallBurdenPerTrade"": -0.02142857142857143}",0.3989136219024658,True
xcreditscore_lattice,287,True,feasible,very_high_risk,gurobi:Optimal|refined_1,gurobi,0.6905158758163452,0.40592142939567566,0.6214241616748484,4,"{""ExternalRiskEstimate"": 0.07475409836065572, ""NumSatisfactoryTrades"": 0.18481012658227847, ""MSinceMostRecentInqexcl7days"": 0.2, ""NetFractionRevolvingBurden"": -0.10005883665655868}",0.40592142939567566,True
xcreditscore_lattice,288,False,infeasible,very_high_risk,gurobi:Infeasible|refined_32,gurobi,0.9083343744277954,0.689357578754425,0.2529110402483677,5,"{""NumSatisfactoryTrades"": 0.09240506329113926, ""MSinceMostRecentDelq"": 0.03903614457831328, ""PercentInstallTrades"": -0.06000000000000005, ""MSinceMostRecentInqexcl7days"": 0.12000000000000005, ""NetFractionRevolvingBurden"": -0.029644396551724184}",0.689357578754425,False
xcreditscore_lattice,290,True,feasible,moderate_risk,gurobi:Optimal,gurobi,0.48150479793548584,0.3706490695476532,0.32927002240897596,2,"{""ExternalRiskEstimate"": 0.06464186487010248, ""NumSatisfactoryTrades"": 0.18481012658227847}",0.3706490695476532,True
xcreditscore_lattice,293,True,feasible,very_high_risk,gurobi:Optimal,gurobi,0.6466264128684998,0.2728763520717621,1.2944269875828127,9,"{""ExternalRiskEstimate"": 0.07475409836065572, ""MSinceMostRecentTradeOpen"": -0.020887728459530026, ""NumSatisfactoryTrades"": 0.1848101265822785, ""PercentTradesNeverDelq"": 0.05999999999999994, ""PercentInstallTrades"": -0.2, ""MSinceMostRecentInqexcl7days"": 0.2, ""NetFractionRevolvingBurden"": -0.19762931034482759, ""NumBank2NatlTradesWHighUtilization"": -0.05555555555555555, ""InstallBurdenPerTrade"": -0.25399131918035206}",0.2728763520717621,True
xcreditscore_lattice,296,True,feasible,very_high_risk,gurobi:Optimal|refined_17,gurobi,0.6396649479866028,0.4167403280735016,1.1168812217486868,6,"{""ExternalRiskEstimate"": 0.07475409836065572, ""NumSatisfactoryTrades"": 0.1848101265822785, ""PercentTradesNeverDelq"": 0.06800000000000006, ""MSinceMostRecentInqexcl7days"": 0.2, ""NumInqLast6M"": -0.06363636363636364, ""NetFractionRevolvingBurden"": -0.18169235781276089}",0.4167403280735016,True
xcreditscore_lattice,297,False,infeasible,very_high_risk,gurobi:Infeasible|refined_32,gurobi,0.8355259895324707,0.6609453558921814,0.20929094443093138,3,"{""PercentTradesNeverDelq"": 0.08400000000000007, ""MSinceMostRecentDelq"": 0.08783132530120485, ""MSinceMostRecentInqexcl7days"": 0.11000000000000004}",0.6609453558921814,False
xcreditscore_lattice,298,False,infeasible,very_high_risk,gurobi:Infeasible|refined_32,gurobi,0.8599621653556824,0.7354062795639038,0.12260046803679576,3,"{""PercentTradesNeverDelq"": 0.040000000000000036, ""PercentInstallTrades"": -0.020000000000000018, ""MSinceMostRecentInqexcl7days"": 0.11000000000000004}",0.7354062795639038,False
xcreditscore_lattice,299,True,feasible,very_high_risk,gurobi:Optimal,gurobi,0.7441719770431519,0.41340354084968567,1.4572577938027298,10,"{""ExternalRiskEstimate"": 0.07475409836065572, ""MSinceMostRecentTradeOpen"": -0.020887728459530026, ""NumSatisfactoryTrades"": 0.18481012658227852, ""PercentTradesNeverDelq"": 0.19999999999999996, ""PercentInstallTrades"": -0.2, ""MSinceMostRecentInqexcl7days"": 0.2, ""NetFractionRevolvingBurden"": -0.125, ""NumRevolvingTradesWBalance"": -0.125, ""NumBank2NatlTradesWHighUtilization"": -0.05555555555555555, ""InstallBurdenPerTrade"": -0.2167218871952085}",0.41340354084968567,True
xcreditscore_lattice,302,True,feasible,very_high_risk,gurobi:Optimal,gurobi,0.8032562732696533,0.40213483572006226,1.8103816301400646,10,"{""ExternalRiskEstimate"": 0.07475409836065572, ""MSinceMostRecentTradeOpen"": -0.03655352480417755, ""NumSatisfactoryTrades"": 0.18481012658227847, ""PercentTradesNeverDelq"": 0.05999999999999994, ""PercentInstallTrades"": -0.2, ""MSinceMostRecentInqexcl7days"": 0.2, ""NumInqLast6M"": -0.06060606060606061, ""NetFractionRevolvingBurden"": -0.19762931034482759, ""NumInstallTradesWBalance"": -0.20862211265561784, ""NumBank2NatlTradesWHighUtilization"": -0.16666666666666666}",0.40213483572006226,True
xcreditscore_lattice,303,True,feasible,moderate_risk,gurobi:Optimal,gurobi,0.5035901665687561,0.3448674976825714,0.21552656080517718,2,"{""NumSatisfactoryTrades"": 0.18481012658227847, ""MSinceMostRecentInqexcl7days"": 0.10887398772127377}",0.3448674976825714,True
xcreditscore_lattice,306,True,feasible,near_threshold,gurobi:Optimal,gurobi,0.4675653874874115,0.3104512691497803,0.2302922162489746,2,"{""NumSatisfactoryTrades"": 0.18481012658227852, ""MSinceMostRecentInqexcl7days"": 0.13190812389673465}",0.3104512691497803,True
xcreditscore_lattice,307,True,feasible,very_high_risk,gurobi:Optimal,gurobi,0.6339947581291199,0.35854965448379517,0.5632733534905612,4,"{""ExternalRiskEstimate"": 0.07475409836065572, ""NumSatisfactoryTrades"": 0.1848101265822785, ""MSinceMostRecentInqexcl7days"": 0.2, ""NumInqLast6M"": -0.015417060905846169}",0.35854965448379517,True
xcreditscore_lattice,308,True,feasible,high_risk,gurobi:Optimal,gurobi,0.5226994156837463,0.33268076181411743,0.2712474008831328,2,"{""NumSatisfactoryTrades"": 0.18481012658227847, ""MSinceMostRecentInqexcl7days"": 0.1957974177750247}",0.33268076181411743,True
xcreditscore_lattice,311,True,feasible,moderate_risk,gurobi:Optimal,gurobi,0.48150479793548584,0.3706490695476532,0.32927002240897596,2,"{""ExternalRiskEstimate"": 0.06464186487010248, ""NumSatisfactoryTrades"": 0.18481012658227847}",0.3706490695476532,True
xcreditscore_lattice,312,True,feasible,high_risk,gurobi:Optimal,gurobi,0.5767055749893188,0.3326861262321472,0.4548598130635191,3,"{""ExternalRiskEstimate"": 0.06372017151273479, ""NumSatisfactoryTrades"": 0.18481012658227852, ""MSinceMostRecentInqexcl7days"": 0.2}",0.3326861262321472,True
xcreditscore_lattice,314,True,feasible,very_high_risk,gurobi:Optimal,gurobi,0.6326534152030945,0.27997949719429016,0.5883552418657667,4,"{""ExternalRiskEstimate"": 0.07475409836065572, ""NumSatisfactoryTrades"": 0.1848101265822785, ""MSinceMostRecentInqexcl7days"": 0.2, ""NetFractionRevolvingBurden"": -0.07559172074207554}",0.27997949719429016,True
xcreditscore_lattice,315,True,feasible,very_high_risk,gurobi:Optimal,gurobi,0.6300601363182068,0.35542410612106323,0.42444755289606084,3,"{""ExternalRiskEstimate"": 0.05300885488889906, ""NumSatisfactoryTrades"": 0.18481012658227847, ""MSinceMostRecentInqexcl7days"": 0.2}",0.35542410612106323,True
xcreditscore_lattice,317,True,feasible,near_threshold,gurobi:Optimal,gurobi,0.44137972593307495,0.3911154568195343,0.1522523116287564,2,"{""NumSatisfactoryTrades"": 0.18481012658227847, ""MSinceMostRecentInqexcl7days"": 0.010167385940046425}",0.3911154568195343,True
xcreditscore_lattice,318,False,infeasible,very_high_risk,gurobi:Infeasible|refined_32,gurobi,0.805613100528717,0.6091116666793823,0.1619782077468752,3,"{""PercentTradesNeverDelq"": 0.07999999999999996, ""PercentInstallTrades"": -0.020000000000000018, ""MSinceMostRecentInqexcl7days"": 0.11000000000000004}",0.6091116666793823,False
xcreditscore_lattice,321,False,near_feasible,very_high_risk,gurobi:Optimal|refined_32,gurobi,0.8457179069519043,0.43174993991851807,2.264737502844494,13,"{""ExternalRiskEstimate"": 0.07475409836065572, ""NumSatisfactoryTrades"": 0.18481012658227847, ""PercentTradesNeverDelq"": 0.12, ""MSinceMostRecentDelq"": 0.058554216867469755, ""PercentInstallTrades"": -0.2, ""MSinceMostRecentInqexcl7days"": 0.2, ""NumInqLast6M"": -0.06363636363636364, ""NetFractionRevolvingBurden"": -0.19762931034482759, ""NumRevolvingTradesWBalance"": -0.16875, ""NumBank2NatlTradesWHighUtilization"": -0.16666666666666666, ""PercentTradesWBalance"": -0.09000000000000008, ""RevolvingBurdenPerTrade"": -0.0646551724137931, ""InstallBurdenPerTrade"": -0.3643476832780847}",0.43174993991851807,False
xcreditscore_lattice,325,False,infeasible,very_high_risk,gurobi:Optimal|refined_32,gurobi,0.8214085102081299,0.44193315505981445,2.191317644982993,14,"{""ExternalRiskEstimate"": 0.07475409836065572, ""NumSatisfactoryTrades"": 0.18481012658227847, ""PercentTradesNeverDelq"": 0.040000000000000036, ""MSinceMostRecentDelq"": 0.1951807228915663, ""PercentInstallTrades"": -0.2, ""MSinceMostRecentInqexcl7days"": 0.2, ""NumInqLast6M"": -0.06363636363636364, ""NetFractionRevolvingBurden"": -0.19762931034482759, ""NumRevolvingTradesWBalance"": -0.16875, ""NumInstallTradesWBalance"": -0.24083752186590607, ""NumBank2NatlTradesWHighUtilization"": -0.1111111111111111, ""PercentTradesWBalance"": -0.15000000000000013, ""RevolvingBurdenPerTrade"": -0.00478927203065134, ""InstallBurdenPerTrade"": -0.08775510204081632}",0.44193315505981445,False
xcreditscore_lattice,328,True,feasible,high_risk,gurobi:Optimal,gurobi,0.5748347043991089,0.3675720691680908,0.6992656922896958,5,"{""ExternalRiskEstimate"": 0.07475409836065572, ""NumSatisfactoryTrades"": 0.1848101265822785, ""MSinceMostRecentInqexcl7days"": 0.2, ""NumInqLast6M"": -0.030303030303030304, ""NetFractionRevolvingBurden"": -0.045549011938535}",0.3675720691680908,True
xcreditscore_lattice,329,True,feasible,near_threshold,gurobi:Optimal|refined_1,gurobi,0.433488130569458,0.41858598589897156,0.06363967127457217,2,"{""NumSatisfactoryTrades"": 0.07257408466098753, ""MSinceMostRecentInqexcl7days"": 0.010000000000000002}",0.41858598589897156,True
xcreditscore_lattice,330,True,feasible,near_threshold,gurobi:Optimal|refined_1,gurobi,0.46948155760765076,0.4174073338508606,0.1268385592904132,2,"{""NumSatisfactoryTrades"": 0.15271832248213038, ""MSinceMostRecentInqexcl7days"": 0.010000000000000002}",0.4174073338508606,True
xcreditscore_lattice,331,True,feasible,very_high_risk,gurobi:Optimal,gurobi,0.6977514028549194,0.3220877945423126,0.8081595756999999,5,"{""ExternalRiskEstimate"": 0.07475409836065572, ""NumSatisfactoryTrades"": 0.18481012658227847, ""MSinceMostRecentInqexcl7days"": 0.2, ""NumInqLast6M"": -0.010972497574724863, ""NetFractionRevolvingBurden"": -0.19762931034482759}",0.3220877945423126,True
xcreditscore_lattice,332,True,feasible,very_high_risk,gurobi:Optimal|refined_9,gurobi,0.840266764163971,0.4181348383426666,1.070267472516006,7,"{""ExternalRiskEstimate"": 0.07475409836065572, ""NumSatisfactoryTrades"": 0.18481012658227847, ""MSinceMostRecentDelq"": 0.03903614457831328, ""PercentInstallTrades"": -0.10000000000000009, ""MSinceMostRecentInqexcl7days"": 0.2, ""NumInqLast6M"": -0.06060606060606061, ""NetFractionRevolvingBurden"": -0.14248490786220608}",0.4181348383426666,True
xcreditscore_lattice,336,False,infeasible,very_high_risk,gurobi:Infeasible|refined_32,gurobi,0.8601410984992981,0.716108500957489,0.24777428777080168,4,"{""PercentTradesNeverDelq"": 0.1100000000000001, ""MSinceMostRecentDelq"": 0.07807228915662656, ""PercentInstallTrades"": -0.020000000000000018, ""MSinceMostRecentInqexcl7days"": 0.12000000000000005}",0.716108500957489,False
xcreditscore_lattice,339,True,feasible,high_risk,gurobi:Optimal|refined_6,gurobi,0.5551915168762207,0.41835030913352966,0.7955956044007966,6,"{""ExternalRiskEstimate"": 0.07475409836065572, ""NumSatisfactoryTrades"": 0.1848101265822785, ""MSinceMostRecentInqexcl7days"": 0.19999999999999998, ""NumInqLast6M"": -0.011905299708131317, ""NetFractionRevolvingBurden"": -0.13793103448275862, ""NumRevolvingTradesWBalance"": -0.05062499999999992}",0.41835030913352966,True
xcreditscore_lattice,340,True,feasible,very_high_risk,gurobi:Optimal,gurobi,0.7082402110099792,0.32596930861473083,1.2318750690338127,6,"{""ExternalRiskEstimate"": 0.07475409836065572, ""NumSatisfactoryTrades"": 0.18481012658227847, ""MSinceMostRecentInqexcl7days"": 0.2, ""NumInqLast6M"": -0.06060606060606061, ""NetFractionRevolvingBurden"": -0.19762931034482759, ""NumBank2NatlTradesWHighUtilization"": -0.13117219254689172}",0.32596930861473083,True
xcreditscore_lattice,342,False,infeasible,very_high_risk,gurobi:Infeasible|refined_32,gurobi,0.9520478248596191,0.882096529006958,0.2047206676098888,3,"{""NumSatisfactoryTrades"": 0.02772151898734178, ""MSinceMostRecentDelq"": 0.16590361445783142, ""MSinceMostRecentInqexcl7days"": 0.12000000000000005}",0.882096529006958,False
xcreditscore_lattice,344,True,feasible,very_high_risk,gurobi:Optimal,gurobi,0.6225786805152893,0.32074496150016785,0.562884108622606,4,"{""ExternalRiskEstimate"": 0.07475409836065572, ""NumSatisfactoryTrades"": 0.18481012658227852, ""MSinceMostRecentInqexcl7days"": 0.2, ""NumInqLast6M"": -0.015339211932255105}",0.32074496150016785,True
xcreditscore_lattice,345,True,feasible,high_risk,gurobi:Optimal|refined_12,gurobi,0.5868275761604309,0.4146246910095215,0.32806005597327514,3,"{""NumSatisfactoryTrades"": 0.18481012658227847, ""PercentTradesNeverDelq"": 0.07200000000000006, ""MSinceMostRecentInqexcl7days"": 0.17385273938452547}",0.4146246910095215,True
xcreditscore_lattice,347,True,feasible,near_threshold,gurobi:Optimal|refined_3,gurobi,0.4581678807735443,0.4139331877231598,0.15154882808806996,2,"{""NumSatisfactoryTrades"": 0.1677958450266952, ""MSinceMostRecentInqexcl7days"": 0.030000000000000006}",0.4139331877231598,True
xcreditscore_lattice,348,True,feasible,very_high_risk,gurobi:Optimal,gurobi,0.6687650084495544,0.2542509436607361,0.7900298746373995,5,"{""ExternalRiskEstimate"": 0.07475409836065572, ""NumSatisfactoryTrades"": 0.1848101265822785, ""MSinceMostRecentInqexcl7days"": 0.2, ""NumInqLast6M"": -0.030303030303030304, ""NetFractionRevolvingBurden"": -0.1127038444279429}",0.2542509436607361,True
xcreditscore_lattice,349,True,feasible,near_threshold,gurobi:Optimal|refined_9,gurobi,0.4531939625740051,0.41668784618377686,0.03543996573907159,1,"{""PercentTradesNeverDelq"": 0.03600000000000003}",0.41668784618377686,True
xcreditscore_lattice,350,True,feasible,very_high_risk,gurobi:Optimal,gurobi,0.6387771964073181,0.39206117391586304,0.6419860439526104,4,"{""ExternalRiskEstimate"": 0.07475409836065572, ""NumSatisfactoryTrades"": 0.18481012658227847, ""MSinceMostRecentInqexcl7days"": 0.2, ""NumInqLast6M"": -0.03115959899825602}",0.39206117391586304,True
xcreditscore_lattice,351,True,feasible,moderate_risk,gurobi:Optimal,gurobi,0.48150479793548584,0.3706490695476532,0.32927002240897596,2,"{""ExternalRiskEstimate"": 0.06464186487010248, ""NumSatisfactoryTrades"": 0.18481012658227847}",0.3706490695476532,True
xcreditscore_lattice,352,True,feasible,high_risk,gurobi:Optimal|refined_5,gurobi,0.5711286067962646,0.412232905626297,0.06898425916710806,1,"{""MSinceMostRecentInqexcl7days"": 0.10761410664542762}",0.412232905626297,True
xcreditscore_lattice,355,True,feasible,high_risk,gurobi:Optimal,gurobi,0.5249353647232056,0.33460238575935364,0.3641568835623959,3,"{""ExternalRiskEstimate"": 0.03177424604562473, ""NumSatisfactoryTrades"": 0.18481012658227847, ""MSinceMostRecentInqexcl7days"": 0.2}",0.33460238575935364,True
xcreditscore_lattice,357,True,feasible,high_risk,gurobi:Optimal|refined_20,gurobi,0.6132405400276184,0.4191129505634308,0.257060995543951,3,"{""NumSatisfactoryTrades"": 0.18481012658227847, ""PercentTradesNeverDelq"": 0.030000000000000027, ""MSinceMostRecentInqexcl7days"": 0.12759551774227681}",0.4191129505634308,True
xcreditscore_lattice,361,True,feasible,very_high_risk,gurobi:Optimal,gurobi,0.7311202883720398,0.4159143269062042,0.793345210444942,6,"{""ExternalRiskEstimate"": 0.07475409836065572, ""NumSatisfactoryTrades"": 0.18481012658227847, ""PercentTradesNeverDelq"": 0.08999999999999997, ""PercentInstallTrades"": -0.17891902501083823, ""MSinceMostRecentInqexcl7days"": 0.2, ""NetFractionRevolvingBurden"": -0.07758620689655173}",0.4159143269062042,True
xcreditscore_lattice,362,True,feasible,very_high_risk,gurobi:Optimal|refined_5,gurobi,0.710324764251709,0.4176447093486786,0.6357036706908165,5,"{""ExternalRiskEstimate"": 0.07475409836065572, ""NumSatisfactoryTrades"": 0.1848101265822785, ""PercentTradesNeverDelq"": 0.040000000000000036, ""MSinceMostRecentInqexcl7days"": 0.2, ""NumInqLast6M"": -0.022027576403881307}",0.4176447093486786,True
xcreditscore_lattice,363,True,feasible,high_risk,gurobi:Optimal,gurobi,0.5313859581947327,0.33563488721847534,0.22771741425630865,2,"{""NumSatisfactoryTrades"": 0.18481012658227847, ""MSinceMostRecentInqexcl7days"": 0.1278914827154704}",0.33563488721847534,True
xcreditscore_lattice,364,True,feasible,very_high_risk,gurobi:Optimal,gurobi,0.7101581692695618,0.34664782881736755,0.4523412923526652,3,"{""ExternalRiskEstimate"": 0.06283313869737994, ""NumSatisfactoryTrades"": 0.1848101265822785, ""MSinceMostRecentInqexcl7days"": 0.2}",0.34664782881736755,True
xcreditscore_lattice,365,True,feasible,near_threshold,gurobi:Optimal|refined_3,gurobi,0.46972110867500305,0.4184573292732239,0.4049445993292752,4,"{""ExternalRiskEstimate"": 0.03989879152488196, ""NumSatisfactoryTrades"": 0.18481012658227852, ""PercentTradesNeverDelq"": 0.018000000000000016, ""MSinceMostRecentInqexcl7days"": 0.2}",0.4184573292732239,True
xcreditscore_lattice,366,True,feasible,near_threshold,gurobi:Optimal,gurobi,0.4374983012676239,0.4135992228984833,0.06279375783056662,1,"{""NumSatisfactoryTrades"": 0.0796304811564841}",0.4135992228984833,True
xcreditscore_lattice,367,True,feasible,very_high_risk,gurobi:Optimal,gurobi,0.6339617967605591,0.3938225507736206,1.183329171780707,8,"{""ExternalRiskEstimate"": 0.07475409836065572, ""NumSatisfactoryTrades"": 0.18481012658227847, ""PercentTradesNeverDelq"": 0.12, ""PercentInstallTrades"": -0.2, ""MSinceMostRecentInqexcl7days"": 0.2, ""NumInqLast6M"": -0.015151515151515152, ""NetFractionRevolvingBurden"": -0.15517241379310345, ""NumRevolvingTradesWBalance"": -0.13277619824132958}",0.3938225507736206,True
xcreditscore_lattice,368,True,feasible,high_risk,gurobi:Optimal|refined_8,gurobi,0.5270185470581055,0.41846781969070435,0.3987507103668658,4,"{""ExternalRiskEstimate"": 0.02731553456942004, ""NumSatisfactoryTrades"": 0.1848101265822785, ""PercentTradesNeverDelq"": 0.04800000000000004, ""MSinceMostRecentInqexcl7days"": 0.2}",0.41846781969070435,True
xcreditscore_lattice,370,True,feasible,near_threshold,gurobi:Optimal|refined_1,gurobi,0.43109744787216187,0.4165485203266144,0.006410336090453347,1,"{""MSinceMostRecentInqexcl7days"": 0.010000000000000002}",0.4165485203266144,True
xcreditscore_lattice,374,True,feasible,very_high_risk,gurobi:Optimal|refined_12,gurobi,0.7705158591270447,0.4195551574230194,1.3857906067660681,10,"{""ExternalRiskEstimate"": 0.07475409836065572, ""NumSatisfactoryTrades"": 0.1848101265822785, ""MSinceMostRecentDelq"": 0.10734939759036141, ""PercentInstallTrades"": -0.2, ""MSinceMostRecentInqexcl7days"": 0.2, ""NumInqLast6M"": -0.030303030303030304, ""NetFractionRevolvingBurden"": -0.19762931034482759, ""NumRevolvingTradesWBalance"": -0.15223191588003956, ""NumBank2NatlTradesWHighUtilization"": -0.05555555555555555, ""InstallBurdenPerTrade"": -0.02242857142857141}",0.4195551574230194,True
xcreditscore_lattice,375,True,feasible,very_high_risk,gurobi:Optimal|refined_2,gurobi,0.7000340819358826,0.4171304404735565,0.7108312547477112,5,"{""ExternalRiskEstimate"": 0.07475409836065572, ""NumSatisfactoryTrades"": 0.18481012658227847, ""MSinceMostRecentDelq"": 0.01951807228915664, ""MSinceMostRecentInqexcl7days"": 0.2, ""NumInqLast6M"": -0.042436019199730515}",0.4171304404735565,True
xcreditscore_lattice,377,True,feasible,near_threshold,gurobi:Optimal,gurobi,0.4294984042644501,0.39373907446861267,0.12086075415945391,1,"{""NumSatisfactoryTrades"": 0.15326682681774478}",0.39373907446861267,True
xcreditscore_lattice,379,True,feasible,moderate_risk,gurobi:Optimal,gurobi,0.48361936211586,0.314834862947464,0.20584530567450357,2,"{""NumSatisfactoryTrades"": 0.18481012658227852, ""MSinceMostRecentInqexcl7days"": 0.09377141744404356}",0.314834862947464,True
xcreditscore_lattice,380,True,feasible,moderate_risk,gurobi:Optimal|refined_28,gurobi,0.49117588996887207,0.4172225892543793,0.17192527748758063,3,"{""NumSatisfactoryTrades"": 0.0641217899452794, ""PercentTradesNeverDelq"": 0.020000000000000018, ""PercentInstallTrades"": -0.16000000000000014}",0.4172225892543793,True
xcreditscore_lattice,382,True,feasible,very_high_risk,gurobi:Optimal,gurobi,0.7311543226242065,0.3133482336997986,1.4743067761061617,9,"{""ExternalRiskEstimate"": 0.07475409836065572, ""NumSatisfactoryTrades"": 0.1848101265822785, ""PercentTradesNeverDelq"": 0.07999999999999996, ""PercentInstallTrades"": -0.17, ""MSinceMostRecentInqexcl7days"": 0.2, ""NumInqLast6M"": -0.015151515151515152, ""NetFractionRevolvingBurden"": -0.19762931034482759, ""NumBank2NatlTradesWHighUtilization"": -0.05555555555555555, ""InstallBurdenPerTrade"": -0.42715212440884853}",0.3133482336997986,True
xcreditscore_lattice,383,True,feasible,very_high_risk,gurobi:Optimal,gurobi,0.6534647345542908,0.37722155451774597,0.5985305349031289,4,"{""ExternalRiskEstimate"": 0.07475409836065572, ""NumSatisfactoryTrades"": 0.18481012658227852, ""MSinceMostRecentInqexcl7days"": 0.2, ""NumInqLast6M"": -0.022468497188359707}",0.37722155451774597,True
xcreditscore_lattice,384,False,infeasible,moderate_risk,gurobi:Optimal|refined_32,gurobi,0.5068795680999756,0.4479013681411743,0.27985459365386867,4,"{""NumSatisfactoryTrades"": 0.05956741113535839, ""MSinceMostRecentDelq"": 0.19518072289156604, ""PercentInstallTrades"": -0.020000000000000018, ""NetFractionRevolvingBurden"": -0.07068965517241384}",0.4479013681411743,False
xcreditscore_lattice,385,True,feasible,high_risk,gurobi:Optimal|refined_14,gurobi,0.5963270664215088,0.4191799461841583,0.2305353714360478,3,"{""NumSatisfactoryTrades"": 0.18481012658227847, ""PercentTradesNeverDelq"": 0.013000000000000012, ""MSinceMostRecentInqexcl7days"": 0.1123231753986369}",0.4191799461841583,True
xcreditscore_lattice,387,False,infeasible,very_high_risk,gurobi:Optimal|refined_32,gurobi,0.7438197135925293,0.5312024354934692,1.925821529352357,13,"{""ExternalRiskEstimate"": 0.07475409836065572, ""NumSatisfactoryTrades"": 0.18481012658227852, ""MSinceMostRecentDelq"": 0.1487648349600826, ""NumTotalTrades"": 0.1453846153846156, ""PercentInstallTrades"": -0.15, ""MSinceMostRecentInqexcl7days"": 0.20000000000000007, ""NetFractionRevolvingBurden"": -0.19762931034482759, ""NumRevolvingTradesWBalance"": -0.16875, ""NumInstallTradesWBalance"": -0.16666666666666666, ""NumBank2NatlTradesWHighUtilization"": -0.16666666666666663, ""PercentTradesWBalance"": -0.1050000000000001, ""RevolvingBurdenPerTrade"": -0.022126436781609193, ""InstallBurdenPerTrade"": -0.13428571428571429}",0.5312024354934692,False
xcreditscore_lattice,390,True,feasible,very_high_risk,gurobi:Optimal,gurobi,0.7144769430160522,0.4147641956806183,0.5640155727564329,4,"{""ExternalRiskEstimate"": 0.07475409836065572, ""NumSatisfactoryTrades"": 0.18481012658227852, ""MSinceMostRecentInqexcl7days"": 0.2, ""NumInqLast6M"": -0.015565504759020491}",0.4147641956806183,True
xcreditscore_lattice,392,False,infeasible,very_high_risk,gurobi:Infeasible|refined_32,gurobi,0.9166792631149292,0.7474784255027771,0.20999656202183087,3,"{""NumSatisfactoryTrades"": 0.07392405063291141, ""MSinceMostRecentDelq"": 0.11710843373493982, ""MSinceMostRecentInqexcl7days"": 0.12000000000000005}",0.7474784255027771,False
xcreditscore_lattice,394,True,feasible,very_high_risk,gurobi:Optimal,gurobi,0.6840741634368896,0.37718912959098816,0.6229902131618922,4,"{""ExternalRiskEstimate"": 0.07475409836065572, ""NumSatisfactoryTrades"": 0.1848101265822785, ""MSinceMostRecentInqexcl7days"": 0.2, ""NumInqLast6M"": -0.027360432840112345}",0.37718912959098816,True
xcreditscore_lattice,397,False,infeasible,very_high_risk,gurobi:Infeasible|refined_32,gurobi,0.8867079019546509,0.7582188248634338,0.2183884970331033,4,"{""NumSatisfactoryTrades"": 0.05544303797468364, ""PercentTradesNeverDelq"": 0.04249999999999976, ""MSinceMostRecentDelq"": 0.09759036144578317, ""MSinceMostRecentInqexcl7days"": 0.11000000000000004}",0.7582188248634338,False
xcreditscore_lattice,398,True,feasible,very_high_risk,gurobi:Optimal|refined_15,gurobi,0.8093515038490295,0.41448524594306946,1.9475532911708455,13,"{""ExternalRiskEstimate"": 0.07475409836065572, ""MSinceMostRecentTradeOpen"": -0.05483028720626632, ""NumSatisfactoryTrades"": 0.18481012658227847, ""PercentTradesNeverDelq"": 0.20000000000000007, ""MSinceMostRecentDelq"": 0.12686746987951816, ""PercentInstallTrades"": -0.2, ""MSinceMostRecentInqexcl7days"": 0.2, ""NumInqLast6M"": -0.030303030303030304, ""NetFractionRevolvingBurden"": -0.19762931034482759, ""NumRevolvingTradesWBalance"": -0.16875, ""NumBank2NatlTradesWHighUtilization"": -0.05555555555555555, ""PercentTradesWBalance"": -0.030000000000000027, ""InstallBurdenPerTrade"": -0.21884590456873876}",0.41448524594306946,True
xcreditscore_lattice,399,False,infeasible,very_high_risk,gurobi:Infeasible|refined_32,gurobi,0.8846083879470825,0.7475060224533081,0.19455578472525403,5,"{""NumSatisfactoryTrades"": 0.018481012658227852, ""PercentTradesNeverDelq"": 0.10999999999999899, ""MSinceMostRecentInqexcl7days"": 0.07000000000000003, ""NumRevolvingTradesWBalance"": -0.012500000000000011, ""NumBank2NatlTradesWHighUtilization"": -0.008333333333333331}",0.7475060224533081,False
xcreditscore_lattice,401,True,feasible,near_threshold,gurobi:Optimal,gurobi,0.42088693380355835,0.41960474848747253,0.0030932590987265097,1,"{""NumSatisfactoryTrades"": 0.003922646436257116}",0.41960474848747253,True
xcreditscore_lattice,402,True,feasible,high_risk,gurobi:Optimal,gurobi,0.5493191480636597,0.38273048400878906,0.26940415817317687,2,"{""NumSatisfactoryTrades"": 0.18481012658227847, ""MSinceMostRecentInqexcl7days"": 0.19292199488931816}",0.38273048400878906,True
xcreditscore_lattice,403,False,infeasible,very_high_risk,gurobi:Optimal|refined_32,gurobi,0.7931658029556274,0.4609106779098511,1.4934927317408344,11,"{""ExternalRiskEstimate"": 0.07475409836065572, ""NumSatisfactoryTrades"": 0.18481012658227847, ""PercentTradesNeverDelq"": 0.040000000000000036, ""MSinceMostRecentDelq"": 0.06831325301204805, ""NumTradesOpeninLast12M"": -0.03421052631578936, ""PercentInstallTrades"": -0.2, ""MSinceMostRecentInqexcl7days"": 0.2, ""NumInqLast6M"": -0.06363636363636364, ""NetFractionRevolvingBurden"": -0.15086206896551724, ""NumRevolvingTradesWBalance"": -0.12697116487225912, ""NumBank2NatlTradesWHighUtilization"": -0.05555555555555555}",0.4609106779098511,False
xcreditscore_lattice,404,True,feasible,near_threshold,gurobi:Optimal,gurobi,0.43813273310661316,0.41162464022636414,0.0752720227367936,1,"{""NumSatisfactoryTrades"": 0.09545451005378386}",0.41162464022636414,True
xcreditscore_lattice,406,False,infeasible,very_high_risk,gurobi:Infeasible|refined_32,gurobi,0.8240370750427246,0.5837781429290771,0.2210448173119945,3,"{""PercentTradesNeverDelq"": 0.14, ""PercentInstallTrades"": -0.020000000000000018, ""MSinceMostRecentInqexcl7days"": 0.11000000000000004}",0.5837781429290771,False
xcreditscore_lattice,409,False,infeasible,high_risk,gurobi:Optimal|refined_32,gurobi,0.5633816123008728,0.4453774094581604,0.39379437550557816,5,"{""NumSatisfactoryTrades"": 0.13467552951459633, ""MSinceMostRecentDelq"": 0.14638554216867458, ""PercentTradesWBalance"": -0.13500000000000012, ""RevolvingBurdenPerTrade"": -0.0084051724137931, ""InstallBurdenPerTrade"": -0.1121428571428571}",0.4453774094581604,False
xcreditscore_lattice,410,True,feasible,high_risk,gurobi:Optimal,gurobi,0.5302861332893372,0.3082081079483032,0.35492383091869967,3,"{""ExternalRiskEstimate"": 0.028522328900150717, ""NumSatisfactoryTrades"": 0.18481012658227847, ""MSinceMostRecentInqexcl7days"": 0.2}",0.3082081079483032,True
xcreditscore_lattice,412,True,feasible,very_high_risk,gurobi:Optimal,gurobi,0.6850626468658447,0.39503294229507446,0.5473453040690968,4,"{""ExternalRiskEstimate"": 0.07475409836065572, ""NumSatisfactoryTrades"": 0.1848101265822785, ""MSinceMostRecentInqexcl7days"": 0.2, ""NetFractionRevolvingBurden"": -0.04524918438135356}",0.39503294229507446,True
xcreditscore_lattice,414,True,feasible,near_threshold,gurobi:Optimal|refined_1,gurobi,0.43506762385368347,0.4198140501976013,0.045675077457316304,2,"{""NumSatisfactoryTrades"": 0.04979269206924594, ""MSinceMostRecentInqexcl7days"": 0.010000000000000002}",0.4198140501976013,True
xcreditscore_lattice,416,True,feasible,high_risk,gurobi:Optimal|refined_1,gurobi,0.5756455659866333,0.4010494351387024,0.6257669262810907,5,"{""ExternalRiskEstimate"": 0.07475409836065572, ""NumSatisfactoryTrades"": 0.18481012658227847, ""MSinceMostRecentInqexcl7days"": 0.2, ""NumInqLast6M"": -0.025244685075301598, ""NetFractionRevolvingBurden"": -0.009881465517241395}",0.4010494351387024,True
xcreditscore_lattice,417,False,infeasible,very_high_risk,gurobi:Infeasible|refined_32,gurobi,0.863480806350708,0.7276906371116638,0.30472088801882974,4,"{""NumSatisfactoryTrades"": 0.036962025316455704, ""PercentTradesNeverDelq"": 0.14449999999999918, ""MSinceMostRecentDelq"": 0.00975903614457832, ""PercentInstallTrades"": -0.2}",0.7276906371116638,False
xcreditscore_lattice,418,True,feasible,high_risk,gurobi:Optimal|refined_3,gurobi,0.571129322052002,0.4195716977119446,0.6755641808477691,5,"{""ExternalRiskEstimate"": 0.07475409836065572, ""NumSatisfactoryTrades"": 0.18481012658227852, ""MSinceMostRecentInqexcl7days"": 0.2, ""NetFractionRevolvingBurden"": -0.11536148064573334, ""NumBank2NatlTradesWHighUtilization"": -0.024999999999999994}",0.4195716977119446,True
xcreditscore_lattice,419,False,infeasible,very_high_risk,gurobi:Infeasible|refined_32,gurobi,0.9108763337135315,0.806603193283081,0.15826917641514582,3,"{""PercentTradesNeverDelq"": 0.07999999999999996, ""MSinceMostRecentInqexcl7days"": 0.11000000000000004, ""PercentTradesWBalance"": -0.015000000000000013}",0.806603193283081,False
xcreditscore_lattice,420,False,infeasible,very_high_risk,gurobi:Optimal|refined_32,gurobi,0.7123219966888428,0.533690333366394,0.8722345663011636,7,"{""ExternalRiskEstimate"": 0.07475409836065572, ""NumSatisfactoryTrades"": 0.18481012658227852, ""MSinceMostRecentDelq"": 0.0487951807228916, ""MSinceMostRecentInqexcl7days"": 0.19999999999999996, ""NetFractionRevolvingBurden"": -0.12490790966789345, ""NumBank2NatlTradesWHighUtilization"": -0.05833333333333332, ""PercentTradesWBalance"": -0.18000000000000016}",0.533690333366394,False
xcreditscore_lattice,422,True,feasible,very_high_risk,gurobi:Optimal,gurobi,0.6779925227165222,0.3001440763473511,0.8583246684662247,6,"{""ExternalRiskEstimate"": 0.07475409836065572, ""NumSatisfactoryTrades"": 0.18481012658227852, ""PercentTradesNeverDelq"": 0.04999999999999993, ""MSinceMostRecentInqexcl7days"": 0.2, ""NetFractionRevolvingBurden"": -0.19762931034482759, ""NumBank2NatlTradesWHighUtilization"": -0.04169874268515419}",0.3001440763473511,True
xcreditscore_lattice,423,True,feasible,very_high_risk,gurobi:Optimal,gurobi,0.7935357689857483,0.398806631565094,0.7589409607567325,5,"{""ExternalRiskEstimate"": 0.07475409836065572, ""NumSatisfactoryTrades"": 0.1848101265822785, ""MSinceMostRecentInqexcl7days"": 0.2, ""NumInqLast6M"": -0.0126054333988116, ""NetFractionRevolvingBurden"": -0.15517241379310345}",0.398806631565094,True
xcreditscore_lattice,424,False,infeasible,very_high_risk,gurobi:Infeasible|refined_32,gurobi,0.9111692309379578,0.7966895699501038,0.1965029407058508,3,"{""PercentTradesNeverDelq"": 0.09000000000000008, ""MSinceMostRecentDelq"": 0.05855421686746991, ""MSinceMostRecentInqexcl7days"": 0.11000000000000004}",0.7966895699501038,False
xcreditscore_lattice,425,False,near_feasible,high_risk,gurobi:Optimal|refined_32,gurobi,0.5965237021446228,0.43514135479927063,0.6658758312714681,7,"{""ExternalRiskEstimate"": 0.07475409836065572, ""NumSatisfactoryTrades"": 0.18481012658227852, ""PercentTradesNeverDelq"": 0.05999999999999994, ""MSinceMostRecentDelq"": 0.08783132530120487, ""MSinceMostRecentInqexcl7days"": 0.19999999999999996, ""NetFractionRevolvingBurden"": -0.03124685735641211, ""NumBank2NatlTradesWHighUtilization"": -0.016666666666666663}",0.43514135479927063,False
xcreditscore_lattice,428,True,feasible,very_high_risk,gurobi:Optimal,gurobi,0.7986026406288147,0.3511653542518616,0.6565806221502678,5,"{""ExternalRiskEstimate"": 0.07475409836065572, ""NumSatisfactoryTrades"": 0.1848101265822785, ""PercentInstallTrades"": -0.14892558679133283, ""MSinceMostRecentInqexcl7days"": 0.2, ""NumInqLast6M"": -0.015151515151515152}",0.3511653542518616,True
xcreditscore_lattice,436,True,feasible,near_threshold,gurobi:Optimal|refined_2,gurobi,0.43527328968048096,0.40623924136161804,0.012820672180906694,1,"{""MSinceMostRecentInqexcl7days"": 0.020000000000000004}",0.40623924136161804,True
xcreditscore_lattice,438,True,feasible,very_high_risk,gurobi:Optimal|refined_15,gurobi,0.8193490505218506,0.41949450969696045,1.2509086101057423,9,"{""ExternalRiskEstimate"": 0.07475409836065572, ""NumSatisfactoryTrades"": 0.18481012658227847, ""PercentTradesNeverDelq"": 0.20000000000000007, ""MSinceMostRecentDelq"": 0.03903614457831317, ""NumTotalTrades"": 0.06461538461538469, ""MSinceMostRecentInqexcl7days"": 0.2, ""NumInqLast6M"": -0.030303030303030304, ""NetFractionRevolvingBurden"": -0.19762931034482759, ""NumBank2NatlTradesWHighUtilization"": -0.04999999999999999}",0.41949450969696045,True
xcreditscore_lattice,440,True,feasible,very_high_risk,gurobi:Optimal,gurobi,0.6856308579444885,0.36044198274612427,0.7729668237917395,5,"{""ExternalRiskEstimate"": 0.07475409836065572, ""NumSatisfactoryTrades"": 0.18481012658227847, ""PercentTradesNeverDelq"": 0.019980563750162328, ""MSinceMostRecentInqexcl7days"": 0.2, ""NetFractionRevolvingBurden"": -0.19762931034482759}",0.36044198274612427,True
xcreditscore_lattice,444,False,infeasible,very_high_risk,gurobi:Infeasible|refined_32,gurobi,0.8546707034111023,0.7159358859062195,0.12955468479240279,3,"{""PercentTradesNeverDelq"": 0.017000000000000015, ""MSinceMostRecentInqexcl7days"": 0.11000000000000004, ""NumRevolvingTradesWBalance"": -0.03374999999999995}",0.7159358859062195,False
xcreditscore_lattice,445,True,feasible,very_high_risk,gurobi:Optimal,gurobi,0.7807321548461914,0.3652701675891876,1.9160579523333132,11,"{""ExternalRiskEstimate"": 0.07475409836065572, ""NumSatisfactoryTrades"": 0.18481012658227852, ""PercentTradesNeverDelq"": 0.19999999999999996, ""MSinceMostRecentDelq"": 0.12267567851877417, ""PercentInstallTrades"": -0.2, ""MSinceMostRecentInqexcl7days"": 0.2, ""NetFractionRevolvingBurden"": -0.1896551724137931, ""NumRevolvingTradesWBalance"": -0.16875, ""NumInstallTradesWBalance"": -0.24444444444444435, ""NumBank2NatlTradesWHighUtilization"": -0.1111111111111111, ""InstallBurdenPerTrade"": -0.12678571428571428}",0.3652701675891876,True
xcreditscore_lattice,446,True,feasible,near_threshold,gurobi:Optimal|refined_3,gurobi,0.45689642429351807,0.41230806708335876,0.09163951230734696,2,"{""NumSatisfactoryTrades"": 0.0918232036974882, ""MSinceMostRecentInqexcl7days"": 0.030000000000000006}",0.41230806708335876,True
xcreditscore_lattice,450,False,infeasible,very_high_risk,gurobi:Infeasible|refined_32,gurobi,0.8530585765838623,0.6075098514556885,0.29480191555156643,3,"{""PercentTradesNeverDelq"": 0.16000000000000014, ""MSinceMostRecentInqexcl7days"": 0.11000000000000004, ""NetFractionRevolvingBurden"": -0.04940732758620697}",0.6075098514556885,False
xcreditscore_lattice,451,True,feasible,very_high_risk,gurobi:Optimal|refined_13,gurobi,0.823397159576416,0.4168398678302765,2.0146230348290013,11,"{""ExternalRiskEstimate"": 0.07475409836065572, ""NumSatisfactoryTrades"": 0.18481012658227847, ""MSinceMostRecentDelq"": 0.16345981548645064, ""PercentInstallTrades"": -0.2, ""MSinceMostRecentInqexcl7days"": 0.2, ""NumInqLast6M"": -0.015151515151515152, ""NetFractionRevolvingBurden"": -0.19762931034482759, ""NumRevolvingTradesWBalance"": -0.16875, ""NumBank2NatlTradesWHighUtilization"": -0.16666666666666666, ""PercentTradesWBalance"": -0.19500000000000017, ""InstallBurdenPerTrade"": -0.4476190476190476}",0.4168398678302765,True
xcreditscore_lattice,452,True,feasible,moderate_risk,gurobi:Optimal,gurobi,0.506247341632843,0.3704847991466522,0.38096500314099163,3,"{""ExternalRiskEstimate"": 0.03769413130460575, ""NumSatisfactoryTrades"": 0.18481012658227847, ""MSinceMostRecentInqexcl7days"": 0.2}",0.3704847991466522,True
xcreditscore_lattice,454,True,feasible,very_high_risk,gurobi:Optimal,gurobi,0.8109785914421082,0.2685573399066925,1.4529705035376663,9,"{""ExternalRiskEstimate"": 0.07475409836065572, ""NumSatisfactoryTrades"": 0.18481012658227847, ""PercentTradesNeverDelq"": 0.19999999999999996, ""PercentInstallTrades"": -0.13, ""MSinceMostRecentInqexcl7days"": 0.2, ""NumInqLast6M"": -0.015151515151515152, ""NetFractionRevolvingBurden"": -0.19762931034482759, ""NumRevolvingTradesWBalance"": -0.0968241161520271, ""NumBank2NatlTradesWHighUtilization"": -0.16666666666666666}",0.2685573399066925,True
xcreditscore_lattice,456,True,feasible,moderate_risk,gurobi:Optimal,gurobi,0.48150479793548584,0.3706490695476532,0.32927002240897596,2,"{""ExternalRiskEstimate"": 0.06464186487010248, ""NumSatisfactoryTrades"": 0.18481012658227847}",0.3706490695476532,True
xcreditscore_lattice,457,True,feasible,moderate_risk,gurobi:Optimal|refined_4,gurobi,0.48115044832229614,0.4081090986728668,0.059745059196352736,2,"{""NumSatisfactoryTrades"": 0.043247853215370946, ""MSinceMostRecentInqexcl7days"": 0.04000000000000001}",0.4081090986728668,True
xcreditscore_lattice,460,False,infeasible,very_high_risk,gurobi:Infeasible|refined_32,gurobi,0.8457291722297668,0.7195461988449097,0.2145100838384537,3,"{""MSinceMostRecentDelq"": 0.17566265060240932, ""PercentInstallTrades"": -0.040000000000000036, ""MSinceMostRecentInqexcl7days"": 0.12000000000000005}",0.7195461988449097,False
xcreditscore_lattice,462,False,infeasible,very_high_risk,gurobi:Infeasible|refined_32,gurobi,0.7997425198554993,0.6783751249313354,0.22272508568749066,4,"{""PercentTradesNeverDelq"": 0.129999999999999, ""MSinceMostRecentDelq"": 0.05855421686746991, ""PercentInstallTrades"": -0.06000000000000005, ""MSinceMostRecentInqexcl7days"": 0.030000000000000013}",0.6783751249313354,False
xcreditscore_lattice,463,False,near_feasible,high_risk,gurobi:Optimal|refined_32,gurobi,0.568376898765564,0.4227322041988373,0.6805619705818858,7,"{""ExternalRiskEstimate"": 0.07475409836065572, ""NumSatisfactoryTrades"": 0.18481012658227847, ""PercentTradesNeverDelq"": 0.06999999999999895, ""MSinceMostRecentDelq"": 0.0585542168674699, ""MSinceMostRecentInqexcl7days"": 0.2, ""NetFractionRevolvingBurden"": -0.03186936531619944, ""PercentTradesWBalance"": -0.07500000000000007}",0.4227322041988373,False
xcreditscore_lattice,465,False,infeasible,very_high_risk,gurobi:Infeasible|refined_32,gurobi,0.8771674036979675,0.7566632032394409,0.2193619958691343,3,"{""MSinceMostRecentDelq"": 0.14638554216867458, ""MSinceMostRecentInqexcl7days"": 0.12000000000000005, ""NumRevolvingTradesWBalance"": -0.0390625}",0.7566632032394409,False
xcreditscore_lattice,466,False,near_feasible,very_high_risk,gurobi:Optimal|refined_32,gurobi,0.6227394342422485,0.43194642663002014,0.6231935632569692,7,"{""ExternalRiskEstimate"": 0.04907047330422698, ""NumSatisfactoryTrades"": 0.18481012658227852, ""PercentTradesNeverDelq"": 0.12, ""MSinceMostRecentDelq"": 0.08783132530120487, ""MSinceMostRecentInqexcl7days"": 0.19999999999999996, ""NetFractionRevolvingBurden"": -0.01976293103448279, ""PercentTradesWBalance"": -0.015000000000000013}",0.43194642663002014,False
xcreditscore_lattice,467,True,feasible,very_high_risk,gurobi:Optimal|refined_14,gurobi,0.6948599815368652,0.4159577190876007,0.6711790663862529,4,"{""NumSatisfactoryTrades"": 0.18481012658227852, ""PercentTradesNeverDelq"": 0.11899999999999933, ""MSinceMostRecentInqexcl7days"": 0.2, ""NumInqLast6M"": -0.05601777868292969}",0.4159577190876007,True
xcreditscore_lattice,468,False,infeasible,very_high_risk,gurobi:Infeasible|refined_32,gurobi,0.8104718327522278,0.6478828191757202,0.13858030656010606,3,"{""PercentTradesNeverDelq"": 0.05999999999999994, ""MSinceMostRecentInqexcl7days"": 0.11000000000000004, ""PercentTradesWBalance"": -0.015000000000000013}",0.6478828191757202,False
xcreditscore_lattice,469,True,feasible,very_high_risk,gurobi:Optimal|refined_8,gurobi,0.796235978603363,0.41858935356140137,1.7713838972397902,12,"{""ExternalRiskEstimate"": 0.07475409836065572, ""NumSatisfactoryTrades"": 0.1848101265822785, ""PercentTradesNeverDelq"": 0.05999999999999994, ""PercentInstallTrades"": -0.2, ""MSinceMostRecentInqexcl7days"": 0.2, ""NumInqLast6M"": -0.06060606060606061, ""NetFractionRevolvingBurden"": -0.1336206896551724, ""NumRevolvingTradesWBalance"": -0.16875, ""NumInstallTradesWBalance"": -0.03433282244618438, ""NumBank2NatlTradesWHighUtilization"": -0.05555555555555555, ""PercentTradesWBalance"": -0.1200000000000001, ""InstallBurdenPerTrade"": -0.24}",0.41858935356140137,True
xcreditscore_lattice,471,False,infeasible,very_high_risk,gurobi:Infeasible|refined_32,gurobi,0.8781390190124512,0.6756333112716675,0.2089413831394424,3,"{""NumSatisfactoryTrades"": 0.06468354430379747, ""MSinceMostRecentDelq"": 0.1268674698795181, ""MSinceMostRecentInqexcl7days"": 0.12000000000000005}",0.6756333112716675,False
xcreditscore_lattice,472,True,feasible,very_high_risk,gurobi:Optimal,gurobi,0.6546320915222168,0.391270250082016,0.7340337788583721,4,"{""ExternalRiskEstimate"": 0.07475409836065572, ""NumSatisfactoryTrades"": 0.18481012658227852, ""MSinceMostRecentInqexcl7days"": 0.2, ""NumInqLast6M"": -0.049569145979408334}",0.391270250082016,True
xcreditscore_lattice,474,False,near_feasible,very_high_risk,gurobi:Optimal|refined_32,gurobi,0.7699878215789795,0.43195873498916626,1.0226088038801144,7,"{""ExternalRiskEstimate"": 0.07475409836065572, ""NumSatisfactoryTrades"": 0.1848101265822785, ""MSinceMostRecentDelq"": 0.18542168674698795, ""MSinceMostRecentInqexcl7days"": 0.2, ""NumInqLast6M"": -0.045454545454545456, ""NetFractionRevolvingBurden"": -0.08635461207007353, ""NumRevolvingTradesWBalance"": -0.05906249999999991}",0.43195873498916626,False
xcreditscore_lattice,475,False,infeasible,very_high_risk,gurobi:Infeasible|refined_32,gurobi,0.8984764814376831,0.7855300903320312,0.2015551309627235,2,"{""MSinceMostRecentDelq"": 0.1951807228915663, ""MSinceMostRecentInqexcl7days"": 0.12000000000000005}",0.7855300903320312,False
xcreditscore_lattice,477,True,feasible,very_high_risk,gurobi:Optimal|refined_10,gurobi,0.8037792444229126,0.4196491241455078,1.8677857433005145,13,"{""ExternalRiskEstimate"": 0.07475409836065572, ""MSinceMostRecentTradeOpen"": -0.018276762402088774, ""NumSatisfactoryTrades"": 0.1848101265822785, ""PercentTradesNeverDelq"": 0.07999999999999996, ""MSinceMostRecentDelq"": 0.1523110018535983, ""PercentInstallTrades"": -0.2, ""MSinceMostRecentInqexcl7days"": 0.2, ""NumInqLast6M"": -0.015151515151515152, ""NetFractionRevolvingBurden"": -0.19762931034482759, ""NumRevolvingTradesWBalance"": -0.15625, ""NumBank2NatlTradesWHighUtilization"": -0.05555555555555555, ""PercentTradesWBalance"": -0.15000000000000013, ""InstallBurdenPerTrade"": -0.3666666666666667}",0.4196491241455078,True
xcreditscore_lattice,478,True,feasible,moderate_risk,gurobi:Optimal,gurobi,0.48150479793548584,0.3706490695476532,0.32927002240897596,2,"{""ExternalRiskEstimate"": 0.06464186487010248, ""NumSatisfactoryTrades"": 0.18481012658227847}",0.3706490695476532,True
xcreditscore_lattice,479,False,infeasible,very_high_risk,gurobi:Optimal|refined_32,gurobi,0.7336065173149109,0.46988922357559204,1.7549957105691882,12,"{""ExternalRiskEstimate"": 0.07475409836065572, ""NumSatisfactoryTrades"": 0.18481012658227847, ""MSinceMostRecentDelq"": 0.19518072289156604, ""PercentInstallTrades"": -0.2, ""MSinceMostRecentInqexcl7days"": 0.19999999999999998, ""NumInqLast6M"": -0.015151515151515152, ""NetFractionRevolvingBurden"": -0.19762931034482759, ""NumRevolvingTradesWBalance"": -0.16875, ""NumBank2NatlTradesWHighUtilization"": -0.16666666666666666, ""PercentTradesWBalance"": -0.09000000000000008, ""RevolvingBurdenPerTrade"": -0.024568965517241387, ""InstallBurdenPerTrade"": -0.16653796802066506}",0.46988922357559204,False
xcreditscore_lattice,483,True,feasible,high_risk,gurobi:Optimal,gurobi,0.6098132133483887,0.2633758783340454,0.6361895176170156,4,"{""ExternalRiskEstimate"": 0.07475409836065572, ""NumSatisfactoryTrades"": 0.1848101265822785, ""MSinceMostRecentInqexcl7days"": 0.2, ""NetFractionRevolvingBurden"": -0.11098346550568092}",0.2633758783340454,True
xcreditscore_lattice,484,True,feasible,high_risk,gurobi:Optimal|refined_9,gurobi,0.5506971478462219,0.41756877303123474,0.057693024814080125,1,"{""MSinceMostRecentInqexcl7days"": 0.09000000000000002}",0.41756877303123474,True
xcreditscore_lattice,485,False,near_feasible,very_high_risk,gurobi:Optimal|refined_32,gurobi,0.730118989944458,0.43416762351989746,1.4668104066064651,8,"{""ExternalRiskEstimate"": 0.07475409836065572, ""NumSatisfactoryTrades"": 0.18481012658227852, ""PercentTradesNeverDelq"": 0.20000000000000007, ""MSinceMostRecentDelq"": 0.19518072289156613, ""PercentInstallTrades"": -0.14000000000000012, ""MSinceMostRecentInqexcl7days"": 0.2, ""NumInqLast6M"": -0.06060606060606061, ""NetFractionRevolvingBurden"": -0.19762931034482759}",0.43416762351989746,False
xcreditscore_lattice,488,True,feasible,very_high_risk,gurobi:Optimal,gurobi,0.7637128829956055,0.40236181020736694,3.249285664629648,18,"{""ExternalRiskEstimate"": 0.07475409836065572, ""MSinceMostRecentTradeOpen"": -0.010443864229765013, ""NumSatisfactoryTrades"": 0.18481012658227852, ""NumTrades60Ever2DerogPubRec"": -0.09473684210526316, ""MSinceMostRecentDelq"": 0.19518072289156632, ""NumTradesOpeninLast12M"": -0.13684210526315788, ""PercentInstallTrades"": -0.2, ""MSinceMostRecentInqexcl7days"": 0.2, ""NumInqLast6M"": -0.06363636363636364, ""NetFractionRevolvingBurden"": -0.19762931034482759, ""NumRevolvingTradesWBalance"": -0.16875, ""NumInstallTradesWBalance"": -0.16666666666666666, ""NumBank2NatlTradesWHighUtilization"": -0.16666666666666663, ""PercentTradesWBalance"": -0.3, ""TotalDelqEvents"": -0.07506332329819097, ""InquiryToTradeRatio"": -0.012077294685990338, ""RevolvingBurdenPerTrade"": -0.043766578249336864, ""InstallBurdenPerTrade"": -0.12}",0.40236181020736694,True
xcreditscore_lattice,489,True,feasible,moderate_risk,gurobi:Optimal,gurobi,0.48150479793548584,0.3706490695476532,0.32927002240897596,2,"{""ExternalRiskEstimate"": 0.06464186487010248, ""NumSatisfactoryTrades"": 0.18481012658227847}",0.3706490695476532,True
xcreditscore_lattice,491,True,feasible,moderate_risk,gurobi:Optimal,gurobi,0.47914525866508484,0.38398393988609314,0.1868189344474071,2,"{""NumSatisfactoryTrades"": 0.18481012658227847, ""MSinceMostRecentInqexcl7days"": 0.06409064726503273}",0.38398393988609314,True
xcreditscore_lattice,492,False,infeasible,very_high_risk,gurobi:Infeasible|refined_32,gurobi,0.8328554034233093,0.5839881300926208,0.31094580018220025,3,"{""PercentTradesNeverDelq"": 0.09499999999999953, ""MSinceMostRecentInqexcl7days"": 0.11000000000000004, ""NetFractionRevolvingBurden"": -0.10869612068965534}",0.5839881300926208,False
xcreditscore_lattice,493,True,feasible,very_high_risk,gurobi:Optimal|refined_28,gurobi,0.770307719707489,0.41908857226371765,0.7392044549254423,6,"{""ExternalRiskEstimate"": 0.07475409836065572, ""NumSatisfactoryTrades"": 0.18481012658227847, ""PercentTradesNeverDelq"": 0.14, ""MSinceMostRecentInqexcl7days"": 0.2, ""NetFractionRevolvingBurden"": -0.03195872034736996, ""PercentTradesWBalance"": -0.1200000000000001}",0.41908857226371765,True
xcreditscore_lattice,494,True,feasible,high_risk,gurobi:Optimal,gurobi,0.5482038855552673,0.32264310121536255,0.4782332073706075,3,"{""ExternalRiskEstimate"": 0.07195237213243333, ""NumSatisfactoryTrades"": 0.18481012658227852, ""MSinceMostRecentInqexcl7days"": 0.2}",0.32264310121536255,True
xcreditscore_lattice,495,True,feasible,high_risk,gurobi:Optimal,gurobi,0.6045044660568237,0.37503334879875183,0.8051822841680087,5,"{""ExternalRiskEstimate"": 0.07475409836065572, ""NumSatisfactoryTrades"": 0.18481012658227852, ""PercentTradesNeverDelq"": 0.05270510366886505, ""MSinceMostRecentInqexcl7days"": 0.2, ""NetFractionRevolvingBurden"": -0.19762931034482759}",0.37503334879875183,True
xcreditscore_lattice,496,True,feasible,moderate_risk,gurobi:Optimal,gurobi,0.5124801993370056,0.30183860659599304,0.42894398659098665,3,"{""ExternalRiskEstimate"": 0.05459251637013185, ""NumSatisfactoryTrades"": 0.1848101265822785, ""MSinceMostRecentInqexcl7days"": 0.2}",0.30183860659599304,True
xcreditscore_lattice,497,False,infeasible,very_high_risk,gurobi:Infeasible|refined_32,gurobi,0.9533430933952332,0.8431888222694397,0.27953167315552296,7,"{""NumSatisfactoryTrades"": 0.07392405063291141, ""PercentInstallTrades"": -0.06000000000000005, ""MSinceMostRecentInqexcl7days"": 0.12000000000000005, ""NetFractionRevolvingBurden"": -0.009881465517241339, ""PercentTradesWBalance"": -0.06000000000000005, ""RevolvingBurdenPerTrade"": -0.011293103448275943, ""InstallBurdenPerTrade"": -0.04485714285714293}",0.8431888222694397,False
xcreditscore_lattice,499,False,infeasible,very_high_risk,gurobi:Infeasible|refined_32,gurobi,0.9785459637641907,0.9573004245758057,0.20699229827410795,3,"{""NumSatisfactoryTrades"": 0.05544303797468356, ""MSinceMostRecentDelq"": 0.18542168674698775, ""MSinceMostRecentInqexcl7days"": 0.07000000000000003}",0.9573004245758057,False
xcreditscore_lattice,500,False,infeasible,very_high_risk,gurobi:Infeasible|refined_32,gurobi,0.9785043001174927,0.8856381773948669,0.2129833174724069,3,"{""NumSatisfactoryTrades"": 0.10164556962025319, ""MSinceMostRecentDelq"": 0.09759036144578317, ""MSinceMostRecentInqexcl7days"": 0.11000000000000004}",0.8856381773948669,False
xcreditscore_lattice,501,False,infeasible,very_high_risk,gurobi:Infeasible|refined_32,gurobi,0.9121928215026855,0.7292941212654114,0.2796521030172635,4,"{""NumSatisfactoryTrades"": 0.05544303797468356, ""PercentTradesNeverDelq"": 0.059499999999999664, ""MSinceMostRecentInqexcl7days"": 0.11000000000000004, ""NetFractionRevolvingBurden"": -0.07905172413793116}",0.7292941212654114,False
xcreditscore_lattice,502,True,feasible,moderate_risk,gurobi:Optimal|refined_1,gurobi,0.49129167199134827,0.41067981719970703,0.352804580325074,3,"{""ExternalRiskEstimate"": 0.07067308257313742, ""NumSatisfactoryTrades"": 0.18481012658227852, ""MSinceMostRecentInqexcl7days"": 0.010000000000000002}",0.41067981719970703,True
xcreditscore_lattice,504,True,feasible,high_risk,gurobi:Optimal,gurobi,0.577237069606781,0.33521124720573425,0.4111786459789977,3,"{""ExternalRiskEstimate"": 0.048335494130498535, ""NumSatisfactoryTrades"": 0.18481012658227847, ""MSinceMostRecentInqexcl7days"": 0.2}",0.33521124720573425,True
xcreditscore_lattice,506,False,infeasible,very_high_risk,gurobi:Infeasible|refined_32,gurobi,0.9620012044906616,0.9083529114723206,0.22707102031977833,5,"{""NumSatisfactoryTrades"": 0.055443037974683584, ""PercentTradesNeverDelq"": 0.025499999999999856, ""MSinceMostRecentDelq"": 0.09759036144578317, ""PercentInstallTrades"": -0.040000000000000036, ""MSinceMostRecentInqexcl7days"": 0.11000000000000004}",0.9083529114723206,False
xcreditscore_lattice,508,False,infeasible,very_high_risk,gurobi:Infeasible|refined_32,gurobi,0.898502767086029,0.7686753869056702,0.18780248119770449,3,"{""PercentTradesNeverDelq"": 0.10999999999999899, ""MSinceMostRecentInqexcl7days"": 0.11000000000000004, ""PercentTradesWBalance"": -0.015000000000000013}",0.7686753869056702,False
xcreditscore_lattice,509,True,feasible,moderate_risk,gurobi:Optimal|refined_5,gurobi,0.4790627658367157,0.4055750072002411,0.054555466245066506,2,"{""NumSatisfactoryTrades"": 0.028537666042512233, ""MSinceMostRecentInqexcl7days"": 0.05000000000000001}",0.4055750072002411,True
xcreditscore_lattice,510,False,infeasible,very_high_risk,gurobi:Infeasible|refined_32,gurobi,0.842018187046051,0.6463740468025208,0.24338552087033127,3,"{""PercentTradesNeverDelq"": 0.16999999999999904, ""MSinceMostRecentDelq"": 0.0487951807228916, ""MSinceMostRecentInqexcl7days"": 0.07000000000000003}",0.6463740468025208,False
xcreditscore_lattice,511,True,feasible,near_threshold,gurobi:Optimal,gurobi,0.4487726092338562,0.41918236017227173,0.39964603515908376,3,"{""ExternalRiskEstimate"": 0.04427366362821472, ""NumSatisfactoryTrades"": 0.18481012658227852, ""MSinceMostRecentInqexcl7days"": 0.2}",0.41918236017227173,True
xcreditscore_lattice,512,True,feasible,very_high_risk,gurobi:Optimal,gurobi,0.7166151404380798,0.3726910948753357,0.8928839704551218,6,"{""ExternalRiskEstimate"": 0.07475409836065572, ""MSinceMostRecentTradeOpen"": -0.004693163363516488, ""NumSatisfactoryTrades"": 0.1848101265822785, ""PercentTradesNeverDelq"": 0.19999999999999996, ""MSinceMostRecentInqexcl7days"": 0.2, ""NetFractionRevolvingBurden"": -0.14655172413793102}",0.3726910948753357,True
xcreditscore_lattice,513,True,feasible,very_high_risk,gurobi:Optimal,gurobi,0.844031572341919,0.3975754678249359,2.180311664009765,13,"{""ExternalRiskEstimate"": 0.07475409836065572, ""MSinceMostRecentTradeOpen"": -0.0783289817232376, ""NumSatisfactoryTrades"": 0.18481012658227852, ""PercentTradesNeverDelq"": 0.19999999999999996, ""MSinceMostRecentDelq"": 0.17946148095008227, ""PercentInstallTrades"": -0.18, ""MSinceMostRecentInqexcl7days"": 0.2, ""NetFractionRevolvingBurden"": -0.19762931034482759, ""NumRevolvingTradesWBalance"": -0.15625, ""NumInstallTradesWBalance"": -0.05555555555555555, ""NumBank2NatlTradesWHighUtilization"": -0.1111111111111111, ""RevolvingBurdenPerTrade"": -0.1109485125103755, ""InstallBurdenPerTrade"": -0.2571428571428571}",0.3975754678249359,True
xcreditscore_lattice,514,True,feasible,near_threshold,gurobi:Optimal|refined_2,gurobi,0.44175273180007935,0.41238611936569214,0.056953522623942626,2,"{""NumSatisfactoryTrades"": 0.055966074288285594, ""MSinceMostRecentInqexcl7days"": 0.020000000000000004}",0.41238611936569214,True
xcreditscore_lattice,515,True,feasible,high_risk,gurobi:Optimal,gurobi,0.5902945399284363,0.2966032326221466,0.5037698245280345,4,"{""ExternalRiskEstimate"": 0.07475409836065572, ""NumSatisfactoryTrades"": 0.1848101265822785, ""MSinceMostRecentInqexcl7days"": 0.2, ""NumInqLast6M"": -0.003516355113340839}",0.2966032326221466,True
xcreditscore_lattice,516,False,infeasible,very_high_risk,gurobi:Infeasible|refined_32,gurobi,0.8408681154251099,0.6759917736053467,0.24765983862309912,4,"{""NumSatisfactoryTrades"": 0.12012658227848114, ""MSinceMostRecentDelq"": 0.01951807228915664, ""PercentInstallTrades"": -0.10000000000000009, ""MSinceMostRecentInqexcl7days"": 0.12000000000000005}",0.6759917736053467,False
xcreditscore_lattice,517,True,feasible,very_high_risk,gurobi:Optimal|refined_11,gurobi,0.7488853335380554,0.4161641001701355,0.8932213444556248,6,"{""ExternalRiskEstimate"": 0.07475409836065572, ""NumSatisfactoryTrades"": 0.18481012658227852, ""PercentTradesNeverDelq"": 0.06049999999999944, ""MSinceMostRecentInqexcl7days"": 0.2, ""NumInqLast6M"": -0.045454545454545456, ""NetFractionRevolvingBurden"": -0.08893516471297791}",0.4161641001701355,True
xcreditscore_lattice,520,True,feasible,moderate_risk,gurobi:Optimal,gurobi,0.48150479793548584,0.3706490695476532,0.32927002240897596,2,"{""ExternalRiskEstimate"": 0.06464186487010248, ""NumSatisfactoryTrades"": 0.18481012658227847}",0.3706490695476532,True
xcreditscore_lattice,521,False,infeasible,very_high_risk,gurobi:Infeasible|refined_32,gurobi,0.8229994177818298,0.642627477645874,0.23877740361591704,4,"{""MSinceMostRecentDelq"": 0.13662650602409648, ""MSinceMostRecentInqexcl7days"": 0.12000000000000005, ""NetFractionRevolvingBurden"": -0.04940732758620697, ""NumRevolvingTradesWBalance"": -0.0062500000000000056}",0.642627477645874,False
xcreditscore_lattice,522,False,infeasible,very_high_risk,gurobi:Infeasible|refined_32,gurobi,0.8711766004562378,0.7026792764663696,0.2628911145691223,4,"{""MSinceMostRecentDelq"": 0.1073493975903615, ""MSinceMostRecentInqexcl7days"": 0.12000000000000005, ""NetFractionRevolvingBurden"": -0.07905172413793116, ""NumRevolvingTradesWBalance"": -0.008437499999999987}",0.7026792764663696,False
xcreditscore_lattice,524,True,feasible,very_high_risk,gurobi:Optimal,gurobi,0.6238027811050415,0.34497085213661194,0.6117564463377019,4,"{""ExternalRiskEstimate"": 0.07475409836065572, ""NumSatisfactoryTrades"": 0.18481012658227847, ""MSinceMostRecentInqexcl7days"": 0.2, ""NumInqLast6M"": -0.02511367947527431}",0.34497085213661194,True
xcreditscore_lattice,525,True,feasible,moderate_risk,gurobi:Optimal,gurobi,0.48150479793548584,0.3706490695476532,0.32927002240897596,2,"{""ExternalRiskEstimate"": 0.06464186487010248, ""NumSatisfactoryTrades"": 0.18481012658227847}",0.3706490695476532,True
xcreditscore_lattice,526,True,feasible,high_risk,gurobi:Optimal,gurobi,0.5456748604774475,0.3320505917072296,0.4363184886566097,3,"{""ExternalRiskEstimate"": 0.057189844754575336, ""NumSatisfactoryTrades"": 0.18481012658227852, ""MSinceMostRecentInqexcl7days"": 0.2}",0.3320505917072296,True
xcreditscore_lattice,528,True,feasible,moderate_risk,gurobi:Optimal|refined_4,gurobi,0.49606630206108093,0.41773557662963867,0.12457185707390628,2,"{""NumSatisfactoryTrades"": 0.125456488041027, ""MSinceMostRecentInqexcl7days"": 0.04000000000000001}",0.41773557662963867,True
xcreditscore_lattice,529,True,feasible,high_risk,gurobi:Optimal,gurobi,0.6127030253410339,0.3782181739807129,0.5219601808956854,4,"{""ExternalRiskEstimate"": 0.07475409836065572, ""NumSatisfactoryTrades"": 0.18481012658227847, ""MSinceMostRecentInqexcl7days"": 0.2, ""NumInqLast6M"": -0.007154426386871008}",0.3782181739807129,True
xcreditscore_lattice,531,False,infeasible,very_high_risk,gurobi:Infeasible|refined_32,gurobi,0.8608017563819885,0.7436680197715759,0.21700014389965566,4,"{""MSinceMostRecentDelq"": 0.13662650602409648, ""MSinceMostRecentInqexcl7days"": 0.12000000000000005, ""NumRevolvingTradesWBalance"": -0.0062500000000000056, ""PercentTradesWBalance"": -0.07500000000000007}",0.7436680197715759,False
xcreditscore_lattice,532,False,infeasible,very_high_risk,gurobi:Infeasible|refined_32,gurobi,0.8147827982902527,0.7246412038803101,0.3629479572762684,4,"{""MSinceMostRecentDelq"": 0.08783132530120488, ""NetFractionRevolvingBurden"": -0.19762931034482759, ""NumRevolvingTradesWBalance"": -0.015625, ""InstallBurdenPerTrade"": -0.02242857142857141}",0.7246412038803101,False
xcreditscore_lattice,533,False,infeasible,very_high_risk,gurobi:Infeasible|refined_32,gurobi,0.8603233695030212,0.7297683954238892,0.13309132357583742,3,"{""PercentTradesNeverDelq"": 0.049999999999998934, ""MSinceMostRecentInqexcl7days"": 0.11000000000000004, ""NetFractionRevolvingBurden"": -0.009881465517241367}",0.7297683954238892,False
xcreditscore_lattice,536,True,feasible,very_high_risk,gurobi:Optimal,gurobi,0.6890898942947388,0.3708816170692444,1.4252615574596814,8,"{""ExternalRiskEstimate"": 0.07475409836065572, ""NumSatisfactoryTrades"": 0.18481012658227847, ""PercentInstallTrades"": -0.15, ""MSinceMostRecentInqexcl7days"": 0.2, ""NumInqLast6M"": -0.015151515151515152, ""NetFractionRevolvingBurden"": -0.19762931034482759, ""NumBank2NatlTradesWHighUtilization"": -0.16666666666666663, ""InstallBurdenPerTrade"": -0.30896505197103813}",0.3708816170692444,True
xcreditscore_lattice,537,False,infeasible,very_high_risk,gurobi:Infeasible|refined_32,gurobi,0.8727385401725769,0.6403347253799438,0.28011142687711377,3,"{""PercentTradesNeverDelq"": 0.19999999999999996, ""PercentInstallTrades"": -0.020000000000000018, ""MSinceMostRecentInqexcl7days"": 0.11000000000000004}",0.6403347253799438,False
xcreditscore_lattice,538,True,feasible,very_high_risk,gurobi:Optimal,gurobi,0.6820974946022034,0.4125232398509979,0.9809209506524926,6,"{""ExternalRiskEstimate"": 0.07475409836065572, ""NumSatisfactoryTrades"": 0.18481012658227852, ""PercentTradesNeverDelq"": 0.00035668431552948743, ""MSinceMostRecentInqexcl7days"": 0.2, ""NumInqLast6M"": -0.045454545454545456, ""NetFractionRevolvingBurden"": -0.19762931034482759}",0.4125232398509979,True
xcreditscore_lattice,539,True,feasible,high_risk,gurobi:Optimal|refined_2,gurobi,0.5768054723739624,0.4103015959262848,0.32402484671455145,3,"{""ExternalRiskEstimate"": 0.05827900280048948, ""NumSatisfactoryTrades"": 0.1848101265822785, ""MSinceMostRecentInqexcl7days"": 0.020000000000000004}",0.4103015959262848,True
xcreditscore_lattice,544,False,infeasible,very_high_risk,gurobi:Infeasible|refined_32,gurobi,0.8197521567344666,0.6150870323181152,0.23622874265977148,4,"{""NumSatisfactoryTrades"": 0.036962025316455704, ""MSinceMostRecentDelq"": 0.0487951807228916, ""MSinceMostRecentInqexcl7days"": 0.12000000000000005, ""PercentTradesWBalance"": -0.16500000000000015}",0.6150870323181152,False
xcreditscore_lattice,546,False,infeasible,very_high_risk,gurobi:Optimal|refined_30,gurobi,0.8835261464118958,0.46785327792167664,1.8224147186753101,15,"{""ExternalRiskEstimate"": 0.07475409836065572, ""MSinceMostRecentTradeOpen"": -0.028720626631853787, ""NumSatisfactoryTrades"": 0.1848101265822785, ""PercentTradesNeverDelq"": 0.19999999999999996, ""MSinceMostRecentDelq"": 0.1686746987951807, ""PercentInstallTrades"": -0.19999999999999996, ""MSinceMostRecentInqexcl7days"": 0.2, ""NumInqLast6M"": -0.015151515151515152, ""NetFractionRevolvingBurden"": -0.12931034482758622, ""NumRevolvingTradesWBalance"": -0.09375, ""NumInstallTradesWBalance"": -0.05555555555555555, ""NumBank2NatlTradesWHighUtilization"": -0.05555555555555555, ""PercentTradesWBalance"": -0.2237913138507377, ""RevolvingBurdenPerTrade"": -0.04702194357366769, ""InstallBurdenPerTrade"": -0.13333333333333333}",0.46785327792167664,False
xcreditscore_lattice,547,False,infeasible,very_high_risk,gurobi:Infeasible|refined_32,gurobi,0.8276416659355164,0.6779736280441284,0.13309132357583744,3,"{""PercentTradesNeverDelq"": 0.049999999999998934, ""MSinceMostRecentInqexcl7days"": 0.11000000000000004, ""NetFractionRevolvingBurden"": -0.009881465517241395}",0.6779736280441284,False
xcreditscore_lattice,549,False,infeasible,very_high_risk,gurobi:Infeasible|refined_32,gurobi,0.9155482649803162,0.7227655053138733,0.21712095539899134,4,"{""NumSatisfactoryTrades"": 0.09240506329113926, ""MSinceMostRecentDelq"": 0.07807228915662653, ""MSinceMostRecentInqexcl7days"": 0.12000000000000005, ""NetFractionRevolvingBurden"": -0.012931034482758619}",0.7227655053138733,False
xcreditscore_lattice,551,False,infeasible,very_high_risk,gurobi:Infeasible|refined_32,gurobi,0.9198962450027466,0.792984127998352,0.2633146314112466,5,"{""NumSatisfactoryTrades"": 0.02772151898734178, ""MSinceMostRecentDelq"": 0.07807228915662656, ""MSinceMostRecentInqexcl7days"": 0.12000000000000005, ""NetFractionRevolvingBurden"": -0.07905172413793116, ""NumRevolvingTradesWBalance"": -0.0062500000000000056}",0.792984127998352,False
xcreditscore_lattice,554,True,feasible,very_high_risk,gurobi:Optimal|refined_11,gurobi,0.7605515122413635,0.41915541887283325,0.8774697915426767,7,"{""ExternalRiskEstimate"": 0.07475409836065572, ""NumSatisfactoryTrades"": 0.18481012658227847, ""MSinceMostRecentDelq"": 0.03903614457831328, ""MSinceMostRecentInqexcl7days"": 0.2, ""NumInqLast6M"": -0.030303030303030304, ""NetFractionRevolvingBurden"": -0.11234403758001749, ""PercentTradesWBalance"": -0.1050000000000001}",0.41915541887283325,True
xcreditscore_lattice,555,True,feasible,very_high_risk,gurobi:Optimal,gurobi,0.6938080191612244,0.3742811381816864,1.0499072900466297,6,"{""ExternalRiskEstimate"": 0.07475409836065572, ""NumSatisfactoryTrades"": 0.1848101265822785, ""PercentTradesNeverDelq"": 0.0162618805155339, ""MSinceMostRecentInqexcl7days"": 0.2, ""NumInqLast6M"": -0.06060606060606061, ""NetFractionRevolvingBurden"": -0.1810344827586207}",0.3742811381816864,True
xcreditscore_lattice,556,False,near_feasible,very_high_risk,gurobi:Optimal|refined_32,gurobi,0.7504075765609741,0.4279869496822357,2.2089270040231095,16,"{""ExternalRiskEstimate"": 0.07475409836065572, ""MSinceMostRecentTradeOpen"": -0.013054830287206266, ""NumSatisfactoryTrades"": 0.18481012658227847, ""PercentTradesNeverDelq"": 0.07999999999999996, ""MSinceMostRecentDelq"": 0.1951807228915663, ""NumTradesOpeninLast12M"": -0.06186240470823737, ""PercentInstallTrades"": -0.2, ""MSinceMostRecentInqexcl7days"": 0.2, ""NetFractionRevolvingBurden"": -0.19762931034482759, ""NetFractionInstallBurden"": -0.04948979591836733, ""NumRevolvingTradesWBalance"": -0.15625, ""NumInstallTradesWBalance"": -0.1111111111111111, ""NumBank2NatlTradesWHighUtilization"": -0.05555555555555555, ""PercentTradesWBalance"": -0.2250000000000002, ""RevolvingBurdenPerTrade"": -0.062499999999999986, ""InstallBurdenPerTrade"": -0.3464285714285714}",0.4279869496822357,False
xcreditscore_lattice,557,False,infeasible,very_high_risk,gurobi:Infeasible|refined_32,gurobi,0.9326177835464478,0.8533363938331604,0.2015551309627235,2,"{""MSinceMostRecentDelq"": 0.1951807228915663, ""MSinceMostRecentInqexcl7days"": 0.12000000000000005}",0.8533363938331604,False
xcreditscore_lattice,558,True,feasible,very_high_risk,gurobi:Optimal,gurobi,0.7141149640083313,0.36968445777893066,0.756337308334717,5,"{""ExternalRiskEstimate"": 0.07475409836065572, ""MSinceMostRecentTradeOpen"": -0.001216088203336567, ""NumSatisfactoryTrades"": 0.1848101265822785, ""MSinceMostRecentInqexcl7days"": 0.2, ""NetFractionRevolvingBurden"": -0.19762931034482759}",0.36968445777893066,True
xcreditscore_lattice,561,True,feasible,near_threshold,gurobi:Optimal,gurobi,0.4498194456100464,0.3493165075778961,0.3163007991162794,2,"{""ExternalRiskEstimate"": 0.060074053852822606, ""NumSatisfactoryTrades"": 0.18481012658227847}",0.3493165075778961,True
xcreditscore_lattice,564,True,feasible,very_high_risk,gurobi:Optimal,gurobi,0.848027765750885,0.40111491084098816,1.307746366344372,7,"{""ExternalRiskEstimate"": 0.07475409836065572, ""NumSatisfactoryTrades"": 0.18481012658227847, ""PercentTradesNeverDelq"": 0.19999999999999996, ""MSinceMostRecentInqexcl7days"": 0.2, ""NumInqLast6M"": -0.030303030303030304, ""NetFractionRevolvingBurden"": -0.19762931034482759, ""NumBank2NatlTradesWHighUtilization"": -0.15396062707875602}",0.40111491084098816,True
xcreditscore_lattice,565,True,feasible,very_high_risk,gurobi:Optimal,gurobi,0.7223408222198486,0.30095744132995605,1.1938238629159343,8,"{""ExternalRiskEstimate"": 0.07475409836065572, ""NumSatisfactoryTrades"": 0.18481012658227847, ""PercentTradesNeverDelq"": 0.19999999999999996, ""PercentInstallTrades"": -0.2, ""MSinceMostRecentInqexcl7days"": 0.2, ""NumInqLast6M"": -0.015151515151515152, ""NetFractionRevolvingBurden"": -0.09482758620689655, ""InstallBurdenPerTrade"": -0.19986869852245093}",0.30095744132995605,True
xcreditscore_lattice,566,True,feasible,moderate_risk,gurobi:Optimal|refined_5,gurobi,0.48090171813964844,0.40738022327423096,0.16219594634762674,2,"{""NumSatisfactoryTrades"": 0.16503950187163707, ""MSinceMostRecentInqexcl7days"": 0.05000000000000001}",0.40738022327423096,True
xcreditscore_lattice,567,True,feasible,moderate_risk,gurobi:Optimal,gurobi,0.5169872045516968,0.3069919943809509,0.33389950018914405,3,"{""ExternalRiskEstimate"": 0.021117477632651815, ""NumSatisfactoryTrades"": 0.18481012658227847, ""MSinceMostRecentInqexcl7days"": 0.2}",0.3069919943809509,True
xcreditscore_lattice,568,False,infeasible,very_high_risk,gurobi:Infeasible|refined_32,gurobi,0.7779096961021423,0.5605456233024597,0.1619782077468752,3,"{""PercentTradesNeverDelq"": 0.07999999999999996, ""PercentInstallTrades"": -0.020000000000000018, ""MSinceMostRecentInqexcl7days"": 0.11000000000000004}",0.5605456233024597,False
xcreditscore_lattice,569,False,near_feasible,very_high_risk,gurobi:Optimal|refined_32,gurobi,0.7857314944267273,0.4244694113731384,1.2636975967044732,9,"{""ExternalRiskEstimate"": 0.07475409836065572, ""NumSatisfactoryTrades"": 0.18481012658227847, ""MSinceMostRecentDelq"": 0.19518072289156604, ""PercentInstallTrades"": -0.18, ""MSinceMostRecentInqexcl7days"": 0.2, ""NumInqLast6M"": -0.06363636363636364, ""NetFractionRevolvingBurden"": -0.12068965517241378, ""NumRevolvingTradesWBalance"": -0.0034437538379394617, ""RevolvingBurdenPerTrade"": -0.03620689655172413}",0.4244694113731384,False
xcreditscore_lattice,572,True,feasible,moderate_risk,gurobi:Optimal,gurobi,0.48150479793548584,0.3706490695476532,0.32927002240897596,2,"{""ExternalRiskEstimate"": 0.06464186487010248, ""NumSatisfactoryTrades"": 0.18481012658227847}",0.3706490695476532,True
xcreditscore_lattice,575,True,feasible,very_high_risk,gurobi:Optimal,gurobi,0.84256511926651,0.394231915473938,1.7022719957579227,10,"{""ExternalRiskEstimate"": 0.07475409836065572, ""MSinceMostRecentTradeOpen"": -0.03133159268929504, ""NumSatisfactoryTrades"": 0.1848101265822785, ""PercentTradesNeverDelq"": 0.17999999999999994, ""PercentInstallTrades"": -0.2, ""MSinceMostRecentInqexcl7days"": 0.2, ""NumInqLast6M"": -0.06060606060606061, ""NetFractionRevolvingBurden"": -0.19762931034482759, ""NumRevolvingTradesWBalance"": -0.09144476780828519, ""NumBank2NatlTradesWHighUtilization"": -0.1111111111111111}",0.394231915473938,True
xcreditscore_lattice,578,True,feasible,near_threshold,gurobi:Optimal|refined_1,gurobi,0.4472913146018982,0.41290634870529175,0.14687259111171727,2,"{""NumSatisfactoryTrades"": 0.1781240259875541, ""MSinceMostRecentInqexcl7days"": 0.010000000000000002}",0.41290634870529175,True
xcreditscore_lattice,580,True,feasible,near_threshold,gurobi:Optimal,gurobi,0.45322945713996887,0.368925005197525,0.05529286366724025,1,"{""NumSatisfactoryTrades"": 0.07011839218513755}",0.368925005197525,True
xcreditscore_lattice,582,False,infeasible,very_high_risk,gurobi:Infeasible|refined_32,gurobi,0.7075059413909912,0.5987514853477478,0.25133289317775037,4,"{""NumSatisfactoryTrades"": 0.07392405063291152, ""PercentTradesNeverDelq"": 0.049000000000000044, ""MSinceMostRecentDelq"": 0.10734939759036148, ""PercentInstallTrades"": -0.1200000000000001}",0.5987514853477478,False
xcreditscore_lattice,583,False,infeasible,very_high_risk,gurobi:Optimal|refined_32,gurobi,0.729280948638916,0.4646433889865875,0.4079324415700956,4,"{""NumSatisfactoryTrades"": 0.17355640910315617, ""MSinceMostRecentDelq"": 0.03903614457831328, ""MSinceMostRecentInqexcl7days"": 0.12000000000000005, ""NumRevolvingTradesWBalance"": -0.1349999999999998}",0.4646433889865875,False
xcreditscore_lattice,584,True,feasible,moderate_risk,gurobi:Optimal,gurobi,0.48150479793548584,0.3706490695476532,0.32927002240897596,2,"{""ExternalRiskEstimate"": 0.06464186487010248, ""NumSatisfactoryTrades"": 0.18481012658227847}",0.3706490695476532,True
xcreditscore_lattice,586,True,feasible,very_high_risk,gurobi:Optimal,gurobi,0.6645796895027161,0.3532651662826538,0.8326698298414745,5,"{""ExternalRiskEstimate"": 0.07475409836065572, ""NumSatisfactoryTrades"": 0.18481012658227852, ""PercentTradesNeverDelq"": 0.08062701678611761, ""MSinceMostRecentInqexcl7days"": 0.2, ""NetFractionRevolvingBurden"": -0.19762931034482759}",0.3532651662826538,True
xcreditscore_lattice,587,True,feasible,very_high_risk,gurobi:Optimal,gurobi,0.7232614159584045,0.40448489785194397,1.407345784879838,8,"{""ExternalRiskEstimate"": 0.07475409836065572, ""NumSatisfactoryTrades"": 0.18481012658227847, ""PercentTradesNeverDelq"": 0.20000000000000007, ""PercentInstallTrades"": -0.1791799145875516, ""MSinceMostRecentInqexcl7days"": 0.2, ""NumInqLast6M"": -0.06060606060606061, ""NetFractionRevolvingBurden"": -0.1724137931034483, ""NumBank2NatlTradesWHighUtilization"": -0.05555555555555555}",0.40448489785194397,True
xcreditscore_lattice,593,True,feasible,high_risk,gurobi:Optimal,gurobi,0.5392099618911743,0.39751091599464417,0.20717716689025867,2,"{""NumSatisfactoryTrades"": 0.18481012658227847, ""MSinceMostRecentInqexcl7days"": 0.09584909511485813}",0.39751091599464417,True
xcreditscore_lattice,594,True,feasible,very_high_risk,gurobi:Optimal|refined_11,gurobi,0.7730579972267151,0.4157120883464813,1.123098432000528,8,"{""ExternalRiskEstimate"": 0.07475409836065572, ""NumSatisfactoryTrades"": 0.18481012658227852, ""PercentTradesNeverDelq"": 0.0389999999999997, ""PercentInstallTrades"": -0.040000000000000036, ""MSinceMostRecentInqexcl7days"": 0.2, ""NumInqLast6M"": -0.06363636363636364, ""NetFractionRevolvingBurden"": -0.16863195803580383, ""PercentTradesWBalance"": -0.04500000000000004}",0.4157120883464813,True
xcreditscore_lattice,595,False,infeasible,very_high_risk,gurobi:Infeasible|refined_32,gurobi,0.9211487770080566,0.7288410067558289,0.205597065295688,3,"{""NumSatisfactoryTrades"": 0.036962025316455704, ""MSinceMostRecentDelq"": 0.1659036144578314, ""MSinceMostRecentInqexcl7days"": 0.11000000000000004}",0.7288410067558289,False
xcreditscore_lattice,597,False,infeasible,very_high_risk,gurobi:Optimal|refined_5,gurobi,0.7680134177207947,0.4537675380706787,2.752012730459177,19,"{""ExternalRiskEstimate"": 0.07475409836065572, ""MSinceMostRecentTradeOpen"": -0.013054830287206266, ""NumSatisfactoryTrades"": 0.1848101265822785, ""NumTrades60Ever2DerogPubRec"": -0.05263157894736842, ""PercentTradesNeverDelq"": 0.08999999999999997, ""MSinceMostRecentDelq"": 0.1951807228915663, ""NumTotalTrades"": 0.110993994823363, ""NumTradesOpeninLast12M"": -0.10526315789473684, ""PercentInstallTrades"": -0.20000000000000007, ""MSinceMostRecentInqexcl7days"": 0.2, ""NetFractionRevolvingBurden"": -0.19762931034482759, ""NetFractionInstallBurden"": -0.08265306122448979, ""NumRevolvingTradesWBalance"": -0.03125, ""NumInstallTradesWBalance"": -0.1111111111111111, ""NumBank2NatlTradesWHighUtilization"": -0.05555555555555555, ""PercentTradesWBalance"": -0.30000000000000004, ""TotalDelqEvents"": -0.05263157894736842, ""RevolvingBurdenPerTrade"": -0.11293103448275865, ""InstallBurdenPerTrade"": -0.28928571428571426}",0.4537675380706787,False
xcreditscore_lattice,598,True,feasible,very_high_risk,gurobi:Optimal,gurobi,0.6447541117668152,0.3993418216705322,0.5319746530600904,4,"{""ExternalRiskEstimate"": 0.07475409836065572, ""NumSatisfactoryTrades"": 0.18481012658227852, ""MSinceMostRecentInqexcl7days"": 0.2, ""NumInqLast6M"": -0.009157320819752006}",0.3993418216705322,True
xcreditscore_lattice,599,False,infeasible,very_high_risk,gurobi:Optimal|refined_32,gurobi,0.6963545083999634,0.4796714782714844,1.7102958607098417,11,"{""ExternalRiskEstimate"": 0.07475409836065572, ""NumSatisfactoryTrades"": 0.18481012658227852, ""PercentTradesNeverDelq"": 0.19999999999999996, ""MSinceMostRecentDelq"": 0.1951807228915663, ""PercentInstallTrades"": -0.2, ""MSinceMostRecentInqexcl7days"": 0.19999999999999996, ""NetFractionRevolvingBurden"": -0.19762931034482759, ""NumRevolvingTradesWBalance"": -0.16875, ""NumBank2NatlTradesWHighUtilization"": -0.1111111111111111, ""RevolvingBurdenPerTrade"": -0.03399014778325124, ""InstallBurdenPerTrade"": -0.10955739340249816}",0.4796714782714844,False
xcreditscore_lattice,601,True,feasible,moderate_risk,gurobi:Optimal,gurobi,0.48150479793548584,0.3706490695476532,0.32927002240897596,2,"{""ExternalRiskEstimate"": 0.06464186487010248, ""NumSatisfactoryTrades"": 0.18481012658227847}",0.3706490695476532,True
xcreditscore_lattice,602,False,infeasible,very_high_risk,gurobi:Infeasible|refined_32,gurobi,0.8903480172157288,0.6582507491111755,0.25678522126276604,3,"{""NumSatisfactoryTrades"": 0.07392405063291141, ""PercentTradesNeverDelq"": 0.13000000000000012, ""MSinceMostRecentInqexcl7days"": 0.11000000000000004}",0.6582507491111755,False
xcreditscore_lattice,603,True,feasible,high_risk,gurobi:Optimal,gurobi,0.5919811725616455,0.3162361681461334,0.4420508908248072,3,"{""ExternalRiskEstimate"": 0.05920881915176357, ""NumSatisfactoryTrades"": 0.18481012658227852, ""MSinceMostRecentInqexcl7days"": 0.2}",0.3162361681461334,True
xcreditscore_lattice,604,True,feasible,very_high_risk,gurobi:Optimal|refined_26,gurobi,0.875810444355011,0.41786062717437744,1.402886919033875,9,"{""ExternalRiskEstimate"": 0.07475409836065572, ""NumSatisfactoryTrades"": 0.1848101265822785, ""MSinceMostRecentDelq"": 0.15614457831325287, ""PercentInstallTrades"": -0.2, ""MSinceMostRecentInqexcl7days"": 0.2, ""NumInqLast6M"": -0.06363636363636364, ""NetFractionRevolvingBurden"": -0.05172413793103448, ""PercentTradesWBalance"": -0.15000000000000013, ""InstallBurdenPerTrade"": -0.2355423217902709}",0.41786062717437744,True
xcreditscore_lattice,606,False,infeasible,very_high_risk,gurobi:Infeasible|refined_32,gurobi,0.8865270018577576,0.7348567247390747,0.2763531722642393,4,"{""MSinceMostRecentDelq"": 0.06831325301204824, ""MSinceMostRecentInqexcl7days"": 0.12000000000000005, ""NetFractionRevolvingBurden"": -0.07905172413793116, ""NumRevolvingTradesWBalance"": -0.0390625}",0.7348567247390747,False
xcreditscore_lattice,608,True,feasible,high_risk,gurobi:Optimal|refined_29,gurobi,0.5298566222190857,0.41879191994667053,0.44316928474200223,5,"{""NumSatisfactoryTrades"": 0.18481012658227852, ""PercentTradesNeverDelq"": 0.14, ""MSinceMostRecentInqexcl7days"": 0.0830287282802964, ""NetFractionRevolvingBurden"": -0.04741379310344823, ""NumRevolvingTradesWBalance"": -0.03374999999999995}",0.41879191994667053,True
xcreditscore_lattice,609,False,infeasible,very_high_risk,gurobi:Optimal|refined_32,gurobi,0.7417852282524109,0.5157611966133118,1.268877502468708,9,"{""ExternalRiskEstimate"": 0.07475409836065572, ""MSinceMostRecentTradeOpen"": -0.007599204362091015, ""NumSatisfactoryTrades"": 0.18481012658227847, ""PercentTradesNeverDelq"": 0.19999999999999996, ""NumTotalTrades"": 0.12615384615384606, ""MSinceMostRecentInqexcl7days"": 0.20000000000000007, ""NetFractionRevolvingBurden"": -0.19762931034482759, ""RevolvingBurdenPerTrade"": -0.07327586206896551, ""InstallBurdenPerTrade"": -0.08971428571428569}",0.5157611966133118,False
xcreditscore_lattice,610,True,feasible,very_high_risk,gurobi:Optimal,gurobi,0.7373842000961304,0.2981521189212799,0.9333726959521549,6,"{""ExternalRiskEstimate"": 0.07475409836065572, ""NumSatisfactoryTrades"": 0.18481012658227852, ""PercentTradesNeverDelq"": 0.10596650100919958, ""MSinceMostRecentInqexcl7days"": 0.2, ""NumInqLast6M"": -0.015151515151515152, ""NetFractionRevolvingBurden"": -0.19762931034482759}",0.2981521189212799,True
xcreditscore_lattice,612,True,feasible,moderate_risk,gurobi:Optimal,gurobi,0.48150479793548584,0.3706490695476532,0.32927002240897596,2,"{""ExternalRiskEstimate"": 0.06464186487010248, ""NumSatisfactoryTrades"": 0.18481012658227847}",0.3706490695476532,True
xcreditscore_lattice,615,True,feasible,high_risk,gurobi:Optimal,gurobi,0.5460389852523804,0.3376522362232208,0.42293802725514584,3,"{""ExternalRiskEstimate"": 0.05247719407176121, ""NumSatisfactoryTrades"": 0.18481012658227852, ""MSinceMostRecentInqexcl7days"": 0.2}",0.3376522362232208,True
xcreditscore_lattice,616,True,feasible,moderate_risk,gurobi:Optimal,gurobi,0.48150479793548584,0.3706490695476532,0.32927002240897596,2,"{""ExternalRiskEstimate"": 0.06464186487010248, ""NumSatisfactoryTrades"": 0.18481012658227847}",0.3706490695476532,True
xcreditscore_lattice,618,False,infeasible,very_high_risk,gurobi:Infeasible|refined_32,gurobi,0.9291329383850098,0.7899409532546997,0.22859139586494975,5,"{""NumSatisfactoryTrades"": 0.07392405063291141, ""MSinceMostRecentDelq"": 0.0487951807228916, ""MSinceMostRecentInqexcl7days"": 0.12000000000000005, ""NetFractionRevolvingBurden"": -0.019396551724137928, ""PercentTradesWBalance"": -0.06000000000000005}",0.7899409532546997,False
xcreditscore_lattice,619,True,feasible,very_high_risk,gurobi:Optimal,gurobi,0.7245354056358337,0.3717356026172638,0.8737676448091001,5,"{""ExternalRiskEstimate"": 0.07475409836065572, ""NumSatisfactoryTrades"": 0.18481012658227852, ""MSinceMostRecentInqexcl7days"": 0.2, ""NumInqLast6M"": -0.030303030303030304, ""NetFractionRevolvingBurden"": -0.17465995732911707}",0.3717356026172638,True
xcreditscore_lattice,621,True,feasible,high_risk,gurobi:Optimal,gurobi,0.5327664613723755,0.1900855004787445,0.5322793108954555,4,"{""ExternalRiskEstimate"": 0.07475409836065572, ""NumSatisfactoryTrades"": 0.1848101265822785, ""MSinceMostRecentInqexcl7days"": 0.2, ""NetFractionRevolvingBurden"": -0.03410211929805261}",0.1900855004787445,True
xcreditscore_lattice,623,True,feasible,high_risk,gurobi:Optimal|refined_6,gurobi,0.5366848111152649,0.40802785754203796,0.18756810489136475,2,"{""NumSatisfactoryTrades"": 0.18481012658227852, ""MSinceMostRecentInqexcl7days"": 0.06525933863064357}",0.40802785754203796,True
xcreditscore_lattice,625,True,feasible,very_high_risk,gurobi:Optimal|refined_12,gurobi,0.6954863667488098,0.4186936616897583,0.5032690900160885,4,"{""ExternalRiskEstimate"": 0.055805919364326884, ""NumSatisfactoryTrades"": 0.18481012658227847, ""PercentTradesNeverDelq"": 0.07200000000000006, ""MSinceMostRecentInqexcl7days"": 0.2}",0.4186936616897583,True
xcreditscore_lattice,627,True,feasible,very_high_risk,gurobi:Optimal,gurobi,0.7136031985282898,0.32872119545936584,1.027370661590463,7,"{""ExternalRiskEstimate"": 0.07475409836065572, ""NumSatisfactoryTrades"": 0.18481012658227847, ""PercentTradesNeverDelq"": 0.15000000000000002, ""PercentInstallTrades"": -0.1700094449963308, ""MSinceMostRecentInqexcl7days"": 0.2, ""NumInqLast6M"": -0.015151515151515152, ""NetFractionRevolvingBurden"": -0.15517241379310345}",0.32872119545936584,True
xcreditscore_lattice,629,True,feasible,very_high_risk,gurobi:Optimal,gurobi,0.8097320199012756,0.38666534423828125,1.252384799777772,8,"{""ExternalRiskEstimate"": 0.07475409836065572, ""NumSatisfactoryTrades"": 0.18481012658227847, ""PercentTradesNeverDelq"": 0.15000000000000002, ""PercentInstallTrades"": -0.08279733706721515, ""MSinceMostRecentInqexcl7days"": 0.2, ""NumInqLast6M"": -0.015151515151515152, ""NetFractionRevolvingBurden"": -0.19762931034482759, ""NumBank2NatlTradesWHighUtilization"": -0.16666666666666666}",0.38666534423828125,True
xcreditscore_lattice,630,False,infeasible,very_high_risk,gurobi:Infeasible|refined_32,gurobi,0.868009090423584,0.6475722789764404,0.291290898535834,3,"{""PercentTradesNeverDelq"": 0.17000000000000015, ""MSinceMostRecentInqexcl7days"": 0.11000000000000004, ""NetFractionRevolvingBurden"": -0.03952586206896558}",0.6475722789764404,False
xcreditscore_lattice,632,True,feasible,very_high_risk,gurobi:Optimal,gurobi,0.6755527257919312,0.35883092880249023,0.6188136966558475,4,"{""ExternalRiskEstimate"": 0.07475409836065572, ""NumSatisfactoryTrades"": 0.18481012658227847, ""PercentTradesNeverDelq"": 0.1347214427958332, ""MSinceMostRecentInqexcl7days"": 0.2}",0.35883092880249023,True
xcreditscore_lattice,633,True,feasible,very_high_risk,gurobi:Optimal|refined_1,gurobi,0.7948745489120483,0.41825953125953674,1.2217940128263012,8,"{""ExternalRiskEstimate"": 0.07475409836065572, ""MSinceMostRecentTradeOpen"": -0.04699738903394256, ""NumSatisfactoryTrades"": 0.18481012658227847, ""MSinceMostRecentDelq"": 0.00975903614457832, ""MSinceMostRecentInqexcl7days"": 0.2, ""NumInqLast6M"": -0.06060606060606061, ""NetFractionRevolvingBurden"": -0.19762931034482759, ""NumBank2NatlTradesWHighUtilization"": -0.03119002499281165}",0.41825953125953674,True
xcreditscore_lattice,635,True,feasible,very_high_risk,gurobi:Optimal,gurobi,0.6816349625587463,0.405516117811203,1.008565668516516,5,"{""ExternalRiskEstimate"": 0.07475409836065572, ""NumSatisfactoryTrades"": 0.18481012658227847, ""MSinceMostRecentInqexcl7days"": 0.2, ""NumInqLast6M"": -0.06060606060606061, ""NetFractionRevolvingBurden"": -0.16229124658227367}",0.405516117811203,True
xcreditscore_lattice,638,True,feasible,moderate_risk,gurobi:Optimal|refined_3,gurobi,0.487373024225235,0.4082764983177185,0.1063123693729824,2,"{""NumSatisfactoryTrades"": 0.11043025491473696, ""MSinceMostRecentInqexcl7days"": 0.030000000000000006}",0.4082764983177185,True
xcreditscore_lattice,639,True,feasible,very_high_risk,gurobi:Optimal,gurobi,0.8703523278236389,0.40428948402404785,1.1164036507930155,6,"{""ExternalRiskEstimate"": 0.07475409836065572, ""NumSatisfactoryTrades"": 0.1848101265822785, ""PercentTradesNeverDelq"": 0.13798032766125834, ""MSinceMostRecentInqexcl7days"": 0.2, ""NumInqLast6M"": -0.045454545454545456, ""NetFractionRevolvingBurden"": -0.19762931034482759}",0.40428948402404785,True
xcreditscore_lattice,642,True,feasible,very_high_risk,gurobi:Optimal,gurobi,0.6867753863334656,0.3787449896335602,0.6534502116243718,5,"{""ExternalRiskEstimate"": 0.07475409836065572, ""NumSatisfactoryTrades"": 0.18481012658227852, ""MSinceMostRecentInqexcl7days"": 0.2, ""NumInqLast6M"": -0.030303030303030304, ""NetFractionRevolvingBurden"": -0.0116509383822168}",0.3787449896335602,True
xcreditscore_lattice,643,False,infeasible,very_high_risk,gurobi:Infeasible|refined_32,gurobi,0.8596231341362,0.6710875630378723,0.2831633718862435,4,"{""MSinceMostRecentDelq"": 0.07807228915662655, ""PercentInstallTrades"": -0.1200000000000001, ""MSinceMostRecentInqexcl7days"": 0.12000000000000005, ""NetFractionRevolvingBurden"": -0.05928879310344837}",0.6710875630378723,False
xcreditscore_lattice,644,True,feasible,moderate_risk,gurobi:Optimal,gurobi,0.4787308871746063,0.3211615979671478,0.2005798795477443,2,"{""NumSatisfactoryTrades"": 0.1848101265822785, ""MSinceMostRecentInqexcl7days"": 0.08555745478676448}",0.3211615979671478,True
xcreditscore_lattice,645,False,infeasible,very_high_risk,gurobi:Infeasible|refined_32,gurobi,0.8435859084129333,0.6516128182411194,0.172469063285917,3,"{""PercentTradesNeverDelq"": 0.08999999999999897, ""MSinceMostRecentInqexcl7days"": 0.11000000000000004, ""NetFractionRevolvingBurden"": -0.009881465517241395}",0.6516128182411194,False
xcreditscore_lattice,646,True,feasible,very_high_risk,gurobi:Optimal,gurobi,0.6498934626579285,0.3384285271167755,0.40250616509664894,3,"{""ExternalRiskEstimate"": 0.04528101254532524, ""NumSatisfactoryTrades"": 0.1848101265822785, ""MSinceMostRecentInqexcl7days"": 0.2}",0.3384285271167755,True
xcreditscore_lattice,648,True,feasible,moderate_risk,gurobi:Optimal,gurobi,0.5008432269096375,0.3158813714981079,0.26335684493272465,2,"{""NumSatisfactoryTrades"": 0.18481012658227847, ""MSinceMostRecentInqexcl7days"": 0.18348830349604128}",0.3158813714981079,True
xcreditscore_lattice,650,True,feasible,near_threshold,gurobi:Optimal,gurobi,0.459673672914505,0.28468745946884155,0.272653455319009,2,"{""NumSatisfactoryTrades"": 0.18481012658227847, ""MSinceMostRecentInqexcl7days"": 0.19799083543056717}",0.28468745946884155,True
xcreditscore_lattice,651,False,infeasible,very_high_risk,gurobi:Infeasible|refined_32,gurobi,0.9132310152053833,0.796063244342804,0.2584611495021612,4,"{""MSinceMostRecentDelq"": 0.03903614457831328, ""MSinceMostRecentInqexcl7days"": 0.12000000000000005, ""NumRevolvingTradesWBalance"": -0.06749999999999991, ""PercentTradesWBalance"": -0.1200000000000001}",0.796063244342804,False
xcreditscore_lattice,653,True,feasible,high_risk,gurobi:Optimal,gurobi,0.545487642288208,0.3595733940601349,0.21971293135493453,2,"{""NumSatisfactoryTrades"": 0.18481012658227847, ""MSinceMostRecentInqexcl7days"": 0.11540464460210709}",0.3595733940601349,True
xcreditscore_lattice,655,True,feasible,very_high_risk,gurobi:Optimal,gurobi,0.7152444124221802,0.41316404938697815,1.1319087425622891,7,"{""ExternalRiskEstimate"": 0.07475409836065572, ""NumSatisfactoryTrades"": 0.1848101265822785, ""MSinceMostRecentInqexcl7days"": 0.2, ""NumInqLast6M"": -0.015151515151515152, ""NetFractionRevolvingBurden"": -0.07327586206896551, ""NumBank2NatlTradesWHighUtilization"": -0.05047045809905705, ""InstallBurdenPerTrade"": -0.4485714285714286}",0.41316404938697815,True
xcreditscore_lattice,656,True,feasible,very_high_risk,gurobi:Optimal|refined_4,gurobi,0.6974558234214783,0.41915905475616455,0.9088455678800011,8,"{""ExternalRiskEstimate"": 0.07475409836065572, ""MSinceMostRecentTradeOpen"": -0.0047536079536986825, ""NumSatisfactoryTrades"": 0.18481012658227852, ""MSinceMostRecentDelq"": 0.01951807228915664, ""PercentInstallTrades"": -0.040000000000000036, ""MSinceMostRecentInqexcl7days"": 0.2, ""NumInqLast6M"": -0.030303030303030304, ""NetFractionRevolvingBurden"": -0.16379310344827586}",0.41915905475616455,True
xcreditscore_lattice,658,False,infeasible,very_high_risk,gurobi:Infeasible|refined_32,gurobi,0.9163545966148376,0.8089650869369507,0.2607960404769264,4,"{""NumSatisfactoryTrades"": 0.10164556962025328, ""PercentInstallTrades"": -0.08000000000000007, ""MSinceMostRecentInqexcl7days"": 0.12000000000000005, ""NumRevolvingTradesWBalance"": -0.04218749999999993}",0.8089650869369507,False
xcreditscore_lattice,659,True,feasible,moderate_risk,gurobi:Optimal,gurobi,0.48150479793548584,0.3706490695476532,0.32927002240897596,2,"{""ExternalRiskEstimate"": 0.06464186487010248, ""NumSatisfactoryTrades"": 0.18481012658227847}",0.3706490695476532,True
xcreditscore_lattice,660,False,infeasible,very_high_risk,gurobi:Infeasible|refined_32,gurobi,0.8432125449180603,0.6919677257537842,0.12596742652644935,3,"{""PercentTradesNeverDelq"": 0.049999999999998934, ""MSinceMostRecentDelq"": 0.00975903614457832, ""MSinceMostRecentInqexcl7days"": 0.11000000000000004}",0.6919677257537842,False
xcreditscore_lattice,661,False,infeasible,very_high_risk,gurobi:Infeasible|refined_32,gurobi,0.8575887084007263,0.6075237989425659,0.21712095539899137,4,"{""NumSatisfactoryTrades"": 0.09240506329113926, ""MSinceMostRecentDelq"": 0.07807228915662656, ""MSinceMostRecentInqexcl7days"": 0.12000000000000005, ""NetFractionRevolvingBurden"": -0.012931034482758619}",0.6075237989425659,False
xcreditscore_lattice,662,True,feasible,very_high_risk,gurobi:Optimal,gurobi,0.7709318995475769,0.4055267870426178,0.7981122040509567,6,"{""ExternalRiskEstimate"": 0.07475409836065572, ""NumSatisfactoryTrades"": 0.18481012658227852, ""PercentTradesNeverDelq"": 0.11560164026212882, ""MSinceMostRecentInqexcl7days"": 0.2, ""NumInqLast6M"": -0.030303030303030304, ""NetFractionRevolvingBurden"": -0.034482758620689655}",0.4055267870426178,True
xcreditscore_lattice,663,False,infeasible,very_high_risk,gurobi:Infeasible|refined_32,gurobi,0.9020649194717407,0.8107388019561768,0.23395441696366304,5,"{""MSinceMostRecentDelq"": 0.10734939759036152, ""PercentInstallTrades"": -0.05549999999999988, ""MSinceMostRecentInqexcl7days"": 0.12000000000000005, ""NetFractionRevolvingBurden"": -0.019396551724137928, ""PercentTradesWBalance"": -0.04500000000000004}",0.8107388019561768,False
xcreditscore_lattice,664,True,feasible,very_high_risk,gurobi:Optimal|refined_6,gurobi,0.6412165760993958,0.4080246090888977,0.39192141240518324,3,"{""ExternalRiskEstimate"": 0.07316145652708006, ""NumSatisfactoryTrades"": 0.18481012658227847, ""MSinceMostRecentInqexcl7days"": 0.06000000000000001}",0.4080246090888977,True
xcreditscore_lattice,665,False,infeasible,very_high_risk,gurobi:Infeasible|refined_32,gurobi,0.9167540073394775,0.7436171770095825,0.2168094077374838,3,"{""NumSatisfactoryTrades"": 0.036962025316455704, ""PercentTradesNeverDelq"": 0.1190000000000001, ""MSinceMostRecentInqexcl7days"": 0.11000000000000004}",0.7436171770095825,False
xcreditscore_lattice,666,True,feasible,near_threshold,gurobi:Optimal|refined_2,gurobi,0.43160444498062134,0.4195413887500763,0.20856552162263414,4,"{""NumSatisfactoryTrades"": 0.18481012658227847, ""PercentInstallTrades"": -0.020000000000000018, ""MSinceMostRecentInqexcl7days"": 0.06414923365265385, ""PercentTradesWBalance"": -0.015000000000000013}",0.4195413887500763,True
xcreditscore_lattice,667,True,feasible,moderate_risk,gurobi:Optimal,gurobi,0.48150479793548584,0.3706490695476532,0.32927002240897596,2,"{""ExternalRiskEstimate"": 0.06464186487010248, ""NumSatisfactoryTrades"": 0.18481012658227847}",0.3706490695476532,True
xcreditscore_lattice,668,True,feasible,near_threshold,gurobi:Optimal,gurobi,0.4226091206073761,0.27138304710388184,0.3567674227234875,3,"{""ExternalRiskEstimate"": 0.02917164912289827, ""NumSatisfactoryTrades"": 0.1848101265822785, ""MSinceMostRecentInqexcl7days"": 0.2}",0.27138304710388184,True
xcreditscore_lattice,669,False,infeasible,very_high_risk,gurobi:Infeasible|refined_32,gurobi,0.8079416751861572,0.5786483883857727,0.30339570476419486,4,"{""PercentTradesNeverDelq"": 0.13000000000000012, ""PercentInstallTrades"": -0.06000000000000005, ""MSinceMostRecentInqexcl7days"": 0.11000000000000004, ""NetFractionRevolvingBurden"": -0.04940732758620697}",0.5786483883857727,False
xcreditscore_lattice,671,False,infeasible,very_high_risk,gurobi:Infeasible|refined_32,gurobi,0.8297292590141296,0.6526637077331543,0.18166707760191497,3,"{""PercentTradesNeverDelq"": 0.09999999999999998, ""PercentInstallTrades"": -0.020000000000000018, ""MSinceMostRecentInqexcl7days"": 0.11000000000000004}",0.6526637077331543,False
xcreditscore_lattice,672,True,feasible,very_high_risk,gurobi:Optimal|refined_21,gurobi,0.8046834468841553,0.4188590943813324,1.5548278727945346,10,"{""ExternalRiskEstimate"": 0.07475409836065572, ""NumSatisfactoryTrades"": 0.1848101265822785, ""MSinceMostRecentDelq"": 0.08783132530120483, ""PercentInstallTrades"": -0.15541023346568983, ""MSinceMostRecentInqexcl7days"": 0.2, ""NumInqLast6M"": -0.06060606060606061, ""NetFractionRevolvingBurden"": -0.19762931034482759, ""NumRevolvingTradesWBalance"": -0.06749999999999991, ""NumBank2NatlTradesWHighUtilization"": -0.16666666666666666, ""PercentTradesWBalance"": -0.06000000000000005}",0.4188590943813324,True
xcreditscore_lattice,673,False,infeasible,very_high_risk,gurobi:Infeasible|refined_32,gurobi,0.8284047842025757,0.7559365630149841,0.13407185776916797,4,"{""PercentTradesNeverDelq"": 0.040000000000000036, ""MSinceMostRecentDelq"": 0.019518072289156627, ""MSinceMostRecentInqexcl7days"": 0.030000000000000013, ""PercentTradesWBalance"": -0.1050000000000001}",0.7559365630149841,False
xcreditscore_lattice,674,True,feasible,very_high_risk,gurobi:Optimal,gurobi,0.6546589136123657,0.338784784078598,0.5621613280761354,4,"{""ExternalRiskEstimate"": 0.07475409836065572, ""NumSatisfactoryTrades"": 0.1848101265822785, ""MSinceMostRecentInqexcl7days"": 0.2, ""NumInqLast6M"": -0.015194655822961008}",0.338784784078598,True
xcreditscore_lattice,675,True,feasible,high_risk,gurobi:Optimal|refined_10,gurobi,0.5216559171676636,0.418186217546463,0.42488617257532646,4,"{""ExternalRiskEstimate"": 0.044495217525520325, ""NumSatisfactoryTrades"": 0.18481012658227847, ""PercentTradesNeverDelq"": 0.024999999999999467, ""MSinceMostRecentInqexcl7days"": 0.2}",0.418186217546463,True
xcreditscore_lattice,677,True,feasible,high_risk,gurobi:Optimal,gurobi,0.5296504497528076,0.2667017877101898,0.43028291440749045,3,"{""ExternalRiskEstimate"": 0.05506409196826445, ""NumSatisfactoryTrades"": 0.18481012658227847, ""MSinceMostRecentInqexcl7days"": 0.2}",0.2667017877101898,True
xcreditscore_lattice,678,True,feasible,very_high_risk,gurobi:Optimal,gurobi,0.6747168302536011,0.3687025010585785,0.7879453670704049,5,"{""ExternalRiskEstimate"": 0.07475409836065572, ""NumSatisfactoryTrades"": 0.1848101265822785, ""MSinceMostRecentInqexcl7days"": 0.2, ""NumInqLast6M"": -0.006929655848805866, ""NetFractionRevolvingBurden"": -0.19762931034482759}",0.3687025010585785,True
xcreditscore_lattice,679,True,feasible,near_threshold,gurobi:Optimal|refined_3,gurobi,0.46976718306541443,0.41573554277420044,0.053245923517367434,2,"{""NumSatisfactoryTrades"": 0.043135244029273545, ""MSinceMostRecentInqexcl7days"": 0.030000000000000006}",0.41573554277420044,True
xcreditscore_lattice,680,False,infeasible,very_high_risk,gurobi:Infeasible|refined_32,gurobi,0.8067049384117126,0.7506997585296631,0.2252622162350547,3,"{""NumSatisfactoryTrades"": 0.10164556962025328, ""MSinceMostRecentDelq"": 0.16590361445783142, ""NumRevolvingTradesWBalance"": -0.03125}",0.7506997585296631,False
xcreditscore_lattice,681,True,feasible,near_threshold,gurobi:Optimal|refined_11,gurobi,0.4529270827770233,0.4182296395301819,0.14880341143882797,2,"{""NumSatisfactoryTrades"": 0.14750448410204053, ""PercentTradesNeverDelq"": 0.03300000000000003}",0.4182296395301819,True
xcreditscore_lattice,685,True,feasible,moderate_risk,gurobi:Optimal|refined_11,gurobi,0.5051724314689636,0.41996386647224426,0.2776843506012865,3,"{""NumSatisfactoryTrades"": 0.18481012658227847, ""PercentTradesNeverDelq"": 0.1100000000000001, ""MSinceMostRecentInqexcl7days"": 0.03691053096069857}",0.41996386647224426,True
xcreditscore_lattice,687,False,infeasible,very_high_risk,gurobi:Infeasible|refined_32,gurobi,0.8566847443580627,0.6928721070289612,0.19927138581198667,4,"{""PercentTradesNeverDelq"": 0.09000000000000008, ""MSinceMostRecentDelq"": 0.0487951807228916, ""MSinceMostRecentInqexcl7days"": 0.11000000000000004, ""PercentTradesWBalance"": -0.015000000000000013}",0.6928721070289612,False
xcreditscore_lattice,688,True,feasible,very_high_risk,gurobi:Optimal,gurobi,0.8069503307342529,0.3170594573020935,1.7345448790286928,11,"{""ExternalRiskEstimate"": 0.07475409836065572, ""MSinceMostRecentTradeOpen"": -0.020887728459530026, ""NumSatisfactoryTrades"": 0.1848101265822785, ""PercentTradesNeverDelq"": 0.17999999999999994, ""PercentInstallTrades"": -0.2, ""MSinceMostRecentInqexcl7days"": 0.2, ""NumInqLast6M"": -0.015151515151515152, ""NetFractionRevolvingBurden"": -0.19762931034482759, ""NumRevolvingTradesWBalance"": -0.125, ""NumBank2NatlTradesWHighUtilization"": -0.16666666666666666, ""InstallBurdenPerTrade"": -0.18820407751803203}",0.3170594573020935,True
xcreditscore_lattice,689,True,feasible,near_threshold,gurobi:Optimal,gurobi,0.4667319357395172,0.31933319568634033,0.3967223546938454,3,"{""ExternalRiskEstimate"": 0.04324393196744192, ""NumSatisfactoryTrades"": 0.18481012658227852, ""MSinceMostRecentInqexcl7days"": 0.2}",0.31933319568634033,True
xcreditscore_lattice,690,False,infeasible,very_high_risk,gurobi:Infeasible|refined_32,gurobi,0.8913936614990234,0.8071418404579163,0.24308976474740607,4,"{""NumSatisfactoryTrades"": 0.02772151898734178, ""MSinceMostRecentDelq"": 0.18542168674698792, ""MSinceMostRecentInqexcl7days"": 0.030000000000000013, ""NetFractionRevolvingBurden"": -0.061853448275862116}",0.8071418404579163,False
xcreditscore_lattice,692,False,infeasible,very_high_risk,gurobi:Infeasible|refined_32,gurobi,0.7731630802154541,0.597559928894043,0.20347957725557833,3,"{""MSinceMostRecentDelq"": 0.18542168674698806, ""MSinceMostRecentInqexcl7days"": 0.12000000000000005, ""NetFractionRevolvingBurden"": -0.006034482758620688}",0.597559928894043,False
xcreditscore_lattice,695,True,feasible,moderate_risk,gurobi:Optimal,gurobi,0.48150479793548584,0.3706490695476532,0.32927002240897596,2,"{""ExternalRiskEstimate"": 0.06464186487010248, ""NumSatisfactoryTrades"": 0.18481012658227847}",0.3706490695476532,True
xcreditscore_lattice,697,False,infeasible,very_high_risk,gurobi:Infeasible|refined_32,gurobi,0.8776368498802185,0.6776807904243469,0.3107658185096256,4,"{""MSinceMostRecentInqexcl7days"": 0.12000000000000005, ""NetFractionRevolvingBurden"": -0.11857758620689673, ""NumRevolvingTradesWBalance"": -0.008437499999999987, ""PercentTradesWBalance"": -0.1050000000000001}",0.6776807904243469,False
xcreditscore_lattice,700,False,infeasible,very_high_risk,gurobi:Infeasible|refined_32,gurobi,0.872439444065094,0.7382591366767883,0.15550073130901,3,"{""PercentTradesNeverDelq"": 0.07999999999999996, ""MSinceMostRecentDelq"": 0.009759036144578313, ""MSinceMostRecentInqexcl7days"": 0.11000000000000004}",0.7382591366767883,False
xcreditscore_lattice,701,False,infeasible,very_high_risk,gurobi:Optimal|refined_31,gurobi,0.7330917716026306,0.5314642786979675,1.5429213491681164,14,"{""ExternalRiskEstimate"": 0.07475409836065572, ""MSinceMostRecentTradeOpen"": -0.01566579634464752, ""NumSatisfactoryTrades"": 0.1848101265822785, ""PercentTradesNeverDelq"": 0.19999999999999996, ""MSinceMostRecentDelq"": 0.19518072289156627, ""NumTradesOpeninLast12M"": -0.047894736842105295, ""PercentInstallTrades"": -0.17, ""MSinceMostRecentInqexcl7days"": 0.19999999999999996, ""NetFractionRevolvingBurden"": -0.021551724137931036, ""NetFractionInstallBurden"": -0.05586734693877543, ""NumRevolvingTradesWBalance"": -0.09375, ""NumInstallTradesWBalance"": -0.043068241774288134, ""RevolvingBurdenPerTrade"": -0.010775862068965516, ""InstallBurdenPerTrade"": -0.2571428571428571}",0.5314642786979675,False
xcreditscore_lattice,703,True,feasible,moderate_risk,gurobi:Optimal,gurobi,0.48150479793548584,0.3706490695476532,0.32927002240897596,2,"{""ExternalRiskEstimate"": 0.06464186487010248, ""NumSatisfactoryTrades"": 0.18481012658227847}",0.3706490695476532,True
xcreditscore_lattice,704,True,feasible,high_risk,gurobi:Optimal|refined_16,gurobi,0.6088354587554932,0.41923069953918457,1.0921782747099673,9,"{""ExternalRiskEstimate"": 0.07475409836065572, ""NumSatisfactoryTrades"": 0.18481012658227847, ""MSinceMostRecentDelq"": 0.0487951807228916, ""PercentInstallTrades"": -0.19999999999999996, ""MSinceMostRecentInqexcl7days"": 0.2, ""NumInqLast6M"": -0.015151515151515152, ""NetFractionRevolvingBurden"": -0.12931034482758622, ""NumRevolvingTradesWBalance"": -0.07835143050382357, ""PercentTradesWBalance"": -0.16500000000000015}",0.41923069953918457,True
xcreditscore_lattice,705,True,feasible,moderate_risk,gurobi:Optimal|refined_2,gurobi,0.48801055550575256,0.4110011160373688,0.14437239286587225,2,"{""NumSatisfactoryTrades"": 0.1492097511713906, ""NetFractionRevolvingBurden"": -0.01976293103448279}",0.4110011160373688,True
xcreditscore_lattice,707,True,feasible,very_high_risk,gurobi:Optimal|refined_13,gurobi,0.7618188261985779,0.41661953926086426,1.3178008151534018,9,"{""ExternalRiskEstimate"": 0.07475409836065572, ""NumSatisfactoryTrades"": 0.18481012658227847, ""MSinceMostRecentDelq"": 0.0487951807228916, ""PercentInstallTrades"": -0.2, ""MSinceMostRecentInqexcl7days"": 0.2, ""NetFractionRevolvingBurden"": -0.19762931034482759, ""NumRevolvingTradesWBalance"": -0.1480306907692311, ""NumBank2NatlTradesWHighUtilization"": -0.1111111111111111, ""PercentTradesWBalance"": -0.1200000000000001}",0.41661953926086426,True
xcreditscore_lattice,708,True,feasible,very_high_risk,gurobi:Optimal,gurobi,0.6657183766365051,0.41508403420448303,0.742057396092025,5,"{""ExternalRiskEstimate"": 0.07475409836065572, ""NumSatisfactoryTrades"": 0.18481012658227847, ""MSinceMostRecentInqexcl7days"": 0.2, ""NumInqLast6M"": -0.003403005332499452, ""NetFractionRevolvingBurden"": -0.17672413793103448}",0.41508403420448303,True
xcreditscore_lattice,709,True,feasible,high_risk,gurobi:Optimal,gurobi,0.5530490875244141,0.25387272238731384,0.607480102367361,4,"{""ExternalRiskEstimate"": 0.07475409836065572, ""NumSatisfactoryTrades"": 0.1848101265822785, ""MSinceMostRecentInqexcl7days"": 0.2, ""NetFractionRevolvingBurden"": -0.08974187083595075}",0.25387272238731384,True
xcreditscore_lattice,711,True,feasible,very_high_risk,gurobi:Optimal,gurobi,0.7478725910186768,0.3729119300842285,2.6250565731163715,18,"{""ExternalRiskEstimate"": 0.07475409836065572, ""MSinceMostRecentTradeOpen"": -0.033942558746736295, ""NumSatisfactoryTrades"": 0.1848101265822785, ""NumTrades60Ever2DerogPubRec"": -0.09473684210526316, ""PercentTradesNeverDelq"": 0.06999999999999995, ""MSinceMostRecentDelq"": 0.1951807228915663, ""PercentInstallTrades"": -0.2, ""MSinceMostRecentInqexcl7days"": 0.2, ""NumInqLast6M"": -0.030303030303030304, ""NetFractionRevolvingBurden"": -0.17672413793103448, ""NumRevolvingTradesWBalance"": -0.09375, ""NumInstallTradesWBalance"": -0.05555555555555555, ""NumBank2NatlTradesWHighUtilization"": -0.05555555555555555, ""PercentTradesWBalance"": -0.3, ""TotalDelqEvents"": -0.03282428150229555, ""InquiryToTradeRatio"": -0.009153318077803204, ""RevolvingBurdenPerTrade"": -0.08836206896551724, ""InstallBurdenPerTrade"": -0.14761904761904762}",0.3729119300842285,True
xcreditscore_lattice,713,False,infeasible,very_high_risk,gurobi:Optimal|refined_32,gurobi,0.711042046546936,0.4517578184604645,1.0122533771425164,8,"{""ExternalRiskEstimate"": 0.07475409836065572, ""NumSatisfactoryTrades"": 0.18481012658227847, ""MSinceMostRecentDelq"": 0.14638554216867458, ""NumTotalTrades"": 0.16153846153846152, ""MSinceMostRecentInqexcl7days"": 0.2, ""NumInqLast6M"": -0.015151515151515152, ""NetFractionRevolvingBurden"": -0.10014366463149384, ""NumBank2NatlTradesWHighUtilization"": -0.05833333333333332}",0.4517578184604645,False
xcreditscore_lattice,714,True,feasible,moderate_risk,gurobi:Optimal,gurobi,0.5086408257484436,0.3468876779079437,0.2700384920320814,2,"{""NumSatisfactoryTrades"": 0.18481012658227847, ""MSinceMostRecentInqexcl7days"": 0.19391154340901165}",0.3468876779079437,True
xcreditscore_lattice,715,True,feasible,high_risk,gurobi:Optimal|refined_8,gurobi,0.5367397665977478,0.41834577918052673,0.1143793815676943,2,"{""NumSatisfactoryTrades"": 0.08001464132968661, ""MSinceMostRecentInqexcl7days"": 0.08000000000000002}",0.41834577918052673,True
xcreditscore_lattice,716,True,feasible,very_high_risk,gurobi:Optimal,gurobi,0.7673008441925049,0.4156287908554077,1.316258749497202,10,"{""ExternalRiskEstimate"": 0.07475409836065572, ""MSinceMostRecentTradeOpen"": -0.020887728459530026, ""NumSatisfactoryTrades"": 0.18481012658227847, ""PercentTradesNeverDelq"": 0.19999999999999996, ""MSinceMostRecentDelq"": 0.14790823406408488, ""PercentInstallTrades"": -0.2, ""MSinceMostRecentInqexcl7days"": 0.2, ""NumInqLast6M"": -0.015151515151515152, ""NetFractionRevolvingBurden"": -0.03879310344827586, ""InstallBurdenPerTrade"": -0.2571428571428571}",0.4156287908554077,True
xcreditscore_lattice,717,True,feasible,moderate_risk,gurobi:Optimal,gurobi,0.48150479793548584,0.3706490695476532,0.32927002240897596,2,"{""ExternalRiskEstimate"": 0.06464186487010248, ""NumSatisfactoryTrades"": 0.18481012658227847}",0.3706490695476532,True
xcreditscore_lattice,720,False,near_feasible,very_high_risk,gurobi:Optimal|refined_32,gurobi,0.7062687873840332,0.43576276302337646,0.6655654408724239,7,"{""ExternalRiskEstimate"": 0.07475409836065572, ""NumSatisfactoryTrades"": 0.18481012658227852, ""PercentTradesNeverDelq"": 0.030000000000000027, ""MSinceMostRecentDelq"": 0.0975903614457832, ""MSinceMostRecentInqexcl7days"": 0.2, ""NetFractionRevolvingBurden"": -0.05144295045251107, ""PercentTradesWBalance"": -0.030000000000000027}",0.43576276302337646,False
xcreditscore_lattice,722,True,feasible,very_high_risk,gurobi:Optimal,gurobi,0.7540308237075806,0.3007977604866028,0.8922834586198116,6,"{""ExternalRiskEstimate"": 0.07475409836065572, ""NumSatisfactoryTrades"": 0.18481012658227852, ""MSinceMostRecentInqexcl7days"": 0.2, ""NumInqLast6M"": -0.015151515151515152, ""NetFractionRevolvingBurden"": -0.19762931034482759, ""NumBank2NatlTradesWHighUtilization"": -0.04724562445413258}",0.3007977604866028,True
xcreditscore_lattice,727,False,infeasible,very_high_risk,gurobi:Infeasible|refined_32,gurobi,0.8893981575965881,0.7646182179450989,0.16262462835839808,3,"{""PercentTradesNeverDelq"": 0.07999999999999996, ""MSinceMostRecentInqexcl7days"": 0.11000000000000004, ""NetFractionRevolvingBurden"": -0.009881465517241395}",0.7646182179450989,False
xcreditscore_lattice,729,False,infeasible,very_high_risk,gurobi:Infeasible|refined_32,gurobi,0.8625854849815369,0.6780427694320679,0.18503403609156865,3,"{""PercentTradesNeverDelq"": 0.10999999999999899, ""MSinceMostRecentDelq"": 0.00975903614457832, ""MSinceMostRecentInqexcl7days"": 0.11000000000000004}",0.6780427694320679,False
xcreditscore_lattice,730,True,feasible,high_risk,gurobi:Optimal,gurobi,0.5280181169509888,0.33348214626312256,0.3816213601878368,3,"{""ExternalRiskEstimate"": 0.03792530281597428, ""NumSatisfactoryTrades"": 0.18481012658227847, ""MSinceMostRecentInqexcl7days"": 0.2}",0.33348214626312256,True
xcreditscore_lattice,731,False,infeasible,very_high_risk,gurobi:Optimal|refined_24,gurobi,0.7907001376152039,0.4667695462703705,1.9353370720784628,14,"{""ExternalRiskEstimate"": 0.07475409836065572, ""MSinceMostRecentTradeOpen"": -0.020887728459530026, ""NumSatisfactoryTrades"": 0.18481012658227847, ""PercentTradesNeverDelq"": 0.040000000000000036, ""MSinceMostRecentDelq"": 0.19518072289156627, ""PercentInstallTrades"": -0.2, ""MSinceMostRecentInqexcl7days"": 0.2, ""NetFractionRevolvingBurden"": -0.19762931034482759, ""NumRevolvingTradesWBalance"": -0.15625, ""NumInstallTradesWBalance"": -0.05555555555555555, ""NumBank2NatlTradesWHighUtilization"": -0.16666666666666666, ""PercentTradesWBalance"": -0.12000000000000022, ""RevolvingBurdenPerTrade"": -0.07758620689655173, ""InstallBurdenPerTrade"": -0.18571428571428572}",0.4667695462703705,False
xcreditscore_lattice,732,True,feasible,moderate_risk,gurobi:Optimal,gurobi,0.48150479793548584,0.3706490695476532,0.32927002240897596,2,"{""ExternalRiskEstimate"": 0.06464186487010248, ""NumSatisfactoryTrades"": 0.18481012658227847}",0.3706490695476532,True
xcreditscore_lattice,733,False,infeasible,very_high_risk,gurobi:Infeasible|refined_32,gurobi,0.9041571617126465,0.6752747893333435,0.2181761342813798,4,"{""NumSatisfactoryTrades"": 0.10164556962025319, ""MSinceMostRecentDelq"": 0.06831325301204824, ""MSinceMostRecentInqexcl7days"": 0.12000000000000005, ""NetFractionRevolvingBurden"": -0.012931034482758619}",0.6752747893333435,False
xcreditscore_lattice,735,False,infeasible,very_high_risk,gurobi:Infeasible|refined_32,gurobi,0.912283182144165,0.7107364535331726,0.23920629665099347,4,"{""NumSatisfactoryTrades"": 0.09240506329113926, ""MSinceMostRecentDelq"": 0.0487951807228916, ""MSinceMostRecentInqexcl7days"": 0.12000000000000005, ""NetFractionRevolvingBurden"": -0.043103448275862016}",0.7107364535331726,False
xcreditscore_lattice,736,True,feasible,high_risk,gurobi:Optimal|refined_15,gurobi,0.522727906703949,0.4188506305217743,0.44565034059983855,5,"{""ExternalRiskEstimate"": 0.05809776281382939, ""NumSatisfactoryTrades"": 0.18481012658227847, ""MSinceMostRecentDelq"": 0.03903614457831328, ""NumRevolvingTradesWBalance"": -0.05906249999999991, ""PercentTradesWBalance"": -0.06000000000000005}",0.4188506305217743,True
xcreditscore_lattice,737,False,infeasible,very_high_risk,gurobi:Infeasible|refined_32,gurobi,0.763934850692749,0.6017959117889404,0.1090470017775465,3,"{""PercentTradesNeverDelq"": 0.030000000000000027, ""MSinceMostRecentInqexcl7days"": 0.11000000000000004, ""PercentTradesWBalance"": -0.015000000000000013}",0.6017959117889404,False
xcreditscore_lattice,738,True,feasible,very_high_risk,gurobi:Optimal|refined_11,gurobi,0.840703547000885,0.41990911960601807,1.711789258143035,12,"{""ExternalRiskEstimate"": 0.07475409836065572, ""NumSatisfactoryTrades"": 0.18481012658227852, ""PercentTradesNeverDelq"": 0.15000000000000002, ""MSinceMostRecentDelq"": 0.03903614457831327, ""PercentInstallTrades"": -0.2, ""MSinceMostRecentInqexcl7days"": 0.2, ""NumInqLast6M"": -0.030303030303030304, ""NetFractionRevolvingBurden"": -0.1896551724137931, ""NumRevolvingTradesWBalance"": -0.15625, ""NumInstallTradesWBalance"": -0.09704258653335658, ""PercentTradesWBalance"": -0.1050000000000001, ""InstallBurdenPerTrade"": -0.15714285714285714}",0.41990911960601807,True
xcreditscore_lattice,740,True,feasible,moderate_risk,gurobi:Optimal,gurobi,0.48150479793548584,0.3706490695476532,0.32927002240897596,2,"{""ExternalRiskEstimate"": 0.06464186487010248, ""NumSatisfactoryTrades"": 0.18481012658227847}",0.3706490695476532,True
xcreditscore_lattice,743,True,feasible,very_high_risk,gurobi:Optimal,gurobi,0.7848207354545593,0.3883095979690552,2.0416055157288424,13,"{""ExternalRiskEstimate"": 0.07475409836065572, ""MSinceMostRecentTradeOpen"": -0.04699738903394256, ""NumSatisfactoryTrades"": 0.18481012658227847, ""PercentTradesNeverDelq"": 0.040000000000000036, ""MSinceMostRecentDelq"": 0.1951807228915663, ""PercentInstallTrades"": -0.2, ""MSinceMostRecentInqexcl7days"": 0.2, ""NumInqLast6M"": -0.015151515151515152, ""NetFractionRevolvingBurden"": -0.19762931034482759, ""NumRevolvingTradesWBalance"": -0.16875, ""NumInstallTradesWBalance"": -0.036162557023420104, ""NumBank2NatlTradesWHighUtilization"": -0.16666666666666666, ""InstallBurdenPerTrade"": -0.3619047619047619}",0.3883095979690552,True
xcreditscore_lattice,744,True,feasible,high_risk,gurobi:Optimal|refined_23,gurobi,0.5756607055664062,0.4180290102958679,0.5352768644032929,5,"{""ExternalRiskEstimate"": 0.0577210498212819, ""NumSatisfactoryTrades"": 0.18481012658227852, ""PercentTradesNeverDelq"": 0.07999999999999996, ""MSinceMostRecentDelq"": 0.02927710843373494, ""MSinceMostRecentInqexcl7days"": 0.2}",0.4180290102958679,True
xcreditscore_lattice,745,True,feasible,very_high_risk,gurobi:Optimal|refined_18,gurobi,0.7736647129058838,0.4191748797893524,0.7651001190351926,9,"{""ExternalRiskEstimate"": 0.07475409836065572, ""NumSatisfactoryTrades"": 0.18481012658227852, ""PercentTradesNeverDelq"": 0.025499999999999856, ""MSinceMostRecentDelq"": 0.03903614457831328, ""PercentInstallTrades"": -0.2, ""MSinceMostRecentInqexcl7days"": 0.2, ""NumInqLast6M"": -0.015151515151515152, ""NetFractionRevolvingBurden"": -0.012603641613369665, ""PercentTradesWBalance"": -0.015000000000000013}",0.4191748797893524,True
xcreditscore_lattice,746,False,infeasible,very_high_risk,gurobi:Optimal|refined_32,gurobi,0.7792245149612427,0.4548662602901459,1.4152010158803148,11,"{""ExternalRiskEstimate"": 0.07475409836065572, ""NumSatisfactoryTrades"": 0.18481012658227847, ""PercentTradesNeverDelq"": 0.07999999999999996, ""MSinceMostRecentDelq"": 0.19518072289156585, ""PercentInstallTrades"": -0.2, ""MSinceMostRecentInqexcl7days"": 0.2, ""NumInqLast6M"": -0.030303030303030304, ""NetFractionRevolvingBurden"": -0.10775862068965517, ""NumRevolvingTradesWBalance"": -0.08413682416127402, ""NumBank2NatlTradesWHighUtilization"": -0.1111111111111111, ""RevolvingBurdenPerTrade"": -0.032327586206896575}",0.4548662602901459,False
xcreditscore_lattice,747,True,feasible,very_high_risk,gurobi:Optimal,gurobi,0.8390561938285828,0.4020836055278778,1.8280172929203715,11,"{""ExternalRiskEstimate"": 0.07475409836065572, ""NumSatisfactoryTrades"": 0.18481012658227852, ""PercentTradesNeverDelq"": 0.15000000000000002, ""PercentInstallTrades"": -0.2, ""MSinceMostRecentInqexcl7days"": 0.2, ""NumInqLast6M"": -0.015151515151515152, ""NetFractionRevolvingBurden"": -0.19762931034482759, ""NumRevolvingTradesWBalance"": -0.16875, ""NumInstallTradesWBalance"": -0.10925704293581665, ""NumBank2NatlTradesWHighUtilization"": -0.1111111111111111, ""InstallBurdenPerTrade"": -0.2571428571428571}",0.4020836055278778,True
xcreditscore_lattice,750,True,feasible,moderate_risk,gurobi:Optimal,gurobi,0.48150479793548584,0.3706490695476532,0.32927002240897596,2,"{""ExternalRiskEstimate"": 0.06464186487010248, ""NumSatisfactoryTrades"": 0.18481012658227847}",0.3706490695476532,True
xcreditscore_lattice,751,True,feasible,high_risk,gurobi:Optimal,gurobi,0.6052622199058533,0.3133898675441742,0.462067664537575,3,"{""ExternalRiskEstimate"": 0.06625880490897296, ""NumSatisfactoryTrades"": 0.1848101265822785, ""MSinceMostRecentInqexcl7days"": 0.2}",0.3133898675441742,True
xcreditscore_lattice,754,True,feasible,very_high_risk,gurobi:Optimal|refined_14,gurobi,0.6974696516990662,0.4189123809337616,0.6280683345363878,5,"{""ExternalRiskEstimate"": 0.07475409836065572, ""NumSatisfactoryTrades"": 0.18481012658227852, ""PercentTradesNeverDelq"": 0.04200000000000004, ""MSinceMostRecentInqexcl7days"": 0.2, ""NumInqLast6M"": -0.02010673177589476}",0.4189123809337616,True
xcreditscore_lattice,755,True,feasible,high_risk,gurobi:Optimal|refined_2,gurobi,0.5237744450569153,0.4186226427555084,0.5978108474117664,5,"{""ExternalRiskEstimate"": 0.07475409836065572, ""NumSatisfactoryTrades"": 0.18481012658227847, ""PercentTradesNeverDelq"": 0.008999999999999897, ""MSinceMostRecentInqexcl7days"": 0.2, ""NetFractionRevolvingBurden"": -0.07603240521510793}",0.4186226427555084,True
xcreditscore_lattice,759,True,feasible,very_high_risk,gurobi:Optimal,gurobi,0.7007052302360535,0.40751996636390686,0.9901755784772441,7,"{""ExternalRiskEstimate"": 0.07475409836065572, ""MSinceMostRecentTradeOpen"": -0.02349869451697128, ""NumSatisfactoryTrades"": 0.18481012658227847, ""MSinceMostRecentInqexcl7days"": 0.2, ""NumInqLast6M"": -0.015151515151515152, ""NetFractionRevolvingBurden"": -0.19762931034482759, ""NumBank2NatlTradesWHighUtilization"": -0.07649571675742976}",0.40751996636390686,True
xcreditscore_lattice,760,True,feasible,moderate_risk,gurobi:Optimal,gurobi,0.48150479793548584,0.3706490695476532,0.32927002240897596,2,"{""ExternalRiskEstimate"": 0.06464186487010248, ""NumSatisfactoryTrades"": 0.18481012658227847}",0.3706490695476532,True
xcreditscore_lattice,762,True,feasible,moderate_risk,gurobi:Optimal|refined_3,gurobi,0.48894003033638,0.4183432161808014,0.17622689492947594,2,"{""NumSatisfactoryTrades"": 0.18481012658227847, ""MSinceMostRecentInqexcl7days"": 0.04756727100445661}",0.4183432161808014,True
xcreditscore_lattice,765,True,feasible,very_high_risk,gurobi:Optimal|refined_27,gurobi,0.7559321522712708,0.4193766117095947,1.9565139006106071,12,"{""ExternalRiskEstimate"": 0.07475409836065572, ""MSinceMostRecentTradeOpen"": -0.04177545691906005, ""NumSatisfactoryTrades"": 0.18481012658227847, ""PercentTradesNeverDelq"": 0.19999999999999996, ""MSinceMostRecentDelq"": 0.18542168674698806, ""PercentInstallTrades"": -0.2, ""MSinceMostRecentInqexcl7days"": 0.20000000000000007, ""NetFractionRevolvingBurden"": -0.19762931034482759, ""NumRevolvingTradesWBalance"": -0.04487004253367097, ""NumBank2NatlTradesWHighUtilization"": -0.16666666666666666, ""PercentTradesWBalance"": -0.1200000000000001, ""InstallBurdenPerTrade"": -0.3392857142857143}",0.4193766117095947,True
xcreditscore_lattice,767,True,feasible,very_high_risk,gurobi:Optimal,gurobi,0.652320384979248,0.382822722196579,0.5355353152607916,4,"{""ExternalRiskEstimate"": 0.07475409836065572, ""NumSatisfactoryTrades"": 0.18481012658227847, ""MSinceMostRecentInqexcl7days"": 0.2, ""NumInqLast6M"": -0.00986945325989224}",0.382822722196579,True
xcreditscore_lattice,768,True,feasible,moderate_risk,gurobi:Optimal,gurobi,0.48150479793548584,0.3706490695476532,0.32927002240897596,2,"{""ExternalRiskEstimate"": 0.06464186487010248, ""NumSatisfactoryTrades"": 0.18481012658227847}",0.3706490695476532,True
xcreditscore_lattice,769,True,feasible,moderate_risk,gurobi:Optimal|refined_4,gurobi,0.4875873923301697,0.4197339415550232,0.08075679283215068,2,"{""NumSatisfactoryTrades"": 0.06989340712321507, ""MSinceMostRecentInqexcl7days"": 0.04000000000000001}",0.4197339415550232,True
xcreditscore_lattice,771,True,feasible,very_high_risk,gurobi:Optimal,gurobi,0.7652553915977478,0.3387620747089386,1.641092900069819,11,"{""ExternalRiskEstimate"": 0.07475409836065572, ""MSinceMostRecentTradeOpen"": -0.02349869451697128, ""NumSatisfactoryTrades"": 0.1848101265822785, ""PercentTradesNeverDelq"": 0.12, ""PercentInstallTrades"": -0.2, ""MSinceMostRecentInqexcl7days"": 0.2, ""NumInqLast6M"": -0.015151515151515152, ""NetFractionRevolvingBurden"": -0.19762931034482759, ""NumRevolvingTradesWBalance"": -0.15625, ""NumBank2NatlTradesWHighUtilization"": -0.05555555555555555, ""InstallBurdenPerTrade"": -0.26450638408737703}",0.3387620747089386,True
xcreditscore_lattice,774,True,feasible,very_high_risk,gurobi:Optimal|refined_4,gurobi,0.8068269491195679,0.41950568556785583,1.893369909670115,12,"{""ExternalRiskEstimate"": 0.07475409836065572, ""MSinceMostRecentTradeOpen"": -0.028720626631853787, ""NumSatisfactoryTrades"": 0.18481012658227852, ""PercentTradesNeverDelq"": 0.19999999999999996, ""MSinceMostRecentDelq"": 0.0859624342300202, ""PercentInstallTrades"": -0.2, ""MSinceMostRecentInqexcl7days"": 0.2, ""NumInqLast6M"": -0.045454545454545456, ""NetFractionRevolvingBurden"": -0.09913793103448276, ""NumRevolvingTradesWBalance"": -0.09375, ""NumBank2NatlTradesWHighUtilization"": -0.05555555555555555, ""InstallBurdenPerTrade"": -0.4485714285714286}",0.41950568556785583,True
xcreditscore_lattice,775,True,feasible,high_risk,gurobi:Optimal|refined_14,gurobi,0.561345636844635,0.4161519706249237,0.5358468441110569,5,"{""ExternalRiskEstimate"": 0.03688430102836815, ""NumSatisfactoryTrades"": 0.18481012658227847, ""PercentTradesNeverDelq"": 0.02400000000000002, ""MSinceMostRecentInqexcl7days"": 0.20000000000000007, ""NetFractionRevolvingBurden"": -0.09881465517241395}",0.4161519706249237,True
xcreditscore_lattice,777,True,feasible,moderate_risk,gurobi:Optimal,gurobi,0.48150479793548584,0.3706490695476532,0.32927002240897596,2,"{""ExternalRiskEstimate"": 0.06464186487010248, ""NumSatisfactoryTrades"": 0.18481012658227847}",0.3706490695476532,True
xcreditscore_lattice,778,True,feasible,very_high_risk,gurobi:Optimal,gurobi,0.671279788017273,0.340527206659317,0.990167151784495,6,"{""ExternalRiskEstimate"": 0.07475409836065572, ""NumSatisfactoryTrades"": 0.18481012658227852, ""PercentTradesNeverDelq"": 0.009748997028323547, ""MSinceMostRecentInqexcl7days"": 0.2, ""NumInqLast6M"": -0.045454545454545456, ""NetFractionRevolvingBurden"": -0.19762931034482759}",0.340527206659317,True
xcreditscore_lattice,780,True,feasible,high_risk,gurobi:Optimal,gurobi,0.562232255935669,0.3678983747959137,0.21435798838386705,2,"{""NumSatisfactoryTrades"": 0.1848101265822785, ""MSinceMostRecentInqexcl7days"": 0.1070510374035042}",0.3678983747959137,True
xcreditscore_lattice,781,True,feasible,very_high_risk,gurobi:Optimal|refined_14,gurobi,0.7086900472640991,0.41412630677223206,0.7346098069169491,6,"{""ExternalRiskEstimate"": 0.07475409836065572, ""NumSatisfactoryTrades"": 0.1848101265822785, ""PercentTradesNeverDelq"": 0.08400000000000007, ""MSinceMostRecentInqexcl7days"": 0.2, ""NumInqLast6M"": -0.030303030303030304, ""NetFractionRevolvingBurden"": -0.010516211554487911}",0.41412630677223206,True
xcreditscore_lattice,783,True,feasible,very_high_risk,gurobi:Optimal,gurobi,0.7675314545631409,0.39676642417907715,1.0094914675612348,6,"{""ExternalRiskEstimate"": 0.07475409836065572, ""NumSatisfactoryTrades"": 0.18481012658227852, ""PercentInstallTrades"": -0.16473203265832748, ""MSinceMostRecentInqexcl7days"": 0.2, ""NumInqLast6M"": -0.030303030303030304, ""NetFractionRevolvingBurden"": -0.19762931034482759}",0.39676642417907715,True
xcreditscore_lattice,784,False,infeasible,very_high_risk,gurobi:Infeasible|refined_32,gurobi,0.9160112142562866,0.7657402753829956,0.3121265994987297,4,"{""MSinceMostRecentDelq"": 0.048795180722891573, ""PercentInstallTrades"": -0.10000000000000009, ""MSinceMostRecentInqexcl7days"": 0.11000000000000004, ""NetFractionRevolvingBurden"": -0.10869612068965534}",0.7657402753829956,False
xcreditscore_lattice,785,True,feasible,high_risk,gurobi:Optimal,gurobi,0.5499786138534546,0.3959856629371643,0.7001036055373514,4,"{""ExternalRiskEstimate"": 0.07475409836065572, ""NumSatisfactoryTrades"": 0.18481012658227847, ""MSinceMostRecentInqexcl7days"": 0.2, ""NetFractionRevolvingBurden"": -0.1582723823116619}",0.3959856629371643,True
xcreditscore_lattice,786,False,infeasible,very_high_risk,gurobi:Infeasible|refined_32,gurobi,0.8646441102027893,0.7250062823295593,0.2047206676098886,3,"{""NumSatisfactoryTrades"": 0.02772151898734178, ""MSinceMostRecentDelq"": 0.1659036144578311, ""MSinceMostRecentInqexcl7days"": 0.12000000000000005}",0.7250062823295593,False
xcreditscore_lattice,787,False,infeasible,very_high_risk,gurobi:Infeasible|refined_32,gurobi,0.8382135629653931,0.6784818172454834,0.21316209866899619,3,"{""NumSatisfactoryTrades"": 0.10164556962025328, ""MSinceMostRecentDelq"": 0.08783132530120487, ""MSinceMostRecentInqexcl7days"": 0.12000000000000005}",0.6784818172454834,False
xcreditscore_lattice,791,True,feasible,near_threshold,gurobi:Optimal,gurobi,0.4489027261734009,0.3990894556045532,0.33046244390505614,3,"{""ExternalRiskEstimate"": 0.019906933006566985, ""NumSatisfactoryTrades"": 0.18481012658227852, ""MSinceMostRecentInqexcl7days"": 0.2}",0.3990894556045532,True
xcreditscore_lattice,792,True,feasible,near_threshold,gurobi:Optimal,gurobi,0.4635831117630005,0.3956451416015625,0.48218413324547693,3,"{""ExternalRiskEstimate"": 0.07334390363223009, ""NumSatisfactoryTrades"": 0.18481012658227847, ""MSinceMostRecentInqexcl7days"": 0.2}",0.3956451416015625,True
xcreditscore_lattice,795,True,feasible,moderate_risk,gurobi:Optimal,gurobi,0.48150479793548584,0.3706490695476532,0.32927002240897596,2,"{""ExternalRiskEstimate"": 0.06464186487010248, ""NumSatisfactoryTrades"": 0.18481012658227847}",0.3706490695476532,True
xcreditscore_lattice,796,False,infeasible,very_high_risk,gurobi:Infeasible|refined_32,gurobi,0.8513893485069275,0.6724663972854614,0.22459055699823738,2,"{""PercentTradesNeverDelq"": 0.14999999999999902, ""MSinceMostRecentInqexcl7days"": 0.12000000000000005}",0.6724663972854614,False
xcreditscore_lattice,797,True,feasible,high_risk,gurobi:Optimal,gurobi,0.5639826059341431,0.3992782235145569,0.1917006657397503,2,"{""NumSatisfactoryTrades"": 0.1848101265822785, ""MSinceMostRecentInqexcl7days"": 0.07170605342074644}",0.3992782235145569,True
xcreditscore_lattice,800,False,infeasible,very_high_risk,gurobi:Infeasible|refined_32,gurobi,0.8362570405006409,0.7154799699783325,0.3003957836712112,3,"{""MSinceMostRecentDelq"": 0.1073493975903615, ""MSinceMostRecentInqexcl7days"": 0.07000000000000003, ""NetFractionRevolvingBurden"": -0.13834051724137952}",0.7154799699783325,False
xcreditscore_lattice,801,True,feasible,high_risk,gurobi:Optimal,gurobi,0.617104709148407,0.3505460023880005,0.5299731420673957,4,"{""ExternalRiskEstimate"": 0.07475409836065572, ""NumSatisfactoryTrades"": 0.1848101265822785, ""MSinceMostRecentInqexcl7days"": 0.2, ""NetFractionRevolvingBurden"": -0.032395825280580284}",0.3505460023880005,True
xcreditscore_lattice,804,True,feasible,very_high_risk,gurobi:Optimal|refined_4,gurobi,0.7978131175041199,0.4151340425014496,1.2720592031477933,7,"{""ExternalRiskEstimate"": 0.07475409836065572, ""NumSatisfactoryTrades"": 0.18481012658227847, ""MSinceMostRecentDelq"": 0.03903614457831328, ""MSinceMostRecentInqexcl7days"": 0.2, ""NumInqLast6M"": -0.06363636363636364, ""NetFractionRevolvingBurden"": -0.19762931034482759, ""NumBank2NatlTradesWHighUtilization"": -0.1312516959674126}",0.4151340425014496,True
xcreditscore_lattice,805,True,feasible,high_risk,gurobi:Optimal,gurobi,0.6137977242469788,0.3783651888370514,0.5809968566990222,4,"{""ExternalRiskEstimate"": 0.07475409836065572, ""NumSatisfactoryTrades"": 0.18481012658227847, ""MSinceMostRecentInqexcl7days"": 0.2, ""NumInqLast6M"": -0.018961761547538376}",0.3783651888370514,True
xcreditscore_lattice,806,False,infeasible,very_high_risk,gurobi:Infeasible|refined_32,gurobi,0.7827326655387878,0.495243102312088,0.27363395043924854,3,"{""PercentTradesNeverDelq"": 0.19999999999999996, ""MSinceMostRecentDelq"": 0.009759036144578317, ""MSinceMostRecentInqexcl7days"": 0.11000000000000004}",0.495243102312088,False
xcreditscore_lattice,807,True,feasible,very_high_risk,gurobi:Optimal|refined_10,gurobi,0.7804102897644043,0.4192914366722107,1.3492299399399537,10,"{""ExternalRiskEstimate"": 0.07475409836065572, ""NumSatisfactoryTrades"": 0.18481012658227852, ""PercentTradesNeverDelq"": 0.05999999999999994, ""MSinceMostRecentDelq"": 0.04879518072289152, ""PercentInstallTrades"": -0.19, ""MSinceMostRecentInqexcl7days"": 0.2, ""NumInqLast6M"": -0.045454545454545456, ""NetFractionRevolvingBurden"": -0.19762931034482759, ""NumBank2NatlTradesWHighUtilization"": -0.1111111111111111, ""PercentTradesWBalance"": -0.015000000000000013}",0.4192914366722107,True
xcreditscore_lattice,810,True,feasible,high_risk,gurobi:Optimal,gurobi,0.5672789812088013,0.37627723813056946,0.22561198096227658,2,"{""NumSatisfactoryTrades"": 0.18481012658227847, ""MSinceMostRecentInqexcl7days"": 0.12460704760267248}",0.37627723813056946,True
xcreditscore_lattice,812,True,feasible,very_high_risk,gurobi:Optimal|refined_7,gurobi,0.7682958245277405,0.4197697937488556,1.5397085219155389,11,"{""ExternalRiskEstimate"": 0.07475409836065572, ""MSinceMostRecentTradeOpen"": -0.010443864229765013, ""NumSatisfactoryTrades"": 0.18481012658227852, ""PercentTradesNeverDelq"": 0.12, ""MSinceMostRecentDelq"": 0.06831325301204824, ""PercentInstallTrades"": -0.2, ""MSinceMostRecentInqexcl7days"": 0.2, ""NetFractionRevolvingBurden"": -0.15517241379310345, ""NumRevolvingTradesWBalance"": -0.15625, ""NumBank2NatlTradesWHighUtilization"": -0.1111111111111111, ""InstallBurdenPerTrade"": -0.20492693280934354}",0.4197697937488556,True
xcreditscore_lattice,814,True,feasible,moderate_risk,gurobi:Optimal|refined_30,gurobi,0.4863419532775879,0.4031105041503906,0.40247010021530455,6,"{""NumSatisfactoryTrades"": 0.18481012658227847, ""PercentTradesNeverDelq"": 0.020000000000000018, ""MSinceMostRecentInqexcl7days"": 0.18738629863642292, ""NetFractionRevolvingBurden"": -0.05928879310344837, ""NumRevolvingTradesWBalance"": -0.0078125, ""PercentTradesWBalance"": -0.04500000000000015}",0.4031105041503906,True
xcreditscore_lattice,815,False,infeasible,very_high_risk,gurobi:Optimal|refined_13,gurobi,0.6499593257904053,0.4607731103897095,1.5587573074847767,12,"{""ExternalRiskEstimate"": 0.07475409836065572, ""MSinceMostRecentTradeOpen"": -0.09295039164490862, ""NumSatisfactoryTrades"": 0.18481012658227847, ""PercentTradesNeverDelq"": 0.2, ""MSinceMostRecentDelq"": 0.1951807228915663, ""MSinceMostRecentInqexcl7days"": 0.20000000000000007, ""NetFractionRevolvingBurden"": -0.034482758620689655, ""NetFractionInstallBurden"": -0.05586734693877543, ""NumRevolvingTradesWBalance"": -0.03125, ""NumInstallTradesWBalance"": -0.05555555555555555, ""RevolvingBurdenPerTrade"": -0.034482758620689655, ""InstallBurdenPerTrade"": -0.2571428571428571}",0.4607731103897095,False
xcreditscore_lattice,817,False,infeasible,very_high_risk,gurobi:Infeasible|refined_32,gurobi,0.9640937447547913,0.8777351379394531,0.22942899133542655,4,"{""NumSatisfactoryTrades"": 0.07392405063291141, ""MSinceMostRecentDelq"": 0.08783132530120488, ""PercentInstallTrades"": -0.06000000000000005, ""MSinceMostRecentInqexcl7days"": 0.12000000000000005}",0.8777351379394531,False
xcreditscore_lattice,819,False,infeasible,very_high_risk,gurobi:Infeasible|refined_32,gurobi,0.8272370100021362,0.6624100804328918,0.2407504921549953,4,"{""MSinceMostRecentDelq"": 0.0487951807228916, ""MSinceMostRecentInqexcl7days"": 0.12000000000000005, ""NumRevolvingTradesWBalance"": -0.012500000000000011, ""PercentTradesWBalance"": -0.19500000000000017}",0.6624100804328918,False
xcreditscore_lattice,820,True,feasible,very_high_risk,gurobi:Optimal,gurobi,0.688842236995697,0.3852226436138153,0.8166281816369407,5,"{""ExternalRiskEstimate"": 0.07475409836065572, ""NumSatisfactoryTrades"": 0.18481012658227847, ""MSinceMostRecentInqexcl7days"": 0.2, ""NumInqLast6M"": -0.045454545454545456, ""NetFractionRevolvingBurden"": -0.0763317604917832}",0.3852226436138153,True
xcreditscore_lattice,823,True,feasible,very_high_risk,gurobi:Optimal,gurobi,0.8057786822319031,0.41888293623924255,1.5717150209726671,9,"{""ExternalRiskEstimate"": 0.07475409836065572, ""MSinceMostRecentTradeOpen"": -0.05483028720626632, ""NumSatisfactoryTrades"": 0.18481012658227847, ""PercentInstallTrades"": -0.2, ""MSinceMostRecentInqexcl7days"": 0.2, ""NetFractionRevolvingBurden"": -0.19762931034482759, ""NumRevolvingTradesWBalance"": -0.16875, ""NumBank2NatlTradesWHighUtilization"": -0.16666666666666666, ""InstallBurdenPerTrade"": -0.13308168151000824}",0.41888293623924255,True
xcreditscore_lattice,824,False,infeasible,very_high_risk,gurobi:Infeasible|refined_32,gurobi,0.9029504060745239,0.8099125623703003,0.23025546721329063,4,"{""MSinceMostRecentDelq"": 0.15614457831325287, ""MSinceMostRecentInqexcl7days"": 0.12000000000000005, ""NumBank2NatlTradesWHighUtilization"": -0.024999999999999994, ""InstallBurdenPerTrade"": -0.02242857142857141}",0.8099125623703003,False
xcreditscore_lattice,825,False,near_feasible,very_high_risk,gurobi:Optimal|refined_8,gurobi,0.8020691871643066,0.42523306608200073,2.6455375533551795,16,"{""ExternalRiskEstimate"": 0.07475409836065572, ""MSinceMostRecentTradeOpen"": -0.00783289817232376, ""NumSatisfactoryTrades"": 0.1848101265822785, ""NumTrades60Ever2DerogPubRec"": -0.03636591857567005, ""MSinceMostRecentDelq"": 0.19518072289156632, ""NumTradesOpeninLast12M"": -0.10526315789473684, ""PercentInstallTrades"": -0.2, ""MSinceMostRecentInqexcl7days"": 0.2, ""NumInqLast6M"": -0.015151515151515152, ""NetFractionRevolvingBurden"": -0.19762931034482759, ""NetFractionInstallBurden"": -0.17321428571428565, ""NumRevolvingTradesWBalance"": -0.125, ""NumInstallTradesWBalance"": -0.1111111111111111, ""PercentTradesWBalance"": -0.3, ""RevolvingBurdenPerTrade"": -0.11293103448275864, ""InstallBurdenPerTrade"": -0.3464285714285714}",0.42523306608200073,False
xcreditscore_lattice,826,True,feasible,very_high_risk,gurobi:Optimal,gurobi,0.7886636853218079,0.31805863976478577,1.0517216950001878,6,"{""ExternalRiskEstimate"": 0.07475409836065572, ""MSinceMostRecentTradeOpen"": -0.0642410072754136, ""NumSatisfactoryTrades"": 0.1848101265822785, ""PercentTradesNeverDelq"": 0.14, ""MSinceMostRecentInqexcl7days"": 0.2, ""NetFractionRevolvingBurden"": -0.19762931034482759}",0.31805863976478577,True
xcreditscore_lattice,827,False,infeasible,very_high_risk,gurobi:Infeasible|refined_32,gurobi,0.7146182060241699,0.6446667909622192,0.2302780576933135,3,"{""NumSatisfactoryTrades"": 0.08316455696202546, ""MSinceMostRecentDelq"": 0.1951807228915663, ""NetFractionRevolvingBurden"": -0.029644396551724184}",0.6446667909622192,False
xcreditscore_lattice,828,True,feasible,very_high_risk,gurobi:Optimal,gurobi,0.7463364601135254,0.33385199308395386,1.6626735444711638,11,"{""ExternalRiskEstimate"": 0.07475409836065572, ""NumSatisfactoryTrades"": 0.1848101265822785, ""PercentTradesNeverDelq"": 0.04999999999999993, ""MSinceMostRecentDelq"": 0.15170540070480174, ""PercentInstallTrades"": -0.2, ""MSinceMostRecentInqexcl7days"": 0.2, ""NetFractionRevolvingBurden"": -0.19762931034482759, ""NumRevolvingTradesWBalance"": -0.09375, ""NumInstallTradesWBalance"": -0.05555555555555555, ""NumBank2NatlTradesWHighUtilization"": -0.05555555555555555, ""InstallBurdenPerTrade"": -0.419047619047619}",0.33385199308395386,True
xcreditscore_lattice,829,False,infeasible,very_high_risk,gurobi:Infeasible|refined_32,gurobi,0.7909722924232483,0.4848717749118805,0.27468912932163697,3,"{""NumSatisfactoryTrades"": 0.009240506329113926, ""PercentTradesNeverDelq"": 0.19999999999999996, ""MSinceMostRecentInqexcl7days"": 0.11000000000000004}",0.4848717749118805,False
xcreditscore_lattice,831,True,feasible,very_high_risk,gurobi:Optimal|refined_7,gurobi,0.7031378746032715,0.4182973802089691,0.6810997567990018,6,"{""ExternalRiskEstimate"": 0.07475409836065572, ""NumSatisfactoryTrades"": 0.18481012658227847, ""PercentTradesNeverDelq"": 0.04200000000000004, ""MSinceMostRecentInqexcl7days"": 0.2, ""NumInqLast6M"": -0.015151515151515152, ""NetFractionRevolvingBurden"": -0.057568413611647704}",0.4182973802089691,True
xcreditscore_lattice,832,True,feasible,very_high_risk,gurobi:Optimal|refined_5,gurobi,0.7697542309761047,0.4189112186431885,1.1949399476748201,7,"{""ExternalRiskEstimate"": 0.07475409836065572, ""NumSatisfactoryTrades"": 0.18481012658227847, ""PercentTradesNeverDelq"": 0.017499999999999738, ""PercentInstallTrades"": -0.1910213178748449, ""MSinceMostRecentInqexcl7days"": 0.2, ""NumInqLast6M"": -0.06060606060606061, ""NetFractionRevolvingBurden"": -0.19762931034482759}",0.4189112186431885,True
xcreditscore_lattice,833,True,feasible,near_threshold,gurobi:Optimal|refined_1,gurobi,0.4257058799266815,0.411207377910614,0.006410336090453347,1,"{""MSinceMostRecentInqexcl7days"": 0.010000000000000002}",0.411207377910614,True
xcreditscore_lattice,834,True,feasible,high_risk,gurobi:Optimal|refined_1,gurobi,0.5761463642120361,0.4057933986186981,0.21109078607295298,2,"{""NumSatisfactoryTrades"": 0.18481012658227852, ""MSinceMostRecentInqexcl7days"": 0.10195426515192163}",0.4057933986186981,True
xcreditscore_lattice,836,True,feasible,near_threshold,gurobi:Optimal|refined_2,gurobi,0.45755118131637573,0.41989412903785706,0.03270907242521982,2,"{""NumSatisfactoryTrades"": 0.02522102412091143, ""MSinceMostRecentInqexcl7days"": 0.020000000000000004}",0.41989412903785706,True
xcreditscore_lattice,837,True,feasible,moderate_risk,gurobi:Optimal,gurobi,0.48150479793548584,0.3706490695476532,0.32927002240897596,2,"{""ExternalRiskEstimate"": 0.06464186487010248, ""NumSatisfactoryTrades"": 0.18481012658227847}",0.3706490695476532,True
xcreditscore_lattice,840,True,feasible,very_high_risk,gurobi:Optimal,gurobi,0.6901531219482422,0.3812609016895294,0.7005069187906248,5,"{""ExternalRiskEstimate"": 0.07475409836065572, ""NumSatisfactoryTrades"": 0.1848101265822785, ""MSinceMostRecentInqexcl7days"": 0.2, ""NumInqLast6M"": -0.030303030303030304, ""NetFractionRevolvingBurden"": -0.04646737373715712}",0.3812609016895294,True
xcreditscore_lattice,841,True,feasible,very_high_risk,gurobi:Optimal|refined_1,gurobi,0.6951496005058289,0.4170622229576111,0.8326244921182286,5,"{""ExternalRiskEstimate"": 0.07475409836065572, ""NumSatisfactoryTrades"": 0.1848101265822785, ""MSinceMostRecentInqexcl7days"": 0.19999999999999998, ""NumInqLast6M"": -0.030303030303030304, ""NetFractionRevolvingBurden"": -0.1442188575959964}",0.4170622229576111,True
xcreditscore_lattice,842,True,feasible,very_high_risk,gurobi:Optimal,gurobi,0.7184731960296631,0.3898009955883026,0.8477612572893023,6,"{""ExternalRiskEstimate"": 0.07475409836065572, ""NumSatisfactoryTrades"": 0.18481012658227847, ""PercentTradesNeverDelq"": 0.0772922857728936, ""MSinceMostRecentInqexcl7days"": 0.2, ""NumInqLast6M"": -0.015151515151515152, ""NetFractionRevolvingBurden"": -0.15517241379310345}",0.3898009955883026,True
xcreditscore_lattice,843,False,infeasible,very_high_risk,gurobi:Infeasible|refined_32,gurobi,0.899307131767273,0.7935103178024292,0.13858030656010606,3,"{""PercentTradesNeverDelq"": 0.05999999999999994, ""MSinceMostRecentInqexcl7days"": 0.11000000000000004, ""PercentTradesWBalance"": -0.015000000000000013}",0.7935103178024292,False
xcreditscore_lattice,844,True,feasible,high_risk,gurobi:Optimal,gurobi,0.5634316802024841,0.3267727196216583,0.5144642385738969,4,"{""ExternalRiskEstimate"": 0.07475409836065572, ""NumSatisfactoryTrades"": 0.18481012658227852, ""MSinceMostRecentInqexcl7days"": 0.2, ""NetFractionRevolvingBurden"": -0.020921058591111485}",0.3267727196216583,True
xcreditscore_lattice,845,True,feasible,high_risk,gurobi:Optimal,gurobi,0.5681172013282776,0.3678849935531616,0.2685476145888006,2,"{""NumSatisfactoryTrades"": 0.1848101265822785, ""MSinceMostRecentInqexcl7days"": 0.19158580350669802}",0.3678849935531616,True
xcreditscore_lattice,849,True,feasible,very_high_risk,gurobi:Optimal,gurobi,0.6225430369377136,0.4026050865650177,0.4518484511803529,3,"{""ExternalRiskEstimate"": 0.0626595581146534, ""NumSatisfactoryTrades"": 0.18481012658227847, ""MSinceMostRecentInqexcl7days"": 0.2}",0.4026050865650177,True
xcreditscore_lattice,850,True,feasible,moderate_risk,gurobi:Optimal,gurobi,0.49787405133247375,0.2937863767147064,0.3770314321490771,3,"{""ExternalRiskEstimate"": 0.03630871226226118, ""NumSatisfactoryTrades"": 0.18481012658227852, ""MSinceMostRecentInqexcl7days"": 0.2}",0.2937863767147064,True
xcreditscore_lattice,854,True,feasible,high_risk,gurobi:Optimal,gurobi,0.58160400390625,0.3202975392341614,0.4161825173848064,3,"{""ExternalRiskEstimate"": 0.05009787715226177, ""NumSatisfactoryTrades"": 0.18481012658227847, ""MSinceMostRecentInqexcl7days"": 0.2}",0.3202975392341614,True
xcreditscore_lattice,856,True,feasible,moderate_risk,gurobi:Optimal,gurobi,0.49412915110588074,0.3017146587371826,0.25216788878312246,2,"{""NumSatisfactoryTrades"": 0.1848101265822785, ""MSinceMostRecentInqexcl7days"": 0.16603374886470848}",0.3017146587371826,True
xcreditscore_lattice,858,True,feasible,moderate_risk,gurobi:Optimal,gurobi,0.5090609192848206,0.3045581877231598,0.8181904495145041,5,"{""ExternalRiskEstimate"": 0.07475409836065572, ""NumSatisfactoryTrades"": 0.1848101265822785, ""MSinceMostRecentInqexcl7days"": 0.2, ""NumInqLast6M"": -0.012978672337625712, ""NetFractionRevolvingBurden"": -0.19762931034482759}",0.3045581877231598,True
xcreditscore_lattice,859,True,feasible,very_high_risk,gurobi:Optimal,gurobi,0.7356317043304443,0.37504860758781433,1.8663870655913568,11,"{""ExternalRiskEstimate"": 0.07475409836065572, ""MSinceMostRecentTradeOpen"": -0.04960835509138381, ""NumSatisfactoryTrades"": 0.18481012658227847, ""PercentTradesNeverDelq"": 0.020000000000000018, ""PercentInstallTrades"": -0.15, ""MSinceMostRecentInqexcl7days"": 0.2, ""NumInqLast6M"": -0.045454545454545456, ""NetFractionRevolvingBurden"": -0.19762931034482759, ""NumRevolvingTradesWBalance"": -0.16875, ""NumBank2NatlTradesWHighUtilization"": -0.16666666666666663, ""InstallBurdenPerTrade"": -0.23598637954304671}",0.37504860758781433,True
xcreditscore_lattice,860,True,feasible,very_high_risk,gurobi:Optimal|refined_3,gurobi,0.691660463809967,0.414644330739975,0.6274522781046719,5,"{""ExternalRiskEstimate"": 0.07475409836065572, ""NumSatisfactoryTrades"": 0.18481012658227847, ""PercentTradesNeverDelq"": 0.030000000000000027, ""MSinceMostRecentInqexcl7days"": 0.2, ""NumInqLast6M"": -0.022346184872156366}",0.414644330739975,True
xcreditscore_lattice,861,True,feasible,very_high_risk,gurobi:Optimal,gurobi,0.7428138852119446,0.33977410197257996,0.6176259012117618,4,"{""ExternalRiskEstimate"": 0.07475409836065572, ""NumSatisfactoryTrades"": 0.1848101265822785, ""MSinceMostRecentInqexcl7days"": 0.2, ""NetFractionRevolvingBurden"": -0.0972485701114078}",0.33977410197257996,True
xcreditscore_lattice,862,False,infeasible,very_high_risk,gurobi:Infeasible|refined_32,gurobi,0.8875903487205505,0.761978268623352,0.21566829276788996,4,"{""NumSatisfactoryTrades"": 0.0924050632911394, ""MSinceMostRecentDelq"": 0.08783132530120485, ""MSinceMostRecentInqexcl7days"": 0.12000000000000005, ""NumRevolvingTradesWBalance"": -0.0078125}",0.761978268623352,False
xcreditscore_lattice,863,False,infeasible,very_high_risk,gurobi:Infeasible|refined_32,gurobi,0.8639869093894958,0.7310159206390381,0.2407504921549953,4,"{""MSinceMostRecentDelq"": 0.0487951807228916, ""MSinceMostRecentInqexcl7days"": 0.12000000000000005, ""NumRevolvingTradesWBalance"": -0.012500000000000011, ""PercentTradesWBalance"": -0.19500000000000017}",0.7310159206390381,False
xcreditscore_lattice,864,True,feasible,high_risk,gurobi:Optimal,gurobi,0.5668601393699646,0.3714374601840973,0.3737406567401283,3,"{""ExternalRiskEstimate"": 0.03514968833082388, ""NumSatisfactoryTrades"": 0.18481012658227847, ""MSinceMostRecentInqexcl7days"": 0.2}",0.3714374601840973,True
xcreditscore_lattice,869,False,infeasible,very_high_risk,gurobi:Infeasible|refined_32,gurobi,0.8453838229179382,0.6277459263801575,0.22213399835583028,4,"{""NumSatisfactoryTrades"": 0.05544303797468356, ""MSinceMostRecentDelq"": 0.11710843373493983, ""MSinceMostRecentInqexcl7days"": 0.12000000000000005, ""NetFractionRevolvingBurden"": -0.01976293103448279}",0.6277459263801575,False
xcreditscore_lattice,870,True,feasible,very_high_risk,gurobi:Optimal,gurobi,0.7539812922477722,0.35972073674201965,1.3000725274760647,8,"{""ExternalRiskEstimate"": 0.07475409836065572, ""MSinceMostRecentTradeOpen"": -0.028720626631853787, ""NumSatisfactoryTrades"": 0.18481012658227852, ""PercentTradesNeverDelq"": 0.18999999999999995, ""MSinceMostRecentInqexcl7days"": 0.2, ""NetFractionRevolvingBurden"": -0.1724137931034483, ""NumRevolvingTradesWBalance"": -0.13826152628969204, ""NumBank2NatlTradesWHighUtilization"": -0.1111111111111111}",0.35972073674201965,True
xcreditscore_lattice,872,True,feasible,moderate_risk,gurobi:Optimal,gurobi,0.48150479793548584,0.3706490695476532,0.32927002240897596,2,"{""ExternalRiskEstimate"": 0.06464186487010248, ""NumSatisfactoryTrades"": 0.18481012658227847}",0.3706490695476532,True
xcreditscore_lattice,873,True,feasible,moderate_risk,gurobi:Optimal|refined_3,gurobi,0.4928757846355438,0.4169336259365082,0.13767640416858257,2,"{""NumSatisfactoryTrades"": 0.15020384496681388, ""MSinceMostRecentInqexcl7days"": 0.030000000000000006}",0.4169336259365082,True
xcreditscore_lattice,874,True,feasible,very_high_risk,gurobi:Optimal,gurobi,0.6274071335792542,0.4109169840812683,0.43758754991680293,3,"{""ExternalRiskEstimate"": 0.057636813079130156, ""NumSatisfactoryTrades"": 0.18481012658227847, ""MSinceMostRecentInqexcl7days"": 0.2}",0.4109169840812683,True
xcreditscore_lattice,875,True,feasible,moderate_risk,gurobi:Optimal,gurobi,0.48150479793548584,0.3706490695476532,0.32927002240897596,2,"{""ExternalRiskEstimate"": 0.06464186487010248, ""NumSatisfactoryTrades"": 0.18481012658227847}",0.3706490695476532,True
xcreditscore_lattice,878,False,infeasible,very_high_risk,gurobi:Infeasible|refined_32,gurobi,0.7881113886833191,0.6890681385993958,0.2398094710617943,5,"{""NumSatisfactoryTrades"": 0.02772151898734178, ""MSinceMostRecentDelq"": 0.15614457831325287, ""PercentInstallTrades"": -0.08500000000000008, ""MSinceMostRecentInqexcl7days"": 0.030000000000000013, ""PercentTradesWBalance"": -0.07500000000000007}",0.6890681385993958,False
xcreditscore_lattice,879,True,feasible,high_risk,gurobi:Optimal|refined_1,gurobi,0.5539003610610962,0.4189804196357727,0.7823348926531223,6,"{""ExternalRiskEstimate"": 0.07475409836065572, ""NumSatisfactoryTrades"": 0.18481012658227852, ""MSinceMostRecentInqexcl7days"": 0.2, ""NumInqLast6M"": -0.045454545454545456, ""NetFractionRevolvingBurden"": -0.044299812487379464, ""PercentTradesWBalance"": -0.015000000000000013}",0.4189804196357727,True
xcreditscore_lattice,880,True,feasible,moderate_risk,gurobi:Optimal,gurobi,0.48150479793548584,0.3706490695476532,0.32927002240897596,2,"{""ExternalRiskEstimate"": 0.06464186487010248, ""NumSatisfactoryTrades"": 0.18481012658227847}",0.3706490695476532,True
xcreditscore_lattice,881,True,feasible,high_risk,gurobi:Optimal,gurobi,0.5647304654121399,0.35077711939811707,0.43321115625640905,3,"{""ExternalRiskEstimate"": 0.05609543016615659, ""NumSatisfactoryTrades"": 0.18481012658227847, ""MSinceMostRecentInqexcl7days"": 0.2}",0.35077711939811707,True
xcreditscore_lattice,882,True,feasible,very_high_risk,gurobi:Optimal,gurobi,0.810250997543335,0.2869739532470703,1.0045918547769217,8,"{""ExternalRiskEstimate"": 0.07475409836065572, ""MSinceMostRecentTradeOpen"": -0.033942558746736295, ""NumSatisfactoryTrades"": 0.1848101265822785, ""PercentTradesNeverDelq"": 0.19999999999999996, ""PercentInstallTrades"": -0.13620418551837637, ""MSinceMostRecentInqexcl7days"": 0.2, ""NumInqLast6M"": -0.015151515151515152, ""NumBank2NatlTradesWHighUtilization"": -0.05555555555555555}",0.2869739532470703,True
xcreditscore_lattice,885,False,infeasible,very_high_risk,gurobi:Infeasible|refined_32,gurobi,0.8334688544273376,0.7795552015304565,0.23690512697748184,4,"{""NumSatisfactoryTrades"": 0.036962025316455704, ""MSinceMostRecentDelq"": 0.19518072289156624, ""PercentInstallTrades"": -0.06000000000000005, ""PercentTradesWBalance"": -0.07500000000000007}",0.7795552015304565,False
xcreditscore_lattice,888,True,feasible,very_high_risk,gurobi:Optimal,gurobi,0.750511884689331,0.3507498502731323,1.3151052831415044,8,"{""ExternalRiskEstimate"": 0.07475409836065572, ""NumSatisfactoryTrades"": 0.18481012658227847, ""PercentTradesNeverDelq"": 0.19999999999999996, ""PercentInstallTrades"": -0.2, ""MSinceMostRecentInqexcl7days"": 0.2, ""NetFractionRevolvingBurden"": -0.19762931034482759, ""NumBank2NatlTradesWHighUtilization"": -0.05555555555555555, ""InstallBurdenPerTrade"": -0.18179348041759089}",0.3507498502731323,True
xcreditscore_lattice,889,True,feasible,moderate_risk,gurobi:Optimal,gurobi,0.5066197514533997,0.3431214690208435,0.25838630277575525,2,"{""NumSatisfactoryTrades"": 0.18481012658227847, ""MSinceMostRecentInqexcl7days"": 0.1757343541136184}",0.3431214690208435,True
xcreditscore_lattice,891,False,infeasible,very_high_risk,gurobi:Infeasible|refined_32,gurobi,0.9010831117630005,0.7995458245277405,0.13599064265055938,2,"{""PercentTradesNeverDelq"": 0.05999999999999994, ""MSinceMostRecentInqexcl7days"": 0.12000000000000005}",0.7995458245277405,False
xcreditscore_lattice,892,False,infeasible,very_high_risk,gurobi:Optimal|refined_8,gurobi,0.7160075902938843,0.545311450958252,2.2970515438536285,15,"{""ExternalRiskEstimate"": 0.07475409836065572, ""MSinceMostRecentTradeOpen"": -0.01566579634464752, ""NumSatisfactoryTrades"": 0.18481012658227852, ""PercentTradesNeverDelq"": 0.20000000000000007, ""MSinceMostRecentDelq"": 0.1951807228915663, ""NumTradesOpeninLast12M"": -0.07945948887284604, ""PercentInstallTrades"": -0.18, ""MSinceMostRecentInqexcl7days"": 0.2, ""NetFractionRevolvingBurden"": -0.17672413793103448, ""NetFractionInstallBurden"": -0.16785714285714293, ""NumRevolvingTradesWBalance"": -0.03125, ""NumInstallTradesWBalance"": -0.05555555555555555, ""NumBank2NatlTradesWHighUtilization"": -0.05555555555555555, ""RevolvingBurdenPerTrade"": -0.11293103448275864, ""InstallBurdenPerTrade"": -0.4476190476190476}",0.545311450958252,False
xcreditscore_lattice,893,False,infeasible,very_high_risk,gurobi:Infeasible|refined_32,gurobi,0.8472707867622375,0.6340595483779907,0.2210448173119945,3,"{""PercentTradesNeverDelq"": 0.14, ""PercentInstallTrades"": -0.020000000000000018, ""MSinceMostRecentInqexcl7days"": 0.11000000000000004}",0.6340595483779907,False
xcreditscore_lattice,895,True,feasible,near_threshold,gurobi:Optimal|refined_1,gurobi,0.42469629645347595,0.4102076292037964,0.006410336090453347,1,"{""MSinceMostRecentInqexcl7days"": 0.010000000000000002}",0.4102076292037964,True
xcreditscore_lattice,896,True,feasible,moderate_risk,gurobi:Optimal,gurobi,0.48150479793548584,0.3706490695476532,0.32927002240897596,2,"{""ExternalRiskEstimate"": 0.06464186487010248, ""NumSatisfactoryTrades"": 0.18481012658227847}",0.3706490695476532,True
xcreditscore_lattice,897,True,feasible,very_high_risk,gurobi:Optimal|refined_2,gurobi,0.7611571550369263,0.415354460477829,0.8902760702662087,6,"{""ExternalRiskEstimate"": 0.07475409836065572, ""NumSatisfactoryTrades"": 0.18481012658227847, ""MSinceMostRecentInqexcl7days"": 0.2, ""NumInqLast6M"": -0.045454545454545456, ""NetFractionRevolvingBurden"": -0.11750466088735712, ""PercentTradesWBalance"": -0.030000000000000027}",0.415354460477829,True
xcreditscore_lattice,898,True,feasible,very_high_risk,gurobi:Optimal,gurobi,0.6482881307601929,0.34844937920570374,0.6991672092587328,4,"{""ExternalRiskEstimate"": 0.07475409836065572, ""NumSatisfactoryTrades"": 0.18481012658227852, ""MSinceMostRecentInqexcl7days"": 0.2, ""NetFractionRevolvingBurden"": -0.15757955906786902}",0.34844937920570374,True
xcreditscore_lattice,899,True,feasible,very_high_risk,gurobi:Optimal,gurobi,0.6717814803123474,0.3786781132221222,0.8925295331719161,6,"{""ExternalRiskEstimate"": 0.07475409836065572, ""NumSatisfactoryTrades"": 0.18481012658227852, ""PercentTradesNeverDelq"": 0.06447792083070425, ""MSinceMostRecentInqexcl7days"": 0.2, ""NumInqLast6M"": -0.015151515151515152, ""NetFractionRevolvingBurden"": -0.19762931034482759}",0.3786781132221222,True
xcreditscore_lattice,900,False,infeasible,very_high_risk,gurobi:Infeasible|refined_32,gurobi,0.9398713707923889,0.7928210496902466,0.2707577744196819,4,"{""NumSatisfactoryTrades"": 0.04620253164556963, ""PercentTradesNeverDelq"": 0.08499999999999952, ""MSinceMostRecentInqexcl7days"": 0.11000000000000004, ""NetFractionRevolvingBurden"": -0.05928879310344837}",0.7928210496902466,False
xcreditscore_lattice,901,False,infeasible,very_high_risk,gurobi:Infeasible|refined_32,gurobi,0.9093574285507202,0.810610294342041,0.14293575850335832,3,"{""PercentTradesNeverDelq"": 0.05999999999999994, ""MSinceMostRecentInqexcl7days"": 0.11000000000000004, ""NetFractionRevolvingBurden"": -0.009881465517241395}",0.810610294342041,False
xcreditscore_lattice,902,True,feasible,very_high_risk,gurobi:Optimal,gurobi,0.8337715268135071,0.41571763157844543,1.0746921313328457,8,"{""ExternalRiskEstimate"": 0.07475409836065572, ""MSinceMostRecentTradeOpen"": -0.033942558746736295, ""NumSatisfactoryTrades"": 0.18481012658227847, ""PercentTradesNeverDelq"": 0.09999999999999998, ""PercentInstallTrades"": -0.10031342928205023, ""MSinceMostRecentInqexcl7days"": 0.2, ""NetFractionRevolvingBurden"": -0.19762931034482759, ""NumBank2NatlTradesWHighUtilization"": -0.05555555555555555}",0.41571763157844543,True
xcreditscore_lattice,903,True,feasible,moderate_risk,gurobi:Optimal,gurobi,0.5103350877761841,0.4130374491214752,0.526893295446342,4,"{""ExternalRiskEstimate"": 0.07475409836065572, ""NumSatisfactoryTrades"": 0.18481012658227847, ""MSinceMostRecentInqexcl7days"": 0.2, ""NetFractionRevolvingBurden"": -0.0301171005834569}",0.4130374491214752,True
xcreditscore_lattice,904,False,infeasible,very_high_risk,gurobi:Infeasible|refined_32,gurobi,0.8885344862937927,0.6918188333511353,0.20894138313944244,3,"{""NumSatisfactoryTrades"": 0.06468354430379747, ""MSinceMostRecentDelq"": 0.12686746987951816, ""MSinceMostRecentInqexcl7days"": 0.12000000000000005}",0.6918188333511353,False
xcreditscore_lattice,906,False,infeasible,very_high_risk,gurobi:Infeasible|refined_32,gurobi,0.8645536303520203,0.7310023903846741,0.2015551309627234,2,"{""MSinceMostRecentDelq"": 0.19518072289156613, ""MSinceMostRecentInqexcl7days"": 0.12000000000000005}",0.7310023903846741,False
xcreditscore_lattice,907,True,feasible,very_high_risk,gurobi:Optimal,gurobi,0.663130521774292,0.3854462802410126,0.6195168967401196,4,"{""ExternalRiskEstimate"": 0.07475409836065572, ""NumSatisfactoryTrades"": 0.1848101265822785, ""MSinceMostRecentInqexcl7days"": 0.2, ""NumInqLast6M"": -0.026665769555757838}",0.3854462802410126,True
xcreditscore_lattice,909,False,infeasible,very_high_risk,gurobi:Infeasible|refined_32,gurobi,0.8503953814506531,0.720099687576294,0.12260046803679576,3,"{""PercentTradesNeverDelq"": 0.040000000000000036, ""PercentInstallTrades"": -0.020000000000000018, ""MSinceMostRecentInqexcl7days"": 0.11000000000000004}",0.720099687576294,False
xcreditscore_lattice,910,True,feasible,near_threshold,gurobi:Optimal|refined_2,gurobi,0.4373435974121094,0.4082712233066559,0.012820672180906694,1,"{""MSinceMostRecentInqexcl7days"": 0.020000000000000004}",0.4082712233066559,True
xcreditscore_lattice,911,False,infeasible,very_high_risk,gurobi:Infeasible|refined_32,gurobi,0.8599928021430969,0.7275359034538269,0.2854480152839969,4,"{""NumSatisfactoryTrades"": 0.04620253164556956, ""PercentInstallTrades"": -0.2, ""MSinceMostRecentInqexcl7days"": 0.12000000000000005, ""PercentTradesWBalance"": -0.07500000000000007}",0.7275359034538269,False
xcreditscore_lattice,912,False,infeasible,very_high_risk,gurobi:Infeasible|refined_32,gurobi,0.8274939060211182,0.6396931409835815,0.1619782077468752,3,"{""PercentTradesNeverDelq"": 0.07999999999999996, ""PercentInstallTrades"": -0.020000000000000018, ""MSinceMostRecentInqexcl7days"": 0.11000000000000004}",0.6396931409835815,False
xcreditscore_lattice,913,True,feasible,near_threshold,gurobi:Optimal|refined_2,gurobi,0.4366171360015869,0.4066283702850342,0.06135894774494467,2,"{""NumSatisfactoryTrades"": 0.061552714333476366, ""MSinceMostRecentInqexcl7days"": 0.020000000000000004}",0.4066283702850342,True
xcreditscore_lattice,914,True,feasible,near_threshold,gurobi:Optimal|refined_15,gurobi,0.4629666805267334,0.4179999530315399,0.10191475446706996,2,"{""NumSatisfactoryTrades"": 0.07392405063291146, ""MSinceMostRecentDelq"": 0.06831325301204823}",0.4179999530315399,True
xcreditscore_lattice,916,False,infeasible,very_high_risk,gurobi:Infeasible|refined_32,gurobi,0.9536478519439697,0.8595510125160217,0.26418203207988167,5,"{""NumSatisfactoryTrades"": 0.12012658227848097, ""PercentInstallTrades"": 0.020000000000000018, ""MSinceMostRecentInqexcl7days"": 0.12000000000000005, ""NetFractionInstallBurden"": -0.023214285714285687, ""PercentTradesWBalance"": -0.07500000000000007}",0.8595510125160217,False
xcreditscore_lattice,920,True,feasible,moderate_risk,gurobi:Optimal,gurobi,0.4722521901130676,0.3994671106338501,0.16113483584302452,2,"{""NumSatisfactoryTrades"": 0.1848101265822785, ""MSinceMostRecentInqexcl7days"": 0.02402395147566084}",0.3994671106338501,True
xcreditscore_lattice,921,False,infeasible,very_high_risk,gurobi:Infeasible|refined_32,gurobi,0.8604680895805359,0.6415414810180664,0.2604773228874477,3,"{""PercentTradesNeverDelq"": 0.09800000000000009, ""MSinceMostRecentInqexcl7days"": 0.11000000000000004, ""NetFractionRevolvingBurden"": -0.06917025862068976}",0.6415414810180664,False
xcreditscore_lattice,922,True,feasible,very_high_risk,gurobi:Optimal|refined_5,gurobi,0.7286580204963684,0.41797494888305664,0.8968707011880105,6,"{""ExternalRiskEstimate"": 0.07475409836065572, ""NumSatisfactoryTrades"": 0.18481012658227847, ""PercentTradesNeverDelq"": 0.06888768944419665, ""MSinceMostRecentInqexcl7days"": 0.2, ""NumInqLast6M"": -0.015151515151515152, ""NetFractionRevolvingBurden"": -0.19762931034482759}",0.41797494888305664,True
xcreditscore_lattice,925,True,feasible,very_high_risk,gurobi:Optimal,gurobi,0.8188681602478027,0.29242417216300964,1.8566486047762014,11,"{""ExternalRiskEstimate"": 0.07475409836065572, ""MSinceMostRecentTradeOpen"": -0.033942558746736295, ""NumSatisfactoryTrades"": 0.18481012658227847, ""PercentTradesNeverDelq"": 0.12, ""MSinceMostRecentDelq"": 0.16828445728506047, ""PercentInstallTrades"": -0.2, ""MSinceMostRecentInqexcl7days"": 0.2, ""NetFractionRevolvingBurden"": -0.19762931034482759, ""NumRevolvingTradesWBalance"": -0.16875, ""NumBank2NatlTradesWHighUtilization"": -0.16666666666666666, ""InstallBurdenPerTrade"": -0.2571428571428571}",0.29242417216300964,True
xcreditscore_lattice,926,False,infeasible,very_high_risk,gurobi:Infeasible|refined_32,gurobi,0.9098071455955505,0.799959123134613,0.16811361134266473,3,"{""PercentTradesNeverDelq"": 0.08999999999999897, ""MSinceMostRecentInqexcl7days"": 0.11000000000000004, ""PercentTradesWBalance"": -0.015000000000000013}",0.799959123134613,False
xcreditscore_lattice,928,True,feasible,very_high_risk,gurobi:Optimal,gurobi,0.6760401129722595,0.3513117730617523,0.9092404096317931,5,"{""ExternalRiskEstimate"": 0.07475409836065572, ""NumSatisfactoryTrades"": 0.18481012658227847, ""PercentTradesNeverDelq"": 0.12191868657147709, ""MSinceMostRecentInqexcl7days"": 0.2, ""NumInqLast6M"": -0.06060606060606061}",0.3513117730617523,True
xcreditscore_lattice,930,False,infeasible,very_high_risk,gurobi:Infeasible|refined_32,gurobi,0.9102802276611328,0.8029403686523438,0.15826917641514582,3,"{""PercentTradesNeverDelq"": 0.07999999999999996, ""MSinceMostRecentInqexcl7days"": 0.11000000000000004, ""PercentTradesWBalance"": -0.015000000000000013}",0.8029403686523438,False
xcreditscore_lattice,933,False,near_feasible,very_high_risk,gurobi:Optimal|refined_32,gurobi,0.693296492099762,0.4214155673980713,1.3605867199541954,9,"{""ExternalRiskEstimate"": 0.07475409836065572, ""NumSatisfactoryTrades"": 0.1848101265822785, ""MSinceMostRecentDelq"": 0.15614457831325287, ""MSinceMostRecentInqexcl7days"": 0.19999999999999998, ""NumInqLast6M"": -0.06060606060606061, ""NetFractionRevolvingBurden"": -0.19762931034482759, ""NumRevolvingTradesWBalance"": -0.06749999999999991, ""NumBank2NatlTradesWHighUtilization"": -0.0559990903413658, ""PercentTradesWBalance"": -0.07500000000000007}",0.4214155673980713,False
xcreditscore_lattice,934,False,infeasible,very_high_risk,gurobi:Infeasible|refined_32,gurobi,0.8067500591278076,0.6277976036071777,0.1941633462327328,3,"{""PercentTradesNeverDelq"": 0.12, ""MSinceMostRecentDelq"": 0.04879518072289159, ""MSinceMostRecentInqexcl7days"": 0.07000000000000003}",0.6277976036071777,False
xcreditscore_lattice,935,True,feasible,near_threshold,gurobi:Optimal,gurobi,0.44951096177101135,0.30194970965385437,0.18842668806225937,2,"{""NumSatisfactoryTrades"": 0.1848101265822785, ""MSinceMostRecentInqexcl7days"": 0.06659871172868326}",0.30194970965385437,True
xcreditscore_lattice,936,False,infeasible,very_high_risk,gurobi:Infeasible|refined_32,gurobi,0.8767279982566833,0.7071667909622192,0.17518960116404975,3,"{""PercentTradesNeverDelq"": 0.09999999999999998, ""MSinceMostRecentDelq"": 0.009759036144578313, ""MSinceMostRecentInqexcl7days"": 0.11000000000000004}",0.7071667909622192,False
xcreditscore_lattice,939,True,feasible,very_high_risk,gurobi:Optimal,gurobi,0.6832166314125061,0.3647785484790802,0.7297665222931317,6,"{""ExternalRiskEstimate"": 0.07475409836065572, ""NumSatisfactoryTrades"": 0.18481012658227852, ""PercentTradesNeverDelq"": 0.07999999999999996, ""MSinceMostRecentInqexcl7days"": 0.2, ""NetFractionRevolvingBurden"": -0.07758620689655173, ""NumBank2NatlTradesWHighUtilization"": -0.04480321634351576}",0.3647785484790802,True
xcreditscore_lattice,941,True,feasible,moderate_risk,gurobi:Optimal,gurobi,0.5110040307044983,0.36312949657440186,0.41085807149650233,3,"{""ExternalRiskEstimate"": 0.04822258654768086, ""NumSatisfactoryTrades"": 0.18481012658227847, ""MSinceMostRecentInqexcl7days"": 0.2}",0.36312949657440186,True
xcreditscore_lattice,942,True,feasible,very_high_risk,gurobi:Optimal,gurobi,0.6264145970344543,0.36958611011505127,0.22169013587812564,2,"{""NumSatisfactoryTrades"": 0.1848101265822785, ""MSinceMostRecentInqexcl7days"": 0.11848904531884277}",0.36958611011505127,True
xcreditscore_lattice,943,True,feasible,very_high_risk,gurobi:Optimal|refined_27,gurobi,0.6841360330581665,0.4199070632457733,1.3817927588067993,10,"{""ExternalRiskEstimate"": 0.07475409836065572, ""NumSatisfactoryTrades"": 0.18481012658227847, ""MSinceMostRecentDelq"": 0.16590361445783117, ""NumTotalTrades"": 0.03230769230769237, ""PercentInstallTrades"": -0.18924070086282774, ""MSinceMostRecentInqexcl7days"": 0.2, ""NumInqLast6M"": -0.045454545454545456, ""NetFractionRevolvingBurden"": -0.19762931034482759, ""NumBank2NatlTradesWHighUtilization"": -0.05555555555555555, ""PercentTradesWBalance"": -0.1200000000000001}",0.4199070632457733,True
xcreditscore_lattice,945,False,infeasible,very_high_risk,gurobi:Infeasible|refined_32,gurobi,0.9372410178184509,0.7907519936561584,0.2593429224140333,3,"{""NumSatisfactoryTrades"": 0.06468354430379747, ""PercentTradesNeverDelq"": 0.14000000000000012, ""MSinceMostRecentInqexcl7days"": 0.11000000000000004}",0.7907519936561584,False
xcreditscore_lattice,946,True,feasible,very_high_risk,gurobi:Optimal|refined_2,gurobi,0.7855299711227417,0.4187101423740387,0.9529148177394479,8,"{""ExternalRiskEstimate"": 0.07475409836065572, ""MSinceMostRecentTradeOpen"": -0.02349869451697128, ""NumSatisfactoryTrades"": 0.1848101265822785, ""PercentTradesNeverDelq"": 0.07999999999999996, ""PercentInstallTrades"": -0.16265508719746513, ""MSinceMostRecentInqexcl7days"": 0.2, ""NumInqLast6M"": -0.030303030303030304, ""NumBank2NatlTradesWHighUtilization"": -0.05555555555555555}",0.4187101423740387,True
xcreditscore_lattice,948,True,feasible,high_risk,gurobi:Optimal|refined_11,gurobi,0.5479387640953064,0.41988274455070496,0.6634361494533656,6,"{""ExternalRiskEstimate"": 0.07475409836065572, ""NumSatisfactoryTrades"": 0.18481012658227852, ""PercentTradesNeverDelq"": 0.027499999999999414, ""MSinceMostRecentInqexcl7days"": 0.2, ""NumInqLast6M"": -0.015151515151515152, ""NetFractionRevolvingBurden"": -0.0550608209938599}",0.41988274455070496,True
xcreditscore_lattice,949,True,feasible,high_risk,gurobi:Optimal|refined_15,gurobi,0.6019618511199951,0.4163706600666046,0.7932333898449209,5,"{""ExternalRiskEstimate"": 0.07475409836065572, ""NumSatisfactoryTrades"": 0.18481012658227852, ""PercentTradesNeverDelq"": 0.1050000000000001, ""MSinceMostRecentInqexcl7days"": 0.2, ""NumInqLast6M"": -0.04073575482892634}",0.4163706600666046,True
xcreditscore_lattice,956,True,feasible,very_high_risk,gurobi:Optimal,gurobi,0.7562204599380493,0.37666448950767517,0.5604234031905216,4,"{""ExternalRiskEstimate"": 0.07475409836065572, ""NumSatisfactoryTrades"": 0.1848101265822785, ""MSinceMostRecentInqexcl7days"": 0.2, ""NumInqLast6M"": -0.014847070845838257}",0.37666448950767517,True
xcreditscore_lattice,957,True,feasible,moderate_risk,gurobi:Optimal,gurobi,0.4798317849636078,0.29971393942832947,0.3509426909064632,3,"{""ExternalRiskEstimate"": 0.027120155863353035, ""NumSatisfactoryTrades"": 0.18481012658227847, ""MSinceMostRecentInqexcl7days"": 0.2}",0.29971393942832947,True
xcreditscore_lattice,958,False,infeasible,very_high_risk,gurobi:Optimal|refined_32,gurobi,0.8213969469070435,0.44640350341796875,2.2024253388973043,15,"{""ExternalRiskEstimate"": 0.07475409836065572, ""MSinceMostRecentTradeOpen"": -0.08093994778067885, ""NumSatisfactoryTrades"": 0.1848101265822785, ""PercentTradesNeverDelq"": 0.19999999999999996, ""MSinceMostRecentDelq"": 0.1951807228915663, ""PercentInstallTrades"": -0.2, ""MSinceMostRecentInqexcl7days"": 0.2, ""NumInqLast6M"": -0.045454545454545456, ""NetFractionRevolvingBurden"": -0.19762931034482759, ""NumRevolvingTradesWBalance"": -0.125, ""NumInstallTradesWBalance"": -0.004756652039472425, ""NumBank2NatlTradesWHighUtilization"": -0.05555555555555555, ""PercentTradesWBalance"": -0.15000000000000013, ""RevolvingBurdenPerTrade"": -0.008793103448275857, ""InstallBurdenPerTrade"": -0.2571428571428571}",0.44640350341796875,False
xcreditscore_lattice,960,True,feasible,high_risk,gurobi:Optimal|refined_24,gurobi,0.5615489482879639,0.418620765209198,0.3609973427112952,4,"{""NumSatisfactoryTrades"": 0.18481012658227847, ""PercentTradesNeverDelq"": 0.14, ""MSinceMostRecentDelq"": 0.03903614457831327, ""MSinceMostRecentInqexcl7days"": 0.08192138116395509}",0.418620765209198,True
xcreditscore_lattice,963,True,feasible,very_high_risk,gurobi:Optimal|refined_3,gurobi,0.7414827346801758,0.41949617862701416,1.2467640681038847,9,"{""ExternalRiskEstimate"": 0.07475409836065572, ""MSinceMostRecentTradeOpen"": -0.028720626631853787, ""NumSatisfactoryTrades"": 0.18481012658227852, ""PercentTradesNeverDelq"": 0.006000000000000005, ""PercentInstallTrades"": -0.1818292127154696, ""MSinceMostRecentInqexcl7days"": 0.2, ""NumInqLast6M"": -0.030303030303030304, ""NetFractionRevolvingBurden"": -0.19762931034482759, ""NumBank2NatlTradesWHighUtilization"": -0.1111111111111111}",0.41949617862701416,True
xcreditscore_lattice,964,True,feasible,near_threshold,gurobi:Optimal|refined_3,gurobi,0.4589087963104248,0.4149628281593323,0.01923100827136004,1,"{""MSinceMostRecentInqexcl7days"": 0.030000000000000006}",0.4149628281593323,True
xcreditscore_lattice,965,False,infeasible,very_high_risk,gurobi:Infeasible|refined_32,gurobi,0.9187095761299133,0.8402583599090576,0.22441073965325248,3,"{""MSinceMostRecentDelq"": 0.14638554216867453, ""PercentInstallTrades"": -0.08500000000000008, ""MSinceMostRecentInqexcl7days"": 0.12000000000000005}",0.8402583599090576,False
xcreditscore_lattice,966,True,feasible,very_high_risk,gurobi:Optimal|refined_5,gurobi,0.7037188410758972,0.4094558656215668,0.6148894889639589,5,"{""ExternalRiskEstimate"": 0.07475409836065572, ""NumSatisfactoryTrades"": 0.18481012658227847, ""MSinceMostRecentInqexcl7days"": 0.2, ""NumInqLast6M"": -0.012384836057273444, ""NetFractionRevolvingBurden"": -0.04940732758620697}",0.4094558656215668,True
xcreditscore_lattice,967,True,feasible,moderate_risk,gurobi:Optimal,gurobi,0.48150479793548584,0.3706490695476532,0.32927002240897596,2,"{""ExternalRiskEstimate"": 0.06464186487010248, ""NumSatisfactoryTrades"": 0.18481012658227847}",0.3706490695476532,True
xcreditscore_lattice,971,True,feasible,very_high_risk,gurobi:Optimal,gurobi,0.703544557094574,0.3815864026546478,1.0487754442662132,6,"{""ExternalRiskEstimate"": 0.07475409836065572, ""NumSatisfactoryTrades"": 0.1848101265822785, ""MSinceMostRecentInqexcl7days"": 0.2, ""NumInqLast6M"": -0.030303030303030304, ""NetFractionRevolvingBurden"": -0.1810344827586207, ""NumBank2NatlTradesWHighUtilization"": -0.1243310706094154}",0.3815864026546478,True
xcreditscore_lattice,972,True,feasible,very_high_risk,gurobi:Optimal|refined_13,gurobi,0.6994120478630066,0.41840416193008423,1.0514674486296298,8,"{""ExternalRiskEstimate"": 0.07475409836065572, ""NumSatisfactoryTrades"": 0.18481012658227852, ""PercentTradesNeverDelq"": 0.026000000000000023, ""MSinceMostRecentInqexcl7days"": 0.2, ""NumInqLast6M"": -0.030303030303030304, ""NetFractionRevolvingBurden"": -0.12068965517241378, ""NumRevolvingTradesWBalance"": -0.12022285682765171, ""NumBank2NatlTradesWHighUtilization"": -0.05555555555555555}",0.41840416193008423,True
xcreditscore_lattice,973,True,feasible,very_high_risk,gurobi:Optimal,gurobi,0.6521071791648865,0.3632761538028717,0.4553047577142658,3,"{""ExternalRiskEstimate"": 0.06387688275379311, ""NumSatisfactoryTrades"": 0.18481012658227847, ""MSinceMostRecentInqexcl7days"": 0.2}",0.3632761538028717,True
xcreditscore_lattice,974,False,infeasible,very_high_risk,gurobi:Infeasible|refined_32,gurobi,0.933114230632782,0.836137592792511,0.24764596128571048,5,"{""NumSatisfactoryTrades"": 0.009240506329113926, ""PercentTradesNeverDelq"": 0.07000000000000006, ""MSinceMostRecentDelq"": 0.05855421686746991, ""PercentInstallTrades"": 0.09999999999999998, ""MSinceMostRecentInqexcl7days"": 0.11000000000000004}",0.836137592792511,False
xcreditscore_lattice,977,True,feasible,moderate_risk,gurobi:Optimal,gurobi,0.48150479793548584,0.3706490695476532,0.32927002240897596,2,"{""ExternalRiskEstimate"": 0.06464186487010248, ""NumSatisfactoryTrades"": 0.18481012658227847}",0.3706490695476532,True
xcreditscore_lattice,983,True,feasible,very_high_risk,gurobi:Optimal,gurobi,0.633924663066864,0.3613539934158325,0.6993815748237069,5,"{""ExternalRiskEstimate"": 0.07475409836065572, ""NumSatisfactoryTrades"": 0.18481012658227847, ""MSinceMostRecentInqexcl7days"": 0.2, ""NumInqLast6M"": -0.030303030303030304, ""NetFractionRevolvingBurden"": -0.04563475140049755}",0.3613539934158325,True
xcreditscore_lattice,984,True,feasible,very_high_risk,gurobi:Optimal|refined_14,gurobi,0.8736597895622253,0.4177837073802948,1.7960104914809305,11,"{""ExternalRiskEstimate"": 0.07475409836065572, ""NumSatisfactoryTrades"": 0.1848101265822785, ""MSinceMostRecentDelq"": 0.15886311159247626, ""PercentInstallTrades"": -0.19999999999999996, ""MSinceMostRecentInqexcl7days"": 0.2, ""NumInqLast6M"": -0.015151515151515152, ""NetFractionRevolvingBurden"": -0.19762931034482759, ""NumRevolvingTradesWBalance"": -0.0625, ""NumBank2NatlTradesWHighUtilization"": -0.1111111111111111, ""PercentTradesWBalance"": -0.18000000000000016, ""InstallBurdenPerTrade"": -0.4485714285714286}",0.4177837073802948,True
xcreditscore_lattice,985,True,feasible,very_high_risk,gurobi:Optimal,gurobi,0.7083836793899536,0.41185301542282104,0.9746546595571985,6,"{""ExternalRiskEstimate"": 0.07475409836065572, ""MSinceMostRecentTradeOpen"": -0.009787549272170189, ""NumSatisfactoryTrades"": 0.1848101265822785, ""PercentTradesNeverDelq"": 0.19999999999999996, ""MSinceMostRecentInqexcl7days"": 0.19999999999999996, ""NetFractionRevolvingBurden"": -0.19762931034482759}",0.41185301542282104,True
xcreditscore_lattice,986,True,feasible,high_risk,gurobi:Optimal,gurobi,0.5746284127235413,0.39683884382247925,1.126220981890548,7,"{""ExternalRiskEstimate"": 0.07475409836065572, ""MSinceMostRecentTradeOpen"": -0.04177545691906005, ""NumSatisfactoryTrades"": 0.1848101265822785, ""MSinceMostRecentInqexcl7days"": 0.2, ""NetFractionRevolvingBurden"": -0.19762931034482759, ""NumRevolvingTradesWBalance"": -0.09556107585584299, ""NumBank2NatlTradesWHighUtilization"": -0.1111111111111111}",0.39683884382247925,True
xcreditscore_lattice,987,True,feasible,very_high_risk,gurobi:Optimal,gurobi,0.7810991406440735,0.34781551361083984,2.090813601433314,15,"{""ExternalRiskEstimate"": 0.07475409836065572, ""MSinceMostRecentTradeOpen"": -0.005221932114882507, ""NumSatisfactoryTrades"": 0.18481012658227847, ""PercentTradesNeverDelq"": 0.030000000000000027, ""MSinceMostRecentDelq"": 0.1951807228915663, ""NumTradesOpeninLast12M"": -0.10526315789473684, ""PercentInstallTrades"": -0.2, ""MSinceMostRecentInqexcl7days"": 0.2, ""NetFractionRevolvingBurden"": -0.19762931034482759, ""NumRevolvingTradesWBalance"": -0.16875, ""NumInstallTradesWBalance"": -0.16666666666666666, ""NumBank2NatlTradesWHighUtilization"": -0.16666666666666666, ""PercentTradesWBalance"": -0.09883903482488321, ""RevolvingBurdenPerTrade"": -0.07413793103448275, ""InstallBurdenPerTrade"": -0.12285714285714285}",0.34781551361083984,True
xcreditscore_lattice,988,False,infeasible,very_high_risk,gurobi:Optimal|refined_32,gurobi,0.8286475539207458,0.44351622462272644,1.7663618705494462,12,"{""ExternalRiskEstimate"": 0.07475409836065572, ""NumSatisfactoryTrades"": 0.18481012658227847, ""PercentTradesNeverDelq"": 0.07999999999999996, ""MSinceMostRecentDelq"": 0.19518072289156604, ""PercentInstallTrades"": -0.2, ""MSinceMostRecentInqexcl7days"": 0.2, ""NumInqLast6M"": -0.06060606060606061, ""NetFractionRevolvingBurden"": -0.14224137931034483, ""NumRevolvingTradesWBalance"": -0.15625, ""PercentTradesWBalance"": -0.07500000000000007, ""RevolvingBurdenPerTrade"": -0.016594827586206885, ""InstallBurdenPerTrade"": -0.2105329962601371}",0.44351622462272644,False
xcreditscore_lattice,989,True,feasible,high_risk,gurobi:Optimal,gurobi,0.559338390827179,0.3794479966163635,0.718198824140384,5,"{""ExternalRiskEstimate"": 0.07475409836065572, ""NumSatisfactoryTrades"": 0.18481012658227852, ""MSinceMostRecentInqexcl7days"": 0.2, ""NumInqLast6M"": -0.030303030303030304, ""NetFractionRevolvingBurden"": -0.05955730535390574}",0.3794479966163635,True
xcreditscore_lattice,990,True,feasible,very_high_risk,gurobi:Optimal,gurobi,0.8055266737937927,0.35856685042381287,1.6446017882357096,9,"{""ExternalRiskEstimate"": 0.07475409836065572, ""NumSatisfactoryTrades"": 0.1848101265822785, ""PercentTradesNeverDelq"": 0.16999999999999993, ""PercentInstallTrades"": -0.2, ""MSinceMostRecentInqexcl7days"": 0.2, ""NumInqLast6M"": -0.045454545454545456, ""NetFractionRevolvingBurden"": -0.19762931034482759, ""NumBank2NatlTradesWHighUtilization"": -0.1111111111111111, ""InstallBurdenPerTrade"": -0.2456318020907915}",0.35856685042381287,True
xcreditscore_lattice,991,True,feasible,very_high_risk,gurobi:Optimal|refined_13,gurobi,0.7699071764945984,0.4163585603237152,0.8354865866390754,6,"{""ExternalRiskEstimate"": 0.07475409836065572, ""NumSatisfactoryTrades"": 0.18481012658227852, ""PercentTradesNeverDelq"": 0.10624807195385733, ""MSinceMostRecentInqexcl7days"": 0.2, ""NumInqLast6M"": -0.015151515151515152, ""NetFractionRevolvingBurden"": -0.125}",0.4163585603237152,True
xcreditscore_lattice,992,False,infeasible,high_risk,gurobi:Optimal|refined_32,gurobi,0.5733498930931091,0.4977251887321472,0.9157847947039569,7,"{""ExternalRiskEstimate"": 0.07475409836065572, ""NumSatisfactoryTrades"": 0.18481012658227847, ""MSinceMostRecentDelq"": 0.19518072289156604, ""PercentInstallTrades"": -0.14000000000000012, ""MSinceMostRecentInqexcl7days"": 0.2, ""NumInqLast6M"": -0.029845033765395268, ""NetFractionRevolvingBurden"": -0.04940732758620697}",0.4977251887321472,False
xcreditscore_lattice,993,False,infeasible,very_high_risk,gurobi:Infeasible|refined_32,gurobi,0.9493767023086548,0.8889175057411194,0.2015551309627235,2,"{""MSinceMostRecentDelq"": 0.1951807228915663, ""MSinceMostRecentInqexcl7days"": 0.12000000000000005}",0.8889175057411194,False
xcreditscore_lattice,995,False,infeasible,very_high_risk,gurobi:Infeasible|refined_32,gurobi,0.8837868571281433,0.6708210706710815,0.33886170705830265,3,"{""PercentInstallTrades"": -0.16000000000000014, ""MSinceMostRecentInqexcl7days"": 0.12000000000000005, ""NetFractionRevolvingBurden"": -0.11857758620689673}",0.6708210706710815,False
xcreditscore_lattice,996,False,infeasible,very_high_risk,gurobi:Infeasible|refined_32,gurobi,0.8568418025970459,0.7102635502815247,0.2407504921549953,4,"{""MSinceMostRecentDelq"": 0.0487951807228916, ""MSinceMostRecentInqexcl7days"": 0.12000000000000005, ""NumRevolvingTradesWBalance"": -0.012500000000000011, ""PercentTradesWBalance"": -0.19500000000000017}",0.7102635502815247,False
xcreditscore_lattice,997,False,infeasible,very_high_risk,gurobi:Infeasible|refined_32,gurobi,0.8322596549987793,0.6473772525787354,0.26758826668872115,4,"{""MSinceMostRecentDelq"": 0.07807228915662655, ""MSinceMostRecentInqexcl7days"": 0.12000000000000005, ""NetFractionRevolvingBurden"": -0.04940732758620697, ""NumRevolvingTradesWBalance"": -0.05906249999999991}",0.6473772525787354,False
xcreditscore_lattice,998,False,infeasible,very_high_risk,gurobi:Infeasible|refined_32,gurobi,0.8712743520736694,0.715886652469635,0.2240866633864883,4,"{""PercentTradesNeverDelq"": 0.0519999999999996, ""MSinceMostRecentDelq"": 0.09759036144578317, ""MSinceMostRecentInqexcl7days"": 0.11000000000000004, ""NetFractionRevolvingBurden"": -0.029644396551724184}",0.715886652469635,False
xcreditscore_lattice,1000,True,feasible,moderate_risk,gurobi:Optimal|refined_5,gurobi,0.4926510155200958,0.41889411211013794,0.03205168045226674,1,"{""MSinceMostRecentInqexcl7days"": 0.05000000000000001}",0.41889411211013794,True
xcreditscore_lattice,1002,True,feasible,moderate_risk,gurobi:Optimal,gurobi,0.48150479793548584,0.3706490695476532,0.32927002240897596,2,"{""ExternalRiskEstimate"": 0.06464186487010248, ""NumSatisfactoryTrades"": 0.18481012658227847}",0.3706490695476532,True
xcreditscore_lattice,1003,True,feasible,high_risk,gurobi:Optimal,gurobi,0.5543597936630249,0.35382822155952454,0.5210945803065279,3,"{""NumSatisfactoryTrades"": 0.18481012658227847, ""MSinceMostRecentInqexcl7days"": 0.2, ""NumInqLast6M"": -0.04943063659448187}",0.35382822155952454,True
xcreditscore_lattice,1004,True,feasible,moderate_risk,gurobi:Optimal,gurobi,0.48150479793548584,0.3706490695476532,0.32927002240897596,2,"{""ExternalRiskEstimate"": 0.06464186487010248, ""NumSatisfactoryTrades"": 0.18481012658227847}",0.3706490695476532,True
xcreditscore_lattice,1005,False,infeasible,very_high_risk,gurobi:Infeasible|refined_32,gurobi,0.8372480869293213,0.6489399671554565,0.2453331807067454,5,"{""NumSatisfactoryTrades"": 0.009240506329113926, ""MSinceMostRecentDelq"": 0.0487951807228916, ""MSinceMostRecentInqexcl7days"": 0.12000000000000005, ""NumRevolvingTradesWBalance"": -0.0390625, ""PercentTradesWBalance"": -0.13500000000000012}",0.6489399671554565,False
xcreditscore_lattice,1006,True,feasible,high_risk,gurobi:Optimal,gurobi,0.591452956199646,0.354665070772171,0.5433413316458818,4,"{""ExternalRiskEstimate"": 0.07475409836065572, ""NumSatisfactoryTrades"": 0.18481012658227847, ""MSinceMostRecentInqexcl7days"": 0.2, ""NumInqLast6M"": -0.011430656536910295}",0.354665070772171,True
xcreditscore_lattice,1007,False,infeasible,very_high_risk,gurobi:Infeasible|refined_32,gurobi,0.8111094832420349,0.6392641067504883,0.24639540931954382,4,"{""MSinceMostRecentDelq"": 0.03903614457831328, ""PercentInstallTrades"": 0.09999999999999998, ""MSinceMostRecentInqexcl7days"": 0.12000000000000005, ""PercentTradesWBalance"": -0.13500000000000012}",0.6392641067504883,False
xcreditscore_lattice,1008,False,infeasible,very_high_risk,gurobi:Optimal|refined_32,gurobi,0.7505501508712769,0.452017605304718,1.092733144134803,8,"{""ExternalRiskEstimate"": 0.07475409836065572, ""NumSatisfactoryTrades"": 0.18481012658227847, ""MSinceMostRecentDelq"": 0.1951807228915663, ""NumTotalTrades"": 0.12923076923076926, ""MSinceMostRecentInqexcl7days"": 0.2, ""NumInqLast6M"": -0.06060606060606061, ""NetFractionRevolvingBurden"": -0.042185381621073714, ""RevolvingBurdenPerTrade"": -0.004885057471264373}",0.452017605304718,False
xcreditscore_lattice,1009,True,feasible,very_high_risk,gurobi:Optimal,gurobi,0.7096652984619141,0.3985447585582733,0.7292923551636992,4,"{""ExternalRiskEstimate"": 0.07475409836065572, ""NumSatisfactoryTrades"": 0.18481012658227847, ""MSinceMostRecentInqexcl7days"": 0.2, ""NumInqLast6M"": -0.04862086124047377}",0.3985447585582733,True
xcreditscore_lattice,1012,True,feasible,high_risk,gurobi:Optimal,gurobi,0.5682873129844666,0.3391309976577759,0.3297501620249266,3,"{""ExternalRiskEstimate"": 0.01965606455083635, ""NumSatisfactoryTrades"": 0.1848101265822785, ""MSinceMostRecentInqexcl7days"": 0.2}",0.3391309976577759,True
xcreditscore_lattice,1014,False,infeasible,very_high_risk,gurobi:Optimal|refined_27,gurobi,0.7912290692329407,0.4520587921142578,1.5559739744415089,9,"{""ExternalRiskEstimate"": 0.07475409836065572, ""NumSatisfactoryTrades"": 0.1848101265822785, ""PercentTradesNeverDelq"": 0.19999999999999996, ""MSinceMostRecentDelq"": 0.1951807228915663, ""PercentInstallTrades"": -0.2, ""MSinceMostRecentInqexcl7days"": 0.2, ""NumInqLast6M"": -0.06060606060606061, ""NumRevolvingTradesWBalance"": -0.0625, ""InstallBurdenPerTrade"": -0.26666666666666666}",0.4520587921142578,False
xcreditscore_lattice,1015,True,feasible,moderate_risk,gurobi:Optimal,gurobi,0.4936744272708893,0.3329947590827942,0.25374611413729076,2,"{""NumSatisfactoryTrades"": 0.18481012658227847, ""MSinceMostRecentInqexcl7days"": 0.16849574981426674}",0.3329947590827942,True
xcreditscore_lattice,1018,True,feasible,very_high_risk,gurobi:Optimal,gurobi,0.7686745524406433,0.3758540749549866,1.0601211829469954,6,"{""ExternalRiskEstimate"": 0.07475409836065572, ""NumSatisfactoryTrades"": 0.18481012658227852, ""MSinceMostRecentInqexcl7days"": 0.2, ""NetFractionRevolvingBurden"": -0.19762931034482759, ""NumRevolvingTradesWBalance"": -0.12614663898084577, ""NumBank2NatlTradesWHighUtilization"": -0.1111111111111111}",0.3758540749549866,True
xcreditscore_lattice,1019,True,feasible,high_risk,gurobi:Optimal,gurobi,0.5417829751968384,0.3481692969799042,0.37428516372455223,3,"{""ExternalRiskEstimate"": 0.0353414658140474, ""NumSatisfactoryTrades"": 0.1848101265822785, ""MSinceMostRecentInqexcl7days"": 0.2}",0.3481692969799042,True
xcreditscore_lattice,1020,False,infeasible,very_high_risk,gurobi:Infeasible|refined_32,gurobi,0.9489604830741882,0.848156213760376,0.2168094077374838,3,"{""NumSatisfactoryTrades"": 0.036962025316455704, ""PercentTradesNeverDelq"": 0.1190000000000001, ""MSinceMostRecentInqexcl7days"": 0.11000000000000004}",0.848156213760376,False
xcreditscore_lattice,1021,True,feasible,very_high_risk,gurobi:Optimal,gurobi,0.6364193558692932,0.3581825792789459,0.5142882578246107,4,"{""ExternalRiskEstimate"": 0.07475409836065572, ""NumSatisfactoryTrades"": 0.1848101265822785, ""MSinceMostRecentInqexcl7days"": 0.2, ""NumInqLast6M"": -0.005620041772656063}",0.3581825792789459,True
xcreditscore_lattice,1022,True,feasible,high_risk,gurobi:Optimal|refined_20,gurobi,0.6110888123512268,0.41959714889526367,0.6518230869411907,7,"{""ExternalRiskEstimate"": 0.05531091105001451, ""NumSatisfactoryTrades"": 0.18481012658227847, ""MSinceMostRecentDelq"": 0.0487951807228916, ""PercentInstallTrades"": -0.06000000000000005, ""MSinceMostRecentInqexcl7days"": 0.2, ""NetFractionRevolvingBurden"": -0.09881465517241395, ""PercentTradesWBalance"": -0.030000000000000027}",0.41959714889526367,True
xcreditscore_lattice,1023,False,infeasible,very_high_risk,gurobi:Infeasible|refined_32,gurobi,0.8563982844352722,0.5899211764335632,0.22622004229984333,5,"{""NumSatisfactoryTrades"": 0.10164556962025319, ""MSinceMostRecentDelq"": 0.03903614457831328, ""MSinceMostRecentInqexcl7days"": 0.12000000000000005, ""NetFractionRevolvingBurden"": -0.019396551724137928, ""PercentTradesWBalance"": -0.030000000000000027}",0.5899211764335632,False
xcreditscore_lattice,1026,True,feasible,moderate_risk,gurobi:Optimal,gurobi,0.48150479793548584,0.3706490695476532,0.32927002240897596,2,"{""ExternalRiskEstimate"": 0.06464186487010248, ""NumSatisfactoryTrades"": 0.18481012658227847}",0.3706490695476532,True
xcreditscore_lattice,1027,True,feasible,very_high_risk,gurobi:Optimal,gurobi,0.6876043677330017,0.4025898575782776,2.0492340202271024,16,"{""ExternalRiskEstimate"": 0.07475409836065572, ""MSinceMostRecentTradeOpen"": -0.010443864229765013, ""NumSatisfactoryTrades"": 0.18481012658227847, ""PercentTradesNeverDelq"": 0.14, ""MSinceMostRecentDelq"": 0.1951807228915663, ""NumTradesOpeninLast12M"": -0.10520395810522995, ""PercentInstallTrades"": -0.2, ""MSinceMostRecentInqexcl7days"": 0.19999999999999998, ""NumInqLast6M"": -0.015151515151515152, ""NetFractionRevolvingBurden"": -0.19762931034482759, ""NumRevolvingTradesWBalance"": -0.15625, ""NumInstallTradesWBalance"": -0.1111111111111111, ""NumBank2NatlTradesWHighUtilization"": -0.1111111111111111, ""InquiryToTradeRatio"": -0.003623188405797101, ""RevolvingBurdenPerTrade"": -0.08908045977011494, ""InstallBurdenPerTrade"": -0.06428571428571428}",0.4025898575782776,True
xcreditscore_lattice,1029,True,feasible,very_high_risk,gurobi:Optimal,gurobi,0.8343720436096191,0.3666668236255646,2.3391544852255186,15,"{""ExternalRiskEstimate"": 0.07475409836065572, ""MSinceMostRecentTradeOpen"": -0.005221932114882507, ""NumSatisfactoryTrades"": 0.18481012658227852, ""PercentTradesNeverDelq"": 0.18999999999999995, ""MSinceMostRecentDelq"": 0.1951807228915663, ""NumTradesOpeninLast12M"": -0.13684210526315788, ""PercentInstallTrades"": -0.2, ""MSinceMostRecentInqexcl7days"": 0.2, ""NumInqLast6M"": -0.030303030303030304, ""NetFractionRevolvingBurden"": -0.19762931034482759, ""NumRevolvingTradesWBalance"": -0.09375, ""NumBank2NatlTradesWHighUtilization"": -0.1111111111111111, ""PercentTradesWBalance"": -0.25605521004592446, ""RevolvingBurdenPerTrade"": -0.11293103448275864, ""InstallBurdenPerTrade"": -0.2571428571428571}",0.3666668236255646,True
xcreditscore_lattice,1030,True,feasible,high_risk,gurobi:Optimal,gurobi,0.5711112022399902,0.37070775032043457,0.23992885797747948,2,"{""NumSatisfactoryTrades"": 0.1848101265822785, ""MSinceMostRecentInqexcl7days"": 0.14694109813166806}",0.37070775032043457,True
xcreditscore_lattice,1031,True,feasible,high_risk,gurobi:Optimal,gurobi,0.5547594428062439,0.2972595691680908,0.48988499626016924,4,"{""ExternalRiskEstimate"": 0.07475409836065572, ""NumSatisfactoryTrades"": 0.18481012658227852, ""MSinceMostRecentInqexcl7days"": 0.2, ""NumInqLast6M"": -0.0007393894597677725}",0.2972595691680908,True
xcreditscore_lattice,1032,True,feasible,high_risk,gurobi:Optimal,gurobi,0.5401251316070557,0.4074031412601471,0.6429757732032845,5,"{""ExternalRiskEstimate"": 0.07475409836065572, ""NumSatisfactoryTrades"": 0.18481012658227847, ""MSinceMostRecentInqexcl7days"": 0.2, ""NumInqLast6M"": -0.030303030303030304, ""NetFractionRevolvingBurden"": -0.0039010844266764155}",0.4074031412601471,True
xcreditscore_lattice,1033,True,feasible,very_high_risk,gurobi:Optimal,gurobi,0.6376602649688721,0.3227737843990326,0.49899868095474403,4,"{""ExternalRiskEstimate"": 0.07475409836065572, ""NumSatisfactoryTrades"": 0.1848101265822785, ""MSinceMostRecentInqexcl7days"": 0.2, ""NetFractionRevolvingBurden"": -0.009478362756637632}",0.3227737843990326,True
xcreditscore_lattice,1037,True,feasible,moderate_risk,gurobi:Optimal,gurobi,0.48150479793548584,0.3706490695476532,0.32927002240897596,2,"{""ExternalRiskEstimate"": 0.06464186487010248, ""NumSatisfactoryTrades"": 0.18481012658227847}",0.3706490695476532,True
xcreditscore_lattice,1039,True,feasible,very_high_risk,gurobi:Optimal,gurobi,0.7399073839187622,0.3632600009441376,1.2217084451659515,8,"{""ExternalRiskEstimate"": 0.07475409836065572, ""NumSatisfactoryTrades"": 0.18481012658227847, ""PercentTradesNeverDelq"": 0.12, ""PercentInstallTrades"": -0.07878341351510668, ""MSinceMostRecentInqexcl7days"": 0.2, ""NumInqLast6M"": -0.030303030303030304, ""NetFractionRevolvingBurden"": -0.19762931034482759, ""NumBank2NatlTradesWHighUtilization"": -0.1111111111111111}",0.3632600009441376,True
xcreditscore_lattice,1040,True,feasible,high_risk,gurobi:Optimal,gurobi,0.5913230776786804,0.3529050946235657,0.2692284311283137,2,"{""NumSatisfactoryTrades"": 0.18481012658227847, ""MSinceMostRecentInqexcl7days"": 0.1926478641068076}",0.3529050946235657,True
xcreditscore_lattice,1041,True,feasible,moderate_risk,gurobi:Optimal|refined_5,gurobi,0.5188928842544556,0.41845840215682983,0.41203289372650154,5,"{""ExternalRiskEstimate"": 0.026371887116657056, ""NumSatisfactoryTrades"": 0.18481012658227852, ""MSinceMostRecentInqexcl7days"": 0.2, ""NetFractionRevolvingBurden"": -0.03952586206896558, ""NumRevolvingTradesWBalance"": -0.0078125}",0.41845840215682983,True
xcreditscore_lattice,1042,True,feasible,very_high_risk,gurobi:Optimal|refined_21,gurobi,0.7089377045631409,0.41907376050949097,0.8294343452536713,6,"{""ExternalRiskEstimate"": 0.07475409836065572, ""NumSatisfactoryTrades"": 0.18481012658227847, ""PercentTradesNeverDelq"": 0.06999999999999895, ""PercentInstallTrades"": -0.020000000000000018, ""MSinceMostRecentInqexcl7days"": 0.2, ""NumInqLast6M"": -0.052325244093594694}",0.41907376050949097,True
xcreditscore_lattice,1043,False,infeasible,very_high_risk,gurobi:Infeasible|refined_32,gurobi,0.8680309653282166,0.6916985511779785,0.2057758464922772,3,"{""NumSatisfactoryTrades"": 0.036962025316455704, ""MSinceMostRecentDelq"": 0.15614457831325307, ""MSinceMostRecentInqexcl7days"": 0.12000000000000005}",0.6916985511779785,False
xcreditscore_lattice,1045,True,feasible,very_high_risk,gurobi:Optimal|refined_9,gurobi,0.6391316652297974,0.41948196291923523,0.5518257780364877,6,"{""ExternalRiskEstimate"": 0.0736601878660913, ""NumSatisfactoryTrades"": 0.18481012658227852, ""MSinceMostRecentDelq"": 0.0487951807228916, ""MSinceMostRecentInqexcl7days"": 0.2, ""NumRevolvingTradesWBalance"": -0.015625, ""PercentTradesWBalance"": -0.030000000000000138}",0.41948196291923523,True
xcreditscore_lattice,1048,False,near_feasible,very_high_risk,gurobi:Optimal|refined_32,gurobi,0.7575225830078125,0.4320259392261505,1.1182118678645458,7,"{""ExternalRiskEstimate"": 0.07475409836065572, ""NumSatisfactoryTrades"": 0.18481012658227847, ""MSinceMostRecentDelq"": 0.19518072289156604, ""MSinceMostRecentInqexcl7days"": 0.2, ""NumInqLast6M"": -0.06060606060606061, ""NetFractionRevolvingBurden"": -0.09671010732699, ""RevolvingBurdenPerTrade"": -0.0504310344827586}",0.4320259392261505,False
xcreditscore_lattice,1049,False,infeasible,very_high_risk,gurobi:Infeasible|refined_32,gurobi,0.8467959761619568,0.7396121621131897,0.21550573332470652,3,"{""NumSatisfactoryTrades"": 0.09240506329113926, ""MSinceMostRecentDelq"": 0.13662650602409626, ""RevolvingBurdenPerTrade"": -0.0379310344827586}",0.7396121621131897,False
xcreditscore_lattice,1051,False,infeasible,very_high_risk,gurobi:Infeasible|refined_32,gurobi,0.8533344268798828,0.6225607395172119,0.3053349665987636,3,"{""PercentTradesNeverDelq"": 0.13000000000000012, ""MSinceMostRecentInqexcl7days"": 0.11000000000000004, ""NetFractionRevolvingBurden"": -0.07905172413793116}",0.6225607395172119,False
xcreditscore_lattice,1056,True,feasible,very_high_risk,gurobi:Optimal,gurobi,0.7236250638961792,0.3677847683429718,0.7299272661335473,4,"{""ExternalRiskEstimate"": 0.07475409836065572, ""NumSatisfactoryTrades"": 0.18481012658227847, ""MSinceMostRecentInqexcl7days"": 0.2, ""NetFractionRevolvingBurden"": -0.1803383876427743}",0.3677847683429718,True
xcreditscore_lattice,1057,True,feasible,very_high_risk,gurobi:Optimal,gurobi,0.6758842468261719,0.37112993001937866,0.6668930557692555,4,"{""ExternalRiskEstimate"": 0.07475409836065572, ""NumSatisfactoryTrades"": 0.18481012658227847, ""MSinceMostRecentInqexcl7days"": 0.2, ""NumInqLast6M"": -0.03614100136158504}",0.37112993001937866,True
xcreditscore_lattice,1060,True,feasible,moderate_risk,gurobi:Optimal,gurobi,0.48150479793548584,0.3706490695476532,0.32927002240897596,2,"{""ExternalRiskEstimate"": 0.06464186487010248, ""NumSatisfactoryTrades"": 0.18481012658227847}",0.3706490695476532,True
xcreditscore_lattice,1062,True,feasible,high_risk,gurobi:Optimal,gurobi,0.5910897850990295,0.33568066358566284,0.8751033345423482,7,"{""ExternalRiskEstimate"": 0.07475409836065572, ""NumSatisfactoryTrades"": 0.1848101265822785, ""PercentTradesNeverDelq"": 0.07999999999999996, ""PercentInstallTrades"": -0.16714604862165888, ""MSinceMostRecentInqexcl7days"": 0.2, ""NumInqLast6M"": -0.030303030303030304, ""NetFractionRevolvingBurden"": -0.03879310344827586}",0.33568066358566284,True
xcreditscore_lattice,1063,True,feasible,very_high_risk,gurobi:Optimal,gurobi,0.7431188821792603,0.4084397256374359,1.248695927084138,7,"{""ExternalRiskEstimate"": 0.07475409836065572, ""NumSatisfactoryTrades"": 0.18481012658227852, ""PercentInstallTrades"": -0.17, ""MSinceMostRecentInqexcl7days"": 0.2, ""NetFractionRevolvingBurden"": -0.19762931034482759, ""NumRevolvingTradesWBalance"": -0.13109121984235883, ""NumBank2NatlTradesWHighUtilization"": -0.16666666666666666}",0.4084397256374359,True
xcreditscore_lattice,1064,True,feasible,moderate_risk,gurobi:Optimal|refined_2,gurobi,0.48637911677360535,0.41910964250564575,0.35067323962235714,4,"{""ExternalRiskEstimate"": 0.0228645560264511, ""NumSatisfactoryTrades"": 0.18481012658227847, ""PercentTradesNeverDelq"": 0.01200000000000001, ""MSinceMostRecentInqexcl7days"": 0.2}",0.41910964250564575,True
xcreditscore_lattice,1065,True,feasible,moderate_risk,gurobi:Optimal,gurobi,0.5111544132232666,0.3609903156757355,0.17014293624408205,2,"{""NumSatisfactoryTrades"": 0.1848101265822785, ""MSinceMostRecentInqexcl7days"": 0.03807641342765263}",0.3609903156757355,True
xcreditscore_lattice,1067,True,feasible,high_risk,gurobi:Optimal,gurobi,0.5607360005378723,0.33939504623413086,0.4403649772486946,3,"{""ExternalRiskEstimate"": 0.058615033816022954, ""NumSatisfactoryTrades"": 0.18481012658227847, ""MSinceMostRecentInqexcl7days"": 0.2}",0.33939504623413086,True
xcreditscore_lattice,1068,True,feasible,moderate_risk,gurobi:Optimal,gurobi,0.48150479793548584,0.3706490695476532,0.32927002240897596,2,"{""ExternalRiskEstimate"": 0.06464186487010248, ""NumSatisfactoryTrades"": 0.18481012658227847}",0.3706490695476532,True
xcreditscore_lattice,1070,True,feasible,high_risk,gurobi:Optimal|refined_9,gurobi,0.5472010374069214,0.41378071904182434,0.19465223111703028,2,"{""NumSatisfactoryTrades"": 0.17368171413059208, ""MSinceMostRecentInqexcl7days"": 0.09000000000000002}",0.41378071904182434,True
xcreditscore_lattice,1071,False,infeasible,very_high_risk,gurobi:Infeasible|refined_32,gurobi,0.8915936946868896,0.784552812576294,0.22123889433376126,3,"{""MSinceMostRecentDelq"": 0.15614457831325287, ""MSinceMostRecentInqexcl7days"": 0.12000000000000005, ""NumBank2NatlTradesWHighUtilization"": -0.033333333333333326}",0.784552812576294,False
xcreditscore_lattice,1073,False,infeasible,very_high_risk,gurobi:Optimal|refined_32,gurobi,0.769694447517395,0.4691464602947235,1.7014557322131518,11,"{""ExternalRiskEstimate"": 0.07475409836065572, ""NumSatisfactoryTrades"": 0.1848101265822785, ""PercentTradesNeverDelq"": 0.12, ""MSinceMostRecentDelq"": 0.1951807228915663, ""PercentInstallTrades"": -0.2, ""MSinceMostRecentInqexcl7days"": 0.19999999999999998, ""NumInqLast6M"": -0.030303030303030304, ""NetFractionRevolvingBurden"": -0.15948275862068964, ""NumRevolvingTradesWBalance"": -0.09281249999999985, ""PercentTradesWBalance"": -0.015000000000000013, ""InstallBurdenPerTrade"": -0.392553107724827}",0.4691464602947235,False
xcreditscore_lattice,1074,True,feasible,near_threshold,gurobi:Optimal,gurobi,0.45527344942092896,0.277775377035141,0.22770088400846042,2,"{""NumSatisfactoryTrades"": 0.18481012658227847, ""MSinceMostRecentInqexcl7days"": 0.12786569584936078}",0.277775377035141,True
xcreditscore_lattice,1075,False,infeasible,very_high_risk,gurobi:Optimal|refined_32,gurobi,0.8195065259933472,0.48495301604270935,1.6703991769254347,10,"{""ExternalRiskEstimate"": 0.07475409836065572, ""NumSatisfactoryTrades"": 0.18481012658227847, ""MSinceMostRecentDelq"": 0.19518072289156604, ""PercentInstallTrades"": -0.2, ""MSinceMostRecentInqexcl7days"": 0.2, ""NumInqLast6M"": -0.06363636363636364, ""NetFractionRevolvingBurden"": -0.19762931034482759, ""NumRevolvingTradesWBalance"": -0.05169181209469123, ""NumBank2NatlTradesWHighUtilization"": -0.16666666666666666, ""RevolvingBurdenPerTrade"": -0.04064039408866998}",0.48495301604270935,False
xcreditscore_lattice,1076,True,feasible,moderate_risk,gurobi:Optimal,gurobi,0.48150479793548584,0.3706490695476532,0.32927002240897596,2,"{""ExternalRiskEstimate"": 0.06464186487010248, ""NumSatisfactoryTrades"": 0.18481012658227847}",0.3706490695476532,True
xcreditscore_lattice,1077,False,infeasible,high_risk,gurobi:Optimal|refined_32,gurobi,0.6051366329193115,0.4413347840309143,0.7127078157861737,7,"{""ExternalRiskEstimate"": 0.07475409836065572, ""NumSatisfactoryTrades"": 0.18481012658227852, ""MSinceMostRecentDelq"": 0.05855421686746992, ""PercentInstallTrades"": -0.1200000000000001, ""MSinceMostRecentInqexcl7days"": 0.08333333333333337, ""NetFractionRevolvingBurden"": -0.0056700925924974555, ""PercentTradesWBalance"": -0.30000000000000004}",0.4413347840309143,False
xcreditscore_lattice,1078,False,infeasible,very_high_risk,gurobi:Infeasible|refined_32,gurobi,0.8666863441467285,0.7152804732322693,0.15550073130901,3,"{""PercentTradesNeverDelq"": 0.07999999999999996, ""MSinceMostRecentDelq"": 0.009759036144578317, ""MSinceMostRecentInqexcl7days"": 0.11000000000000004}",0.7152804732322693,False
xcreditscore_lattice,1079,False,infeasible,very_high_risk,gurobi:Infeasible|refined_32,gurobi,0.8065521121025085,0.640129566192627,0.14293575850335832,3,"{""PercentTradesNeverDelq"": 0.05999999999999994, ""MSinceMostRecentInqexcl7days"": 0.11000000000000004, ""NetFractionRevolvingBurden"": -0.009881465517241395}",0.640129566192627,False
xcreditscore_lattice,1082,False,infeasible,very_high_risk,gurobi:Infeasible|refined_32,gurobi,0.911005973815918,0.7817893028259277,0.2453331807067454,5,"{""NumSatisfactoryTrades"": 0.009240506329113926, ""MSinceMostRecentDelq"": 0.0487951807228916, ""MSinceMostRecentInqexcl7days"": 0.12000000000000005, ""NumRevolvingTradesWBalance"": -0.0390625, ""PercentTradesWBalance"": -0.13500000000000012}",0.7817893028259277,False
xcreditscore_lattice,1083,True,feasible,high_risk,gurobi:Optimal,gurobi,0.5493448972702026,0.3487582206726074,0.4393910595923925,3,"{""ExternalRiskEstimate"": 0.058272016219673484, ""NumSatisfactoryTrades"": 0.18481012658227852, ""MSinceMostRecentInqexcl7days"": 0.2}",0.3487582206726074,True
xcreditscore_lattice,1084,True,feasible,very_high_risk,gurobi:Optimal,gurobi,0.8111200928688049,0.29010844230651855,1.543519838830393,9,"{""ExternalRiskEstimate"": 0.07475409836065572, ""MSinceMostRecentTradeOpen"": -0.028720626631853787, ""NumSatisfactoryTrades"": 0.1848101265822785, ""PercentTradesNeverDelq"": 0.17999999999999994, ""PercentInstallTrades"": -0.2, ""MSinceMostRecentInqexcl7days"": 0.2, ""NetFractionRevolvingBurden"": -0.19762931034482759, ""NumRevolvingTradesWBalance"": -0.15243871179556706, ""NumBank2NatlTradesWHighUtilization"": -0.16666666666666666}",0.29010844230651855,True
xcreditscore_lattice,1085,True,feasible,high_risk,gurobi:Optimal|refined_7,gurobi,0.5540753602981567,0.4188656210899353,0.2034746125627216,2,"{""NumSatisfactoryTrades"": 0.18481012658227852, ""MSinceMostRecentInqexcl7days"": 0.09007318215913776}",0.4188656210899353,True
xcreditscore_lattice,1088,False,infeasible,very_high_risk,gurobi:Infeasible|refined_32,gurobi,0.7922032475471497,0.5875144600868225,0.2287922057988086,4,"{""PercentTradesNeverDelq"": 0.05849999999999955, ""MSinceMostRecentDelq"": 0.07807228915662655, ""PercentInstallTrades"": -0.08000000000000007, ""MSinceMostRecentInqexcl7days"": 0.11000000000000004}",0.5875144600868225,False
xcreditscore_lattice,1089,True,feasible,moderate_risk,gurobi:Optimal,gurobi,0.5131982564926147,0.3506922125816345,0.23012081718676186,2,"{""NumSatisfactoryTrades"": 0.18481012658227852, ""MSinceMostRecentInqexcl7days"": 0.13164074468323597}",0.3506922125816345,True
xcreditscore_lattice,1090,True,feasible,very_high_risk,gurobi:Optimal|refined_18,gurobi,0.8497439026832581,0.4181990325450897,1.413918595914253,10,"{""ExternalRiskEstimate"": 0.07475409836065572, ""MSinceMostRecentTradeOpen"": -0.010443864229765013, ""NumSatisfactoryTrades"": 0.18481012658227847, ""PercentTradesNeverDelq"": 0.19999999999999996, ""MSinceMostRecentDelq"": 0.07807228915662655, ""PercentInstallTrades"": -0.14000000000000012, ""MSinceMostRecentInqexcl7days"": 0.2, ""NumInqLast6M"": -0.015151515151515152, ""NetFractionRevolvingBurden"": -0.19762931034482759, ""NumBank2NatlTradesWHighUtilization"": -0.16666666666666666}",0.4181990325450897,True
xcreditscore_lattice,1094,True,feasible,high_risk,gurobi:Optimal|refined_16,gurobi,0.5739874839782715,0.4188154935836792,0.6979491575237744,6,"{""ExternalRiskEstimate"": 0.07475409836065572, ""NumSatisfactoryTrades"": 0.18481012658227852, ""MSinceMostRecentDelq"": 0.03903614457831328, ""MSinceMostRecentInqexcl7days"": 0.19999999999999996, ""NetFractionRevolvingBurden"": -0.05832855678643305, ""PercentTradesWBalance"": -0.18000000000000016}",0.4188154935836792,True
xcreditscore_lattice,1096,True,feasible,high_risk,gurobi:Optimal,gurobi,0.5893260836601257,0.3979315161705017,0.3581298707621905,3,"{""ExternalRiskEstimate"": 0.029651508635006762, ""NumSatisfactoryTrades"": 0.18481012658227847, ""MSinceMostRecentInqexcl7days"": 0.2}",0.3979315161705017,True
xcreditscore_lattice,1097,True,feasible,near_threshold,gurobi:Optimal|refined_1,gurobi,0.43051275610923767,0.4141101837158203,0.007286733776252583,1,"{""NumSatisfactoryTrades"": 0.009240506329113926}",0.4141101837158203,True
xcreditscore_lattice,1098,True,feasible,moderate_risk,gurobi:Optimal,gurobi,0.48150479793548584,0.3706490695476532,0.32927002240897596,2,"{""ExternalRiskEstimate"": 0.06464186487010248, ""NumSatisfactoryTrades"": 0.18481012658227847}",0.3706490695476532,True
xcreditscore_lattice,1099,True,feasible,high_risk,gurobi:Optimal,gurobi,0.602627694606781,0.3222927451133728,0.6189451108157857,4,"{""ExternalRiskEstimate"": 0.07475409836065572, ""NumSatisfactoryTrades"": 0.1848101265822785, ""MSinceMostRecentInqexcl7days"": 0.2, ""NetFractionRevolvingBurden"": -0.09822463024531908}",0.3222927451133728,True
xcreditscore_lattice,1102,True,feasible,moderate_risk,gurobi:Optimal,gurobi,0.48150479793548584,0.3706490695476532,0.32927002240897596,2,"{""ExternalRiskEstimate"": 0.06464186487010248, ""NumSatisfactoryTrades"": 0.18481012658227847}",0.3706490695476532,True
xcreditscore_lattice,1103,False,infeasible,very_high_risk,gurobi:Infeasible|refined_32,gurobi,0.8838967680931091,0.7777897119522095,0.11717817048131897,3,"{""NumSatisfactoryTrades"": 0.00924050632911394, ""PercentTradesNeverDelq"": 0.040000000000000036, ""MSinceMostRecentInqexcl7days"": 0.11000000000000004}",0.7777897119522095,False
xcreditscore_lattice,1104,True,feasible,very_high_risk,gurobi:Optimal|refined_22,gurobi,0.7348681688308716,0.4191209375858307,1.5971225947274124,11,"{""ExternalRiskEstimate"": 0.07475409836065572, ""NumSatisfactoryTrades"": 0.18481012658227847, ""PercentTradesNeverDelq"": 0.20000000000000007, ""MSinceMostRecentDelq"": 0.19518072289156613, ""PercentInstallTrades"": -0.2, ""MSinceMostRecentInqexcl7days"": 0.2, ""NumInqLast6M"": -0.015151515151515152, ""NetFractionRevolvingBurden"": -0.034482758620689655, ""NetFractionInstallBurden"": -0.050000000000000044, ""NumInstallTradesWBalance"": -0.0506853906682329, ""InstallBurdenPerTrade"": -0.4485714285714286}",0.4191209375858307,True
xcreditscore_lattice,1105,True,feasible,moderate_risk,gurobi:Optimal|refined_17,gurobi,0.47371622920036316,0.4199758470058441,0.3989999425440305,4,"{""ExternalRiskEstimate"": 0.0381517850608738, ""NumSatisfactoryTrades"": 0.18481012658227847, ""PercentTradesNeverDelq"": 0.017000000000000015, ""MSinceMostRecentInqexcl7days"": 0.19999999999999998}",0.4199758470058441,True
xcreditscore_lattice,1106,True,feasible,very_high_risk,gurobi:Optimal,gurobi,0.7103201746940613,0.41421788930892944,1.6789584727004752,9,"{""ExternalRiskEstimate"": 0.07475409836065572, ""NumSatisfactoryTrades"": 0.18481012658227847, ""PercentTradesNeverDelq"": 0.09999999999999998, ""PercentInstallTrades"": -0.2, ""MSinceMostRecentInqexcl7days"": 0.2, ""NetFractionRevolvingBurden"": -0.19762931034482759, ""NumRevolvingTradesWBalance"": -0.16875, ""NumInstallTradesWBalance"": -0.21856989965643095, ""NumBank2NatlTradesWHighUtilization"": -0.16666666666666666}",0.41421788930892944,True
xcreditscore_lattice,1107,True,feasible,high_risk,gurobi:Optimal,gurobi,0.5982576012611389,0.31636348366737366,0.46267262375896073,3,"{""ExternalRiskEstimate"": 0.06647187390578846, ""NumSatisfactoryTrades"": 0.1848101265822785, ""MSinceMostRecentInqexcl7days"": 0.2}",0.31636348366737366,True
xcreditscore_lattice,1108,True,feasible,high_risk,gurobi:Optimal,gurobi,0.5549036264419556,0.4117032289505005,0.3547272384285592,2,"{""ExternalRiskEstimate"": 0.0736079956228215, ""NumSatisfactoryTrades"": 0.18481012658227852}",0.4117032289505005,True
xcreditscore_lattice,1112,True,feasible,moderate_risk,gurobi:Optimal,gurobi,0.48150479793548584,0.3706490695476532,0.32927002240897596,2,"{""ExternalRiskEstimate"": 0.06464186487010248, ""NumSatisfactoryTrades"": 0.18481012658227847}",0.3706490695476532,True
xcreditscore_lattice,1114,True,feasible,near_threshold,gurobi:Optimal,gurobi,0.45629411935806274,0.3754699230194092,0.335621695843826,2,"{""ExternalRiskEstimate"": 0.0668789490222591, ""NumSatisfactoryTrades"": 0.18481012658227852}",0.3754699230194092,True
xcreditscore_lattice,1115,True,feasible,very_high_risk,gurobi:Optimal,gurobi,0.623428463935852,0.3970051407814026,0.46232639188313385,3,"{""ExternalRiskEstimate"": 0.06634992968898823, ""NumSatisfactoryTrades"": 0.18481012658227847, ""MSinceMostRecentInqexcl7days"": 0.2}",0.3970051407814026,True
xcreditscore_lattice,1119,True,feasible,very_high_risk,gurobi:Optimal,gurobi,0.7849650382995605,0.3320728838443756,1.6905301381418747,10,"{""ExternalRiskEstimate"": 0.07475409836065572, ""MSinceMostRecentTradeOpen"": -0.028720626631853787, ""NumSatisfactoryTrades"": 0.18481012658227852, ""PercentTradesNeverDelq"": 0.08999999999999997, ""PercentInstallTrades"": -0.2, ""MSinceMostRecentInqexcl7days"": 0.2, ""NetFractionRevolvingBurden"": -0.19762931034482759, ""NumRevolvingTradesWBalance"": -0.16875, ""NumBank2NatlTradesWHighUtilization"": -0.16666666666666666, ""InstallBurdenPerTrade"": -0.23926852847817257}",0.3320728838443756,True
xcreditscore_lattice,1120,True,feasible,very_high_risk,gurobi:Optimal|refined_30,gurobi,0.7746232748031616,0.4196968376636505,1.7873139950415713,15,"{""ExternalRiskEstimate"": 0.07475409836065572, ""MSinceMostRecentTradeOpen"": -0.00783289817232376, ""NumSatisfactoryTrades"": 0.1848101265822785, ""PercentTradesNeverDelq"": 0.06999999999999995, ""MSinceMostRecentDelq"": 0.19518072289156585, ""PercentInstallTrades"": -0.2, ""MSinceMostRecentInqexcl7days"": 0.2, ""NumInqLast6M"": -0.015151515151515152, ""NetFractionRevolvingBurden"": -0.16379310344827586, ""NetFractionInstallBurden"": -0.023724489795918347, ""NumRevolvingTradesWBalance"": -0.0625, ""NumInstallTradesWBalance"": -0.08646549290512716, ""NumBank2NatlTradesWHighUtilization"": -0.05555555555555555, ""RevolvingBurdenPerTrade"": -0.049137931034482774, ""InstallBurdenPerTrade"": -0.33214285714285713}",0.4196968376636505,True
xcreditscore_lattice,1121,False,infeasible,very_high_risk,gurobi:Infeasible|refined_32,gurobi,0.8618552088737488,0.7176519632339478,0.15826917641514582,3,"{""PercentTradesNeverDelq"": 0.07999999999999996, ""MSinceMostRecentInqexcl7days"": 0.11000000000000004, ""PercentTradesWBalance"": -0.015000000000000013}",0.7176519632339478,False
xcreditscore_lattice,1123,True,feasible,near_threshold,gurobi:Optimal,gurobi,0.4641162157058716,0.3625457286834717,0.38178809074154557,3,"{""ExternalRiskEstimate"": 0.037984025967157664, ""NumSatisfactoryTrades"": 0.18481012658227847, ""MSinceMostRecentInqexcl7days"": 0.2}",0.3625457286834717,True
xcreditscore_lattice,1125,True,feasible,very_high_risk,gurobi:Optimal|refined_11,gurobi,0.7512063980102539,0.41390177607536316,0.8575750505469253,7,"{""ExternalRiskEstimate"": 0.07475409836065572, ""NumSatisfactoryTrades"": 0.18481012658227852, ""PercentTradesNeverDelq"": 0.08602440096226993, ""MSinceMostRecentDelq"": 0.02927710843373496, ""MSinceMostRecentInqexcl7days"": 0.2, ""NumInqLast6M"": -0.015151515151515152, ""NetFractionRevolvingBurden"": -0.14224137931034483}",0.41390177607536316,True
xcreditscore_lattice,1126,True,feasible,near_threshold,gurobi:Optimal,gurobi,0.4526834785938263,0.29825928807258606,0.22171092104476936,2,"{""NumSatisfactoryTrades"": 0.18481012658227847, ""MSinceMostRecentInqexcl7days"": 0.11852146977576743}",0.29825928807258606,True
xcreditscore_lattice,1129,True,feasible,very_high_risk,gurobi:Optimal,gurobi,0.6969722509384155,0.306098610162735,0.9786476136528058,6,"{""ExternalRiskEstimate"": 0.07475409836065572, ""NumSatisfactoryTrades"": 0.18481012658227847, ""PercentTradesNeverDelq"": 0.14, ""MSinceMostRecentInqexcl7days"": 0.2, ""NetFractionRevolvingBurden"": -0.19762931034482759, ""NumBank2NatlTradesWHighUtilization"": -0.06540272756596069}",0.306098610162735,True
xcreditscore_lattice,1130,False,infeasible,very_high_risk,gurobi:Infeasible|refined_32,gurobi,0.9211539030075073,0.7858578562736511,0.23108894398852917,4,"{""NumSatisfactoryTrades"": 0.06468354430379747, ""MSinceMostRecentDelq"": 0.0487951807228916, ""MSinceMostRecentInqexcl7days"": 0.12000000000000005, ""PercentTradesWBalance"": -0.1200000000000001}",0.7858578562736511,False
xcreditscore_lattice,1131,False,infeasible,very_high_risk,gurobi:Infeasible|refined_32,gurobi,0.9165425896644592,0.799140453338623,0.24704644693049282,4,"{""MSinceMostRecentDelq"": 0.0487951807228916, ""MSinceMostRecentInqexcl7days"": 0.12000000000000005, ""NumRevolvingTradesWBalance"": -0.0390625, ""PercentTradesWBalance"": -0.15000000000000013}",0.799140453338623,False
xcreditscore_lattice,1134,True,feasible,moderate_risk,gurobi:Optimal,gurobi,0.4837486743927002,0.3150083124637604,0.4146661212493694,3,"{""ExternalRiskEstimate"": 0.04956379652016174, ""NumSatisfactoryTrades"": 0.18481012658227847, ""MSinceMostRecentInqexcl7days"": 0.2}",0.3150083124637604,True
xcreditscore_lattice,1136,False,infeasible,very_high_risk,gurobi:Infeasible|refined_32,gurobi,0.9159563183784485,0.8190949559211731,0.24041998958991478,3,"{""MSinceMostRecentDelq"": 0.1366265060240963, ""PercentInstallTrades"": -0.1200000000000001, ""MSinceMostRecentInqexcl7days"": 0.12000000000000005}",0.8190949559211731,False
xcreditscore_lattice,1138,False,infeasible,very_high_risk,gurobi:Infeasible|refined_32,gurobi,0.8418101072311401,0.6782001256942749,0.22788218099352037,4,"{""NumSatisfactoryTrades"": 0.07392405063291152, ""PercentTradesNeverDelq"": 0.050000000000000044, ""MSinceMostRecentDelq"": 0.07807228915662655, ""MSinceMostRecentInqexcl7days"": 0.11000000000000004}",0.6782001256942749,False
xcreditscore_lattice,1139,True,feasible,very_high_risk,gurobi:Optimal,gurobi,0.6490107178688049,0.2592170834541321,0.7100589187883694,4,"{""ExternalRiskEstimate"": 0.07475409836065572, ""NumSatisfactoryTrades"": 0.1848101265822785, ""MSinceMostRecentInqexcl7days"": 0.2, ""NetFractionRevolvingBurden"": -0.16563814462515458}",0.2592170834541321,True
xcreditscore_lattice,1140,True,feasible,moderate_risk,gurobi:Optimal|refined_6,gurobi,0.4974285662174225,0.40843304991722107,0.07200066339736932,2,"{""NumSatisfactoryTrades"": 0.04253127506048199, ""MSinceMostRecentInqexcl7days"": 0.06000000000000001}",0.40843304991722107,True
xcreditscore_lattice,1142,True,feasible,very_high_risk,gurobi:Optimal,gurobi,0.698286235332489,0.332902193069458,0.6998279139575672,4,"{""ExternalRiskEstimate"": 0.07475409836065572, ""NumSatisfactoryTrades"": 0.18481012658227852, ""MSinceMostRecentInqexcl7days"": 0.2, ""NetFractionRevolvingBurden"": -0.15806840292926375}",0.332902193069458,True
xcreditscore_lattice,1143,False,infeasible,very_high_risk,gurobi:Optimal|refined_32,gurobi,0.769377589225769,0.44324374198913574,0.5647041480123419,5,"{""ExternalRiskEstimate"": 0.05714717718027418, ""NumSatisfactoryTrades"": 0.18481012658227847, ""PercentTradesNeverDelq"": 0.17999999999999994, ""MSinceMostRecentInqexcl7days"": 0.11000000000000004, ""PercentTradesWBalance"": -0.015000000000000013}",0.44324374198913574,False
xcreditscore_lattice,1146,True,feasible,very_high_risk,gurobi:Optimal,gurobi,0.7020096778869629,0.39916208386421204,0.3976538301286731,3,"{""ExternalRiskEstimate"": 0.043572001247884296, ""NumSatisfactoryTrades"": 0.1848101265822785, ""MSinceMostRecentInqexcl7days"": 0.2}",0.39916208386421204,True
xcreditscore_lattice,1150,False,infeasible,very_high_risk,gurobi:Infeasible|refined_32,gurobi,0.8756924867630005,0.6754623651504517,0.2533851065998703,6,"{""NumSatisfactoryTrades"": 0.06468354430379747, ""MSinceMostRecentDelq"": 0.0487951807228916, ""PercentInstallTrades"": -0.06000000000000005, ""MSinceMostRecentInqexcl7days"": 0.12000000000000005, ""PercentTradesWBalance"": -0.06000000000000005, ""InstallBurdenPerTrade"": -0.02242857142857141}",0.6754623651504517,False
xcreditscore_lattice,1151,False,near_feasible,very_high_risk,gurobi:Optimal|refined_32,gurobi,0.8474018573760986,0.439037948846817,2.157152378742511,15,"{""ExternalRiskEstimate"": 0.07475409836065572, ""MSinceMostRecentTradeOpen"": -0.028720626631853787, ""NumSatisfactoryTrades"": 0.1848101265822785, ""MSinceMostRecentDelq"": 0.19518072289156632, ""PercentInstallTrades"": -0.2, ""MSinceMostRecentInqexcl7days"": 0.2, ""NumInqLast6M"": -0.030303030303030304, ""NetFractionRevolvingBurden"": -0.19762931034482759, ""NumRevolvingTradesWBalance"": -0.15625, ""NumInstallTradesWBalance"": -0.05555555555555555, ""NumBank2NatlTradesWHighUtilization"": -0.05555555555555555, ""PercentTradesWBalance"": -0.2250000000000002, ""InquiryToTradeRatio"": -0.009459998970887664, ""RevolvingBurdenPerTrade"": -0.07327586206896551, ""InstallBurdenPerTrade"": -0.3619047619047619}",0.439037948846817,False
xcreditscore_lattice,1152,True,feasible,high_risk,gurobi:Optimal|refined_11,gurobi,0.521154522895813,0.41559359431266785,0.40929289217555676,4,"{""ExternalRiskEstimate"": 0.020973511838977, ""NumSatisfactoryTrades"": 0.18481012658227852, ""PercentTradesNeverDelq"": 0.07700000000000007, ""MSinceMostRecentInqexcl7days"": 0.2}",0.41559359431266785,True
xcreditscore_lattice,1153,True,feasible,moderate_risk,gurobi:Optimal,gurobi,0.48150479793548584,0.3706490695476532,0.32927002240897596,2,"{""ExternalRiskEstimate"": 0.06464186487010248, ""NumSatisfactoryTrades"": 0.18481012658227847}",0.3706490695476532,True
xcreditscore_lattice,1154,False,infeasible,very_high_risk,gurobi:Infeasible|refined_32,gurobi,0.8296652436256409,0.6936851143836975,0.23984144294422832,4,"{""NumSatisfactoryTrades"": 0.02772151898734178, ""MSinceMostRecentDelq"": 0.15614457831325312, ""MSinceMostRecentInqexcl7days"": 0.07000000000000003, ""NetFractionRevolvingBurden"": -0.05431034482758623}",0.6936851143836975,False
xcreditscore_lattice,1156,True,feasible,very_high_risk,gurobi:Optimal,gurobi,0.7240309119224548,0.3607523739337921,0.903106908177068,5,"{""ExternalRiskEstimate"": 0.07475409836065572, ""NumSatisfactoryTrades"": 0.1848101265822785, ""MSinceMostRecentInqexcl7days"": 0.2, ""NumInqLast6M"": -0.030303030303030304, ""NetFractionRevolvingBurden"": -0.196367565615508}",0.3607523739337921,True
xcreditscore_lattice,1157,False,infeasible,very_high_risk,gurobi:Infeasible|refined_32,gurobi,0.950908899307251,0.808151125907898,0.2910409390981475,3,"{""MSinceMostRecentInqexcl7days"": 0.11000000000000004, ""NumRevolvingTradesWBalance"": -0.16874999999999973, ""PercentTradesWBalance"": -0.015000000000000013}",0.808151125907898,False
xcreditscore_lattice,1158,True,feasible,moderate_risk,gurobi:Optimal,gurobi,0.48150479793548584,0.3706490695476532,0.32927002240897596,2,"{""ExternalRiskEstimate"": 0.06464186487010248, ""NumSatisfactoryTrades"": 0.18481012658227847}",0.3706490695476532,True
xcreditscore_lattice,1159,False,infeasible,very_high_risk,gurobi:Infeasible|refined_32,gurobi,0.8359238505363464,0.6137803792953491,0.2145673408741293,3,"{""PercentTradesNeverDelq"": 0.14, ""MSinceMostRecentDelq"": 0.00975903614457832, ""MSinceMostRecentInqexcl7days"": 0.11000000000000004}",0.6137803792953491,False
xcreditscore_lattice,1160,True,feasible,near_threshold,gurobi:Optimal|refined_2,gurobi,0.45966196060180664,0.4172603487968445,0.058955590103820704,2,"{""NumSatisfactoryTrades"": 0.05850495079828219, ""MSinceMostRecentInqexcl7days"": 0.020000000000000004}",0.4172603487968445,True
xcreditscore_lattice,1161,True,feasible,very_high_risk,gurobi:Optimal,gurobi,0.7366194128990173,0.354014128446579,1.061902003582551,7,"{""ExternalRiskEstimate"": 0.07475409836065572, ""NumSatisfactoryTrades"": 0.1848101265822785, ""PercentTradesNeverDelq"": 0.19999999999999996, ""PercentInstallTrades"": -0.2, ""MSinceMostRecentInqexcl7days"": 0.2, ""NetFractionRevolvingBurden"": -0.09913793103448276, ""NumRevolvingTradesWBalance"": -0.09393217880925742}",0.354014128446579,True
xcreditscore_lattice,1162,True,feasible,very_high_risk,gurobi:Optimal|refined_25,gurobi,0.6696507930755615,0.41828128695487976,1.3217579405274194,9,"{""ExternalRiskEstimate"": 0.07475409836065572, ""NumSatisfactoryTrades"": 0.18481012658227852, ""PercentTradesNeverDelq"": 0.049999999999998934, ""MSinceMostRecentDelq"": 0.04879518072289158, ""PercentInstallTrades"": -0.2, ""MSinceMostRecentInqexcl7days"": 0.2, ""NetFractionRevolvingBurden"": -0.19762931034482759, ""NumRevolvingTradesWBalance"": -0.11004487538658556, ""NumBank2NatlTradesWHighUtilization"": -0.16666666666666663}",0.41828128695487976,True
xcreditscore_lattice,1163,True,feasible,high_risk,gurobi:Optimal|refined_11,gurobi,0.5733387470245361,0.4141824543476105,0.6461716386304444,6,"{""ExternalRiskEstimate"": 0.07475409836065572, ""NumSatisfactoryTrades"": 0.18481012658227852, ""PercentInstallTrades"": -0.10000000000000009, ""MSinceMostRecentInqexcl7days"": 0.2, ""NetFractionRevolvingBurden"": -0.031399455007628, ""PercentTradesWBalance"": -0.09000000000000008}",0.4141824543476105,True
xcreditscore_lattice,1164,False,infeasible,very_high_risk,gurobi:Infeasible|refined_32,gurobi,0.8191080093383789,0.530432403087616,0.3015520447814879,3,"{""NumSatisfactoryTrades"": 0.06468354430379747, ""MSinceMostRecentInqexcl7days"": 0.12000000000000005, ""NetFractionRevolvingBurden"": -0.12845905172413813}",0.530432403087616,False
xcreditscore_lattice,1165,False,infeasible,very_high_risk,gurobi:Infeasible|refined_32,gurobi,0.8971078395843506,0.7879756689071655,0.20894138313944255,3,"{""NumSatisfactoryTrades"": 0.06468354430379758, ""MSinceMostRecentDelq"": 0.12686746987951816, ""MSinceMostRecentInqexcl7days"": 0.12000000000000005}",0.7879756689071655,False
xcreditscore_lattice,1166,True,feasible,very_high_risk,gurobi:Optimal,gurobi,0.7420819997787476,0.37829166650772095,1.6856400986970994,11,"{""ExternalRiskEstimate"": 0.07475409836065572, ""MSinceMostRecentTradeOpen"": -0.013054830287206266, ""NumSatisfactoryTrades"": 0.18481012658227852, ""PercentTradesNeverDelq"": 0.030000000000000027, ""PercentInstallTrades"": -0.2, ""MSinceMostRecentInqexcl7days"": 0.2, ""NetFractionRevolvingBurden"": -0.19762931034482759, ""NumRevolvingTradesWBalance"": -0.16875, ""NumInstallTradesWBalance"": -0.14818804588340548, ""NumBank2NatlTradesWHighUtilization"": -0.16666666666666666, ""InstallBurdenPerTrade"": -0.14285714285714285}",0.37829166650772095,True
xcreditscore_lattice,1167,False,infeasible,very_high_risk,gurobi:Infeasible|refined_32,gurobi,0.9328936338424683,0.761566162109375,0.27477132640048296,4,"{""NumSatisfactoryTrades"": 0.07392405063291141, ""MSinceMostRecentDelq"": 0.01951807228915664, ""PercentInstallTrades"": -0.2, ""MSinceMostRecentInqexcl7days"": 0.12000000000000005}",0.761566162109375,False
xcreditscore_lattice,1168,False,infeasible,very_high_risk,gurobi:Infeasible|refined_32,gurobi,0.879875898361206,0.7238984107971191,0.2244117758016482,3,"{""PercentTradesNeverDelq"": 0.14999999999999902, ""MSinceMostRecentDelq"": 0.00975903614457832, ""MSinceMostRecentInqexcl7days"": 0.11000000000000004}",0.7238984107971191,False
xcreditscore_lattice,1169,True,feasible,near_threshold,gurobi:Optimal,gurobi,0.43655577301979065,0.25970932841300964,0.22447775996621855,2,"{""NumSatisfactoryTrades"": 0.18481012658227852, ""MSinceMostRecentInqexcl7days"": 0.12283768484219691}",0.25970932841300964,True
xcreditscore_lattice,1170,True,feasible,moderate_risk,gurobi:Optimal,gurobi,0.48150479793548584,0.3706490695476532,0.32927002240897596,2,"{""ExternalRiskEstimate"": 0.06464186487010248, ""NumSatisfactoryTrades"": 0.18481012658227847}",0.3706490695476532,True
xcreditscore_lattice,1171,True,feasible,very_high_risk,gurobi:Optimal,gurobi,0.717864990234375,0.40023618936538696,0.9338641075444041,6,"{""ExternalRiskEstimate"": 0.07475409836065572, ""NumSatisfactoryTrades"": 0.18481012658227852, ""MSinceMostRecentInqexcl7days"": 0.2, ""NumInqLast6M"": -0.015151515151515152, ""NetFractionRevolvingBurden"": -0.19762931034482759, ""NumBank2NatlTradesWHighUtilization"": -0.07831538819921526}",0.40023618936538696,True
xcreditscore_lattice,1172,True,feasible,high_risk,gurobi:Optimal,gurobi,0.6185141205787659,0.34231552481651306,1.07082126917464,6,"{""ExternalRiskEstimate"": 0.07475409836065572, ""NumSatisfactoryTrades"": 0.18481012658227852, ""PercentTradesNeverDelq"": 0.19999999999999996, ""MSinceMostRecentInqexcl7days"": 0.2, ""NumInqLast6M"": -0.015151515151515152, ""InstallBurdenPerTrade"": -0.3469382565050913}",0.34231552481651306,True
xcreditscore_lattice,1173,False,near_feasible,very_high_risk,gurobi:Optimal|refined_32,gurobi,0.7564847469329834,0.4296196699142456,0.9031140652823149,7,"{""ExternalRiskEstimate"": 0.07475409836065572, ""NumSatisfactoryTrades"": 0.1848101265822785, ""MSinceMostRecentDelq"": 0.1951807228915663, ""MSinceMostRecentInqexcl7days"": 0.2, ""NumInqLast6M"": -0.015151515151515152, ""NetFractionRevolvingBurden"": -0.06630900994074806, ""NumRevolvingTradesWBalance"": -0.10124999999999985}",0.4296196699142456,False
xcreditscore_lattice,1174,False,infeasible,high_risk,gurobi:Optimal|refined_32,gurobi,0.5777495503425598,0.48446452617645264,0.5195720686014751,5,"{""ExternalRiskEstimate"": 0.04977299994597317, ""NumSatisfactoryTrades"": 0.18481012658227852, ""PercentTradesNeverDelq"": 0.030000000000000027, ""MSinceMostRecentDelq"": 0.11710843373493984, ""MSinceMostRecentInqexcl7days"": 0.19999999999999996}",0.48446452617645264,False
xcreditscore_lattice,1176,False,near_feasible,very_high_risk,gurobi:Optimal|refined_32,gurobi,0.8119944334030151,0.4290143549442291,1.1152443087473316,8,"{""ExternalRiskEstimate"": 0.07475409836065572, ""NumSatisfactoryTrades"": 0.18481012658227847, ""PercentTradesNeverDelq"": 0.18999999999999995, ""MSinceMostRecentDelq"": 0.19518072289156593, ""MSinceMostRecentInqexcl7days"": 0.2, ""NumInqLast6M"": -0.045454545454545456, ""NetFractionInstallBurden"": -0.050000000000000044, ""RevolvingBurdenPerTrade"": -0.0103448275862069}",0.4290143549442291,False
xcreditscore_lattice,1178,False,infeasible,very_high_risk,gurobi:Infeasible|refined_32,gurobi,0.8919210433959961,0.7459421157836914,0.29985044528757665,5,"{""NumSatisfactoryTrades"": 0.05544303797468364, ""MSinceMostRecentDelq"": 0.00975903614457832, ""PercentInstallTrades"": -0.020000000000000018, ""MSinceMostRecentInqexcl7days"": 0.12000000000000005, ""NetFractionRevolvingBurden"": -0.11857758620689673}",0.7459421157836914,False
xcreditscore_lattice,1179,True,feasible,very_high_risk,gurobi:Optimal|refined_1,gurobi,0.7503954768180847,0.41440024971961975,0.6317495453913156,4,"{""ExternalRiskEstimate"": 0.07475409836065572, ""NumSatisfactoryTrades"": 0.18481012658227847, ""PercentTradesNeverDelq"": 0.14786170816475375, ""MSinceMostRecentInqexcl7days"": 0.2}",0.41440024971961975,True
xcreditscore_lattice,1180,True,feasible,moderate_risk,gurobi:Optimal,gurobi,0.47922202944755554,0.36409464478492737,0.428961411227359,3,"{""ExternalRiskEstimate"": 0.05459865339500969, ""NumSatisfactoryTrades"": 0.1848101265822785, ""MSinceMostRecentInqexcl7days"": 0.2}",0.36409464478492737,True
xcreditscore_lattice,1184,True,feasible,very_high_risk,gurobi:Optimal,gurobi,0.7404713034629822,0.39775875210762024,1.2916987461659595,8,"{""ExternalRiskEstimate"": 0.07475409836065572, ""MSinceMostRecentTradeOpen"": -0.04960835509138381, ""NumSatisfactoryTrades"": 0.18481012658227852, ""PercentTradesNeverDelq"": 0.19999999999999996, ""PercentInstallTrades"": -0.19999999999999996, ""MSinceMostRecentInqexcl7days"": 0.2, ""NumBank2NatlTradesWHighUtilization"": -0.05555555555555555, ""InstallBurdenPerTrade"": -0.31488280065262836}",0.39775875210762024,True
xcreditscore_lattice,1186,True,feasible,very_high_risk,gurobi:Optimal,gurobi,0.7284581065177917,0.3766939043998718,0.7687011595236304,5,"{""ExternalRiskEstimate"": 0.07475409836065572, ""NumSatisfactoryTrades"": 0.18481012658227847, ""PercentTradesNeverDelq"": 0.015647492020280818, ""MSinceMostRecentInqexcl7days"": 0.2, ""NetFractionRevolvingBurden"": -0.19762931034482759}",0.3766939043998718,True
xcreditscore_lattice,1187,True,feasible,very_high_risk,gurobi:Optimal|refined_3,gurobi,0.7830885052680969,0.41691985726356506,1.5211680900604092,11,"{""ExternalRiskEstimate"": 0.07475409836065572, ""NumSatisfactoryTrades"": 0.18481012658227852, ""PercentTradesNeverDelq"": 0.19999999999999996, ""PercentInstallTrades"": -0.2, ""MSinceMostRecentInqexcl7days"": 0.2, ""NumInqLast6M"": -0.015151515151515152, ""NetFractionRevolvingBurden"": -0.19762931034482759, ""NumRevolvingTradesWBalance"": -0.09375, ""NumBank2NatlTradesWHighUtilization"": -0.05555555555555555, ""PercentTradesWBalance"": -0.04500000000000004, ""InstallBurdenPerTrade"": -0.16599166833943585}",0.41691985726356506,True
xcreditscore_lattice,1188,True,feasible,high_risk,gurobi:Optimal|refined_7,gurobi,0.5246477723121643,0.4195845425128937,0.15983073152788388,2,"{""NumSatisfactoryTrades"": 0.145781863366985, ""MSinceMostRecentInqexcl7days"": 0.07}",0.4195845425128937,True
xcreditscore_lattice,1189,False,infeasible,very_high_risk,gurobi:Infeasible|refined_32,gurobi,0.9173720479011536,0.751471221446991,0.27363395043924854,3,"{""PercentTradesNeverDelq"": 0.19999999999999996, ""MSinceMostRecentDelq"": 0.00975903614457832, ""MSinceMostRecentInqexcl7days"": 0.11000000000000004}",0.751471221446991,False
xcreditscore_lattice,1190,True,feasible,moderate_risk,gurobi:Optimal|refined_3,gurobi,0.49430257081985474,0.41235291957855225,0.1569226876493539,2,"{""NumSatisfactoryTrades"": 0.17461058326368778, ""MSinceMostRecentInqexcl7days"": 0.030000000000000006}",0.41235291957855225,True
xcreditscore_lattice,1194,True,feasible,very_high_risk,gurobi:Optimal,gurobi,0.6923229098320007,0.33844467997550964,0.6641418053627857,4,"{""ExternalRiskEstimate"": 0.07475409836065572, ""NumSatisfactoryTrades"": 0.18481012658227847, ""MSinceMostRecentInqexcl7days"": 0.2, ""NetFractionRevolvingBurden"": -0.13166487476546931}",0.33844467997550964,True
xcreditscore_lattice,1199,True,feasible,high_risk,gurobi:Optimal,gurobi,0.5923337340354919,0.2603662312030792,0.8100167317436692,5,"{""ExternalRiskEstimate"": 0.07475409836065572, ""NumSatisfactoryTrades"": 0.18481012658227852, ""PercentTradesNeverDelq"": 0.0576159468114672, ""MSinceMostRecentInqexcl7days"": 0.2, ""NetFractionRevolvingBurden"": -0.19762931034482759}",0.2603662312030792,True
xcreditscore_lattice,1202,False,infeasible,very_high_risk,gurobi:Infeasible|refined_32,gurobi,0.6640487909317017,0.5461373329162598,0.20121721317501606,3,"{""PercentTradesNeverDelq"": 0.12, ""MSinceMostRecentDelq"": 0.08783132530120485, ""PercentTradesWBalance"": -0.04500000000000004}",0.5461373329162598,False
xcreditscore_lattice,1204,True,feasible,moderate_risk,gurobi:Optimal,gurobi,0.48150479793548584,0.3706490695476532,0.32927002240897596,2,"{""ExternalRiskEstimate"": 0.06464186487010248, ""NumSatisfactoryTrades"": 0.18481012658227847}",0.3706490695476532,True
xcreditscore_lattice,1205,True,feasible,moderate_risk,gurobi:Optimal,gurobi,0.48150479793548584,0.3706490695476532,0.32927002240897596,2,"{""ExternalRiskEstimate"": 0.06464186487010248, ""NumSatisfactoryTrades"": 0.18481012658227847}",0.3706490695476532,True
xcreditscore_lattice,1206,True,feasible,very_high_risk,gurobi:Optimal,gurobi,0.672665536403656,0.3607039749622345,1.1789346239976743,8,"{""ExternalRiskEstimate"": 0.07475409836065572, ""MSinceMostRecentTradeOpen"": -0.03655352480417755, ""NumSatisfactoryTrades"": 0.18481012658227852, ""PercentTradesNeverDelq"": 0.20000000000000007, ""PercentInstallTrades"": -0.2, ""MSinceMostRecentInqexcl7days"": 0.2, ""NetFractionRevolvingBurden"": -0.05172413793103448, ""InstallBurdenPerTrade"": -0.23071822247430931}",0.3607039749622345,True
xcreditscore_lattice,1207,False,infeasible,very_high_risk,gurobi:Infeasible|refined_32,gurobi,0.8551835417747498,0.6409248113632202,0.28115063623523867,3,"{""PercentTradesNeverDelq"": 0.11899999999999933, ""MSinceMostRecentInqexcl7days"": 0.11000000000000004, ""NetFractionRevolvingBurden"": -0.06917025862068976}",0.6409248113632202,False
xcreditscore_lattice,1208,True,feasible,high_risk,gurobi:Optimal,gurobi,0.5995208024978638,0.4101528823375702,1.4137737795470235,9,"{""ExternalRiskEstimate"": 0.07475409836065572, ""NumSatisfactoryTrades"": 0.18481012658227852, ""PercentInstallTrades"": -0.2, ""MSinceMostRecentInqexcl7days"": 0.2, ""NumInqLast6M"": -0.030303030303030304, ""NetFractionRevolvingBurden"": -0.19762931034482759, ""NumRevolvingTradesWBalance"": -0.125, ""NumBank2NatlTradesWHighUtilization"": -0.05555555555555555, ""InstallBurdenPerTrade"": -0.1677321044140721}",0.4101528823375702,True
xcreditscore_lattice,1211,True,feasible,high_risk,gurobi:Optimal|refined_11,gurobi,0.583325982093811,0.41730114817619324,0.8112913638033771,5,"{""ExternalRiskEstimate"": 0.07475409836065572, ""NumSatisfactoryTrades"": 0.18481012658227847, ""PercentTradesNeverDelq"": 0.10449999999999948, ""MSinceMostRecentInqexcl7days"": 0.19999999999999998, ""NumInqLast6M"": -0.04444579396989291}",0.41730114817619324,True
xcreditscore_lattice,1212,False,infeasible,very_high_risk,gurobi:Infeasible|refined_32,gurobi,0.7890405058860779,0.5871433615684509,0.2574008148062991,4,"{""NumSatisfactoryTrades"": 0.02772151898734178, ""MSinceMostRecentDelq"": 0.08783132530120483, ""MSinceMostRecentInqexcl7days"": 0.12000000000000005, ""NetFractionRevolvingBurden"": -0.0758620689655172}",0.5871433615684509,False
xcreditscore_lattice,1213,True,feasible,very_high_risk,gurobi:Optimal,gurobi,0.7492363452911377,0.35666075348854065,1.0286952221621535,7,"{""ExternalRiskEstimate"": 0.07475409836065572, ""NumSatisfactoryTrades"": 0.18481012658227852, ""PercentTradesNeverDelq"": 0.10999999999999999, ""MSinceMostRecentInqexcl7days"": 0.2, ""NumInqLast6M"": -0.015151515151515152, ""NetFractionRevolvingBurden"": -0.19762931034482759, ""NumBank2NatlTradesWHighUtilization"": -0.06825959000033054}",0.35666075348854065,True
xcreditscore_lattice,1214,True,feasible,near_threshold,gurobi:Optimal,gurobi,0.4365217089653015,0.28268420696258545,0.24972145343855212,2,"{""NumSatisfactoryTrades"": 0.18481012658227847, ""MSinceMostRecentInqexcl7days"": 0.1622173571653502}",0.28268420696258545,True
xcreditscore_lattice,1216,True,feasible,near_threshold,gurobi:Optimal,gurobi,0.42262837290763855,0.2565048635005951,0.2101755443715772,2,"{""NumSatisfactoryTrades"": 0.18481012658227847, ""MSinceMostRecentInqexcl7days"": 0.10052650584498177}",0.2565048635005951,True
xcreditscore_lattice,1217,True,feasible,very_high_risk,gurobi:Optimal,gurobi,0.6804141402244568,0.41146349906921387,0.5221439448054107,4,"{""ExternalRiskEstimate"": 0.07475409836065572, ""NumSatisfactoryTrades"": 0.1848101265822785, ""MSinceMostRecentInqexcl7days"": 0.2, ""NumInqLast6M"": -0.007191179168816064}",0.41146349906921387,True
xcreditscore_lattice,1218,True,feasible,very_high_risk,gurobi:Optimal,gurobi,0.6861397624015808,0.3081868588924408,1.0988091573541814,7,"{""ExternalRiskEstimate"": 0.07475409836065572, ""NumSatisfactoryTrades"": 0.18481012658227852, ""PercentTradesNeverDelq"": 0.13, ""MSinceMostRecentInqexcl7days"": 0.2, ""NumInqLast6M"": -0.015151515151515152, ""NetFractionRevolvingBurden"": -0.15948275862068964, ""NumBank2NatlTradesWHighUtilization"": -0.14446274568533876}",0.3081868588924408,True
xcreditscore_lattice,1219,True,feasible,moderate_risk,gurobi:Optimal,gurobi,0.48150479793548584,0.3706490695476532,0.32927002240897596,2,"{""ExternalRiskEstimate"": 0.06464186487010248, ""NumSatisfactoryTrades"": 0.18481012658227847}",0.3706490695476532,True
xcreditscore_lattice,1221,True,feasible,moderate_risk,gurobi:Optimal|refined_6,gurobi,0.49391746520996094,0.40561148524284363,0.11817609035807886,2,"{""NumSatisfactoryTrades"": 0.10108759647715504, ""MSinceMostRecentInqexcl7days"": 0.06000000000000001}",0.40561148524284363,True
xcreditscore_lattice,1223,True,feasible,very_high_risk,gurobi:Optimal,gurobi,0.7339184284210205,0.38340598344802856,1.3818333409437136,10,"{""ExternalRiskEstimate"": 0.07475409836065572, ""NumSatisfactoryTrades"": 0.18481012658227847, ""PercentTradesNeverDelq"": 0.04999999999999993, ""PercentInstallTrades"": -0.2, ""MSinceMostRecentInqexcl7days"": 0.2, ""NumInqLast6M"": -0.015151515151515152, ""NetFractionRevolvingBurden"": -0.19762931034482759, ""NumRevolvingTradesWBalance"": -0.15625, ""NumBank2NatlTradesWHighUtilization"": -0.1111111111111111, ""InstallBurdenPerTrade"": -0.03548224708842923}",0.38340598344802856,True
xcreditscore_lattice,1224,True,feasible,very_high_risk,gurobi:Optimal,gurobi,0.7590728998184204,0.33589354157447815,1.149445406804174,7,"{""ExternalRiskEstimate"": 0.07475409836065572, ""NumSatisfactoryTrades"": 0.18481012658227852, ""PercentTradesNeverDelq"": 0.19999999999999996, ""PercentInstallTrades"": -0.1943531988334779, ""MSinceMostRecentInqexcl7days"": 0.2, ""NumInqLast6M"": -0.015151515151515152, ""NetFractionRevolvingBurden"": -0.19762931034482759}",0.33589354157447815,True
xcreditscore_lattice,1225,False,infeasible,very_high_risk,gurobi:Infeasible|refined_32,gurobi,0.935113787651062,0.8247224688529968,0.28297602328132343,3,"{""PercentTradesNeverDelq"": 0.19000000000000017, ""PercentInstallTrades"": -0.040000000000000036, ""MSinceMostRecentInqexcl7days"": 0.11000000000000004}",0.8247224688529968,False
xcreditscore_lattice,1226,True,feasible,high_risk,gurobi:Optimal,gurobi,0.5967885255813599,0.3956875801086426,0.23961620967041705,2,"{""NumSatisfactoryTrades"": 0.1848101265822785, ""MSinceMostRecentInqexcl7days"": 0.14645337283513002}",0.3956875801086426,True
xcreditscore_lattice,1227,False,infeasible,very_high_risk,gurobi:Infeasible|refined_32,gurobi,0.9028597474098206,0.7203463315963745,0.28011142687711377,3,"{""PercentTradesNeverDelq"": 0.19999999999999996, ""PercentInstallTrades"": -0.020000000000000018, ""MSinceMostRecentInqexcl7days"": 0.11000000000000004}",0.7203463315963745,False
xcreditscore_lattice,1229,False,infeasible,very_high_risk,gurobi:Infeasible|refined_32,gurobi,0.9250553846359253,0.8087990880012512,0.236511241544006,5,"{""NumSatisfactoryTrades"": 0.05544303797468356, ""MSinceMostRecentDelq"": 0.0487951807228916, ""PercentInstallTrades"": -0.020000000000000018, ""MSinceMostRecentInqexcl7days"": 0.12000000000000005, ""PercentTradesWBalance"": -0.1200000000000001}",0.8087990880012512,False
xcreditscore_lattice,1232,True,feasible,moderate_risk,gurobi:Optimal,gurobi,0.48150479793548584,0.3706490695476532,0.32927002240897596,2,"{""ExternalRiskEstimate"": 0.06464186487010248, ""NumSatisfactoryTrades"": 0.18481012658227847}",0.3706490695476532,True
xcreditscore_lattice,1233,True,feasible,near_threshold,gurobi:Optimal,gurobi,0.46154266595840454,0.3167475461959839,0.20315836196281317,2,"{""NumSatisfactoryTrades"": 0.18481012658227852, ""MSinceMostRecentInqexcl7days"": 0.08957983735561115}",0.3167475461959839,True
xcreditscore_lattice,1234,False,infeasible,very_high_risk,gurobi:Optimal,gurobi,0.8025932312011719,0.46083900332450867,2.2644379831090196,17,"{""ExternalRiskEstimate"": 0.07475409836065572, ""MSinceMostRecentTradeOpen"": -0.028720626631853787, ""NumSatisfactoryTrades"": 0.18481012658227852, ""PercentTradesNeverDelq"": 0.20000000000000007, ""MSinceMostRecentDelq"": 0.1951807228915663, ""NumTradesOpeninLast12M"": -0.02327184979779254, ""PercentInstallTrades"": -0.2, ""MSinceMostRecentInqexcl7days"": 0.2, ""NumInqLast6M"": -0.045454545454545456, ""NetFractionRevolvingBurden"": -0.19762931034482759, ""NumRevolvingTradesWBalance"": -0.0625, ""NumInstallTradesWBalance"": -0.1111111111111111, ""NumBank2NatlTradesWHighUtilization"": -0.05555555555555555, ""PercentTradesWBalance"": -0.30000000000000004, ""InquiryToTradeRatio"": -0.021739130434782608, ""RevolvingBurdenPerTrade"": -0.11293103448275864, ""InstallBurdenPerTrade"": -0.05357142857142857}",0.46083900332450867,False
xcreditscore_lattice,1235,True,feasible,very_high_risk,gurobi:Optimal,gurobi,0.716855525970459,0.2970394194126129,0.6545938466124404,4,"{""ExternalRiskEstimate"": 0.07475409836065572, ""NumSatisfactoryTrades"": 0.18481012658227847, ""MSinceMostRecentInqexcl7days"": 0.2, ""NetFractionRevolvingBurden"": -0.12460050692883845}",0.2970394194126129,True
xcreditscore_lattice,1239,True,feasible,very_high_risk,gurobi:Optimal,gurobi,0.7269905209541321,0.2892570495605469,1.2583258524898007,9,"{""ExternalRiskEstimate"": 0.07475409836065572, ""NumSatisfactoryTrades"": 0.1848101265822785, ""PercentTradesNeverDelq"": 0.17999999999999994, ""PercentInstallTrades"": -0.2, ""MSinceMostRecentInqexcl7days"": 0.2, ""NumInqLast6M"": -0.015151515151515152, ""NetFractionRevolvingBurden"": -0.15517241379310345, ""NumRevolvingTradesWBalance"": -0.08617057855784671, ""NumBank2NatlTradesWHighUtilization"": -0.05555555555555555}",0.2892570495605469,True
xcreditscore_lattice,1240,True,feasible,very_high_risk,gurobi:Optimal,gurobi,0.7236627340316772,0.37680551409721375,1.7392612409855726,13,"{""ExternalRiskEstimate"": 0.07475409836065572, ""MSinceMostRecentTradeOpen"": -0.005221932114882507, ""NumSatisfactoryTrades"": 0.18481012658227852, ""PercentTradesNeverDelq"": 0.040000000000000036, ""MSinceMostRecentDelq"": 0.1951807228915663, ""NumTradesOpeninLast12M"": -0.12809738962972791, ""PercentInstallTrades"": -0.2, ""MSinceMostRecentInqexcl7days"": 0.2, ""NetFractionRevolvingBurden"": -0.10775862068965517, ""NumRevolvingTradesWBalance"": -0.15625, ""NumInstallTradesWBalance"": -0.16666666666666666, ""NumBank2NatlTradesWHighUtilization"": -0.05555555555555555, ""InstallBurdenPerTrade"": -0.19428571428571428}",0.37680551409721375,True
xcreditscore_lattice,1241,False,infeasible,very_high_risk,gurobi:Infeasible|refined_32,gurobi,0.8086636066436768,0.5691826939582825,0.24464070511946853,4,"{""NumSatisfactoryTrades"": 0.036962025316455704, ""MSinceMostRecentDelq"": 0.0975903614457832, ""PercentInstallTrades"": -0.1200000000000001, ""MSinceMostRecentInqexcl7days"": 0.12000000000000005}",0.5691826939582825,False
xcreditscore_lattice,1242,False,infeasible,very_high_risk,gurobi:Infeasible|refined_32,gurobi,0.8780814409255981,0.7362787127494812,0.30128968965415703,3,"{""MSinceMostRecentDelq"": 0.05855421686746992, ""MSinceMostRecentInqexcl7days"": 0.12000000000000005, ""NetFractionRevolvingBurden"": -0.1383405172413795}",0.7362787127494812,False
xcreditscore_lattice,1243,False,infeasible,very_high_risk,gurobi:Infeasible|refined_32,gurobi,0.843613862991333,0.6706268191337585,0.24473091017000298,3,"{""PercentTradesNeverDelq"": 0.1200000000000001, ""MSinceMostRecentDelq"": 0.08783132530120485, ""MSinceMostRecentInqexcl7days"": 0.11000000000000004}",0.6706268191337585,False
xcreditscore_lattice,1244,True,feasible,moderate_risk,gurobi:Optimal,gurobi,0.48150479793548584,0.3706490695476532,0.32927002240897596,2,"{""ExternalRiskEstimate"": 0.06464186487010248, ""NumSatisfactoryTrades"": 0.18481012658227847}",0.3706490695476532,True
xcreditscore_lattice,1246,True,feasible,moderate_risk,gurobi:Optimal,gurobi,0.48150479793548584,0.3706490695476532,0.32927002240897596,2,"{""ExternalRiskEstimate"": 0.06464186487010248, ""NumSatisfactoryTrades"": 0.18481012658227847}",0.3706490695476532,True
xcreditscore_lattice,1248,True,feasible,high_risk,gurobi:Optimal,gurobi,0.5608331561088562,0.3904208540916443,0.4707293283560817,3,"{""ExternalRiskEstimate"": 0.06930947668207987, ""NumSatisfactoryTrades"": 0.18481012658227847, ""MSinceMostRecentInqexcl7days"": 0.2}",0.3904208540916443,True
xcreditscore_lattice,1249,True,feasible,high_risk,gurobi:Optimal,gurobi,0.5873386859893799,0.32150357961654663,0.3995640093994526,3,"{""ExternalRiskEstimate"": 0.04424477383581249, ""NumSatisfactoryTrades"": 0.18481012658227852, ""MSinceMostRecentInqexcl7days"": 0.2}",0.32150357961654663,True
xcreditscore_lattice,1250,True,feasible,very_high_risk,gurobi:Optimal,gurobi,0.7515749931335449,0.3798196613788605,0.549489549748527,4,"{""ExternalRiskEstimate"": 0.07475409836065572, ""NumSatisfactoryTrades"": 0.1848101265822785, ""MSinceMostRecentInqexcl7days"": 0.2, ""NumInqLast6M"": -0.012660300157439325}",0.3798196613788605,True
xcreditscore_lattice,1251,False,infeasible,very_high_risk,gurobi:Infeasible|refined_32,gurobi,0.9070218801498413,0.7777954936027527,0.20854429159841303,4,"{""NumSatisfactoryTrades"": 0.036962025316455704, ""MSinceMostRecentDelq"": 0.14638554216867478, ""MSinceMostRecentInqexcl7days"": 0.12000000000000005, ""PercentTradesWBalance"": -0.015000000000000013}",0.7777954936027527,False
xcreditscore_lattice,1252,True,feasible,very_high_risk,gurobi:Optimal,gurobi,0.7394237518310547,0.3769099712371826,1.087874717160819,6,"{""ExternalRiskEstimate"": 0.07475409836065572, ""NumSatisfactoryTrades"": 0.18481012658227852, ""PercentTradesNeverDelq"": 0.07680120900119558, ""MSinceMostRecentInqexcl7days"": 0.2, ""NumInqLast6M"": -0.06060606060606061, ""NumBank2NatlTradesWHighUtilization"": -0.16666666666666666}",0.3769099712371826,True
xcreditscore_lattice,1253,True,feasible,very_high_risk,gurobi:Optimal|refined_9,gurobi,0.7532797455787659,0.4160131812095642,0.8208041601255438,5,"{""ExternalRiskEstimate"": 0.07475409836065572, ""NumSatisfactoryTrades"": 0.18481012658227852, ""PercentInstallTrades"": -0.18000000000000016, ""MSinceMostRecentInqexcl7days"": 0.2, ""NetFractionRevolvingBurden"": -0.1629479016862395}",0.4160131812095642,True
xcreditscore_lattice,1254,False,infeasible,very_high_risk,gurobi:Infeasible|refined_32,gurobi,0.8977403044700623,0.7806781530380249,0.22594914531728702,4,"{""NumSatisfactoryTrades"": 0.0924050632911394, ""MSinceMostRecentDelq"": 0.0487951807228916, ""MSinceMostRecentInqexcl7days"": 0.12000000000000005, ""PercentTradesWBalance"": -0.07500000000000007}",0.7806781530380249,False
xcreditscore_lattice,1257,False,infeasible,very_high_risk,gurobi:Optimal|refined_4,gurobi,0.8240292072296143,0.46889469027519226,2.4138341200173916,18,"{""ExternalRiskEstimate"": 0.07475409836065572, ""MSinceMostRecentTradeOpen"": -0.02349869451697128, ""NumSatisfactoryTrades"": 0.18481012658227852, ""PercentTradesNeverDelq"": 0.06999999999999995, ""MSinceMostRecentDelq"": 0.19518072289156632, ""NumTotalTrades"": 0.13191845442188413, ""NumTradesOpeninLast12M"": -0.10526315789473684, ""PercentInstallTrades"": -0.2, ""MSinceMostRecentInqexcl7days"": 0.2, ""NumInqLast6M"": -0.015151515151515152, ""NetFractionRevolvingBurden"": -0.19762931034482759, ""NetFractionInstallBurden"": -0.05586734693877543, ""NumRevolvingTradesWBalance"": -0.15625, ""NumBank2NatlTradesWHighUtilization"": -0.1111111111111111, ""PercentTradesWBalance"": -0.3, ""InquiryToTradeRatio"": -0.005434782608695652, ""RevolvingBurdenPerTrade"": -0.07327586206896551, ""InstallBurdenPerTrade"": -0.2571428571428571}",0.46889469027519226,False
xcreditscore_lattice,1258,True,feasible,high_risk,gurobi:Optimal,gurobi,0.6078665852546692,0.39877915382385254,0.5514583969580505,3,"{""NumSatisfactoryTrades"": 0.18481012658227852, ""MSinceMostRecentInqexcl7days"": 0.2, ""NumInqLast6M"": -0.055503399924786395}",0.39877915382385254,True
xcreditscore_lattice,1259,False,infeasible,very_high_risk,gurobi:Infeasible|refined_32,gurobi,0.8345417380332947,0.6555197834968567,0.26558504655154935,5,"{""MSinceMostRecentDelq"": 0.02927710843373496, ""MSinceMostRecentInqexcl7days"": 0.12000000000000005, ""NetFractionRevolvingBurden"": -0.009881465517241395, ""NumRevolvingTradesWBalance"": -0.06749999999999991, ""PercentTradesWBalance"": -0.1200000000000001}",0.6555197834968567,False
xcreditscore_lattice,1260,True,feasible,very_high_risk,gurobi:Optimal|refined_3,gurobi,0.6743359565734863,0.4186190068721771,0.421911158311236,4,"{""ExternalRiskEstimate"": 0.04379413073760774, ""NumSatisfactoryTrades"": 0.18481012658227852, ""PercentTradesNeverDelq"": 0.02400000000000002, ""MSinceMostRecentInqexcl7days"": 0.2}",0.4186190068721771,True
xcreditscore_lattice,1261,True,feasible,very_high_risk,gurobi:Optimal,gurobi,0.6998494863510132,0.38575583696365356,0.6703393850740246,5,"{""ExternalRiskEstimate"": 0.07475409836065572, ""NumSatisfactoryTrades"": 0.18481012658227847, ""MSinceMostRecentInqexcl7days"": 0.2, ""NumInqLast6M"": -0.030303030303030304, ""NetFractionRevolvingBurden"": -0.024146942693158313}",0.38575583696365356,True
xcreditscore_lattice,1263,True,feasible,moderate_risk,gurobi:Optimal|refined_7,gurobi,0.4899069666862488,0.4158090054988861,0.3472926380212996,4,"{""NumSatisfactoryTrades"": 0.18481012658227847, ""PercentTradesNeverDelq"": 0.050000000000000044, ""PercentInstallTrades"": -0.040000000000000036, ""MSinceMostRecentInqexcl7days"": 0.19798919027693923}",0.4158090054988861,True
xcreditscore_lattice,1265,True,feasible,high_risk,gurobi:Optimal|refined_1,gurobi,0.6123896837234497,0.41130876541137695,0.3894651859984528,4,"{""ExternalRiskEstimate"": 0.035984086599428644, ""NumSatisfactoryTrades"": 0.18481012658227852, ""MSinceMostRecentInqexcl7days"": 0.2, ""NetFractionRevolvingBurden"": -0.009881465517241395}",0.41130876541137695,True
xcreditscore_lattice,1267,True,feasible,moderate_risk,gurobi:Optimal,gurobi,0.4901963472366333,0.36188510060310364,0.18677782350276553,2,"{""NumSatisfactoryTrades"": 0.18481012658227847, ""MSinceMostRecentInqexcl7days"": 0.06402651498856325}",0.36188510060310364,True
xcreditscore_lattice,1268,True,feasible,very_high_risk,gurobi:Optimal,gurobi,0.881024181842804,0.3852551281452179,3.053293264468899,19,"{""ExternalRiskEstimate"": 0.07475409836065572, ""MSinceMostRecentTradeOpen"": -0.005221932114882507, ""NumSatisfactoryTrades"": 0.18481012658227847, ""NumTrades60Ever2DerogPubRec"": -0.05263157894736842, ""PercentTradesNeverDelq"": 0.09999999999999998, ""MSinceMostRecentDelq"": 0.1951807228915663, ""NumTotalTrades"": 0.12453562102637666, ""NumTradesOpeninLast12M"": -0.13684210526315788, ""PercentInstallTrades"": -0.2, ""MSinceMostRecentInqexcl7days"": 0.2, ""NumInqLast6M"": -0.06363636363636364, ""NetFractionRevolvingBurden"": -0.19762931034482759, ""NumRevolvingTradesWBalance"": -0.125, ""NumInstallTradesWBalance"": -0.1111111111111111, ""PercentTradesWBalance"": -0.29999999999999993, ""TotalDelqEvents"": -0.02631578947368421, ""InquiryToTradeRatio"": -0.03162055335968379, ""RevolvingBurdenPerTrade"": -0.09999999999999999, ""InstallBurdenPerTrade"": -0.3142857142857143}",0.3852551281452179,True
xcreditscore_lattice,1270,True,feasible,moderate_risk,gurobi:Optimal|refined_10,gurobi,0.51877760887146,0.4146910011768341,0.24966590103626599,3,"{""NumSatisfactoryTrades"": 0.18481012658227847, ""PercentTradesNeverDelq"": 0.08499999999999952, ""MSinceMostRecentInqexcl7days"": 0.03159511192784202}",0.4146910011768341,True
xcreditscore_lattice,1272,False,infeasible,very_high_risk,gurobi:Infeasible|refined_32,gurobi,0.8478784561157227,0.6420361399650574,0.2143636806949193,4,"{""NumSatisfactoryTrades"": 0.05544303797468356, ""MSinceMostRecentDelq"": 0.12686746987951816, ""PercentInstallTrades"": -0.020000000000000018, ""MSinceMostRecentInqexcl7days"": 0.12000000000000005}",0.6420361399650574,False
xcreditscore_lattice,1273,False,infeasible,very_high_risk,gurobi:Infeasible|refined_32,gurobi,0.8799224495887756,0.7410292625427246,0.17518960116404975,3,"{""PercentTradesNeverDelq"": 0.09999999999999998, ""MSinceMostRecentDelq"": 0.00975903614457832, ""MSinceMostRecentInqexcl7days"": 0.11000000000000004}",0.7410292625427246,False
xcreditscore_lattice,1275,True,feasible,near_threshold,gurobi:Optimal|refined_2,gurobi,0.4272436797618866,0.41617029905319214,0.010828878420271837,1,"{""PercentTradesNeverDelq"": 0.010999999999999899}",0.41617029905319214,True
xcreditscore_lattice,1276,True,feasible,very_high_risk,gurobi:Optimal|refined_1,gurobi,0.7697237730026245,0.41843727231025696,1.4567444519783044,10,"{""ExternalRiskEstimate"": 0.07475409836065572, ""NumSatisfactoryTrades"": 0.18481012658227847, ""PercentTradesNeverDelq"": 0.19999999999999996, ""MSinceMostRecentDelq"": 0.009759036144578313, ""PercentInstallTrades"": -0.2, ""MSinceMostRecentInqexcl7days"": 0.2, ""NumInqLast6M"": -0.030303030303030304, ""NetFractionRevolvingBurden"": -0.10775862068965517, ""NumRevolvingTradesWBalance"": -0.09584235589863446, ""NumBank2NatlTradesWHighUtilization"": -0.16666666666666666}",0.41843727231025696,True
xcreditscore_lattice,1277,True,feasible,very_high_risk,gurobi:Optimal,gurobi,0.7607780694961548,0.4008294641971588,2.5103901954112033,16,"{""ExternalRiskEstimate"": 0.07475409836065572, ""MSinceMostRecentTradeOpen"": -0.013054830287206266, ""NumSatisfactoryTrades"": 0.18481012658227852, ""NumTrades60Ever2DerogPubRec"": -0.04976802642130092, ""PercentTradesNeverDelq"": 0.07999999999999996, ""MSinceMostRecentDelq"": 0.1951807228915663, ""NumTotalTrades"": 0.16153846153846152, ""NumTradesOpeninLast12M"": -0.10526315789473684, ""PercentInstallTrades"": -0.2, ""MSinceMostRecentInqexcl7days"": 0.2, ""NumInqLast6M"": -0.030303030303030304, ""NetFractionRevolvingBurden"": -0.12068965517241378, ""NumRevolvingTradesWBalance"": -0.16875, ""PercentTradesWBalance"": -0.3, ""RevolvingBurdenPerTrade"": -0.034482758620689655, ""InstallBurdenPerTrade"": -0.3857142857142857}",0.4008294641971588,True
xcreditscore_lattice,1278,True,feasible,moderate_risk,gurobi:Optimal,gurobi,0.48150479793548584,0.3706490695476532,0.32927002240897596,2,"{""ExternalRiskEstimate"": 0.06464186487010248, ""NumSatisfactoryTrades"": 0.18481012658227847}",0.3706490695476532,True
xcreditscore_lattice,1280,False,infeasible,very_high_risk,gurobi:Infeasible|refined_32,gurobi,0.9302523732185364,0.82932448387146,0.23108894398852922,4,"{""NumSatisfactoryTrades"": 0.06468354430379752, ""MSinceMostRecentDelq"": 0.0487951807228916, ""MSinceMostRecentInqexcl7days"": 0.12000000000000005, ""PercentTradesWBalance"": -0.1200000000000001}",0.82932448387146,False
xcreditscore_lattice,1281,False,infeasible,very_high_risk,gurobi:Infeasible|refined_32,gurobi,0.8610600829124451,0.7150112390518188,0.2298512600351985,5,"{""NumSatisfactoryTrades"": 0.036962025316455704, ""MSinceMostRecentDelq"": 0.15614457831325287, ""PercentInstallTrades"": -0.06000000000000005, ""MSinceMostRecentInqexcl7days"": 0.07000000000000003, ""PercentTradesWBalance"": -0.030000000000000027}",0.7150112390518188,False
xcreditscore_lattice,1285,True,feasible,high_risk,gurobi:Optimal,gurobi,0.5979726314544678,0.3717043399810791,0.41987480833078467,3,"{""ExternalRiskEstimate"": 0.05139831642155401, ""NumSatisfactoryTrades"": 0.18481012658227847, ""MSinceMostRecentInqexcl7days"": 0.2}",0.3717043399810791,True
xcreditscore_lattice,1286,False,infeasible,very_high_risk,gurobi:Infeasible|refined_32,gurobi,0.8666335940361023,0.695560097694397,0.3375688658352567,3,"{""PercentInstallTrades"": -0.2, ""MSinceMostRecentInqexcl7days"": 0.12000000000000005, ""NetFractionRevolvingBurden"": -0.0988146551724139}",0.695560097694397,False
xcreditscore_lattice,1288,True,feasible,moderate_risk,gurobi:Optimal,gurobi,0.48150479793548584,0.3706490695476532,0.32927002240897596,2,"{""ExternalRiskEstimate"": 0.06464186487010248, ""NumSatisfactoryTrades"": 0.18481012658227847}",0.3706490695476532,True
xcreditscore_lattice,1289,True,feasible,high_risk,gurobi:Optimal,gurobi,0.6095595359802246,0.3268628418445587,0.4623686690682358,3,"{""ExternalRiskEstimate"": 0.06636481987844134, ""NumSatisfactoryTrades"": 0.1848101265822785, ""MSinceMostRecentInqexcl7days"": 0.2}",0.3268628418445587,True
xcreditscore_lattice,1290,True,feasible,very_high_risk,gurobi:Optimal,gurobi,0.6420177817344666,0.3986881375312805,1.1727828937402498,7,"{""ExternalRiskEstimate"": 0.07475409836065572, ""NumSatisfactoryTrades"": 0.18481012658227852, ""MSinceMostRecentInqexcl7days"": 0.2, ""NetFractionRevolvingBurden"": -0.16810344827586207, ""NumRevolvingTradesWBalance"": -0.15625, ""NumBank2NatlTradesWHighUtilization"": -0.05555555555555555, ""InstallBurdenPerTrade"": -0.2103772887392564}",0.3986881375312805,True
xcreditscore_lattice,1291,True,feasible,moderate_risk,gurobi:Optimal,gurobi,0.48150479793548584,0.3706490695476532,0.32927002240897596,2,"{""ExternalRiskEstimate"": 0.06464186487010248, ""NumSatisfactoryTrades"": 0.18481012658227847}",0.3706490695476532,True
xcreditscore_lattice,1293,True,feasible,very_high_risk,gurobi:Optimal,gurobi,0.7800394296646118,0.38080069422721863,1.4581262815209386,9,"{""ExternalRiskEstimate"": 0.07475409836065572, ""NumSatisfactoryTrades"": 0.18481012658227852, ""PercentTradesNeverDelq"": 0.16999999999999993, ""PercentInstallTrades"": -0.2, ""MSinceMostRecentInqexcl7days"": 0.2, ""NetFractionRevolvingBurden"": -0.19762931034482759, ""NumRevolvingTradesWBalance"": -0.15625, ""NumBank2NatlTradesWHighUtilization"": -0.05555555555555555, ""InstallBurdenPerTrade"": -0.15587849430580722}",0.38080069422721863,True
xcreditscore_lattice,1296,False,infeasible,very_high_risk,gurobi:Infeasible|refined_32,gurobi,0.8787428736686707,0.7231190800666809,0.19151151252943388,3,"{""PercentTradesNeverDelq"": 0.10999999999999899, ""PercentInstallTrades"": -0.020000000000000018, ""MSinceMostRecentInqexcl7days"": 0.11000000000000004}",0.7231190800666809,False
xcreditscore_lattice,1297,False,infeasible,very_high_risk,gurobi:Optimal|refined_4,gurobi,0.6731694340705872,0.5273396968841553,2.059351254895894,15,"{""ExternalRiskEstimate"": 0.07475409836065572, ""MSinceMostRecentTradeOpen"": -0.00783289817232376, ""NumSatisfactoryTrades"": 0.18481012658227852, ""PercentTradesNeverDelq"": 0.19999999999999996, ""MSinceMostRecentDelq"": 0.19518072289156627, ""NumTradesOpeninLast12M"": -0.02399947964812969, ""PercentInstallTrades"": -0.2, ""MSinceMostRecentInqexcl7days"": 0.2, ""NetFractionRevolvingBurden"": -0.14224137931034483, ""NetFractionInstallBurden"": -0.05586734693877543, ""NumRevolvingTradesWBalance"": -0.125, ""NumBank2NatlTradesWHighUtilization"": -0.1111111111111111, ""PercentTradesWBalance"": -0.3, ""RevolvingBurdenPerTrade"": -0.05689655172413793, ""InstallBurdenPerTrade"": -0.2571428571428571}",0.5273396968841553,False
xcreditscore_lattice,1298,True,feasible,very_high_risk,gurobi:Optimal|refined_3,gurobi,0.8041684031486511,0.4199536144733429,1.4840625903360514,10,"{""ExternalRiskEstimate"": 0.07475409836065572, ""NumSatisfactoryTrades"": 0.18481012658227852, ""PercentTradesNeverDelq"": 0.05999999999999994, ""PercentInstallTrades"": -0.2, ""MSinceMostRecentInqexcl7days"": 0.2, ""NetFractionRevolvingBurden"": -0.19762931034482759, ""NumRevolvingTradesWBalance"": -0.16875, ""NumBank2NatlTradesWHighUtilization"": -0.1111111111111111, ""PercentTradesWBalance"": -0.04500000000000004, ""InstallBurdenPerTrade"": -0.17501253589414606}",0.4199536144733429,True
xcreditscore_lattice,1299,True,feasible,very_high_risk,gurobi:Optimal,gurobi,0.7519041895866394,0.40539002418518066,1.181596178348467,8,"{""ExternalRiskEstimate"": 0.07475409836065572, ""MSinceMostRecentTradeOpen"": -0.0391644908616188, ""NumSatisfactoryTrades"": 0.18481012658227852, ""PercentTradesNeverDelq"": 0.19999999999999996, ""MSinceMostRecentInqexcl7days"": 0.2, ""NumInqLast6M"": -0.030303030303030304, ""NetFractionRevolvingBurden"": -0.03879310344827586, ""InstallBurdenPerTrade"": -0.2186932468188527}",0.40539002418518066,True
xcreditscore_lattice,1300,False,infeasible,very_high_risk,gurobi:Infeasible|refined_32,gurobi,0.8780955076217651,0.7598352432250977,0.2092023789397719,4,"{""NumSatisfactoryTrades"": 0.018481012658227852, ""MSinceMostRecentDelq"": 0.15614457831325287, ""MSinceMostRecentInqexcl7days"": 0.12000000000000005, ""PercentTradesWBalance"": -0.030000000000000027}",0.7598352432250977,False
xcreditscore_lattice,1301,True,feasible,very_high_risk,gurobi:Optimal|refined_1,gurobi,0.6436896920204163,0.4032304584980011,0.401231502378602,4,"{""ExternalRiskEstimate"": 0.040128229111364044, ""NumSatisfactoryTrades"": 0.18481012658227847, ""MSinceMostRecentInqexcl7days"": 0.2, ""NetFractionRevolvingBurden"": -0.009881465517241395}",0.4032304584980011,True
xcreditscore_lattice,1302,True,feasible,very_high_risk,gurobi:Optimal,gurobi,0.7754737138748169,0.26394832134246826,0.9324974620885343,5,"{""ExternalRiskEstimate"": 0.07475409836065572, ""NumSatisfactoryTrades"": 0.1848101265822785, ""PercentTradesNeverDelq"": 0.1820321588608489, ""MSinceMostRecentInqexcl7days"": 0.2, ""NetFractionRevolvingBurden"": -0.19762931034482759}",0.26394832134246826,True
xcreditscore_lattice,1303,True,feasible,moderate_risk,gurobi:Optimal,gurobi,0.48150479793548584,0.3706490695476532,0.32927002240897596,2,"{""ExternalRiskEstimate"": 0.06464186487010248, ""NumSatisfactoryTrades"": 0.18481012658227847}",0.3706490695476532,True
xcreditscore_lattice,1304,True,feasible,near_threshold,gurobi:Optimal,gurobi,0.4379451870918274,0.4008571207523346,0.1348741306842278,1,"{""NumSatisfactoryTrades"": 0.1710375727301917}",0.4008571207523346,True
xcreditscore_lattice,1305,False,near_feasible,high_risk,gurobi:Optimal|refined_32,gurobi,0.5302567481994629,0.42077553272247314,0.6953972730362863,8,"{""ExternalRiskEstimate"": 0.022255958397588316, ""NumSatisfactoryTrades"": 0.18481012658227847, ""MSinceMostRecentDelq"": 0.0487951807228916, ""PercentInstallTrades"": -0.040000000000000036, ""MSinceMostRecentInqexcl7days"": 0.2, ""NetFractionRevolvingBurden"": -0.1284590517241381, ""NumRevolvingTradesWBalance"": -0.08437499999999987, ""NumBank2NatlTradesWHighUtilization"": -0.016666666666666663}",0.42077553272247314,False
xcreditscore_lattice,1306,False,infeasible,very_high_risk,gurobi:Infeasible|refined_32,gurobi,0.9092469811439514,0.7977613806724548,0.14293575850335832,3,"{""PercentTradesNeverDelq"": 0.05999999999999994, ""MSinceMostRecentInqexcl7days"": 0.11000000000000004, ""NetFractionRevolvingBurden"": -0.009881465517241395}",0.7977613806724548,False
xcreditscore_lattice,1307,False,infeasible,very_high_risk,gurobi:Infeasible|refined_32,gurobi,0.8708462715148926,0.6816695928573608,0.19487847101908953,3,"{""PercentTradesNeverDelq"": 0.12, ""MSinceMostRecentDelq"": 0.009759036144578313, ""MSinceMostRecentInqexcl7days"": 0.11000000000000004}",0.6816695928573608,False
xcreditscore_lattice,1308,True,feasible,moderate_risk,gurobi:Optimal,gurobi,0.48150479793548584,0.3706490695476532,0.32927002240897596,2,"{""ExternalRiskEstimate"": 0.06464186487010248, ""NumSatisfactoryTrades"": 0.18481012658227847}",0.3706490695476532,True
xcreditscore_lattice,1309,True,feasible,very_high_risk,gurobi:Optimal,gurobi,0.621169924736023,0.3447205424308777,0.7448016409747855,5,"{""ExternalRiskEstimate"": 0.07475409836065572, ""NumSatisfactoryTrades"": 0.18481012658227847, ""MSinceMostRecentInqexcl7days"": 0.2, ""NumInqLast6M"": -0.030303030303030304, ""NetFractionRevolvingBurden"": -0.07924026466727002}",0.3447205424308777,True
xcreditscore_lattice,1310,False,infeasible,very_high_risk,gurobi:Infeasible|refined_32,gurobi,0.9039160013198853,0.6433916091918945,0.2768816841652598,3,"{""NumSatisfactoryTrades"": 0.09240506329113926, ""PercentInstallTrades"": -0.2, ""MSinceMostRecentInqexcl7days"": 0.12000000000000005}",0.6433916091918945,False
xcreditscore_lattice,1311,False,infeasible,very_high_risk,gurobi:Optimal|refined_32,gurobi,0.8018039464950562,0.4840412139892578,1.8810318978763927,10,"{""ExternalRiskEstimate"": 0.07475409836065572, ""NumSatisfactoryTrades"": 0.18481012658227847, ""PercentTradesNeverDelq"": 0.030000000000000027, ""MSinceMostRecentDelq"": 0.11710843373493984, ""MSinceMostRecentInqexcl7days"": 0.2, ""NumInqLast6M"": -0.045454545454545456, ""NetFractionRevolvingBurden"": -0.19762931034482759, ""NumRevolvingTradesWBalance"": -0.16875, ""NumBank2NatlTradesWHighUtilization"": -0.16666666666666666, ""InstallBurdenPerTrade"": -0.4020793011764452}",0.4840412139892578,False
xcreditscore_lattice,1312,True,feasible,very_high_risk,gurobi:Optimal,gurobi,0.8034392595291138,0.41246262192726135,1.51665975309246,8,"{""ExternalRiskEstimate"": 0.07475409836065572, ""NumSatisfactoryTrades"": 0.18481012658227847, ""PercentInstallTrades"": -0.2, ""MSinceMostRecentInqexcl7days"": 0.2, ""NumInqLast6M"": -0.045454545454545456, ""NetFractionRevolvingBurden"": -0.19762931034482759, ""NumRevolvingTradesWBalance"": -0.14834502280173217, ""NumBank2NatlTradesWHighUtilization"": -0.16666666666666666}",0.41246262192726135,True
xcreditscore_lattice,1313,True,feasible,very_high_risk,gurobi:Optimal|refined_6,gurobi,0.6955693960189819,0.4124562740325928,0.6854062553183293,6,"{""ExternalRiskEstimate"": 0.07475409836065572, ""NumSatisfactoryTrades"": 0.18481012658227847, ""MSinceMostRecentDelq"": 0.03903614457831328, ""MSinceMostRecentInqexcl7days"": 0.2, ""NumInqLast6M"": -0.029516216579007548, ""NetFractionRevolvingBurden"": -0.01976293103448279}",0.4124562740325928,True
xcreditscore_lattice,1315,True,feasible,moderate_risk,gurobi:Optimal|refined_26,gurobi,0.48193061351776123,0.4158226549625397,0.34548808358285565,4,"{""NumSatisfactoryTrades"": 0.18481012658227847, ""PercentTradesNeverDelq"": 0.040000000000000036, ""MSinceMostRecentInqexcl7days"": 0.1659439799204061, ""PercentTradesWBalance"": -0.09000000000000008}",0.4158226549625397,True
xcreditscore_lattice,1316,False,infeasible,very_high_risk,gurobi:Optimal|refined_32,gurobi,0.7569685578346252,0.5287005305290222,1.5859935577503594,11,"{""ExternalRiskEstimate"": 0.07475409836065572, ""NumSatisfactoryTrades"": 0.18481012658227847, ""PercentTradesNeverDelq"": 0.20000000000000007, ""MSinceMostRecentDelq"": 0.1951807228915663, ""PercentInstallTrades"": -0.2, ""MSinceMostRecentInqexcl7days"": 0.2, ""NumInqLast6M"": -0.06363636363636363, ""NetFractionRevolvingBurden"": -0.03879310344827586, ""NumRevolvingTradesWBalance"": -0.09436405369451759, ""NumBank2NatlTradesWHighUtilization"": -0.1111111111111111, ""RevolvingBurdenPerTrade"": -0.009310344827586213}",0.5287005305290222,False
xcreditscore_lattice,1317,True,feasible,moderate_risk,gurobi:Optimal,gurobi,0.48150479793548584,0.3706490695476532,0.32927002240897596,2,"{""ExternalRiskEstimate"": 0.06464186487010248, ""NumSatisfactoryTrades"": 0.18481012658227847}",0.3706490695476532,True
xcreditscore_lattice,1318,False,infeasible,very_high_risk,gurobi:Infeasible|refined_32,gurobi,0.9392857551574707,0.7500378489494324,0.2108729597076301,3,"{""NumSatisfactoryTrades"": 0.08316455696202533, ""MSinceMostRecentDelq"": 0.11710843373493984, ""MSinceMostRecentInqexcl7days"": 0.11000000000000004}",0.7500378489494324,False
xcreditscore_lattice,1319,True,feasible,very_high_risk,gurobi:Optimal|refined_25,gurobi,0.7993749976158142,0.4163544774055481,1.3384244469906728,9,"{""ExternalRiskEstimate"": 0.07475409836065572, ""NumSatisfactoryTrades"": 0.18481012658227852, ""PercentTradesNeverDelq"": 0.08999999999999897, ""MSinceMostRecentInqexcl7days"": 0.2, ""NumInqLast6M"": -0.06060606060606061, ""NetFractionRevolvingBurden"": -0.19762931034482759, ""NumRevolvingTradesWBalance"": -0.015625, ""NumBank2NatlTradesWHighUtilization"": -0.10977459627682394, ""PercentTradesWBalance"": -0.04500000000000004}",0.4163544774055481,True
xcreditscore_lattice,1320,True,feasible,high_risk,gurobi:Optimal,gurobi,0.6141098141670227,0.3824095129966736,0.4149551876080575,3,"{""ExternalRiskEstimate"": 0.0496656068189083, ""NumSatisfactoryTrades"": 0.18481012658227847, ""MSinceMostRecentInqexcl7days"": 0.2}",0.3824095129966736,True
xcreditscore_lattice,1321,True,feasible,very_high_risk,gurobi:Optimal,gurobi,0.7616399526596069,0.41874992847442627,1.5513543879381588,10,"{""ExternalRiskEstimate"": 0.07475409836065572, ""NumSatisfactoryTrades"": 0.18481012658227847, ""PercentTradesNeverDelq"": 0.04999999999999993, ""PercentInstallTrades"": -0.2, ""MSinceMostRecentInqexcl7days"": 0.2, ""NumInqLast6M"": -0.030303030303030304, ""NetFractionRevolvingBurden"": -0.19762931034482759, ""NumRevolvingTradesWBalance"": -0.15625, ""NumInstallTradesWBalance"": -0.16463441987224153, ""NumBank2NatlTradesWHighUtilization"": -0.05555555555555555}",0.41874992847442627,True
xcreditscore_lattice,1323,False,infeasible,very_high_risk,gurobi:Infeasible|refined_32,gurobi,0.7923456430435181,0.5988929271697998,0.15278019343087723,3,"{""PercentTradesNeverDelq"": 0.06999999999999895, ""MSinceMostRecentInqexcl7days"": 0.11000000000000004, ""NetFractionRevolvingBurden"": -0.009881465517241395}",0.5988929271697998,False
xcreditscore_lattice,1326,True,feasible,very_high_risk,gurobi:Optimal,gurobi,0.8091524243354797,0.3241696357727051,0.9586350278874434,7,"{""ExternalRiskEstimate"": 0.07475409836065572, ""NumSatisfactoryTrades"": 0.18481012658227852, ""PercentTradesNeverDelq"": 0.06999999999999995, ""PercentInstallTrades"": -0.0954743413990734, ""MSinceMostRecentInqexcl7days"": 0.2, ""NumInqLast6M"": -0.015151515151515152, ""NetFractionRevolvingBurden"": -0.19762931034482759}",0.3241696357727051,True
xcreditscore_lattice,1327,True,feasible,very_high_risk,gurobi:Optimal,gurobi,0.6394690871238708,0.3797653913497925,0.34736007027056665,3,"{""ExternalRiskEstimate"": 0.02585834290493183, ""NumSatisfactoryTrades"": 0.1848101265822785, ""MSinceMostRecentInqexcl7days"": 0.2}",0.3797653913497925,True
xcreditscore_lattice,1328,True,feasible,near_threshold,gurobi:Optimal|refined_1,gurobi,0.46567562222480774,0.4136502742767334,0.1326614428597314,2,"{""NumSatisfactoryTrades"": 0.16010248034052954, ""MSinceMostRecentInqexcl7days"": 0.010000000000000002}",0.4136502742767334,True
xcreditscore_lattice,1329,True,feasible,very_high_risk,gurobi:Optimal|refined_13,gurobi,0.6836995482444763,0.41886311769485474,0.8936728724472023,9,"{""ExternalRiskEstimate"": 0.07475409836065572, ""NumSatisfactoryTrades"": 0.18481012658227847, ""PercentTradesNeverDelq"": 0.19999999999999996, ""MSinceMostRecentDelq"": 0.10734939759036148, ""PercentInstallTrades"": -0.019999999999999685, ""MSinceMostRecentInqexcl7days"": 0.19999999999999998, ""NumInqLast6M"": -0.015151515151515152, ""NumBank2NatlTradesWHighUtilization"": -0.03331273336070378, ""PercentTradesWBalance"": -0.015000000000000013}",0.41886311769485474,True
xcreditscore_lattice,1330,True,feasible,very_high_risk,gurobi:Optimal|refined_17,gurobi,0.7425575852394104,0.4155898988246918,0.9995843207800179,9,"{""ExternalRiskEstimate"": 0.07475409836065572, ""NumSatisfactoryTrades"": 0.18481012658227847, ""PercentTradesNeverDelq"": 0.07999999999999996, ""PercentInstallTrades"": -0.06999999999999984, ""MSinceMostRecentInqexcl7days"": 0.2, ""NumInqLast6M"": -0.030303030303030304, ""NetFractionRevolvingBurden"": -0.05603448275862069, ""NumBank2NatlTradesWHighUtilization"": -0.03430452965619057, ""PercentTradesWBalance"": -0.19500000000000017}",0.4155898988246918,True
xcreditscore_lattice,1331,True,feasible,very_high_risk,gurobi:Optimal,gurobi,0.7498581409454346,0.40074169635772705,1.4579214365673498,9,"{""ExternalRiskEstimate"": 0.07475409836065572, ""NumSatisfactoryTrades"": 0.18481012658227852, ""PercentTradesNeverDelq"": 0.19999999999999996, ""PercentInstallTrades"": -0.19999999999999996, ""MSinceMostRecentInqexcl7days"": 0.2, ""NumInqLast6M"": -0.030303030303030304, ""NetFractionRevolvingBurden"": -0.1939655172413793, ""NumRevolvingTradesWBalance"": -0.09375, ""InstallBurdenPerTrade"": -0.12962568020293322}",0.40074169635772705,True
xcreditscore_lattice,1332,False,infeasible,very_high_risk,gurobi:Infeasible|refined_32,gurobi,0.8744257688522339,0.6984338164329529,0.18231349821343784,3,"{""PercentTradesNeverDelq"": 0.09999999999999998, ""MSinceMostRecentInqexcl7days"": 0.11000000000000004, ""NetFractionRevolvingBurden"": -0.009881465517241395}",0.6984338164329529,False
xcreditscore_lattice,1333,True,feasible,very_high_risk,gurobi:Optimal|refined_16,gurobi,0.7927173972129822,0.4193413257598877,1.9524351293067785,10,"{""ExternalRiskEstimate"": 0.07475409836065572, ""NumSatisfactoryTrades"": 0.18481012658227847, ""PercentTradesNeverDelq"": 0.06999999999999995, ""MSinceMostRecentDelq"": 0.1561445783132531, ""MSinceMostRecentInqexcl7days"": 0.2, ""NumInqLast6M"": -0.045454545454545456, ""NetFractionRevolvingBurden"": -0.19762931034482759, ""NumRevolvingTradesWBalance"": -0.16875, ""NumBank2NatlTradesWHighUtilization"": -0.16666666666666666, ""InstallBurdenPerTrade"": -0.40997389142361734}",0.4193413257598877,True
xcreditscore_lattice,1337,True,feasible,very_high_risk,gurobi:Optimal|refined_1,gurobi,0.7988088726997375,0.4172622263431549,1.871934326735363,11,"{""ExternalRiskEstimate"": 0.07475409836065572, ""NumSatisfactoryTrades"": 0.18481012658227847, ""PercentTradesNeverDelq"": 0.06999999999999995, ""MSinceMostRecentDelq"": 0.009759036144578313, ""PercentInstallTrades"": -0.2, ""MSinceMostRecentInqexcl7days"": 0.2, ""NumInqLast6M"": -0.06363636363636364, ""NetFractionRevolvingBurden"": -0.19762931034482759, ""NumRevolvingTradesWBalance"": -0.16875, ""NumBank2NatlTradesWHighUtilization"": -0.16666666666666666, ""InstallBurdenPerTrade"": -0.18197823201059235}",0.4172622263431549,True
xcreditscore_lattice,1338,True,feasible,near_threshold,gurobi:Optimal,gurobi,0.43457382917404175,0.3049943149089813,0.3477562704884909,2,"{""ExternalRiskEstimate"": 0.07115279353098303, ""NumSatisfactoryTrades"": 0.1848101265822785}",0.3049943149089813,True
xcreditscore_lattice,1341,False,infeasible,very_high_risk,gurobi:Infeasible|refined_32,gurobi,0.9285696744918823,0.8470423817634583,0.2363135886530745,3,"{""MSinceMostRecentDelq"": 0.11710843373493984, ""MSinceMostRecentInqexcl7days"": 0.12000000000000005, ""NumRevolvingTradesWBalance"": -0.06749999999999991}",0.8470423817634583,False
xcreditscore_lattice,1342,True,feasible,very_high_risk,gurobi:Optimal,gurobi,0.7588176727294922,0.32105588912963867,0.7307027850172338,4,"{""ExternalRiskEstimate"": 0.07475409836065572, ""NumSatisfactoryTrades"": 0.1848101265822785, ""MSinceMostRecentInqexcl7days"": 0.2, ""NetFractionRevolvingBurden"": -0.18091218051325744}",0.32105588912963867,True
xcreditscore_lattice,1344,False,infeasible,very_high_risk,gurobi:Optimal|refined_32,gurobi,0.8579068779945374,0.4794420301914215,2.0718338549206217,12,"{""ExternalRiskEstimate"": 0.07475409836065572, ""MSinceMostRecentTradeOpen"": -0.06266318537859009, ""NumSatisfactoryTrades"": 0.18481012658227847, ""PercentTradesNeverDelq"": 0.10999999999999999, ""MSinceMostRecentDelq"": 0.1951807228915663, ""PercentInstallTrades"": -0.19999999999999998, ""MSinceMostRecentInqexcl7days"": 0.2, ""NumInqLast6M"": -0.06363636363636364, ""NetFractionRevolvingBurden"": -0.19762931034482759, ""NumRevolvingTradesWBalance"": -0.16057773154828844, ""NumBank2NatlTradesWHighUtilization"": -0.16666666666666666, ""RevolvingBurdenPerTrade"": -0.04064039408866998}",0.4794420301914215,False
xcreditscore_lattice,1345,True,feasible,very_high_risk,gurobi:Optimal,gurobi,0.6715596318244934,0.3787981867790222,0.6362435461415046,4,"{""ExternalRiskEstimate"": 0.07475409836065572, ""NumSatisfactoryTrades"": 0.18481012658227847, ""MSinceMostRecentInqexcl7days"": 0.2, ""NetFractionRevolvingBurden"": -0.11102344026684627}",0.3787981867790222,True
xcreditscore_lattice,1346,True,feasible,high_risk,gurobi:Optimal,gurobi,0.5797802209854126,0.3365332782268524,0.4711615464045957,3,"{""ExternalRiskEstimate"": 0.06946170556420428, ""NumSatisfactoryTrades"": 0.18481012658227852, ""MSinceMostRecentInqexcl7days"": 0.2}",0.3365332782268524,True
xcreditscore_lattice,1348,True,feasible,moderate_risk,gurobi:Optimal,gurobi,0.5075558423995972,0.3469759523868561,0.2290310585299546,2,"{""NumSatisfactoryTrades"": 0.18481012658227847, ""MSinceMostRecentInqexcl7days"": 0.1299407423098344}",0.3469759523868561,True
xcreditscore_lattice,1349,True,feasible,high_risk,gurobi:Optimal,gurobi,0.5830400586128235,0.33362507820129395,0.4607547344598485,3,"{""ExternalRiskEstimate"": 0.06579638581581615, ""NumSatisfactoryTrades"": 0.18481012658227847, ""MSinceMostRecentInqexcl7days"": 0.2}",0.33362507820129395,True
xcreditscore_lattice,1350,False,infeasible,very_high_risk,gurobi:Infeasible|refined_32,gurobi,0.9241896271705627,0.7928891181945801,0.292694170185134,4,"{""MSinceMostRecentDelq"": 0.07807228915662653, ""PercentInstallTrades"": -0.040000000000000036, ""MSinceMostRecentInqexcl7days"": 0.11000000000000004, ""NetFractionRevolvingBurden"": -0.10869612068965534}",0.7928891181945801,False
xcreditscore_lattice,1351,True,feasible,very_high_risk,gurobi:Optimal,gurobi,0.8091792464256287,0.28138336539268494,1.9202168754028675,13,"{""ExternalRiskEstimate"": 0.07475409836065572, ""MSinceMostRecentTradeOpen"": -0.09295039164490862, ""NumSatisfactoryTrades"": 0.18481012658227847, ""PercentTradesNeverDelq"": 0.16999999999999993, ""MSinceMostRecentDelq"": 0.19518072289156627, ""PercentInstallTrades"": -0.2, ""MSinceMostRecentInqexcl7days"": 0.2, ""NetFractionRevolvingBurden"": -0.19762931034482759, ""NumRevolvingTradesWBalance"": -0.03125, ""NumBank2NatlTradesWHighUtilization"": -0.05555555555555555, ""PercentTradesWBalance"": -0.009627873622343852, ""RevolvingBurdenPerTrade"": -0.11293103448275865, ""InstallBurdenPerTrade"": -0.2571428571428571}",0.28138336539268494,True
xcreditscore_lattice,1352,True,feasible,very_high_risk,gurobi:Optimal,gurobi,0.768634557723999,0.39175957441329956,1.6215480114751948,12,"{""ExternalRiskEstimate"": 0.07475409836065572, ""NumSatisfactoryTrades"": 0.18481012658227847, ""PercentTradesNeverDelq"": 0.06999999999999995, ""MSinceMostRecentDelq"": 0.13450671703760644, ""PercentInstallTrades"": -0.2, ""MSinceMostRecentInqexcl7days"": 0.2, ""NumInqLast6M"": -0.015151515151515152, ""NetFractionRevolvingBurden"": -0.12931034482758622, ""NumRevolvingTradesWBalance"": -0.125, ""NumInstallTradesWBalance"": -0.16666666666666666, ""NumBank2NatlTradesWHighUtilization"": -0.1111111111111111, ""InstallBurdenPerTrade"": -0.10571428571428572}",0.39175957441329956,True
xcreditscore_lattice,1353,True,feasible,high_risk,gurobi:Optimal|refined_6,gurobi,0.6053909063339233,0.41932517290115356,0.5571158527819124,4,"{""NumSatisfactoryTrades"": 0.18481012658227852, ""PercentTradesNeverDelq"": 0.02699999999999969, ""MSinceMostRecentInqexcl7days"": 0.2, ""NumInqLast6M"": -0.05131889622869809}",0.41932517290115356,True
xcreditscore_lattice,1354,False,infeasible,very_high_risk,gurobi:Optimal|refined_32,gurobi,0.6711755394935608,0.6078484654426575,0.29965473821237465,6,"{""NumSatisfactoryTrades"": 0.18481012658227852, ""PercentTradesNeverDelq"": 0.049999999999998934, ""MSinceMostRecentDelq"": 0.04879518072289146, ""PercentInstallTrades"": -0.040000000000000036, ""MSinceMostRecentInqexcl7days"": 0.004870338891582615, ""PercentTradesWBalance"": -0.07500000000000007}",0.6078484654426575,False
xcreditscore_lattice,1355,False,infeasible,very_high_risk,gurobi:Infeasible|refined_32,gurobi,0.8704249858856201,0.727985680103302,0.26440360828252996,5,"{""MSinceMostRecentDelq"": 0.0487951807228916, ""MSinceMostRecentInqexcl7days"": 0.12000000000000005, ""NetFractionRevolvingBurden"": -0.01976293103448279, ""NumRevolvingTradesWBalance"": -0.06749999999999991, ""PercentTradesWBalance"": -0.07500000000000007}",0.727985680103302,False
xcreditscore_lattice,1356,False,infeasible,very_high_risk,gurobi:Optimal|refined_32,gurobi,0.7224021553993225,0.44644656777381897,0.8480305853303511,7,"{""ExternalRiskEstimate"": 0.07475409836065572, ""NumSatisfactoryTrades"": 0.18481012658227847, ""MSinceMostRecentDelq"": 0.08783132530120483, ""NumTotalTrades"": 0.0969230769230768, ""MSinceMostRecentInqexcl7days"": 0.2, ""NumInqLast6M"": -0.013341764999262904, ""PercentTradesWBalance"": -0.2550000000000002}",0.44644656777381897,False
xcreditscore_lattice,1360,True,feasible,very_high_risk,gurobi:Optimal|refined_5,gurobi,0.6780075430870056,0.417437881231308,0.7656376092302603,6,"{""ExternalRiskEstimate"": 0.07475409836065572, ""NumSatisfactoryTrades"": 0.18481012658227852, ""PercentTradesNeverDelq"": 0.08263751785605544, ""MSinceMostRecentInqexcl7days"": 0.2, ""NumInqLast6M"": -0.015151515151515152, ""NetFractionRevolvingBurden"": -0.09051724137931035}",0.417437881231308,True
xcreditscore_lattice,1363,True,feasible,very_high_risk,gurobi:Optimal,gurobi,0.734231173992157,0.39721494913101196,0.7040368464036822,4,"{""ExternalRiskEstimate"": 0.07475409836065572, ""NumSatisfactoryTrades"": 0.1848101265822785, ""MSinceMostRecentInqexcl7days"": 0.2, ""NetFractionRevolvingBurden"": -0.16118251849850124}",0.39721494913101196,True
xcreditscore_lattice,1365,False,infeasible,very_high_risk,gurobi:Infeasible|refined_32,gurobi,0.7570382952690125,0.5609206557273865,0.14228933789183545,3,"{""PercentTradesNeverDelq"": 0.05999999999999994, ""PercentInstallTrades"": -0.020000000000000018, ""MSinceMostRecentInqexcl7days"": 0.11000000000000004}",0.5609206557273865,False
xcreditscore_lattice,1367,True,feasible,moderate_risk,gurobi:Optimal,gurobi,0.4730331599712372,0.24471792578697205,0.36386756345580895,3,"{""ExternalRiskEstimate"": 0.03167234637587868, ""NumSatisfactoryTrades"": 0.18481012658227852, ""MSinceMostRecentInqexcl7days"": 0.2}",0.24471792578697205,True
xcreditscore_lattice,1368,True,feasible,very_high_risk,gurobi:Optimal,gurobi,0.7410883903503418,0.3198167681694031,1.154674236461712,8,"{""ExternalRiskEstimate"": 0.07475409836065572, ""NumSatisfactoryTrades"": 0.1848101265822785, ""PercentTradesNeverDelq"": 0.10999999999999999, ""PercentInstallTrades"": -0.14108430810084882, ""MSinceMostRecentInqexcl7days"": 0.2, ""NumInqLast6M"": -0.030303030303030304, ""NetFractionRevolvingBurden"": -0.1810344827586207, ""NumBank2NatlTradesWHighUtilization"": -0.05555555555555555}",0.3198167681694031,True
xcreditscore_lattice,1369,True,feasible,very_high_risk,gurobi:Optimal,gurobi,0.7965841889381409,0.38830551505088806,1.671584371069357,10,"{""ExternalRiskEstimate"": 0.07475409836065572, ""MSinceMostRecentTradeOpen"": -0.0391644908616188, ""NumSatisfactoryTrades"": 0.18481012658227847, ""PercentTradesNeverDelq"": 0.16000000000000003, ""PercentInstallTrades"": -0.2, ""MSinceMostRecentInqexcl7days"": 0.2, ""NetFractionRevolvingBurden"": -0.19762931034482759, ""NumRevolvingTradesWBalance"": -0.16875, ""NumBank2NatlTradesWHighUtilization"": -0.16666666666666666, ""InstallBurdenPerTrade"": -0.11253460687321076}",0.38830551505088806,True
xcreditscore_lattice,1371,True,feasible,high_risk,gurobi:Optimal,gurobi,0.5304129719734192,0.3521556556224823,0.20866166422797766,2,"{""NumSatisfactoryTrades"": 0.18481012658227847, ""MSinceMostRecentInqexcl7days"": 0.0981648821762102}",0.3521556556224823,True
xcreditscore_lattice,1372,True,feasible,high_risk,gurobi:Optimal,gurobi,0.5985612273216248,0.3619026839733124,0.5609587872702931,4,"{""ExternalRiskEstimate"": 0.07475409836065572, ""NumSatisfactoryTrades"": 0.18481012658227847, ""MSinceMostRecentInqexcl7days"": 0.2, ""NumInqLast6M"": -0.014954147661792568}",0.3619026839733124,True
xcreditscore_lattice,1373,False,infeasible,very_high_risk,gurobi:Infeasible|refined_32,gurobi,0.9132416248321533,0.8200911283493042,0.27324101108204635,5,"{""MSinceMostRecentDelq"": 0.0487951807228916, ""PercentInstallTrades"": -0.06000000000000005, ""MSinceMostRecentInqexcl7days"": 0.12000000000000005, ""NumRevolvingTradesWBalance"": -0.0390625, ""NumBank2NatlTradesWHighUtilization"": -0.05833333333333332}",0.8200911283493042,False
xcreditscore_lattice,1375,True,feasible,very_high_risk,gurobi:Optimal,gurobi,0.6691421866416931,0.392719566822052,1.0375328597513258,7,"{""ExternalRiskEstimate"": 0.07475409836065572, ""NumSatisfactoryTrades"": 0.18481012658227852, ""PercentInstallTrades"": -0.19999999999999998, ""MSinceMostRecentInqexcl7days"": 0.2, ""NumInqLast6M"": -0.015151515151515152, ""NetFractionRevolvingBurden"": -0.15517241379310345, ""InstallBurdenPerTrade"": -0.15431745078922432}",0.392719566822052,True
xcreditscore_lattice,1376,True,feasible,moderate_risk,gurobi:Optimal,gurobi,0.48150479793548584,0.3706490695476532,0.32927002240897596,2,"{""ExternalRiskEstimate"": 0.06464186487010248, ""NumSatisfactoryTrades"": 0.18481012658227847}",0.3706490695476532,True
xcreditscore_lattice,1377,True,feasible,high_risk,gurobi:Optimal|refined_7,gurobi,0.5500273704528809,0.40768370032310486,0.20746726485363265,2,"{""NumSatisfactoryTrades"": 0.18481012658227847, ""MSinceMostRecentInqexcl7days"": 0.09630164231250973}",0.40768370032310486,True
xcreditscore_lattice,1378,True,feasible,very_high_risk,gurobi:Optimal,gurobi,0.7891073226928711,0.40215522050857544,1.4371525298264973,9,"{""ExternalRiskEstimate"": 0.07475409836065572, ""NumSatisfactoryTrades"": 0.18481012658227847, ""PercentTradesNeverDelq"": 0.19999999999999996, ""PercentInstallTrades"": -0.2, ""MSinceMostRecentInqexcl7days"": 0.2, ""NumInqLast6M"": -0.015151515151515152, ""NetFractionRevolvingBurden"": -0.19762931034482759, ""NumRevolvingTradesWBalance"": -0.10803308850974752, ""NumBank2NatlTradesWHighUtilization"": -0.1111111111111111}",0.40215522050857544,True
xcreditscore_lattice,1379,True,feasible,near_threshold,gurobi:Optimal,gurobi,0.4292704164981842,0.3946397006511688,0.10214726248010086,1,"{""NumSatisfactoryTrades"": 0.12953573637137294}",0.3946397006511688,True
xcreditscore_lattice,1381,True,feasible,high_risk,gurobi:Optimal|refined_13,gurobi,0.6126360297203064,0.4160926043987274,0.6979217296945135,5,"{""ExternalRiskEstimate"": 0.07475409836065572, ""NumSatisfactoryTrades"": 0.18481012658227847, ""PercentTradesNeverDelq"": 0.1170000000000001, ""MSinceMostRecentInqexcl7days"": 0.19999999999999996, ""NetFractionRevolvingBurden"": -0.07143846356253969}",0.4160926043987274,True
xcreditscore_lattice,1382,False,infeasible,very_high_risk,gurobi:Infeasible|refined_32,gurobi,0.9586890935897827,0.8426746129989624,0.2793950972434998,4,"{""NumSatisfactoryTrades"": 0.06468354430379747, ""PercentTradesNeverDelq"": 0.07000000000000006, ""PercentInstallTrades"": -0.14000000000000012, ""MSinceMostRecentInqexcl7days"": 0.11000000000000004}",0.8426746129989624,False
xcreditscore_lattice,1383,True,feasible,very_high_risk,gurobi:Optimal,gurobi,0.7703375220298767,0.4116523861885071,1.4871862993552902,8,"{""ExternalRiskEstimate"": 0.07475409836065572, ""NumSatisfactoryTrades"": 0.18481012658227852, ""PercentInstallTrades"": -0.2, ""MSinceMostRecentInqexcl7days"": 0.2, ""NumInqLast6M"": -0.06363636363636364, ""NetFractionRevolvingBurden"": -0.19762931034482759, ""NumRevolvingTradesWBalance"": -0.052307490202743445, ""NumBank2NatlTradesWHighUtilization"": -0.16666666666666663}",0.4116523861885071,True
xcreditscore_lattice,1384,True,feasible,high_risk,gurobi:Optimal|refined_28,gurobi,0.6106759309768677,0.41789597272872925,0.6730171767476313,6,"{""ExternalRiskEstimate"": 0.06874204517613247, ""NumSatisfactoryTrades"": 0.18481012658227847, ""PercentTradesNeverDelq"": 0.129999999999999, ""MSinceMostRecentDelq"": 0.01951807228915664, ""MSinceMostRecentInqexcl7days"": 0.19999999999999996, ""NumRevolvingTradesWBalance"": -0.05062499999999992}",0.41789597272872925,True
xcreditscore_lattice,1386,False,infeasible,very_high_risk,gurobi:Infeasible|refined_32,gurobi,0.9028934836387634,0.7999641299247742,0.14228933789183545,3,"{""PercentTradesNeverDelq"": 0.05999999999999994, ""PercentInstallTrades"": -0.020000000000000018, ""MSinceMostRecentInqexcl7days"": 0.11000000000000004}",0.7999641299247742,False
xcreditscore_lattice,1387,True,feasible,very_high_risk,gurobi:Optimal,gurobi,0.8126975297927856,0.391728013753891,1.1157255131935733,8,"{""ExternalRiskEstimate"": 0.07475409836065572, ""MSinceMostRecentTradeOpen"": -0.04177545691906005, ""NumSatisfactoryTrades"": 0.1848101265822785, ""PercentInstallTrades"": -0.19586425053512563, ""MSinceMostRecentInqexcl7days"": 0.2, ""NumInqLast6M"": -0.030303030303030304, ""NetFractionRevolvingBurden"": -0.12931034482758622, ""NumBank2NatlTradesWHighUtilization"": -0.05555555555555555}",0.391728013753891,True
xcreditscore_lattice,1388,True,feasible,very_high_risk,gurobi:Optimal|refined_21,gurobi,0.8163529634475708,0.419148325920105,1.2547446119540462,9,"{""ExternalRiskEstimate"": 0.07475409836065572, ""NumSatisfactoryTrades"": 0.18481012658227852, ""PercentTradesNeverDelq"": 0.10999999999999999, ""MSinceMostRecentDelq"": 0.12686746987951816, ""PercentInstallTrades"": -0.2, ""MSinceMostRecentInqexcl7days"": 0.2, ""NetFractionRevolvingBurden"": -0.15517241379310345, ""NumRevolvingTradesWBalance"": -0.13597305022702585, ""PercentTradesWBalance"": -0.1200000000000001}",0.419148325920105,True
xcreditscore_lattice,1392,True,feasible,very_high_risk,gurobi:Optimal,gurobi,0.7537732720375061,0.28291621804237366,1.1357255042091672,7,"{""ExternalRiskEstimate"": 0.07475409836065572, ""MSinceMostRecentTradeOpen"": -0.04960835509138381, ""NumSatisfactoryTrades"": 0.1848101265822785, ""PercentTradesNeverDelq"": 0.19999999999999996, ""MSinceMostRecentInqexcl7days"": 0.2, ""NetFractionRevolvingBurden"": -0.19762931034482759, ""NumBank2NatlTradesWHighUtilization"": -0.04596790975218901}",0.28291621804237366,True
xcreditscore_lattice,1393,False,infeasible,very_high_risk,gurobi:Infeasible|refined_32,gurobi,0.8774516582489014,0.7379255890846252,0.22423587909353956,4,"{""NumSatisfactoryTrades"": 0.10164556962025328, ""MSinceMostRecentDelq"": 0.0487951807228916, ""MSinceMostRecentInqexcl7days"": 0.12000000000000005, ""PercentTradesWBalance"": -0.06000000000000005}",0.7379255890846252,False
xcreditscore_lattice,1394,True,feasible,moderate_risk,gurobi:Optimal|refined_3,gurobi,0.5137535333633423,0.4179784953594208,0.18723313884476278,2,"{""NumSatisfactoryTrades"": 0.18481012658227847, ""MSinceMostRecentInqexcl7days"": 0.06473679809318131}",0.4179784953594208,True
xcreditscore_lattice,1395,True,feasible,very_high_risk,gurobi:Optimal,gurobi,0.7781915068626404,0.3009166717529297,0.9916902831110666,6,"{""ExternalRiskEstimate"": 0.07475409836065572, ""NumSatisfactoryTrades"": 0.1848101265822785, ""PercentInstallTrades"": -0.1411488409911792, ""MSinceMostRecentInqexcl7days"": 0.2, ""NetFractionRevolvingBurden"": -0.19762931034482759, ""NumBank2NatlTradesWHighUtilization"": -0.1111111111111111}",0.3009166717529297,True
xcreditscore_lattice,1396,True,feasible,high_risk,gurobi:Optimal|refined_4,gurobi,0.6178941130638123,0.41961756348609924,0.7105610796390682,5,"{""ExternalRiskEstimate"": 0.07475409836065572, ""NumSatisfactoryTrades"": 0.18481012658227852, ""MSinceMostRecentInqexcl7days"": 0.2, ""NumInqLast6M"": -0.03419024458094575, ""NetFractionRevolvingBurden"": -0.03952586206896555}",0.41961756348609924,True
xcreditscore_lattice,1399,True,feasible,very_high_risk,gurobi:Optimal,gurobi,0.6881927847862244,0.3350337743759155,0.9181327965618785,6,"{""ExternalRiskEstimate"": 0.07475409836065572, ""MSinceMostRecentTradeOpen"": -0.03625094322520109, ""NumSatisfactoryTrades"": 0.18481012658227852, ""PercentTradesNeverDelq"": 0.10999999999999999, ""MSinceMostRecentInqexcl7days"": 0.2, ""NetFractionRevolvingBurden"": -0.1724137931034483}",0.3350337743759155,True
xcreditscore_lattice,1400,False,infeasible,very_high_risk,gurobi:Infeasible|refined_32,gurobi,0.9295907020568848,0.7283856868743896,0.2857660618526275,4,"{""NumSatisfactoryTrades"": 0.09240506329113926, ""PercentInstallTrades"": -0.14000000000000012, ""MSinceMostRecentInqexcl7days"": 0.11000000000000004, ""NetFractionRevolvingBurden"": -0.03952586206896558}",0.7283856868743896,False
xcreditscore_lattice,1401,True,feasible,very_high_risk,gurobi:Optimal,gurobi,0.7631754279136658,0.39067718386650085,0.8839214720434898,7,"{""ExternalRiskEstimate"": 0.07475409836065572, ""MSinceMostRecentTradeOpen"": -0.010419996602753896, ""NumSatisfactoryTrades"": 0.18481012658227852, ""PercentTradesNeverDelq"": 0.19999999999999996, ""MSinceMostRecentInqexcl7days"": 0.2, ""NumInqLast6M"": -0.015151515151515152, ""NetFractionRevolvingBurden"": -0.07327586206896551}",0.39067718386650085,True
xcreditscore_lattice,1402,True,feasible,very_high_risk,gurobi:Optimal,gurobi,0.7880427837371826,0.41069865226745605,1.8310365235027355,10,"{""ExternalRiskEstimate"": 0.07475409836065572, ""NumSatisfactoryTrades"": 0.18481012658227847, ""PercentTradesNeverDelq"": 0.09999999999999998, ""PercentInstallTrades"": -0.2, ""MSinceMostRecentInqexcl7days"": 0.2, ""NumInqLast6M"": -0.06060606060606061, ""NetFractionRevolvingBurden"": -0.19762931034482759, ""NumRevolvingTradesWBalance"": -0.125, ""NumBank2NatlTradesWHighUtilization"": -0.05555555555555555, ""InstallBurdenPerTrade"": -0.35377801515884355}",0.41069865226745605,True
xcreditscore_lattice,1403,True,feasible,very_high_risk,gurobi:Optimal,gurobi,0.692098081111908,0.3791276514530182,0.7601289611569764,5,"{""ExternalRiskEstimate"": 0.07475409836065572, ""NumSatisfactoryTrades"": 0.1848101265822785, ""PercentTradesNeverDelq"": 0.006939832891273867, ""MSinceMostRecentInqexcl7days"": 0.2, ""NetFractionRevolvingBurden"": -0.19762931034482759}",0.3791276514530182,True
xcreditscore_lattice,1404,True,feasible,moderate_risk,gurobi:Optimal,gurobi,0.48150479793548584,0.3706490695476532,0.32927002240897596,2,"{""ExternalRiskEstimate"": 0.06464186487010248, ""NumSatisfactoryTrades"": 0.18481012658227847}",0.3706490695476532,True
xcreditscore_lattice,1405,False,infeasible,very_high_risk,gurobi:Infeasible|refined_32,gurobi,0.9035260081291199,0.757653534412384,0.2772560174154719,5,"{""MSinceMostRecentDelq"": 0.0487951807228916, ""PercentInstallTrades"": -0.18000000000000016, ""MSinceMostRecentInqexcl7days"": 0.12000000000000005, ""NumRevolvingTradesWBalance"": -0.0078125, ""PercentTradesWBalance"": -0.07500000000000007}",0.757653534412384,False
xcreditscore_lattice,1406,True,feasible,near_threshold,gurobi:Optimal|refined_8,gurobi,0.4420320689678192,0.4183422923088074,0.25176493074071105,3,"{""NumSatisfactoryTrades"": 0.18481012658227847, ""PercentTradesNeverDelq"": 0.016000000000000014, ""MSinceMostRecentInqexcl7days"": 0.14083373797838258}",0.4183422923088074,True
xcreditscore_lattice,1409,True,feasible,very_high_risk,gurobi:Optimal,gurobi,0.831730842590332,0.3849153220653534,1.6260895095792205,8,"{""ExternalRiskEstimate"": 0.07475409836065572, ""NumSatisfactoryTrades"": 0.18481012658227852, ""PercentTradesNeverDelq"": 0.16999999999999993, ""MSinceMostRecentInqexcl7days"": 0.2, ""NetFractionRevolvingBurden"": -0.19762931034482759, ""NumRevolvingTradesWBalance"": -0.12234252301615736, ""NumBank2NatlTradesWHighUtilization"": -0.1111111111111111, ""InstallBurdenPerTrade"": -0.4485714285714286}",0.3849153220653534,True
xcreditscore_lattice,1410,False,infeasible,very_high_risk,gurobi:Infeasible|refined_32,gurobi,0.8855607509613037,0.7368670105934143,0.2604787939340346,5,"{""NumSatisfactoryTrades"": 0.01848101265822788, ""MSinceMostRecentDelq"": 0.08783132530120485, ""PercentInstallTrades"": -0.10000000000000009, ""MSinceMostRecentInqexcl7days"": 0.11000000000000004, ""NumBank2NatlTradesWHighUtilization"": -0.04166666666666666}",0.7368670105934143,False
xcreditscore_lattice,1411,True,feasible,near_threshold,gurobi:Optimal|refined_3,gurobi,0.4602644443511963,0.4161384403705597,0.04641810074575542,2,"{""NumSatisfactoryTrades"": 0.034476695292284254, ""MSinceMostRecentInqexcl7days"": 0.030000000000000006}",0.4161384403705597,True
xcreditscore_lattice,1413,False,infeasible,very_high_risk,gurobi:Infeasible|refined_32,gurobi,0.9383193254470825,0.7970110774040222,0.22383878755251008,4,"{""NumSatisfactoryTrades"": 0.07392405063291141, ""MSinceMostRecentDelq"": 0.06831325301204824, ""MSinceMostRecentInqexcl7days"": 0.12000000000000005, ""PercentTradesWBalance"": -0.07500000000000007}",0.7970110774040222,False
xcreditscore_lattice,1414,False,infeasible,very_high_risk,gurobi:Infeasible|refined_32,gurobi,0.9216479659080505,0.8382005095481873,0.13244490296431455,3,"{""PercentTradesNeverDelq"": 0.049999999999998934, ""PercentInstallTrades"": -0.020000000000000018, ""MSinceMostRecentInqexcl7days"": 0.11000000000000004}",0.8382005095481873,False
xcreditscore_lattice,1415,True,feasible,very_high_risk,gurobi:Optimal,gurobi,0.6467843651771545,0.30864500999450684,0.7419836050723567,4,"{""ExternalRiskEstimate"": 0.07475409836065572, ""NumSatisfactoryTrades"": 0.18481012658227847, ""MSinceMostRecentInqexcl7days"": 0.2, ""NetFractionRevolvingBurden"": -0.18925866214896295}",0.30864500999450684,True
xcreditscore_lattice,1416,False,infeasible,very_high_risk,gurobi:Optimal|refined_32,gurobi,0.7119788527488708,0.5104208588600159,0.5375851914801228,5,"{""ExternalRiskEstimate"": 0.06212725016910803, ""NumSatisfactoryTrades"": 0.1848101265822785, ""PercentTradesNeverDelq"": 0.10999999999999899, ""MSinceMostRecentDelq"": 0.06831325301204823, ""PercentInstallTrades"": -0.10000000000000009}",0.5104208588600159,False
xcreditscore_lattice,1417,True,feasible,high_risk,gurobi:Optimal|refined_3,gurobi,0.5393369197845459,0.41559669375419617,0.3573761813426338,3,"{""ExternalRiskEstimate"": 0.06776772754208626, ""NumSatisfactoryTrades"": 0.18481012658227852, ""MSinceMostRecentInqexcl7days"": 0.030000000000000006}",0.41559669375419617,True
xcreditscore_lattice,1418,True,feasible,high_risk,gurobi:Optimal,gurobi,0.5602484345436096,0.35357725620269775,0.6775238217777724,4,"{""ExternalRiskEstimate"": 0.07475409836065572, ""NumSatisfactoryTrades"": 0.18481012658227852, ""MSinceMostRecentInqexcl7days"": 0.2, ""NumInqLast6M"": -0.0382671545632884}",0.35357725620269775,True
xcreditscore_lattice,1419,True,feasible,moderate_risk,gurobi:Optimal,gurobi,0.5026815533638,0.3400503993034363,0.20952429527011465,2,"{""NumSatisfactoryTrades"": 0.18481012658227852, ""MSinceMostRecentInqexcl7days"": 0.09951056987489669}",0.3400503993034363,True
xcreditscore_lattice,1420,True,feasible,very_high_risk,gurobi:Optimal,gurobi,0.6237064003944397,0.3930438458919525,0.6657314014973054,4,"{""ExternalRiskEstimate"": 0.07475409836065572, ""NumSatisfactoryTrades"": 0.1848101265822785, ""MSinceMostRecentInqexcl7days"": 0.2, ""NetFractionRevolvingBurden"": -0.13284098916851153}",0.3930438458919525,True
xcreditscore_lattice,1422,True,feasible,very_high_risk,gurobi:Optimal,gurobi,0.7996540069580078,0.3672402501106262,1.5952563595106009,11,"{""ExternalRiskEstimate"": 0.07475409836065572, ""MSinceMostRecentTradeOpen"": -0.033942558746736295, ""NumSatisfactoryTrades"": 0.18481012658227852, ""PercentTradesNeverDelq"": 0.19999999999999996, ""MSinceMostRecentDelq"": 0.08108876571066559, ""PercentInstallTrades"": -0.2, ""MSinceMostRecentInqexcl7days"": 0.2, ""NumInqLast6M"": -0.015151515151515152, ""NetFractionRevolvingBurden"": -0.19762931034482759, ""NumBank2NatlTradesWHighUtilization"": -0.05555555555555555, ""InstallBurdenPerTrade"": -0.2571428571428571}",0.3672402501106262,True
xcreditscore_lattice,1424,True,feasible,very_high_risk,gurobi:Optimal,gurobi,0.69530189037323,0.36901912093162537,1.3360968168926797,8,"{""ExternalRiskEstimate"": 0.07475409836065572, ""NumSatisfactoryTrades"": 0.18481012658227847, ""PercentTradesNeverDelq"": 0.14, ""MSinceMostRecentInqexcl7days"": 0.2, ""NumInqLast6M"": -0.015151515151515152, ""NetFractionRevolvingBurden"": -0.1896551724137931, ""NumRevolvingTradesWBalance"": -0.1252081194050646, ""NumBank2NatlTradesWHighUtilization"": -0.16666666666666666}",0.36901912093162537,True
xcreditscore_lattice,1425,True,feasible,moderate_risk,gurobi:Optimal,gurobi,0.48150479793548584,0.3706490695476532,0.32927002240897596,2,"{""ExternalRiskEstimate"": 0.06464186487010248, ""NumSatisfactoryTrades"": 0.18481012658227847}",0.3706490695476532,True
xcreditscore_lattice,1426,True,feasible,high_risk,gurobi:Optimal,gurobi,0.5404325723648071,0.30711397528648376,0.27174890552287645,2,"{""NumSatisfactoryTrades"": 0.18481012658227847, ""MSinceMostRecentInqexcl7days"": 0.19657975528848282}",0.30711397528648376,True
xcreditscore_lattice,1428,True,feasible,very_high_risk,gurobi:Optimal|refined_6,gurobi,0.7155241966247559,0.4171842932701111,0.9325825334588261,7,"{""ExternalRiskEstimate"": 0.07475409836065572, ""NumSatisfactoryTrades"": 0.18481012658227852, ""MSinceMostRecentInqexcl7days"": 0.2, ""NumInqLast6M"": -0.045454545454545456, ""NetFractionRevolvingBurden"": -0.11206896551724138, ""NumBank2NatlTradesWHighUtilization"": -0.010201874748907422, ""PercentTradesWBalance"": -0.09000000000000008}",0.4171842932701111,True
xcreditscore_lattice,1429,True,feasible,very_high_risk,gurobi:Optimal,gurobi,0.7854850888252258,0.3770100474357605,1.2888386786198327,8,"{""ExternalRiskEstimate"": 0.07475409836065572, ""NumSatisfactoryTrades"": 0.18481012658227852, ""PercentTradesNeverDelq"": 0.20000000000000007, ""PercentInstallTrades"": -0.2, ""MSinceMostRecentInqexcl7days"": 0.2, ""NetFractionRevolvingBurden"": -0.19762931034482759, ""NumBank2NatlTradesWHighUtilization"": -0.05555555555555555, ""InstallBurdenPerTrade"": -0.15258427760747528}",0.3770100474357605,True
xcreditscore_lattice,1431,False,infeasible,very_high_risk,gurobi:Optimal|refined_32,gurobi,0.8029111623764038,0.49434804916381836,1.7969870848268141,12,"{""ExternalRiskEstimate"": 0.07475409836065572, ""NumSatisfactoryTrades"": 0.18481012658227847, ""PercentTradesNeverDelq"": 0.04999999999999993, ""MSinceMostRecentDelq"": 0.1951807228915663, ""PercentInstallTrades"": -0.2, ""MSinceMostRecentInqexcl7days"": 0.2, ""NumInqLast6M"": -0.06060606060606061, ""NetFractionRevolvingBurden"": -0.15517241379310345, ""NumRevolvingTradesWBalance"": -0.15625, ""NumBank2NatlTradesWHighUtilization"": -0.05555555555555555, ""RevolvingBurdenPerTrade"": -0.03103448275862067, ""InstallBurdenPerTrade"": -0.20190689781585933}",0.49434804916381836,False
xcreditscore_lattice,1432,True,feasible,very_high_risk,gurobi:Optimal|refined_4,gurobi,0.7314370274543762,0.41951996088027954,0.7805136909099039,6,"{""ExternalRiskEstimate"": 0.07475409836065572, ""NumSatisfactoryTrades"": 0.18481012658227852, ""PercentInstallTrades"": -0.08000000000000007, ""MSinceMostRecentInqexcl7days"": 0.2, ""NumInqLast6M"": -0.030303030303030304, ""NetFractionRevolvingBurden"": -0.06805022556569315}",0.41951996088027954,True
xcreditscore_lattice,1433,True,feasible,very_high_risk,gurobi:Optimal|refined_9,gurobi,0.6908168196678162,0.4151894152164459,1.3112558901334075,9,"{""ExternalRiskEstimate"": 0.07475409836065572, ""NumSatisfactoryTrades"": 0.1848101265822785, ""PercentTradesNeverDelq"": 0.05999999999999994, ""PercentInstallTrades"": -0.2, ""MSinceMostRecentInqexcl7days"": 0.2, ""NetFractionRevolvingBurden"": -0.19762931034482759, ""NumRevolvingTradesWBalance"": -0.11336460262553989, ""NumBank2NatlTradesWHighUtilization"": -0.1111111111111111, ""PercentTradesWBalance"": -0.13500000000000012}",0.4151894152164459,True
xcreditscore_lattice,1434,False,infeasible,very_high_risk,gurobi:Infeasible|refined_32,gurobi,0.9614705443382263,0.8965694308280945,0.2733768742120979,4,"{""PercentTradesNeverDelq"": 0.020000000000000018, ""MSinceMostRecentDelq"": 0.08783132530120485, ""PercentInstallTrades"": -0.2, ""MSinceMostRecentInqexcl7days"": 0.11000000000000004}",0.8965694308280945,False
xcreditscore_lattice,1435,True,feasible,moderate_risk,gurobi:Optimal,gurobi,0.48150479793548584,0.3706490695476532,0.32927002240897596,2,"{""ExternalRiskEstimate"": 0.06464186487010248, ""NumSatisfactoryTrades"": 0.18481012658227847}",0.3706490695476532,True
xcreditscore_lattice,1436,True,feasible,near_threshold,gurobi:Optimal|refined_1,gurobi,0.4566202461719513,0.41708770394325256,0.13820958278278245,2,"{""NumSatisfactoryTrades"": 0.16713822826929892, ""MSinceMostRecentInqexcl7days"": 0.010000000000000002}",0.41708770394325256,True
xcreditscore_lattice,1438,True,feasible,very_high_risk,gurobi:Optimal,gurobi,0.7629656195640564,0.4150315821170807,1.1961514080038507,8,"{""ExternalRiskEstimate"": 0.07475409836065572, ""NumSatisfactoryTrades"": 0.18481012658227847, ""PercentTradesNeverDelq"": 0.10999999999999999, ""PercentInstallTrades"": -0.2, ""MSinceMostRecentInqexcl7days"": 0.2, ""NumInqLast6M"": -0.045454545454545456, ""NetFractionRevolvingBurden"": -0.09913793103448276, ""NumRevolvingTradesWBalance"": -0.09040331804604851}",0.4150315821170807,True
xcreditscore_lattice,1439,True,feasible,moderate_risk,gurobi:Optimal,gurobi,0.5112922787666321,0.3164147436618805,0.2259653298964583,2,"{""NumSatisfactoryTrades"": 0.1848101265822785, ""MSinceMostRecentInqexcl7days"": 0.12515826508830144}",0.3164147436618805,True
xcreditscore_lattice,1441,False,infeasible,very_high_risk,gurobi:Optimal|refined_5,gurobi,0.8057937622070312,0.4956859350204468,2.3306426085809964,17,"{""ExternalRiskEstimate"": 0.07475409836065572, ""MSinceMostRecentTradeOpen"": -0.00783289817232376, ""NumSatisfactoryTrades"": 0.18481012658227847, ""PercentTradesNeverDelq"": 0.040000000000000036, ""MSinceMostRecentDelq"": 0.1951807228915663, ""PercentInstallTrades"": -0.12, ""MSinceMostRecentInqexcl7days"": 0.2, ""NumInqLast6M"": -0.030303030303030304, ""NetFractionRevolvingBurden"": -0.19762931034482759, ""NetFractionInstallBurden"": -0.061224489795918435, ""NumRevolvingTradesWBalance"": -0.16875, ""NumInstallTradesWBalance"": -0.05555555555555555, ""NumBank2NatlTradesWHighUtilization"": -0.1111111111111111, ""PercentTradesWBalance"": -0.3, ""InquiryToTradeRatio"": -0.01932367149758454, ""RevolvingBurdenPerTrade"": -0.05172413793103448, ""InstallBurdenPerTrade"": -0.38095238095238093}",0.4956859350204468,False
xcreditscore_lattice,1442,True,feasible,moderate_risk,gurobi:Optimal,gurobi,0.48150479793548584,0.3706490695476532,0.32927002240897596,2,"{""ExternalRiskEstimate"": 0.06464186487010248, ""NumSatisfactoryTrades"": 0.18481012658227847}",0.3706490695476532,True
xcreditscore_lattice,1443,True,feasible,very_high_risk,gurobi:Optimal|refined_3,gurobi,0.8458272814750671,0.4161987900733948,1.8398382846967005,11,"{""ExternalRiskEstimate"": 0.07475409836065572, ""NumSatisfactoryTrades"": 0.18481012658227852, ""PercentTradesNeverDelq"": 0.19999999999999996, ""PercentInstallTrades"": -0.2, ""MSinceMostRecentInqexcl7days"": 0.2, ""NumInqLast6M"": -0.030303030303030304, ""NetFractionRevolvingBurden"": -0.19762931034482759, ""NumRevolvingTradesWBalance"": -0.16875, ""NumBank2NatlTradesWHighUtilization"": -0.16666666666666666, ""PercentTradesWBalance"": -0.04500000000000004, ""InstallBurdenPerTrade"": -0.16621470573117422}",0.4161987900733948,True
xcreditscore_lattice,1444,True,feasible,moderate_risk,gurobi:Optimal,gurobi,0.48150479793548584,0.3706490695476532,0.32927002240897596,2,"{""ExternalRiskEstimate"": 0.06464186487010248, ""NumSatisfactoryTrades"": 0.18481012658227847}",0.3706490695476532,True
xcreditscore_lattice,1447,True,feasible,high_risk,gurobi:Optimal,gurobi,0.5423583984375,0.2716335356235504,0.437569390920623,3,"{""ExternalRiskEstimate"": 0.05763041740986441, ""NumSatisfactoryTrades"": 0.18481012658227852, ""MSinceMostRecentInqexcl7days"": 0.2}",0.2716335356235504,True
xcreditscore_lattice,1449,True,feasible,high_risk,gurobi:Optimal|refined_4,gurobi,0.5820001363754272,0.4125921130180359,0.15671413170447757,2,"{""NumSatisfactoryTrades"": 0.16621698530577803, ""MSinceMostRecentInqexcl7days"": 0.04000000000000001}",0.4125921130180359,True
xcreditscore_lattice,1451,False,infeasible,very_high_risk,gurobi:Infeasible|refined_32,gurobi,0.8801644444465637,0.678092360496521,0.28393906892262155,3,"{""PercentTradesNeverDelq"": 0.05400000000000005, ""MSinceMostRecentInqexcl7days"": 0.11000000000000004, ""NetFractionRevolvingBurden"": -0.11857758620689673}",0.678092360496521,False
xcreditscore_lattice,1452,False,near_feasible,very_high_risk,gurobi:Optimal|refined_32,gurobi,0.815778911113739,0.4332641661167145,1.841540014405449,13,"{""ExternalRiskEstimate"": 0.07475409836065572, ""NumSatisfactoryTrades"": 0.18481012658227852, ""PercentTradesNeverDelq"": 0.08999999999999997, ""NumTradesOpeninLast12M"": -0.10263157894736849, ""PercentInstallTrades"": -0.19999999999999996, ""MSinceMostRecentInqexcl7days"": 0.2, ""NumInqLast6M"": -0.06363636363636364, ""NetFractionRevolvingBurden"": -0.14224137931034483, ""NetFractionInstallBurden"": -0.1377551020408163, ""NumBank2NatlTradesWHighUtilization"": -0.05555555555555555, ""PercentTradesWBalance"": -0.15000000000000013, ""RevolvingBurdenPerTrade"": -0.005646551724137944, ""InstallBurdenPerTrade"": -0.13914079090111162}",0.4332641661167145,False
xcreditscore_lattice,1453,False,infeasible,very_high_risk,gurobi:Infeasible|refined_32,gurobi,0.7811147570610046,0.5199131965637207,0.21751053101331516,3,"{""PercentTradesNeverDelq"": 0.12349999999999905, ""PercentInstallTrades"": -0.040000000000000036, ""MSinceMostRecentInqexcl7days"": 0.11000000000000004}",0.5199131965637207,False
xcreditscore_lattice,1454,False,infeasible,very_high_risk,gurobi:Optimal|refined_32,gurobi,0.8109686374664307,0.4430062770843506,2.058704772052659,12,"{""ExternalRiskEstimate"": 0.07475409836065572, ""NumSatisfactoryTrades"": 0.18481012658227847, ""PercentTradesNeverDelq"": 0.19999999999999996, ""MSinceMostRecentDelq"": 0.11710843373493957, ""PercentInstallTrades"": -0.2, ""MSinceMostRecentInqexcl7days"": 0.2, ""NumInqLast6M"": -0.06060606060606061, ""NetFractionRevolvingBurden"": -0.16810344827586207, ""NumRevolvingTradesWBalance"": -0.0625, ""NumBank2NatlTradesWHighUtilization"": -0.05555555555555555, ""RevolvingBurdenPerTrade"": -0.11206896551724135, ""InstallBurdenPerTrade"": -0.36381179991548757}",0.4430062770843506,False
xcreditscore_lattice,1455,False,infeasible,very_high_risk,gurobi:Optimal|refined_12,gurobi,0.7516672611236572,0.47473886609077454,1.9333935645207296,14,"{""ExternalRiskEstimate"": 0.07475409836065572, ""MSinceMostRecentTradeOpen"": -0.018276762402088774, ""NumSatisfactoryTrades"": 0.18481012658227852, ""PercentTradesNeverDelq"": 0.19999999999999996, ""MSinceMostRecentDelq"": 0.19518072289156627, ""PercentInstallTrades"": -0.2, ""MSinceMostRecentInqexcl7days"": 0.19999999999999996, ""NetFractionRevolvingBurden"": -0.19762931034482759, ""NumRevolvingTradesWBalance"": -0.09375, ""NumInstallTradesWBalance"": -0.1111111111111111, ""NumBank2NatlTradesWHighUtilization"": -0.05555555555555555, ""PercentTradesWBalance"": -0.04500000000000004, ""RevolvingBurdenPerTrade"": -0.11293103448275864, ""InstallBurdenPerTrade"": -0.18571428571428572}",0.47473886609077454,False
xcreditscore_lattice,1458,True,feasible,high_risk,gurobi:Optimal|refined_7,gurobi,0.5923864245414734,0.418802410364151,0.35036609326322365,3,"{""ExternalRiskEstimate"": 0.05626776571175984, ""NumSatisfactoryTrades"": 0.1848101265822785, ""MSinceMostRecentInqexcl7days"": 0.07}",0.418802410364151,True
xcreditscore_lattice,1460,True,feasible,very_high_risk,gurobi:Optimal|refined_1,gurobi,0.8216075301170349,0.41995587944984436,1.662907097051532,10,"{""ExternalRiskEstimate"": 0.07475409836065572, ""NumSatisfactoryTrades"": 0.18481012658227852, ""PercentTradesNeverDelq"": 0.16000000000000003, ""MSinceMostRecentDelq"": 0.1951807228915663, ""PercentInstallTrades"": -0.2, ""MSinceMostRecentInqexcl7days"": 0.2, ""NetFractionRevolvingBurden"": -0.17672413793103448, ""NumInstallTradesWBalance"": -0.16666666666666666, ""NumBank2NatlTradesWHighUtilization"": -0.05555555555555555, ""InstallBurdenPerTrade"": -0.28}",0.41995587944984436,True
xcreditscore_lattice,1462,True,feasible,very_high_risk,gurobi:Optimal,gurobi,0.7543391585350037,0.35410651564598083,1.4150565151109675,9,"{""ExternalRiskEstimate"": 0.07475409836065572, ""NumSatisfactoryTrades"": 0.18481012658227852, ""PercentTradesNeverDelq"": 0.06999999999999995, ""PercentInstallTrades"": -0.2, ""MSinceMostRecentInqexcl7days"": 0.2, ""NumInqLast6M"": -0.015151515151515152, ""NetFractionRevolvingBurden"": -0.19762931034482759, ""NumRevolvingTradesWBalance"": -0.13318809399459394, ""NumBank2NatlTradesWHighUtilization"": -0.16666666666666666}",0.35410651564598083,True
xcreditscore_lattice,1465,False,infeasible,very_high_risk,gurobi:Infeasible|refined_32,gurobi,0.7914118766784668,0.5528110861778259,0.18503403609156865,3,"{""PercentTradesNeverDelq"": 0.10999999999999899, ""MSinceMostRecentDelq"": 0.009759036144578317, ""MSinceMostRecentInqexcl7days"": 0.11000000000000004}",0.5528110861778259,False
xcreditscore_lattice,1466,True,feasible,very_high_risk,gurobi:Optimal,gurobi,0.6546798944473267,0.3809601068496704,0.7837224403294409,7,"{""ExternalRiskEstimate"": 0.07475409836065572, ""NumSatisfactoryTrades"": 0.1848101265822785, ""PercentInstallTrades"": -0.140324923862161, ""MSinceMostRecentInqexcl7days"": 0.2, ""NumInqLast6M"": -0.015151515151515152, ""NetFractionRevolvingBurden"": -0.04310344827586207, ""NumBank2NatlTradesWHighUtilization"": -0.05555555555555555}",0.3809601068496704,True
xcreditscore_lattice,1468,True,feasible,high_risk,gurobi:Optimal|refined_15,gurobi,0.5998328328132629,0.41946902871131897,0.08823367986452241,2,"{""PercentTradesNeverDelq"": 0.017999999999999794, ""MSinceMostRecentInqexcl7days"": 0.11000000000000004}",0.41946902871131897,True
xcreditscore_lattice,1469,False,near_feasible,very_high_risk,gurobi:Optimal|refined_32,gurobi,0.7049619555473328,0.4357653856277466,0.9703927433899308,7,"{""ExternalRiskEstimate"": 0.07475409836065572, ""NumSatisfactoryTrades"": 0.18481012658227852, ""MSinceMostRecentDelq"": 0.18542168674698756, ""PercentInstallTrades"": -0.1200000000000001, ""MSinceMostRecentInqexcl7days"": 0.2, ""NumInqLast6M"": -0.05306298782425379, ""RevolvingBurdenPerTrade"": -0.016594827586206885}",0.4357653856277466,False
xcreditscore_lattice,1471,True,feasible,very_high_risk,gurobi:Optimal|refined_11,gurobi,0.6449582576751709,0.41999682784080505,0.41794322511794274,3,"{""ExternalRiskEstimate"": 0.0710377135957071, ""NumSatisfactoryTrades"": 0.18481012658227847, ""MSinceMostRecentInqexcl7days"": 0.11000000000000004}",0.41999682784080505,True
xcreditscore_lattice,1473,True,feasible,high_risk,gurobi:Optimal,gurobi,0.5370466113090515,0.40795207023620605,0.20173040791150212,2,"{""NumSatisfactoryTrades"": 0.18481012658227847, ""MSinceMostRecentInqexcl7days"": 0.08735225672463985}",0.40795207023620605,True
xcreditscore_lattice,1476,False,infeasible,very_high_risk,gurobi:Infeasible|refined_32,gurobi,0.8804159760475159,0.7040022015571594,0.2901997469361651,5,"{""NumSatisfactoryTrades"": 0.0462025316455697, ""MSinceMostRecentDelq"": 0.03903614457831328, ""PercentInstallTrades"": -0.06000000000000005, ""MSinceMostRecentInqexcl7days"": 0.11000000000000004, ""NetFractionRevolvingBurden"": -0.08893318965517255}",0.7040022015571594,False
xcreditscore_lattice,1478,False,infeasible,very_high_risk,gurobi:Infeasible|refined_32,gurobi,0.9047819972038269,0.7549566030502319,0.273569971157527,4,"{""MSinceMostRecentDelq"": 0.0487951807228916, ""MSinceMostRecentInqexcl7days"": 0.12000000000000005, ""NetFractionRevolvingBurden"": -0.06917025862068976, ""PercentTradesWBalance"": -0.1200000000000001}",0.7549566030502319,False
xcreditscore_lattice,1479,True,feasible,moderate_risk,gurobi:Optimal,gurobi,0.48150479793548584,0.3706490695476532,0.32927002240897596,2,"{""ExternalRiskEstimate"": 0.06464186487010248, ""NumSatisfactoryTrades"": 0.18481012658227847}",0.3706490695476532,True
xcreditscore_lattice,1480,True,feasible,very_high_risk,gurobi:Optimal|refined_5,gurobi,0.6441990733146667,0.4075183570384979,0.422518988529358,5,"{""ExternalRiskEstimate"": 0.031255090326894, ""NumSatisfactoryTrades"": 0.18481012658227847, ""PercentInstallTrades"": -0.08000000000000007, ""MSinceMostRecentInqexcl7days"": 0.2, ""PercentTradesWBalance"": -0.015000000000000013}",0.4075183570384979,True
xcreditscore_lattice,1481,True,feasible,very_high_risk,gurobi:Optimal,gurobi,0.7604656219482422,0.3445263206958771,1.0726068507659838,6,"{""ExternalRiskEstimate"": 0.07475409836065572, ""NumSatisfactoryTrades"": 0.18481012658227852, ""PercentTradesNeverDelq"": 0.17999999999999994, ""MSinceMostRecentInqexcl7days"": 0.2, ""NetFractionRevolvingBurden"": -0.15948275862068964, ""NumRevolvingTradesWBalance"": -0.15450205147700044}",0.3445263206958771,True
xcreditscore_lattice,1487,True,feasible,high_risk,gurobi:Optimal|refined_9,gurobi,0.5706899166107178,0.41768795251846313,0.9006607381832723,6,"{""ExternalRiskEstimate"": 0.07475409836065572, ""NumSatisfactoryTrades"": 0.18481012658227852, ""PercentTradesNeverDelq"": 0.10999999999999999, ""MSinceMostRecentDelq"": 0.07807228915662653, ""MSinceMostRecentInqexcl7days"": 0.19999999999999996, ""NetFractionRevolvingBurden"": -0.1896551724137931}",0.41768795251846313,True
xcreditscore_lattice,1489,True,feasible,very_high_risk,gurobi:Optimal,gurobi,0.6766874194145203,0.3866361081600189,0.9480458162257216,6,"{""ExternalRiskEstimate"": 0.07475409836065572, ""NumSatisfactoryTrades"": 0.18481012658227847, ""MSinceMostRecentInqexcl7days"": 0.2, ""NumInqLast6M"": -0.015151515151515152, ""NetFractionRevolvingBurden"": -0.19762931034482759, ""NumBank2NatlTradesWHighUtilization"": -0.08891220064986273}",0.3866361081600189,True
xcreditscore_lattice,1490,False,infeasible,very_high_risk,gurobi:Infeasible|refined_32,gurobi,0.858939528465271,0.7485460042953491,0.27997269259517504,3,"{""PercentTradesNeverDelq"": 0.19999999999999996, ""MSinceMostRecentDelq"": 0.08783132530120485, ""PercentTradesWBalance"": -0.04500000000000004}",0.7485460042953491,False
xcreditscore_lattice,1492,True,feasible,high_risk,gurobi:Optimal|refined_10,gurobi,0.5539520382881165,0.4156959056854248,0.5563961333473084,5,"{""ExternalRiskEstimate"": 0.06550895632631992, ""NumSatisfactoryTrades"": 0.18481012658227852, ""MSinceMostRecentInqexcl7days"": 0.2, ""NumBank2NatlTradesWHighUtilization"": -0.024999999999999994, ""PercentTradesWBalance"": -0.1050000000000001}",0.4156959056854248,True
xcreditscore_lattice,1493,False,infeasible,very_high_risk,gurobi:Infeasible|refined_32,gurobi,0.7850186824798584,0.49494612216949463,0.2223081146388932,5,"{""NumSatisfactoryTrades"": 0.09240506329113926, ""MSinceMostRecentInqexcl7days"": 0.12000000000000005, ""NetFractionRevolvingBurden"": -0.019396551724137928, ""PercentTradesWBalance"": -0.06000000000000005, ""RevolvingBurdenPerTrade"": -0.007053291536050152}",0.49494612216949463,False
xcreditscore_lattice,1495,True,feasible,high_risk,gurobi:Optimal,gurobi,0.6075558066368103,0.3019857108592987,0.5080377031241305,4,"{""ExternalRiskEstimate"": 0.07475409836065572, ""NumSatisfactoryTrades"": 0.1848101265822785, ""MSinceMostRecentInqexcl7days"": 0.2, ""NumInqLast6M"": -0.00436993083256002}",0.3019857108592987,True
xcreditscore_lattice,1496,False,near_feasible,very_high_risk,gurobi:Optimal|refined_27,gurobi,0.8104190826416016,0.4321209192276001,2.0454565590124365,13,"{""ExternalRiskEstimate"": 0.07475409836065572, ""NumSatisfactoryTrades"": 0.18481012658227847, ""MSinceMostRecentDelq"": 0.19518072289156632, ""PercentInstallTrades"": -0.2, ""MSinceMostRecentInqexcl7days"": 0.2, ""NetFractionRevolvingBurden"": -0.19762931034482759, ""NetFractionInstallBurden"": -0.03826530612244894, ""NumRevolvingTradesWBalance"": -0.15625, ""NumInstallTradesWBalance"": -0.24444444444444435, ""NumBank2NatlTradesWHighUtilization"": -0.05555555555555555, ""PercentTradesWBalance"": -0.29999999999999993, ""RevolvingBurdenPerTrade"": -0.07902298850574713, ""InstallBurdenPerTrade"": -0.13392857142857142}",0.4321209192276001,False
xcreditscore_lattice,1497,False,infeasible,very_high_risk,gurobi:Infeasible|refined_32,gurobi,0.9208468794822693,0.7533794641494751,0.27468912932163697,3,"{""NumSatisfactoryTrades"": 0.009240506329113926, ""PercentTradesNeverDelq"": 0.19999999999999996, ""MSinceMostRecentInqexcl7days"": 0.11000000000000004}",0.7533794641494751,False
xcreditscore_lattice,1498,True,feasible,very_high_risk,gurobi:Optimal|refined_17,gurobi,0.817079484462738,0.41872087121009827,1.6069155733076759,11,"{""ExternalRiskEstimate"": 0.07475409836065572, ""NumSatisfactoryTrades"": 0.1848101265822785, ""MSinceMostRecentDelq"": 0.0487951807228916, ""PercentInstallTrades"": -0.2, ""MSinceMostRecentInqexcl7days"": 0.2, ""NumInqLast6M"": -0.045454545454545456, ""NetFractionRevolvingBurden"": -0.19762931034482759, ""NumRevolvingTradesWBalance"": -0.0062500000000000056, ""NumBank2NatlTradesWHighUtilization"": -0.05555555555555555, ""PercentTradesWBalance"": -0.16500000000000015, ""InstallBurdenPerTrade"": -0.3190557200996595}",0.41872087121009827,True
xcreditscore_lattice,1501,False,infeasible,very_high_risk,gurobi:Infeasible|refined_32,gurobi,0.8161999583244324,0.561263918876648,0.2734060178754244,3,"{""PercentTradesNeverDelq"": 0.08400000000000007, ""MSinceMostRecentInqexcl7days"": 0.11000000000000004, ""NetFractionRevolvingBurden"": -0.08893318965517255}",0.561263918876648,False
xcreditscore_lattice,1502,False,infeasible,very_high_risk,gurobi:Optimal|refined_32,gurobi,0.9082431793212891,0.6199625134468079,1.9514840215678009,12,"{""ExternalRiskEstimate"": 0.07475409836065572, ""NumSatisfactoryTrades"": 0.18481012658227847, ""MSinceMostRecentDelq"": 0.19518072289156604, ""PercentInstallTrades"": -0.2, ""MSinceMostRecentInqexcl7days"": 0.2, ""NumInqLast6M"": -0.06363636363636366, ""NetFractionRevolvingBurden"": -0.12931034482758622, ""NumRevolvingTradesWBalance"": -0.15625, ""NumInstallTradesWBalance"": -0.16515273625877602, ""NumBank2NatlTradesWHighUtilization"": -0.1111111111111111, ""RevolvingBurdenPerTrade"": -0.025862068965517234, ""InstallBurdenPerTrade"": -0.1530612244897959}",0.6199625134468079,False
xcreditscore_lattice,1504,True,feasible,high_risk,gurobi:Optimal,gurobi,0.5343484878540039,0.30400681495666504,0.38721267563724093,3,"{""ExternalRiskEstimate"": 0.03989458592063466, ""NumSatisfactoryTrades"": 0.18481012658227852, ""MSinceMostRecentInqexcl7days"": 0.2}",0.30400681495666504,True
xcreditscore_lattice,1505,False,near_feasible,very_high_risk,gurobi:Optimal|refined_32,gurobi,0.6800159215927124,0.4276878237724304,0.9164041128686577,8,"{""ExternalRiskEstimate"": 0.07475409836065572, ""NumSatisfactoryTrades"": 0.18481012658227847, ""PercentTradesNeverDelq"": 0.10999999999999899, ""MSinceMostRecentDelq"": 0.0487951807228916, ""MSinceMostRecentInqexcl7days"": 0.2, ""NumInqLast6M"": -0.04565847196703536, ""NetFractionRevolvingBurden"": -0.012931034482758619, ""PercentTradesWBalance"": -0.07500000000000007}",0.4276878237724304,False
xcreditscore_lattice,1506,True,feasible,very_high_risk,gurobi:Optimal,gurobi,0.6762299537658691,0.28437453508377075,0.7035382148923456,4,"{""ExternalRiskEstimate"": 0.07475409836065572, ""NumSatisfactoryTrades"": 0.18481012658227852, ""MSinceMostRecentInqexcl7days"": 0.2, ""NetFractionRevolvingBurden"": -0.16081358975644006}",0.28437453508377075,True
xcreditscore_lattice,1508,True,feasible,very_high_risk,gurobi:Optimal,gurobi,0.7464537024497986,0.3717581331729889,1.268259988869893,7,"{""ExternalRiskEstimate"": 0.07475409836065572, ""NumSatisfactoryTrades"": 0.18481012658227847, ""PercentInstallTrades"": -0.2, ""MSinceMostRecentInqexcl7days"": 0.2, ""NetFractionRevolvingBurden"": -0.19762931034482759, ""NumRevolvingTradesWBalance"": -0.13149051531684414, ""NumBank2NatlTradesWHighUtilization"": -0.16666666666666666}",0.3717581331729889,True
xcreditscore_lattice,1510,False,infeasible,very_high_risk,gurobi:Infeasible|refined_32,gurobi,0.7829942107200623,0.6918091773986816,0.3383143943225945,5,"{""NumSatisfactoryTrades"": 0.02772151898734178, ""MSinceMostRecentDelq"": 0.0487951807228916, ""NetFractionRevolvingBurden"": -0.1482219827586209, ""NumRevolvingTradesWBalance"": -0.0390625, ""PercentTradesWBalance"": -0.06000000000000005}",0.6918091773986816,False
xcreditscore_lattice,1512,True,feasible,very_high_risk,gurobi:Optimal,gurobi,0.7655835747718811,0.35942474007606506,1.6130783404587834,11,"{""ExternalRiskEstimate"": 0.07475409836065572, ""MSinceMostRecentTradeOpen"": -0.04177545691906005, ""NumSatisfactoryTrades"": 0.18481012658227847, ""PercentTradesNeverDelq"": 0.04999999999999993, ""PercentInstallTrades"": -0.2, ""MSinceMostRecentInqexcl7days"": 0.2, ""NetFractionRevolvingBurden"": -0.19762931034482759, ""NumRevolvingTradesWBalance"": -0.15625, ""NumInstallTradesWBalance"": -0.02605578461307135, ""NumBank2NatlTradesWHighUtilization"": -0.16666666666666666, ""InstallBurdenPerTrade"": -0.14285714285714285}",0.35942474007606506,True
xcreditscore_lattice,1513,True,feasible,very_high_risk,gurobi:Optimal,gurobi,0.6378514766693115,0.3318197727203369,0.48691188195552093,4,"{""ExternalRiskEstimate"": 0.07475409836065572, ""NumSatisfactoryTrades"": 0.1848101265822785, ""MSinceMostRecentInqexcl7days"": 0.2, ""NumInqLast6M"": -0.00014476659883811555}",0.3318197727203369,True
xcreditscore_lattice,1514,True,feasible,very_high_risk,gurobi:Optimal,gurobi,0.6860547661781311,0.330078661441803,0.8424710968571725,6,"{""ExternalRiskEstimate"": 0.07475409836065572, ""NumSatisfactoryTrades"": 0.1848101265822785, ""PercentTradesNeverDelq"": 0.07783630348968884, ""MSinceMostRecentInqexcl7days"": 0.2, ""NumInqLast6M"": -0.015151515151515152, ""NetFractionRevolvingBurden"": -0.15086206896551724}",0.330078661441803,True
xcreditscore_lattice,1515,False,infeasible,very_high_risk,gurobi:Infeasible|refined_32,gurobi,0.8920215964317322,0.7270573377609253,0.23816322868160333,4,"{""NumSatisfactoryTrades"": 0.036962025316455704, ""MSinceMostRecentDelq"": 0.10734939759036152, ""PercentInstallTrades"": -0.10000000000000009, ""MSinceMostRecentInqexcl7days"": 0.12000000000000005}",0.7270573377609253,False
xcreditscore_lattice,1516,True,feasible,moderate_risk,gurobi:Optimal|refined_6,gurobi,0.4855566918849945,0.4180454611778259,0.08013271165951366,1,"{""NetFractionRevolvingBurden"": -0.05928879310344837}",0.4180454611778259,True
xcreditscore_lattice,1517,True,feasible,very_high_risk,gurobi:Optimal,gurobi,0.6764104962348938,0.38503706455230713,0.7561480704636914,5,"{""ExternalRiskEstimate"": 0.07475409836065572, ""NumSatisfactoryTrades"": 0.18481012658227847, ""MSinceMostRecentInqexcl7days"": 0.2, ""NumInqLast6M"": -0.030303030303030304, ""NetFractionRevolvingBurden"": -0.08763528957656042}",0.38503706455230713,True
xcreditscore_lattice,1518,False,infeasible,very_high_risk,gurobi:Infeasible|refined_32,gurobi,0.8673997521400452,0.7488463521003723,0.2505065617981447,4,"{""MSinceMostRecentDelq"": 0.0487951807228916, ""PercentInstallTrades"": -0.0824999999999998, ""MSinceMostRecentInqexcl7days"": 0.12000000000000005, ""PercentTradesWBalance"": -0.15000000000000013}",0.7488463521003723,False
xcreditscore_lattice,1520,True,feasible,moderate_risk,gurobi:Optimal,gurobi,0.48150479793548584,0.3706490695476532,0.32927002240897596,2,"{""ExternalRiskEstimate"": 0.06464186487010248, ""NumSatisfactoryTrades"": 0.18481012658227847}",0.3706490695476532,True
xcreditscore_lattice,1521,False,infeasible,very_high_risk,gurobi:Infeasible|refined_32,gurobi,0.9184141755104065,0.7730304002761841,0.3114801788872068,4,"{""MSinceMostRecentDelq"": 0.048795180722891573, ""PercentInstallTrades"": -0.1200000000000001, ""MSinceMostRecentInqexcl7days"": 0.11000000000000004, ""NetFractionRevolvingBurden"": -0.09881465517241395}",0.7730304002761841,False
xcreditscore_lattice,1522,False,infeasible,very_high_risk,gurobi:Infeasible|refined_32,gurobi,0.876725435256958,0.6511736512184143,0.2251648634174549,5,"{""NumSatisfactoryTrades"": 0.09240506329113926, ""MSinceMostRecentDelq"": 0.0487951807228916, ""MSinceMostRecentInqexcl7days"": 0.12000000000000005, ""NetFractionRevolvingBurden"": -0.019396551724137928, ""PercentTradesWBalance"": -0.030000000000000027}",0.6511736512184143,False
xcreditscore_lattice,1523,True,feasible,very_high_risk,gurobi:Optimal|refined_14,gurobi,0.6488967537879944,0.4188423156738281,0.8951014754822038,7,"{""ExternalRiskEstimate"": 0.07475409836065572, ""NumSatisfactoryTrades"": 0.1848101265822785, ""MSinceMostRecentDelq"": 0.08783132530120483, ""MSinceMostRecentInqexcl7days"": 0.20000000000000007, ""NumInqLast6M"": -0.013795022401579668, ""NetFractionRevolvingBurden"": -0.17672413793103448, ""PercentTradesWBalance"": -0.07500000000000007}",0.4188423156738281,True
xcreditscore_lattice,1525,True,feasible,near_threshold,gurobi:Optimal|refined_8,gurobi,0.45308592915534973,0.41854313015937805,0.050907618033301766,2,"{""NumSatisfactoryTrades"": 0.009240506329113926, ""MSinceMostRecentDelq"": 0.06831325301204824}",0.41854313015937805,True
xcreditscore_lattice,1526,True,feasible,very_high_risk,gurobi:Optimal|refined_19,gurobi,0.6748764514923096,0.4198128283023834,0.8828886925734521,6,"{""ExternalRiskEstimate"": 0.07475409836065572, ""NumSatisfactoryTrades"": 0.18481012658227852, ""PercentTradesNeverDelq"": 0.07999999999999996, ""PercentInstallTrades"": -0.08000000000000007, ""MSinceMostRecentInqexcl7days"": 0.2, ""NetFractionRevolvingBurden"": -0.19762931034482759}",0.4198128283023834,True
xcreditscore_lattice,1527,True,feasible,very_high_risk,gurobi:Optimal|refined_16,gurobi,0.8179604411125183,0.4171549677848816,1.0848054996969345,10,"{""ExternalRiskEstimate"": 0.07475409836065572, ""MSinceMostRecentTradeOpen"": -0.018276762402088774, ""NumSatisfactoryTrades"": 0.1848101265822785, ""MSinceMostRecentDelq"": 0.0487951807228916, ""MSinceMostRecentInqexcl7days"": 0.2, ""NetFractionRevolvingBurden"": -0.07327586206896551, ""NumRevolvingTradesWBalance"": -0.0625, ""NumBank2NatlTradesWHighUtilization"": -0.05555555555555555, ""PercentTradesWBalance"": -0.16500000000000015, ""InstallBurdenPerTrade"": -0.19019819621690087}",0.4171549677848816,True
xcreditscore_lattice,1528,False,infeasible,very_high_risk,gurobi:Optimal|refined_32,gurobi,0.810862123966217,0.46752262115478516,1.7451755477939508,10,"{""ExternalRiskEstimate"": 0.07475409836065572, ""NumSatisfactoryTrades"": 0.1848101265822785, ""MSinceMostRecentDelq"": 0.19518072289156604, ""MSinceMostRecentInqexcl7days"": 0.2, ""NumInqLast6M"": -0.06060606060606061, ""NetFractionRevolvingBurden"": -0.1336206896551724, ""NumRevolvingTradesWBalance"": -0.15625, ""PercentTradesWBalance"": -0.09000000000000008, ""RevolvingBurdenPerTrade"": -0.01336206896551725, ""InstallBurdenPerTrade"": -0.42407820645414623}",0.46752262115478516,False
xcreditscore_lattice,1529,False,infeasible,very_high_risk,gurobi:Infeasible|refined_32,gurobi,0.8338946104049683,0.6736114621162415,0.14293575850335832,3,"{""PercentTradesNeverDelq"": 0.05999999999999994, ""MSinceMostRecentInqexcl7days"": 0.11000000000000004, ""NetFractionRevolvingBurden"": -0.009881465517241395}",0.6736114621162415,False
xcreditscore_lattice,1531,True,feasible,high_risk,gurobi:Optimal,gurobi,0.5351406335830688,0.35385847091674805,0.22751118162086464,2,"{""NumSatisfactoryTrades"": 0.18481012658227852, ""MSinceMostRecentInqexcl7days"": 0.12756976380317941}",0.35385847091674805,True
xcreditscore_lattice,1533,False,infeasible,very_high_risk,gurobi:Optimal|refined_32,gurobi,0.8488898873329163,0.4552136957645416,1.7425878376220159,12,"{""ExternalRiskEstimate"": 0.07475409836065572, ""NumSatisfactoryTrades"": 0.18481012658227847, ""PercentTradesNeverDelq"": 0.19999999999999996, ""MSinceMostRecentDelq"": 0.09759036144578292, ""PercentInstallTrades"": -0.2, ""MSinceMostRecentInqexcl7days"": 0.2, ""NumInqLast6M"": -0.015151515151515152, ""NetFractionRevolvingBurden"": -0.19762931034482759, ""NumRevolvingTradesWBalance"": -0.012500000000000011, ""NumBank2NatlTradesWHighUtilization"": -0.1111111111111111, ""RevolvingBurdenPerTrade"": -0.09999999999999999, ""InstallBurdenPerTrade"": -0.24111475438503965}",0.4552136957645416,False
xcreditscore_lattice,1534,True,feasible,high_risk,gurobi:Optimal,gurobi,0.5857480764389038,0.3099045753479004,0.4290443001330774,3,"{""ExternalRiskEstimate"": 0.05462784719082969, ""NumSatisfactoryTrades"": 0.18481012658227852, ""MSinceMostRecentInqexcl7days"": 0.2}",0.3099045753479004,True
xcreditscore_lattice,1537,True,feasible,near_threshold,gurobi:Optimal,gurobi,0.4670785069465637,0.33921781182289124,0.31415421610219185,2,"{""ExternalRiskEstimate"": 0.05931801894464295, ""NumSatisfactoryTrades"": 0.1848101265822785}",0.33921781182289124,True
xcreditscore_lattice,1540,True,feasible,high_risk,gurobi:Optimal|refined_5,gurobi,0.5866996049880981,0.40585818886756897,0.36331435395311695,3,"{""ExternalRiskEstimate"": 0.0653436843550198, ""NumSatisfactoryTrades"": 0.18481012658227852, ""MSinceMostRecentInqexcl7days"": 0.05000000000000001}",0.40585818886756897,True
xcreditscore_lattice,1541,True,feasible,very_high_risk,gurobi:Optimal,gurobi,0.6316643953323364,0.3823693096637726,1.177182857811299,10,"{""ExternalRiskEstimate"": 0.07475409836065572, ""MSinceMostRecentTradeOpen"": -0.06005221932114883, ""NumSatisfactoryTrades"": 0.1848101265822785, ""PercentTradesNeverDelq"": 0.07999999999999996, ""PercentInstallTrades"": -0.2, ""MSinceMostRecentInqexcl7days"": 0.19999999999999998, ""NumInqLast6M"": -0.015151515151515152, ""NumRevolvingTradesWBalance"": -0.03125, ""NumInstallTradesWBalance"": -0.07541416741325901, ""InstallBurdenPerTrade"": -0.14285714285714285}",0.3823693096637726,True
xcreditscore_lattice,1542,True,feasible,moderate_risk,gurobi:Optimal|refined_4,gurobi,0.4866294860839844,0.40866899490356445,0.1191384624977706,2,"{""NumSatisfactoryTrades"": 0.11856625182394716, ""MSinceMostRecentInqexcl7days"": 0.04000000000000001}",0.40866899490356445,True
xcreditscore_lattice,1543,True,feasible,very_high_risk,gurobi:Optimal|refined_8,gurobi,0.6605578660964966,0.419325053691864,0.5152990339694522,5,"{""ExternalRiskEstimate"": 0.061327845160379035, ""NumSatisfactoryTrades"": 0.18481012658227852, ""MSinceMostRecentDelq"": 0.03903614457831328, ""MSinceMostRecentInqexcl7days"": 0.2, ""NumRevolvingTradesWBalance"": -0.03374999999999995}",0.419325053691864,True
xcreditscore_lattice,1544,True,feasible,near_threshold,gurobi:Optimal|refined_1,gurobi,0.4340195059776306,0.41944465041160583,0.006410336090453347,1,"{""MSinceMostRecentInqexcl7days"": 0.010000000000000002}",0.41944465041160583,True
xcreditscore_lattice,1545,True,feasible,high_risk,gurobi:Optimal|refined_15,gurobi,0.615302562713623,0.41877028346061707,0.37136589954816324,5,"{""NumSatisfactoryTrades"": 0.18481012658227852, ""MSinceMostRecentDelq"": 0.03903614457831328, ""MSinceMostRecentInqexcl7days"": 0.13884534442549412, ""NetFractionRevolvingBurden"": -0.02004310344827584, ""NumRevolvingTradesWBalance"": -0.0674999999999999}",0.41877028346061707,True
xcreditscore_lattice,1546,True,feasible,very_high_risk,gurobi:Optimal,gurobi,0.7308724522590637,0.4137607216835022,0.9824718909301313,6,"{""ExternalRiskEstimate"": 0.07475409836065572, ""NumSatisfactoryTrades"": 0.1848101265822785, ""PercentTradesNeverDelq"": 0.01879779194781772, ""MSinceMostRecentInqexcl7days"": 0.2, ""NumInqLast6M"": -0.045454545454545456, ""NetFractionRevolvingBurden"": -0.1853448275862069}",0.4137607216835022,True
xcreditscore_lattice,1548,True,feasible,very_high_risk,gurobi:Optimal|refined_8,gurobi,0.8088911771774292,0.4176718294620514,1.8850272258711924,13,"{""ExternalRiskEstimate"": 0.07475409836065572, ""MSinceMostRecentTradeOpen"": -0.09295039164490862, ""NumSatisfactoryTrades"": 0.1848101265822785, ""PercentTradesNeverDelq"": 0.19999999999999996, ""MSinceMostRecentDelq"": 0.1951807228915663, ""PercentInstallTrades"": -0.19999999999999996, ""MSinceMostRecentInqexcl7days"": 0.19999999999999996, ""NetFractionRevolvingBurden"": -0.19762931034482759, ""NumRevolvingTradesWBalance"": -0.0045150708167347176, ""NumInstallTradesWBalance"": -0.05555555555555555, ""NumBank2NatlTradesWHighUtilization"": -0.05555555555555555, ""PercentTradesWBalance"": -0.1200000000000001, ""InstallBurdenPerTrade"": -0.2571428571428571}",0.4176718294620514,True
xcreditscore_lattice,1550,False,infeasible,very_high_risk,gurobi:Infeasible|refined_32,gurobi,0.8047682046890259,0.6635993123054504,0.2569836200112436,5,"{""MSinceMostRecentDelq"": 0.0487951807228916, ""MSinceMostRecentInqexcl7days"": 0.12000000000000005, ""NumRevolvingTradesWBalance"": -0.0062500000000000056, ""NumBank2NatlTradesWHighUtilization"": -0.05833333333333332, ""PercentTradesWBalance"": -0.1050000000000001}",0.6635993123054504,False
xcreditscore_lattice,1551,False,infeasible,very_high_risk,gurobi:Infeasible|refined_32,gurobi,0.8575911521911621,0.7322378158569336,0.21262891138726675,3,"{""MSinceMostRecentDelq"": 0.15614457831325287, ""MSinceMostRecentInqexcl7days"": 0.12000000000000005, ""PercentTradesWBalance"": -0.06000000000000005}",0.7322378158569336,False
xcreditscore_lattice,1553,True,feasible,very_high_risk,gurobi:Optimal,gurobi,0.8093801140785217,0.41844815015792847,1.629115241846279,12,"{""ExternalRiskEstimate"": 0.07475409836065572, ""MSinceMostRecentTradeOpen"": -0.01566579634464752, ""NumSatisfactoryTrades"": 0.1848101265822785, ""MSinceMostRecentDelq"": 0.19518072289156632, ""PercentInstallTrades"": -0.19999999999999996, ""MSinceMostRecentInqexcl7days"": 0.2, ""NumInqLast6M"": -0.015151515151515152, ""NetFractionRevolvingBurden"": -0.13793103448275862, ""NumRevolvingTradesWBalance"": -0.03125, ""NumInstallTradesWBalance"": -0.1111111111111111, ""RevolvingBurdenPerTrade"": -0.09111655417562352, ""InstallBurdenPerTrade"": -0.3142857142857143}",0.41844815015792847,True
xcreditscore_lattice,1554,False,infeasible,very_high_risk,gurobi:Infeasible|refined_32,gurobi,0.8438740968704224,0.6935362815856934,0.14842474148762497,3,"{""PercentTradesNeverDelq"": 0.06999999999999895, ""MSinceMostRecentInqexcl7days"": 0.11000000000000004, ""PercentTradesWBalance"": -0.015000000000000013}",0.6935362815856934,False
xcreditscore_lattice,1556,True,feasible,very_high_risk,gurobi:Optimal,gurobi,0.8421686887741089,0.4101373851299286,2.044991122645724,13,"{""ExternalRiskEstimate"": 0.07475409836065572, ""MSinceMostRecentTradeOpen"": -0.010443864229765013, ""NumSatisfactoryTrades"": 0.18481012658227847, ""PercentTradesNeverDelq"": 0.13, ""MSinceMostRecentDelq"": 0.1951807228915663, ""PercentInstallTrades"": -0.19999999999999996, ""MSinceMostRecentInqexcl7days"": 0.2, ""NumInqLast6M"": -0.06363636363636364, ""NetFractionRevolvingBurden"": -0.19762931034482759, ""NumRevolvingTradesWBalance"": -0.03125, ""NumInstallTradesWBalance"": -0.22222222222222224, ""InquiryToTradeRatio"": -0.03062087980726264, ""InstallBurdenPerTrade"": -0.20238095238095236}",0.4101373851299286,True
xcreditscore_lattice,1557,False,infeasible,very_high_risk,gurobi:Optimal|refined_10,gurobi,0.7775003910064697,0.5239775776863098,2.467708734087781,17,"{""ExternalRiskEstimate"": 0.07475409836065572, ""MSinceMostRecentTradeOpen"": -0.010443864229765013, ""NumSatisfactoryTrades"": 0.18481012658227847, ""PercentTradesNeverDelq"": 0.040000000000000036, ""MSinceMostRecentDelq"": 0.1951807228915663, ""NumTradesOpeninLast12M"": -0.13684210526315788, ""PercentInstallTrades"": -0.2, ""MSinceMostRecentInqexcl7days"": 0.2, ""NumInqLast6M"": -0.045454545454545456, ""NetFractionRevolvingBurden"": -0.12931034482758622, ""NetFractionInstallBurden"": -0.11096938775510212, ""NumRevolvingTradesWBalance"": -0.16875, ""NumInstallTradesWBalance"": -0.24444444444444444, ""PercentTradesWBalance"": -0.30000000000000004, ""InquiryToTradeRatio"": -0.010869565217391304, ""RevolvingBurdenPerTrade"": -0.03694581280788177, ""InstallBurdenPerTrade"": -0.17755102040816326}",0.5239775776863098,False
xcreditscore_lattice,1558,False,infeasible,very_high_risk,gurobi:Infeasible|refined_32,gurobi,0.8993495106697083,0.7753004431724548,0.19715272858055527,3,"{""PercentTradesNeverDelq"": 0.07800000000000007, ""MSinceMostRecentDelq"": 0.07807228915662655, ""MSinceMostRecentInqexcl7days"": 0.11000000000000004}",0.7753004431724548,False
xcreditscore_lattice,1561,False,infeasible,very_high_risk,gurobi:Infeasible|refined_32,gurobi,0.9188256859779358,0.7969289422035217,0.20194273491448173,4,"{""NumSatisfactoryTrades"": 0.02772151898734178, ""PercentTradesNeverDelq"": 0.04800000000000004, ""MSinceMostRecentDelq"": 0.09759036144578317, ""MSinceMostRecentInqexcl7days"": 0.11000000000000004}",0.7969289422035217,False
xcreditscore_lattice,1562,True,feasible,very_high_risk,gurobi:Optimal,gurobi,0.8168268799781799,0.35071614384651184,1.3260158677170477,7,"{""ExternalRiskEstimate"": 0.07475409836065572, ""MSinceMostRecentTradeOpen"": -0.0391644908616188, ""NumSatisfactoryTrades"": 0.18481012658227852, ""PercentInstallTrades"": -0.2, ""MSinceMostRecentInqexcl7days"": 0.2, ""NetFractionRevolvingBurden"": -0.19762931034482759, ""InstallBurdenPerTrade"": -0.38667134758103006}",0.35071614384651184,True
xcreditscore_lattice,1563,True,feasible,very_high_risk,gurobi:Optimal|refined_30,gurobi,0.8529757261276245,0.418949693441391,1.717986543033083,11,"{""ExternalRiskEstimate"": 0.07475409836065572, ""MSinceMostRecentTradeOpen"": -0.07049608355091384, ""NumSatisfactoryTrades"": 0.1848101265822785, ""MSinceMostRecentDelq"": 0.15614457831325287, ""PercentInstallTrades"": -0.19999999999999996, ""MSinceMostRecentInqexcl7days"": 0.2, ""NumInqLast6M"": -0.030303030303030304, ""NetFractionRevolvingBurden"": -0.12931034482758622, ""NumBank2NatlTradesWHighUtilization"": -0.05555555555555555, ""PercentTradesWBalance"": -0.2100000000000002, ""InstallBurdenPerTrade"": -0.33597318172370727}",0.418949693441391,True
xcreditscore_lattice,1564,True,feasible,very_high_risk,gurobi:Optimal,gurobi,0.6607580780982971,0.3582901358604431,1.1846351563557649,7,"{""ExternalRiskEstimate"": 0.07475409836065572, ""NumSatisfactoryTrades"": 0.18481012658227847, ""PercentInstallTrades"": -0.08934276861844777, ""MSinceMostRecentInqexcl7days"": 0.2, ""NumInqLast6M"": -0.030303030303030304, ""NetFractionRevolvingBurden"": -0.19762931034482759, ""NumBank2NatlTradesWHighUtilization"": -0.16666666666666666}",0.3582901358604431,True
xcreditscore_lattice,1565,True,feasible,very_high_risk,gurobi:Optimal,gurobi,0.7221925258636475,0.3881932199001312,1.5276655464809008,9,"{""ExternalRiskEstimate"": 0.07475409836065572, ""MSinceMostRecentTradeOpen"": -0.028720626631853787, ""NumSatisfactoryTrades"": 0.18481012658227847, ""MSinceMostRecentInqexcl7days"": 0.2, ""NumInqLast6M"": -0.015151515151515152, ""NetFractionRevolvingBurden"": -0.19762931034482759, ""NumRevolvingTradesWBalance"": -0.16875, ""NumBank2NatlTradesWHighUtilization"": -0.16666666666666663, ""InstallBurdenPerTrade"": -0.21376756665652022}",0.3881932199001312,True
xcreditscore_lattice,1566,False,infeasible,very_high_risk,gurobi:Infeasible|refined_32,gurobi,0.8707077503204346,0.6415668725967407,0.2759087198866118,5,"{""NumSatisfactoryTrades"": 0.036962025316455704, ""MSinceMostRecentDelq"": 0.0487951807228916, ""PercentInstallTrades"": -0.2, ""MSinceMostRecentInqexcl7days"": 0.11000000000000004, ""PercentTradesWBalance"": -0.030000000000000027}",0.6415668725967407,False
monotone_xgboost,0,True,feasible,high_risk,gurobi:Optimal,gurobi,0.5439930558204651,0.2790735960006714,0.22034328349284377,2,"{""NumSatisfactoryTrades"": 0.18481012658227847, ""MSinceMostRecentInqexcl7days"": 0.11638798171425635}",0.2790735960006714,True
monotone_xgboost,2,True,feasible,very_high_risk,gurobi:Optimal|refined_2,gurobi,0.7351312041282654,0.4026194214820862,0.6666910448607619,7,"{""ExternalRiskEstimate"": 0.07475409836065572, ""MSinceMostRecentTradeOpen"": -0.03133159268929504, ""NumSatisfactoryTrades"": 0.18481012658227847, ""PercentInstallTrades"": -0.020000000000000018, ""MSinceMostRecentInqexcl7days"": 0.19999999999999996, ""NetFractionRevolvingBurden"": -0.06344306524113724, ""NumBank2NatlTradesWHighUtilization"": -0.002777777777777775}",0.4026194214820862,True
monotone_xgboost,4,True,feasible,near_threshold,gurobi:Optimal,gurobi,0.446010947227478,0.24649450182914734,0.2286684060558151,2,"{""NumSatisfactoryTrades"": 0.18481012658227852, ""MSinceMostRecentInqexcl7days"": 0.1293750114822735}",0.24649450182914734,True
monotone_xgboost,5,True,feasible,near_threshold,gurobi:Optimal,gurobi,0.41100984811782837,0.39284589886665344,0.06632351925565498,1,"{""NumSatisfactoryTrades"": 0.08410666812726236}",0.39284589886665344,True
monotone_xgboost,7,True,feasible,very_high_risk,gurobi:Optimal,gurobi,0.7835831046104431,0.31542858481407166,1.403359191681881,8,"{""ExternalRiskEstimate"": 0.07475409836065572, ""NumSatisfactoryTrades"": 0.18481012658227852, ""MSinceMostRecentDelq"": 0.19518072289156635, ""PercentInstallTrades"": -0.10569748106054813, ""MSinceMostRecentInqexcl7days"": 0.2, ""NumInqLast6M"": -0.06363636363636364, ""NetFractionRevolvingBurden"": -0.1853448275862069, ""NumRevolvingTradesWBalance"": -0.125}",0.31542858481407166,True
monotone_xgboost,8,False,near_feasible,high_risk,gurobi:Optimal|refined_8,gurobi,0.5488108396530151,0.432155966758728,0.20971729206007123,5,"{""NumSatisfactoryTrades"": 0.12102444094930376, ""NumTradesOpeninLast12M"": -0.006842105263157872, ""PercentInstallTrades"": -0.040000000000000036, ""NetFractionInstallBurden"": -0.04846938775510201, ""NumRevolvingTradesWBalance"": -0.0062500000000000056}",0.432155966758728,False
monotone_xgboost,10,False,infeasible,very_high_risk,gurobi:Infeasible|refined_12,gurobi,0.9551490545272827,0.9066483378410339,0.1975558154458719,7,"{""NumTotalTrades"": 0.016153846153846158, ""PercentInstallTrades"": -0.06000000000000005, ""NetFractionInstallBurden"": -0.07346938775510209, ""NumInstallTradesWBalance"": -0.00555555555555555, ""NumBank2NatlTradesWHighUtilization"": -0.002777777777777775, ""PercentTradesWBalance"": -0.015000000000000013, ""InstallBurdenPerTrade"": -0.017142857142857126}",0.9066483378410339,False
monotone_xgboost,11,True,feasible,very_high_risk,gurobi:Optimal,gurobi,0.63057541847229,0.17952370643615723,0.7152353258552493,5,"{""ExternalRiskEstimate"": 0.07475409836065572, ""NumSatisfactoryTrades"": 0.1848101265822785, ""MSinceMostRecentInqexcl7days"": 0.2, ""NumInqLast6M"": -0.002699163391840821, ""NetFractionRevolvingBurden"": -0.15948275862068964}",0.17952370643615723,True
monotone_xgboost,12,True,feasible,very_high_risk,gurobi:Optimal,gurobi,0.8644625544548035,0.21138885617256165,1.4203384086878392,10,"{""ExternalRiskEstimate"": 0.07475409836065572, ""MSinceMostRecentTradeOpen"": -0.010443864229765013, ""NumSatisfactoryTrades"": 0.18481012658227852, ""PercentTradesNeverDelq"": 0.1606729412883534, ""MSinceMostRecentDelq"": 0.19518072289156632, ""PercentInstallTrades"": -0.2, ""MSinceMostRecentInqexcl7days"": 0.2, ""NetFractionRevolvingBurden"": -0.19762931034482759, ""NumRevolvingTradesWBalance"": -0.125, ""NumBank2NatlTradesWHighUtilization"": -0.05555555555555555}",0.21138885617256165,True
monotone_xgboost,13,True,feasible,near_threshold,gurobi:Optimal,gurobi,0.2794937491416931,0.16593493521213531,0.11389965451979138,1,"{""NumSatisfactoryTrades"": 0.14443926604044205}",0.16593493521213531,True
monotone_xgboost,15,False,infeasible,high_risk,gurobi:Optimal|refined_10,gurobi,0.5912463665008545,0.4627702236175537,0.1826340515509703,7,"{""NumSatisfactoryTrades"": 0.06630172911818083, ""NumTotalTrades"": 0.016153846153846158, ""NumTradesOpeninLast12M"": -0.005263157894736845, ""PercentInstallTrades"": -0.020000000000000073, ""NetFractionInstallBurden"": -0.05739795918367341, ""NumRevolvingTradesWBalance"": -0.0031250000000000028, ""InstallBurdenPerTrade"": -0.007653061224489804}",0.4627702236175537,False
monotone_xgboost,16,False,infeasible,very_high_risk,gurobi:Infeasible|refined_12,gurobi,0.9619345664978027,0.8810689449310303,0.16353649923699082,4,"{""NumTotalTrades"": 0.011923076923076925, ""PercentInstallTrades"": -0.08000000000000007, ""NetFractionInstallBurden"": -0.03724489795918362, ""InstallBurdenPerTrade"": -0.05142857142857138}",0.8810689449310303,False
monotone_xgboost,17,True,feasible,very_high_risk,gurobi:Optimal,gurobi,0.8154006004333496,0.29962050914764404,0.7350420914498962,4,"{""ExternalRiskEstimate"": 0.07475409836065572, ""NumSatisfactoryTrades"": 0.1848101265822785, ""MSinceMostRecentInqexcl7days"": 0.2, ""NetFractionRevolvingBurden"": -0.1841227575169627}",0.29962050914764404,True
monotone_xgboost,18,True,feasible,near_threshold,gurobi:Optimal,gurobi,0.36419233679771423,0.21303728222846985,0.12187803549457231,1,"{""NumSatisfactoryTrades"": 0.15455686909241745}",0.21303728222846985,True
monotone_xgboost,19,True,feasible,high_risk,gurobi:Optimal|refined_1,gurobi,0.593605637550354,0.38594624400138855,0.6572959701873378,5,"{""ExternalRiskEstimate"": 0.07475409836065572, ""NumSatisfactoryTrades"": 0.18481012658227847, ""MSinceMostRecentInqexcl7days"": 0.2, ""NumInqLast6M"": -0.03265471578517807, ""NumRevolvingTradesWBalance"": -0.0062500000000000056}",0.38594624400138855,True
monotone_xgboost,20,True,feasible,high_risk,gurobi:Optimal,gurobi,0.5994436144828796,0.3625795245170593,0.3858083645796532,3,"{""ExternalRiskEstimate"": 0.03939998209002982, ""NumSatisfactoryTrades"": 0.18481012658227852, ""MSinceMostRecentInqexcl7days"": 0.2}",0.3625795245170593,True
monotone_xgboost,23,True,feasible,very_high_risk,gurobi:Optimal,gurobi,0.8226734399795532,0.388453871011734,0.9625863963343915,6,"{""ExternalRiskEstimate"": 0.07475409836065572, ""MSinceMostRecentTradeOpen"": -0.02349869451697128, ""NumSatisfactoryTrades"": 0.18481012658227847, ""MSinceMostRecentInqexcl7days"": 0.2, ""NetFractionRevolvingBurden"": -0.19762931034482759, ""NumRevolvingTradesWBalance"": -0.12009828525533833}",0.388453871011734,True
monotone_xgboost,29,False,infeasible,very_high_risk,gurobi:Infeasible|refined_9,gurobi,0.8915767669677734,0.8611489534378052,0.10992598965150065,7,"{""NumTotalTrades"": -0.013846153846153841, ""NumTradesOpeninLast12M"": -0.006842105263157899, ""NetFractionRevolvingBurden"": -0.008189655172413796, ""NetFractionInstallBurden"": -0.03724489795918362, ""NumInstallTradesWBalance"": -0.002777777777777775, ""NumBank2NatlTradesWHighUtilization"": -0.00555555555555555, ""InstallBurdenPerTrade"": -0.012857142857142845}",0.8611489534378052,False
monotone_xgboost,31,True,feasible,near_threshold,gurobi:Optimal,gurobi,0.452284038066864,0.419789582490921,0.21708310863279667,2,"{""NumSatisfactoryTrades"": 0.18481012658227847, ""MSinceMostRecentInqexcl7days"": 0.11130217214975888}",0.419789582490921,True
monotone_xgboost,32,True,feasible,near_threshold,gurobi:Optimal,gurobi,0.23002593219280243,0.2287319302558899,0.02402902464599163,1,"{""NumSatisfactoryTrades"": 0.03047186313398026}",0.2287319302558899,True
monotone_xgboost,34,True,feasible,high_risk,gurobi:Optimal|refined_1,gurobi,0.6053160429000854,0.4100852608680725,0.20428344426930808,3,"{""NumSatisfactoryTrades"": 0.18481012658227847, ""MSinceMostRecentInqexcl7days"": 0.059871587989373594, ""InstallBurdenPerTrade"": -0.02242857142857141}",0.4100852608680725,True
monotone_xgboost,35,True,feasible,very_high_risk,gurobi:Optimal,gurobi,0.6802391409873962,0.3825952708721161,0.3375265943507323,3,"{""ExternalRiskEstimate"": 0.02239495434024652, ""NumSatisfactoryTrades"": 0.18481012658227847, ""MSinceMostRecentInqexcl7days"": 0.2}",0.3825952708721161,True
monotone_xgboost,36,True,feasible,very_high_risk,gurobi:Optimal,gurobi,0.7560411095619202,0.3683750033378601,1.0974730636457328,7,"{""ExternalRiskEstimate"": 0.07475409836065572, ""MSinceMostRecentTradeOpen"": -0.03133159268929504, ""NumSatisfactoryTrades"": 0.1848101265822785, ""PercentTradesNeverDelq"": 0.19046656560325992, ""MSinceMostRecentInqexcl7days"": 0.2, ""NetFractionRevolvingBurden"": -0.19762931034482759, ""NumRevolvingTradesWBalance"": -0.0625}",0.3683750033378601,True
monotone_xgboost,37,True,feasible,very_high_risk,gurobi:Optimal,gurobi,0.9042153358459473,0.35369566082954407,1.1087283577977738,7,"{""ExternalRiskEstimate"": 0.07475409836065572, ""NumSatisfactoryTrades"": 0.1848101265822785, ""MSinceMostRecentDelq"": 0.19518072289156632, ""PercentInstallTrades"": -0.12476957292727772, ""MSinceMostRecentInqexcl7days"": 0.2, ""NumInqLast6M"": -0.030303030303030304, ""NetFractionRevolvingBurden"": -0.19762931034482759}",0.35369566082954407,True
monotone_xgboost,38,False,infeasible,high_risk,gurobi:Optimal|refined_6,gurobi,0.5695956945419312,0.4784333407878876,0.12691983520640993,5,"{""NumSatisfactoryTrades"": 0.09473428850876009, ""NumTotalTrades"": -0.01615384615384613, ""PercentInstallTrades"": -0.04000000000000001, ""NetFractionRevolvingBurden"": -0.006465517241379309, ""NumBank2NatlTradesWHighUtilization"": -0.002777777777777775}",0.4784333407878876,False
monotone_xgboost,39,False,infeasible,very_high_risk,gurobi:Optimal|refined_4,gurobi,0.9162821769714355,0.5008372664451599,1.217924394954826,10,"{""ExternalRiskEstimate"": 0.07475409836065572, ""NumSatisfactoryTrades"": 0.18481012658227852, ""PercentTradesNeverDelq"": 0.010000000000000009, ""MSinceMostRecentDelq"": 0.1951807228915663, ""NumTradesOpeninLast12M"": -0.006842105263157899, ""PercentInstallTrades"": -0.1561077004852079, ""MSinceMostRecentInqexcl7days"": 0.2, ""NumInqLast6M"": -0.06363636363636364, ""NetFractionRevolvingBurden"": -0.06896551724137931, ""NumRevolvingTradesWBalance"": -0.0625}",0.5008372664451599,False
monotone_xgboost,41,True,feasible,very_high_risk,gurobi:Optimal|refined_3,gurobi,0.7829217314720154,0.41859111189842224,1.443342372394024,11,"{""ExternalRiskEstimate"": 0.07475409836065572, ""MSinceMostRecentTradeOpen"": -0.09295039164490862, ""NumSatisfactoryTrades"": 0.1848101265822785, ""PercentTradesNeverDelq"": 0.19999999999999996, ""MSinceMostRecentDelq"": 0.1951807228915663, ""NumTotalTrades"": 0.010961538461538467, ""PercentInstallTrades"": -0.19999999999999996, ""MSinceMostRecentInqexcl7days"": 0.20000000000000007, ""NetFractionRevolvingBurden"": -0.06896551724137931, ""NetFractionInstallBurden"": -0.10006747082437994, ""InstallBurdenPerTrade"": -0.02571428571428569}",0.41859111189842224,True
monotone_xgboost,42,True,feasible,high_risk,gurobi:Optimal,gurobi,0.534099280834198,0.30928605794906616,0.3370501489291632,3,"{""ExternalRiskEstimate"": 0.02222714840486706, ""NumSatisfactoryTrades"": 0.18481012658227847, ""MSinceMostRecentInqexcl7days"": 0.2}",0.30928605794906616,True
monotone_xgboost,43,False,infeasible,very_high_risk,gurobi:Optimal|refined_12,gurobi,0.681235134601593,0.45967021584510803,1.1390850782401056,14,"{""ExternalRiskEstimate"": 0.07475409836065572, ""MSinceMostRecentTradeOpen"": -0.010443864229765013, ""NumSatisfactoryTrades"": 0.18481012658227847, ""MSinceMostRecentDelq"": 0.17072056147528145, ""NumTotalTrades"": -0.016153846153846158, ""PercentInstallTrades"": -0.019999999999999518, ""MSinceMostRecentInqexcl7days"": 0.2, ""NumInqLast6M"": -0.015151515151515152, ""NetFractionRevolvingBurden"": -0.19762931034482759, ""NumRevolvingTradesWBalance"": -0.0625, ""NumInstallTradesWBalance"": -0.00555555555555555, ""NumBank2NatlTradesWHighUtilization"": -0.002777777777777775, ""RevolvingBurdenPerTrade"": -0.011293103448275887, ""InstallBurdenPerTrade"": -0.047321428571428514}",0.45967021584510803,False
monotone_xgboost,44,True,feasible,very_high_risk,gurobi:Optimal,gurobi,0.6302162408828735,0.36407119035720825,0.36593243413996307,3,"{""ExternalRiskEstimate"": 0.032399601882817874, ""NumSatisfactoryTrades"": 0.18481012658227847, ""MSinceMostRecentInqexcl7days"": 0.2}",0.36407119035720825,True
monotone_xgboost,46,True,feasible,very_high_risk,gurobi:Optimal,gurobi,0.8326295614242554,0.32545122504234314,1.8796777295279758,9,"{""ExternalRiskEstimate"": 0.07475409836065572, ""NumSatisfactoryTrades"": 0.1848101265822785, ""MSinceMostRecentDelq"": 0.19518072289156632, ""PercentInstallTrades"": -0.2, ""MSinceMostRecentInqexcl7days"": 0.2, ""NumInqLast6M"": -0.06363636363636364, ""NetFractionRevolvingBurden"": -0.19762931034482759, ""NetFractionInstallBurden"": -0.3187559928826894, ""NumRevolvingTradesWBalance"": -0.0625}",0.32545122504234314,True
monotone_xgboost,49,True,feasible,very_high_risk,gurobi:Optimal|refined_4,gurobi,0.8892478942871094,0.41670411825180054,0.9521519999155378,9,"{""ExternalRiskEstimate"": 0.07475409836065572, ""NumSatisfactoryTrades"": 0.18481012658227847, ""NumTradesOpeninLast12M"": -0.005263157894736845, ""PercentInstallTrades"": -0.01999999999999974, ""MSinceMostRecentInqexcl7days"": 0.2, ""NetFractionRevolvingBurden"": -0.19762931034482759, ""NumRevolvingTradesWBalance"": -0.1358442793827979, ""NumBank2NatlTradesWHighUtilization"": -0.002777777777777775, ""RevolvingBurdenPerTrade"": -0.00393318965517242}",0.41670411825180054,True
monotone_xgboost,50,True,feasible,very_high_risk,gurobi:Optimal|refined_4,gurobi,0.8952365517616272,0.41841936111450195,1.2229979669656632,10,"{""ExternalRiskEstimate"": 0.07475409836065572, ""NumSatisfactoryTrades"": 0.18481012658227847, ""NumTotalTrades"": -0.016153846153845963, ""NumTradesOpeninLast12M"": -0.006842105263157899, ""MSinceMostRecentInqexcl7days"": 0.2, ""NumInqLast6M"": -0.06060606060606061, ""NetFractionRevolvingBurden"": -0.19762931034482759, ""NumRevolvingTradesWBalance"": -0.10267983683734576, ""PercentTradesWBalance"": -0.015000000000000013, ""RevolvingBurdenPerTrade"": -0.004310344827586202}",0.41841936111450195,True
monotone_xgboost,54,True,feasible,very_high_risk,gurobi:Optimal,gurobi,0.7652889490127563,0.26825758814811707,1.40122026924623,9,"{""ExternalRiskEstimate"": 0.07475409836065572, ""MSinceMostRecentTradeOpen"": -0.02349869451697128, ""NumSatisfactoryTrades"": 0.18481012658227852, ""MSinceMostRecentDelq"": 0.19277108433734935, ""PercentInstallTrades"": -0.2, ""MSinceMostRecentInqexcl7days"": 0.2, ""NetFractionRevolvingBurden"": -0.19762931034482759, ""NumRevolvingTradesWBalance"": -0.125, ""NumBank2NatlTradesWHighUtilization"": -0.13622275510133883}",0.26825758814811707,True
monotone_xgboost,55,True,feasible,very_high_risk,gurobi:Optimal|refined_1,gurobi,0.8093329071998596,0.38979238271713257,1.0375087292654235,8,"{""ExternalRiskEstimate"": 0.07475409836065572, ""MSinceMostRecentTradeOpen"": -0.018276762402088774, ""NumSatisfactoryTrades"": 0.1848101265822785, ""PercentInstallTrades"": -0.020000000000000018, ""MSinceMostRecentInqexcl7days"": 0.2, ""NumInqLast6M"": -0.013824771619950995, ""NetFractionRevolvingBurden"": -0.19762931034482759, ""NumRevolvingTradesWBalance"": -0.125}",0.38979238271713257,True
monotone_xgboost,56,True,feasible,very_high_risk,gurobi:Optimal,gurobi,0.8790993690490723,0.3015969693660736,1.7910885753073598,10,"{""ExternalRiskEstimate"": 0.07475409836065572, ""NumSatisfactoryTrades"": 0.1848101265822785, ""PercentTradesNeverDelq"": 0.19999999999999996, ""MSinceMostRecentDelq"": 0.1951807228915663, ""PercentInstallTrades"": -0.2, ""MSinceMostRecentInqexcl7days"": 0.2, ""NumInqLast6M"": -0.015151515151515152, ""NetFractionRevolvingBurden"": -0.19762931034482759, ""NetFractionInstallBurden"": -0.23782463731739492, ""NumRevolvingTradesWBalance"": -0.125}",0.3015969693660736,True
monotone_xgboost,57,True,feasible,very_high_risk,gurobi:Optimal,gurobi,0.8681321144104004,0.4161270260810852,1.3287174522885783,8,"{""ExternalRiskEstimate"": 0.07475409836065572, ""NumSatisfactoryTrades"": 0.18481012658227852, ""PercentTradesNeverDelq"": 0.1564697425157766, ""MSinceMostRecentDelq"": 0.1951807228915663, ""MSinceMostRecentInqexcl7days"": 0.2, ""NumInqLast6M"": -0.06363636363636364, ""NetFractionRevolvingBurden"": -0.09482758620689655, ""NumRevolvingTradesWBalance"": -0.09375}",0.4161270260810852,True
monotone_xgboost,58,True,feasible,high_risk,gurobi:Optimal,gurobi,0.5439930558204651,0.2790735960006714,0.22034328349284377,2,"{""NumSatisfactoryTrades"": 0.18481012658227847, ""MSinceMostRecentInqexcl7days"": 0.11638798171425635}",0.2790735960006714,True
monotone_xgboost,59,True,feasible,very_high_risk,gurobi:Optimal|refined_3,gurobi,0.9656946659088135,0.3949719965457916,2.0738725380469827,13,"{""ExternalRiskEstimate"": 0.07475409836065572, ""NumSatisfactoryTrades"": 0.18481012658227852, ""PercentTradesNeverDelq"": 0.16999999999999993, ""MSinceMostRecentDelq"": 0.1951807228915663, ""NumTradesOpeninLast12M"": -0.006842105263157872, ""PercentInstallTrades"": -0.2, ""MSinceMostRecentInqexcl7days"": 0.2, ""NumInqLast6M"": -0.030303030303030304, ""NetFractionRevolvingBurden"": -0.19762931034482759, ""NetFractionInstallBurden"": -0.344192664285156, ""NumRevolvingTradesWBalance"": -0.16875, ""NumInstallTradesWBalance"": -0.008333333333333331, ""NumBank2NatlTradesWHighUtilization"": -0.002777777777777775}",0.3949719965457916,True
monotone_xgboost,60,True,feasible,very_high_risk,gurobi:Optimal|refined_5,gurobi,0.6824665665626526,0.3815290033817291,0.05457669954295589,3,"{""NumTotalTrades"": -0.04846153846153839, ""NumRevolvingTradesWBalance"": -0.0062500000000000056, ""NumBank2NatlTradesWHighUtilization"": -0.002777777777777775}",0.3815290033817291,True
monotone_xgboost,61,True,feasible,high_risk,gurobi:Optimal,gurobi,0.5273687243461609,0.3007800579071045,0.20552198020839368,2,"{""NumSatisfactoryTrades"": 0.18481012658227847, ""MSinceMostRecentInqexcl7days"": 0.0932670359864296}",0.3007800579071045,True
monotone_xgboost,62,False,near_feasible,very_high_risk,gurobi:Optimal|refined_7,gurobi,0.7959722876548767,0.43605607748031616,1.0474854692648605,9,"{""ExternalRiskEstimate"": 0.07475409836065572, ""NumSatisfactoryTrades"": 0.18481012658227847, ""NumTotalTrades"": -0.016153846153846046, ""MSinceMostRecentInqexcl7days"": 0.2, ""NumInqLast6M"": -0.06060606060606061, ""NetFractionInstallBurden"": -0.07270408163265302, ""NumRevolvingTradesWBalance"": -0.08881207402170103, ""NumInstallTradesWBalance"": -0.002777777777777775, ""InstallBurdenPerTrade"": -0.02242857142857141}",0.43605607748031616,False
monotone_xgboost,63,True,feasible,near_threshold,gurobi:Optimal,gurobi,0.4303762912750244,0.36999091506004333,0.36067247853273676,3,"{""ExternalRiskEstimate"": 0.030547025006712913, ""NumSatisfactoryTrades"": 0.18481012658227847, ""MSinceMostRecentInqexcl7days"": 0.2}",0.36999091506004333,True
monotone_xgboost,64,True,feasible,high_risk,gurobi:Optimal,gurobi,0.5439930558204651,0.2790735960006714,0.22034328349284377,2,"{""NumSatisfactoryTrades"": 0.18481012658227847, ""MSinceMostRecentInqexcl7days"": 0.11638798171425635}",0.2790735960006714,True
monotone_xgboost,65,True,feasible,near_threshold,gurobi:Optimal,gurobi,0.44129952788352966,0.22393885254859924,0.25023593181023845,2,"{""NumSatisfactoryTrades"": 0.1848101265822785, ""MSinceMostRecentInqexcl7days"": 0.16301993344906876}",0.22393885254859924,True
monotone_xgboost,66,True,feasible,very_high_risk,gurobi:Optimal,gurobi,0.8015137314796448,0.09022729843854904,1.5269435513521474,11,"{""ExternalRiskEstimate"": 0.07475409836065572, ""MSinceMostRecentTradeOpen"": -0.057441253263707574, ""NumSatisfactoryTrades"": 0.1848101265822785, ""PercentTradesNeverDelq"": 0.10999999999999999, ""MSinceMostRecentDelq"": 0.1951807228915663, ""PercentInstallTrades"": -0.2, ""MSinceMostRecentInqexcl7days"": 0.2, ""NumInqLast6M"": -0.030303030303030304, ""NetFractionRevolvingBurden"": -0.02586206896551724, ""NetFractionInstallBurden"": -0.1032094493439667, ""NumRevolvingTradesWBalance"": -0.15625}",0.09022729843854904,True
monotone_xgboost,68,True,feasible,near_threshold,gurobi:Optimal,gurobi,0.35961076617240906,0.35961076617240906,0.0,0,{},0.35961076617240906,True
monotone_xgboost,71,True,feasible,very_high_risk,gurobi:Optimal,gurobi,0.9078130125999451,0.21759970486164093,2.81204815509703,14,"{""ExternalRiskEstimate"": 0.07475409836065572, ""MSinceMostRecentTradeOpen"": -0.00783289817232376, ""NumSatisfactoryTrades"": 0.18481012658227847, ""PercentTradesNeverDelq"": 0.19999999999999996, ""MSinceMostRecentDelq"": 0.19518072289156635, ""NumTotalTrades"": -0.16153846153846155, ""PercentInstallTrades"": -0.2, ""MSinceMostRecentInqexcl7days"": 0.2, ""NetFractionRevolvingBurden"": -0.19762931034482756, ""NetFractionInstallBurden"": -0.4591836734693877, ""NumRevolvingTradesWBalance"": -0.125, ""NumBank2NatlTradesWHighUtilization"": -0.16666666666666666, ""TotalDelqEvents"": -0.03965877369918917, ""InstallBurdenPerTrade"": -0.3214285714285714}",0.21759970486164093,True
monotone_xgboost,75,True,feasible,near_threshold,gurobi:Optimal|refined_1,gurobi,0.45134004950523376,0.4028502106666565,0.05689594925761935,1,"{""NumSatisfactoryTrades"": 0.07215130885244958}",0.4028502106666565,True
monotone_xgboost,77,True,feasible,very_high_risk,gurobi:Optimal,gurobi,0.6971762776374817,0.287672758102417,0.8180123794655052,5,"{""ExternalRiskEstimate"": 0.07475409836065572, ""NumSatisfactoryTrades"": 0.18481012658227852, ""MSinceMostRecentInqexcl7days"": 0.2, ""NumInqLast6M"": -0.012943058327825788, ""NetFractionRevolvingBurden"": -0.19762931034482759}",0.287672758102417,True
monotone_xgboost,78,True,feasible,very_high_risk,gurobi:Optimal,gurobi,0.6201397776603699,0.3520386517047882,0.1943804858068356,2,"{""NumSatisfactoryTrades"": 0.1848101265822785, ""MSinceMostRecentInqexcl7days"": 0.07588652076172756}",0.3520386517047882,True
monotone_xgboost,79,True,feasible,high_risk,gurobi:Optimal,gurobi,0.5439930558204651,0.2790735960006714,0.22034328349284377,2,"{""NumSatisfactoryTrades"": 0.18481012658227847, ""MSinceMostRecentInqexcl7days"": 0.11638798171425635}",0.2790735960006714,True
monotone_xgboost,81,False,near_feasible,high_risk,gurobi:Optimal|refined_5,gurobi,0.5786604881286621,0.4339246153831482,0.08019736558356555,4,"{""NumSatisfactoryTrades"": 0.0377715135153851, ""NumTotalTrades"": -0.032307692307692315, ""NumRevolvingTradesWBalance"": -0.008437499999999987, ""NumBank2NatlTradesWHighUtilization"": -0.008333333333333331}",0.4339246153831482,False
monotone_xgboost,82,True,feasible,high_risk,gurobi:Optimal,gurobi,0.5439930558204651,0.2790735960006714,0.22034328349284377,2,"{""NumSatisfactoryTrades"": 0.18481012658227847, ""MSinceMostRecentInqexcl7days"": 0.11638798171425635}",0.2790735960006714,True
monotone_xgboost,83,True,feasible,high_risk,gurobi:Optimal,gurobi,0.5935371518135071,0.3568422794342041,0.34543688762886654,2,"{""ExternalRiskEstimate"": 0.07033589784337091, ""NumSatisfactoryTrades"": 0.1848101265822785}",0.3568422794342041,True
monotone_xgboost,84,True,feasible,very_high_risk,gurobi:Optimal,gurobi,0.6468701362609863,0.37786999344825745,0.42012961615238786,3,"{""ExternalRiskEstimate"": 0.05148806072994783, ""NumSatisfactoryTrades"": 0.1848101265822785, ""MSinceMostRecentInqexcl7days"": 0.2}",0.37786999344825745,True
monotone_xgboost,85,True,feasible,very_high_risk,gurobi:Optimal|refined_1,gurobi,0.8661785125732422,0.4157941937446594,1.0411120066327737,6,"{""ExternalRiskEstimate"": 0.07475409836065572, ""NumSatisfactoryTrades"": 0.18481012658227847, ""MSinceMostRecentInqexcl7days"": 0.2, ""NumInqLast6M"": -0.06363636363636364, ""NetFractionRevolvingBurden"": -0.17241085989534938, ""NumBank2NatlTradesWHighUtilization"": -0.002777777777777775}",0.4157941937446594,True
monotone_xgboost,86,True,feasible,high_risk,gurobi:Optimal,gurobi,0.6125485301017761,0.40862753987312317,0.24326295544313326,2,"{""NumSatisfactoryTrades"": 0.18481012658227847, ""MSinceMostRecentInqexcl7days"": 0.1521422255274986}",0.40862753987312317,True
monotone_xgboost,87,True,feasible,very_high_risk,gurobi:Optimal,gurobi,0.9250403046607971,0.31191495060920715,1.0512928063191218,6,"{""ExternalRiskEstimate"": 0.07475409836065572, ""NumSatisfactoryTrades"": 0.18481012658227847, ""MSinceMostRecentInqexcl7days"": 0.2, ""NumInqLast6M"": -0.030303030303030304, ""NetFractionRevolvingBurden"": -0.19762931034482759, ""NumRevolvingTradesWBalance"": -0.1168577410252144}",0.31191495060920715,True
monotone_xgboost,91,True,feasible,high_risk,gurobi:Optimal,gurobi,0.5439930558204651,0.2790735960006714,0.22034328349284377,2,"{""NumSatisfactoryTrades"": 0.18481012658227847, ""MSinceMostRecentInqexcl7days"": 0.11638798171425635}",0.2790735960006714,True
monotone_xgboost,93,True,feasible,very_high_risk,gurobi:Optimal,gurobi,0.8704871535301208,0.35019683837890625,1.5821009144339857,10,"{""ExternalRiskEstimate"": 0.07475409836065572, ""NumSatisfactoryTrades"": 0.1848101265822785, ""PercentTradesNeverDelq"": 0.16187032309561866, ""MSinceMostRecentDelq"": 0.1951807228915663, ""PercentInstallTrades"": -0.2, ""MSinceMostRecentInqexcl7days"": 0.2, ""NumInqLast6M"": -0.030303030303030304, ""NetFractionRevolvingBurden"": -0.19762931034482759, ""NumRevolvingTradesWBalance"": -0.09375, ""NumBank2NatlTradesWHighUtilization"": -0.1111111111111111}",0.35019683837890625,True
monotone_xgboost,94,True,feasible,very_high_risk,gurobi:Optimal,gurobi,0.8094049096107483,0.28526654839515686,1.4954296144518524,8,"{""ExternalRiskEstimate"": 0.07475409836065572, ""MSinceMostRecentTradeOpen"": -0.02610966057441253, ""NumSatisfactoryTrades"": 0.18481012658227847, ""PercentTradesNeverDelq"": 0.20000000000000007, ""MSinceMostRecentDelq"": 0.1951807228915663, ""PercentInstallTrades"": -0.2, ""MSinceMostRecentInqexcl7days"": 0.2, ""NetFractionInstallBurden"": -0.33023820287301064}",0.28526654839515686,True
monotone_xgboost,95,True,feasible,very_high_risk,gurobi:Optimal,gurobi,0.9180566072463989,0.3421570360660553,2.4266128051784714,12,"{""ExternalRiskEstimate"": 0.07475409836065572, ""MSinceMostRecentTradeOpen"": -0.00783289817232376, ""NumSatisfactoryTrades"": 0.18481012658227847, ""PercentTradesNeverDelq"": 0.19999999999999996, ""MSinceMostRecentDelq"": 0.19518072289156627, ""PercentInstallTrades"": -0.2, ""MSinceMostRecentInqexcl7days"": 0.2, ""NumInqLast6M"": -0.06060606060606061, ""NetFractionRevolvingBurden"": -0.19762931034482759, ""NetFractionInstallBurden"": -0.4081632653061224, ""NumRevolvingTradesWBalance"": -0.16875, ""InstallBurdenPerTrade"": -0.08709506430120861}",0.3421570360660553,True
monotone_xgboost,97,True,feasible,near_threshold,gurobi:Optimal,gurobi,0.2937607169151306,0.2937607169151306,0.0,0,{},0.2937607169151306,True
monotone_xgboost,100,True,feasible,very_high_risk,gurobi:Optimal,gurobi,0.7537699937820435,0.27264636754989624,0.7205595957006232,4,"{""ExternalRiskEstimate"": 0.07475409836065572, ""NumSatisfactoryTrades"": 0.18481012658227852, ""MSinceMostRecentInqexcl7days"": 0.2, ""NetFractionRevolvingBurden"": -0.17340741198181295}",0.27264636754989624,True
monotone_xgboost,101,True,feasible,very_high_risk,gurobi:Optimal|refined_2,gurobi,0.898435115814209,0.4128270745277405,1.865772088855031,12,"{""ExternalRiskEstimate"": 0.07475409836065572, ""NumSatisfactoryTrades"": 0.1848101265822785, ""MSinceMostRecentDelq"": 0.1951807228915663, ""PercentInstallTrades"": -0.2, ""MSinceMostRecentInqexcl7days"": 0.2, ""NumInqLast6M"": -0.015151515151515152, ""NetFractionRevolvingBurden"": -0.19762931034482759, ""NetFractionInstallBurden"": -0.227285872422525, ""NumRevolvingTradesWBalance"": -0.16875, ""NumInstallTradesWBalance"": -0.002777777777777775, ""NumBank2NatlTradesWHighUtilization"": -0.16666666666666666, ""RevolvingBurdenPerTrade"": -0.004187192118226601}",0.4128270745277405,True
monotone_xgboost,102,False,infeasible,very_high_risk,gurobi:Infeasible|refined_15,gurobi,0.9451929330825806,0.9131326079368591,0.1854612660808554,9,"{""NumTotalTrades"": 0.04846153846153839, ""NumTradesOpeninLast12M"": -0.006842105263157872, ""NetFractionRevolvingBurden"": -0.009881465517241395, ""NetFractionInstallBurden"": -0.03724489795918362, ""NumRevolvingTradesWBalance"": -0.008437499999999987, ""NumInstallTradesWBalance"": -0.002777777777777775, ""NumBank2NatlTradesWHighUtilization"": -0.00833333333333336, ""RevolvingBurdenPerTrade"": -0.003491379310344822, ""InstallBurdenPerTrade"": -0.038571428571428534}",0.9131326079368591,False
monotone_xgboost,103,False,infeasible,very_high_risk,gurobi:Optimal|refined_12,gurobi,0.7044360041618347,0.5539605617523193,1.2991140142952016,14,"{""ExternalRiskEstimate"": 0.07475409836065572, ""MSinceMostRecentTradeOpen"": -0.02610966057441253, ""NumSatisfactoryTrades"": 0.18481012658227852, ""NumTradesOpeninLast12M"": -0.006842105263157899, ""PercentInstallTrades"": 0.040000000000000036, ""MSinceMostRecentInqexcl7days"": 0.2, ""NumInqLast6M"": -0.045454545454545456, ""NetFractionRevolvingBurden"": -0.19762931034482759, ""NetFractionInstallBurden"": -0.037755102040816335, ""NumRevolvingTradesWBalance"": -0.08598182151280402, ""NumInstallTradesWBalance"": -0.00555555555555555, ""NumBank2NatlTradesWHighUtilization"": -0.002777777777777775, ""PercentTradesWBalance"": -0.015000000000000013, ""InstallBurdenPerTrade"": -0.039642857142857146}",0.5539605617523193,False
monotone_xgboost,105,True,feasible,high_risk,gurobi:Optimal,gurobi,0.5796699523925781,0.3404295742511749,0.25534108743170825,2,"{""NumSatisfactoryTrades"": 0.1848101265822785, ""MSinceMostRecentInqexcl7days"": 0.17098387722585862}",0.3404295742511749,True
monotone_xgboost,107,True,feasible,near_threshold,gurobi:Optimal,gurobi,0.42307010293006897,0.4064956307411194,0.10305182549397293,1,"{""NumSatisfactoryTrades"": 0.13068283746102816}",0.4064956307411194,True
monotone_xgboost,108,True,feasible,very_high_risk,gurobi:Optimal,gurobi,0.6882858872413635,0.3765367567539215,0.6435358965677135,4,"{""ExternalRiskEstimate"": 0.07475409836065572, ""NumSatisfactoryTrades"": 0.18481012658227852, ""MSinceMostRecentInqexcl7days"": 0.2, ""NetFractionRevolvingBurden"": -0.11641892291935436}",0.3765367567539215,True
monotone_xgboost,109,True,feasible,very_high_risk,gurobi:Optimal,gurobi,0.6728047728538513,0.33506011962890625,0.5509500454851193,4,"{""ExternalRiskEstimate"": 0.07475409836065572, ""NumSatisfactoryTrades"": 0.18481012658227847, ""MSinceMostRecentInqexcl7days"": 0.2, ""NumInqLast6M"": -0.012952399304757691}",0.33506011962890625,True
monotone_xgboost,110,True,feasible,moderate_risk,gurobi:Optimal,gurobi,0.5037999749183655,0.2757824659347534,0.3794020232821151,3,"{""ExternalRiskEstimate"": 0.037143643703456686, ""NumSatisfactoryTrades"": 0.1848101265822785, ""MSinceMostRecentInqexcl7days"": 0.2}",0.2757824659347534,True
monotone_xgboost,111,True,feasible,very_high_risk,gurobi:Optimal|refined_1,gurobi,0.8754786849021912,0.3226933777332306,1.480428563562782,10,"{""ExternalRiskEstimate"": 0.07475409836065572, ""MSinceMostRecentTradeOpen"": -0.00783289817232376, ""NumSatisfactoryTrades"": 0.1848101265822785, ""MSinceMostRecentDelq"": 0.16828456391822602, ""NumTotalTrades"": -0.015769230769230758, ""MSinceMostRecentInqexcl7days"": 0.2, ""NumInqLast6M"": -0.030303030303030304, ""NetFractionRevolvingBurden"": -0.19762931034482759, ""NumRevolvingTradesWBalance"": -0.16875, ""NumBank2NatlTradesWHighUtilization"": -0.16666666666666666}",0.3226933777332306,True
monotone_xgboost,112,True,feasible,near_threshold,gurobi:Optimal,gurobi,0.29463693499565125,0.29463693499565125,0.0,0,{},0.29463693499565125,True
monotone_xgboost,113,True,feasible,high_risk,gurobi:Optimal,gurobi,0.5350053906440735,0.3764273524284363,0.14224906499275428,1,"{""NumSatisfactoryTrades"": 0.18038992856578331}",0.3764273524284363,True
monotone_xgboost,115,False,infeasible,very_high_risk,gurobi:Infeasible|refined_14,gurobi,0.9411261081695557,0.8760871291160583,0.21231987044526796,9,"{""NumTotalTrades"": -0.015288461538461529, ""NumTradesOpeninLast12M"": -0.006842105263157872, ""PercentInstallTrades"": 0.020000000000000018, ""NetFractionInstallBurden"": -0.09056122448979603, ""NumRevolvingTradesWBalance"": -0.008437499999999987, ""NumInstallTradesWBalance"": -0.002777777777777775, ""NumBank2NatlTradesWHighUtilization"": -0.002777777777777775, ""PercentTradesWBalance"": -0.015000000000000013, ""InstallBurdenPerTrade"": -0.016904761904761922}",0.8760871291160583,False
monotone_xgboost,116,True,feasible,very_high_risk,gurobi:Optimal,gurobi,0.8594006299972534,0.3154512941837311,0.9500781869759884,5,"{""ExternalRiskEstimate"": 0.07475409836065572, ""NumSatisfactoryTrades"": 0.18481012658227852, ""MSinceMostRecentInqexcl7days"": 0.2, ""NetFractionRevolvingBurden"": -0.19762931034482759, ""NumRevolvingTradesWBalance"": -0.15698597566597247}",0.3154512941837311,True
monotone_xgboost,117,True,feasible,high_risk,gurobi:Optimal,gurobi,0.5439930558204651,0.2790735960006714,0.22034328349284377,2,"{""NumSatisfactoryTrades"": 0.18481012658227847, ""MSinceMostRecentInqexcl7days"": 0.11638798171425635}",0.2790735960006714,True
monotone_xgboost,118,False,infeasible,very_high_risk,gurobi:Infeasible|refined_14,gurobi,0.9401549696922302,0.8977128863334656,0.23345209252811822,5,"{""NumTotalTrades"": -0.08076923076923076, ""PercentInstallTrades"": -0.01999999999999999, ""NetFractionInstallBurden"": -0.08061224489795915, ""RevolvingBurdenPerTrade"": -0.005441810344827588, ""InstallBurdenPerTrade"": -0.022428571428571464}",0.8977128863334656,False
monotone_xgboost,120,True,feasible,near_threshold,gurobi:Optimal,gurobi,0.4069817364215851,0.37129971385002136,0.0526942377476061,1,"{""NumSatisfactoryTrades"": 0.06682300360711158}",0.37129971385002136,True
monotone_xgboost,121,True,feasible,very_high_risk,gurobi:Optimal,gurobi,0.7157474756240845,0.3042261302471161,1.0503193586371058,6,"{""ExternalRiskEstimate"": 0.07475409836065572, ""NumSatisfactoryTrades"": 0.18481012658227847, ""MSinceMostRecentDelq"": 0.1584292125329266, ""MSinceMostRecentInqexcl7days"": 0.2, ""NetFractionRevolvingBurden"": -0.19762931034482759, ""NumRevolvingTradesWBalance"": -0.15625}",0.3042261302471161,True
monotone_xgboost,122,True,feasible,very_high_risk,gurobi:Optimal,gurobi,0.8216027021408081,0.4144454598426819,2.1824362158204345,12,"{""ExternalRiskEstimate"": 0.07475409836065572, ""MSinceMostRecentTradeOpen"": -0.013054830287206266, ""NumSatisfactoryTrades"": 0.1848101265822785, ""MSinceMostRecentDelq"": 0.19518072289156632, ""PercentInstallTrades"": -0.19999999999999996, ""MSinceMostRecentInqexcl7days"": 0.2, ""NumInqLast6M"": -0.015151515151515152, ""NetFractionRevolvingBurden"": -0.12931034482758622, ""NetFractionInstallBurden"": -0.49999999999999994, ""NumRevolvingTradesWBalance"": -0.09375, ""NumBank2NatlTradesWHighUtilization"": -0.05555555555555555, ""InstallBurdenPerTrade"": -0.2440852169717677}",0.4144454598426819,True
monotone_xgboost,123,True,feasible,high_risk,gurobi:Optimal,gurobi,0.5439930558204651,0.2790735960006714,0.22034328349284377,2,"{""NumSatisfactoryTrades"": 0.18481012658227847, ""MSinceMostRecentInqexcl7days"": 0.11638798171425635}",0.2790735960006714,True
monotone_xgboost,124,True,feasible,very_high_risk,gurobi:Optimal,gurobi,0.7532609701156616,0.39351749420166016,0.8906242731496445,5,"{""ExternalRiskEstimate"": 0.07475409836065572, ""NumSatisfactoryTrades"": 0.1848101265822785, ""MSinceMostRecentInqexcl7days"": 0.2, ""NumInqLast6M"": -0.045932954037438814, ""NetFractionRevolvingBurden"": -0.12931034482758622}",0.39351749420166016,True
monotone_xgboost,125,True,feasible,very_high_risk,gurobi:Optimal,gurobi,0.8093248009681702,0.40527042746543884,1.0564936107193752,6,"{""ExternalRiskEstimate"": 0.07025667944337499, ""MSinceMostRecentTradeOpen"": -0.04177545691906005, ""NumSatisfactoryTrades"": 0.1848101265822785, ""MSinceMostRecentInqexcl7days"": 0.2, ""NetFractionRevolvingBurden"": -0.19762931034482759, ""NumRevolvingTradesWBalance"": -0.16875}",0.40527042746543884,True
monotone_xgboost,126,True,feasible,very_high_risk,gurobi:Optimal,gurobi,0.8804342150688171,0.31609290838241577,1.7015830195378001,9,"{""ExternalRiskEstimate"": 0.07475409836065572, ""NumSatisfactoryTrades"": 0.18481012658227847, ""MSinceMostRecentDelq"": 0.1951807228915663, ""PercentInstallTrades"": -0.2, ""MSinceMostRecentInqexcl7days"": 0.2, ""NumInqLast6M"": -0.06060606060606061, ""NetFractionRevolvingBurden"": -0.17672413793103448, ""NetFractionInstallBurden"": -0.15062025225364345, ""NumRevolvingTradesWBalance"": -0.15625}",0.31609290838241577,True
monotone_xgboost,127,False,infeasible,very_high_risk,gurobi:Optimal|refined_10,gurobi,0.8229032158851624,0.4871959984302521,0.8925642548782852,10,"{""ExternalRiskEstimate"": 0.07475409836065572, ""NumSatisfactoryTrades"": 0.18481012658227847, ""NumTotalTrades"": 0.04846153846153839, ""MSinceMostRecentInqexcl7days"": 0.2, ""NumInqLast6M"": -0.05794896413086549, ""NetFractionRevolvingBurden"": -0.009881465517241395, ""NetFractionInstallBurden"": -0.022193877551020424, ""NumInstallTradesWBalance"": -0.00555555555555555, ""NumBank2NatlTradesWHighUtilization"": -0.002777777777777775, ""RevolvingBurdenPerTrade"": -0.01129310344827586}",0.4871959984302521,False
monotone_xgboost,128,True,feasible,very_high_risk,gurobi:Optimal,gurobi,0.8800089359283447,0.4182513356208801,1.2789911879242153,7,"{""ExternalRiskEstimate"": 0.07475409836065572, ""MSinceMostRecentTradeOpen"": -0.013054830287206266, ""NumSatisfactoryTrades"": 0.1848101265822785, ""MSinceMostRecentInqexcl7days"": 0.2, ""NumInqLast6M"": -0.06363636363636364, ""NetFractionRevolvingBurden"": -0.1853448275862069, ""NumRevolvingTradesWBalance"": -0.15275571882183622}",0.4182513356208801,True
monotone_xgboost,129,True,feasible,very_high_risk,gurobi:Optimal,gurobi,0.8613284826278687,0.3424612581729889,0.8066196951897429,5,"{""ExternalRiskEstimate"": 0.07475409836065572, ""NumSatisfactoryTrades"": 0.18481012658227847, ""MSinceMostRecentInqexcl7days"": 0.2, ""NumInqLast6M"": -0.010664521472673466, ""NetFractionRevolvingBurden"": -0.19762931034482759}",0.3424612581729889,True
monotone_xgboost,130,True,feasible,moderate_risk,gurobi:Optimal,gurobi,0.5101749300956726,0.27127039432525635,0.3683174853776173,3,"{""ExternalRiskEstimate"": 0.03323962622924648, ""NumSatisfactoryTrades"": 0.18481012658227852, ""MSinceMostRecentInqexcl7days"": 0.2}",0.27127039432525635,True
monotone_xgboost,133,True,feasible,very_high_risk,gurobi:Optimal|refined_4,gurobi,0.7968093752861023,0.4126177430152893,0.7699725177690578,8,"{""ExternalRiskEstimate"": 0.07475409836065572, ""NumSatisfactoryTrades"": 0.18481012658227852, ""NumTotalTrades"": -0.016153846153846158, ""PercentInstallTrades"": 0.020000000000000018, ""MSinceMostRecentInqexcl7days"": 0.2, ""NetFractionRevolvingBurden"": -0.18110088010966094, ""NumBank2NatlTradesWHighUtilization"": -0.002777777777777775, ""RevolvingBurdenPerTrade"": -0.005646551724137944}",0.4126177430152893,True
monotone_xgboost,134,True,feasible,very_high_risk,gurobi:Optimal|refined_1,gurobi,0.7466510534286499,0.37999242544174194,0.7220043818170774,5,"{""ExternalRiskEstimate"": 0.07475409836065572, ""NumSatisfactoryTrades"": 0.18481012658227847, ""PercentInstallTrades"": 0.020000000000000018, ""MSinceMostRecentInqexcl7days"": 0.2, ""NetFractionRevolvingBurden"": -0.16507319378047905}",0.37999242544174194,True
monotone_xgboost,135,True,feasible,high_risk,gurobi:Optimal|refined_4,gurobi,0.5693772435188293,0.4162108302116394,0.32049309676206184,5,"{""NumSatisfactoryTrades"": 0.18481012658227847, ""NumTotalTrades"": 0.032307692307692315, ""NumTradesOpeninLast12M"": -0.006842105263157872, ""MSinceMostRecentInqexcl7days"": 0.19961045006810135, ""NumRevolvingTradesWBalance"": -0.0078125}",0.4162108302116394,True
monotone_xgboost,136,True,feasible,high_risk,gurobi:Optimal,gurobi,0.5942190289497375,0.29573261737823486,0.2687672043152893,2,"{""NumSatisfactoryTrades"": 0.18481012658227852, ""MSinceMostRecentInqexcl7days"": 0.19192835922201482}",0.29573261737823486,True
monotone_xgboost,137,False,infeasible,very_high_risk,gurobi:Optimal,gurobi,0.8718034625053406,0.4438205659389496,1.3143484778399517,11,"{""ExternalRiskEstimate"": 0.07475409836065572, ""MSinceMostRecentTradeOpen"": -0.04699738903394256, ""NumSatisfactoryTrades"": 0.1848101265822785, ""PercentTradesNeverDelq"": 0.18513737109452866, ""MSinceMostRecentDelq"": 0.19518072289156627, ""PercentInstallTrades"": -0.2, ""MSinceMostRecentInqexcl7days"": 0.2, ""NumInqLast6M"": -0.030303030303030304, ""NetFractionRevolvingBurden"": -0.008620689655172414, ""NumRevolvingTradesWBalance"": -0.03125, ""NumBank2NatlTradesWHighUtilization"": -0.05555555555555555}",0.4438205659389496,False
monotone_xgboost,138,True,feasible,very_high_risk,gurobi:Optimal,gurobi,0.7589757442474365,0.3297603130340576,0.7854184996086335,5,"{""ExternalRiskEstimate"": 0.07475409836065572, ""MSinceMostRecentTradeOpen"": -0.01284856471290317, ""NumSatisfactoryTrades"": 0.18481012658227847, ""MSinceMostRecentInqexcl7days"": 0.2, ""NetFractionRevolvingBurden"": -0.19762931034482759}",0.3297603130340576,True
monotone_xgboost,139,True,feasible,high_risk,gurobi:Optimal,gurobi,0.6105951070785522,0.3731578588485718,0.37522831818013824,3,"{""ExternalRiskEstimate"": 0.035673648491143295, ""NumSatisfactoryTrades"": 0.18481012658227852, ""MSinceMostRecentInqexcl7days"": 0.2}",0.3731578588485718,True
monotone_xgboost,140,True,feasible,very_high_risk,gurobi:Optimal,gurobi,0.8130156993865967,0.23490212857723236,1.4060963288303618,9,"{""ExternalRiskEstimate"": 0.07475409836065572, ""NumSatisfactoryTrades"": 0.18481012658227847, ""MSinceMostRecentDelq"": 0.1951807228915663, ""PercentInstallTrades"": -0.2, ""MSinceMostRecentInqexcl7days"": 0.2, ""NumInqLast6M"": -0.015151515151515152, ""NetFractionRevolvingBurden"": -0.1896551724137931, ""NumRevolvingTradesWBalance"": -0.16875, ""NumBank2NatlTradesWHighUtilization"": -0.09308124678043367}",0.23490212857723236,True
monotone_xgboost,141,True,feasible,near_threshold,gurobi:Optimal,gurobi,0.4311537742614746,0.22083313763141632,0.2345059967906943,2,"{""NumSatisfactoryTrades"": 0.18481012658227847, ""MSinceMostRecentInqexcl7days"": 0.1384815398335295}",0.22083313763141632,True
monotone_xgboost,142,True,feasible,near_threshold,gurobi:Optimal,gurobi,0.2709290683269501,0.2709290683269501,0.0,0,{},0.2709290683269501,True
monotone_xgboost,147,True,feasible,moderate_risk,gurobi:Optimal,gurobi,0.513847291469574,0.29421061277389526,0.2467050806415579,2,"{""NumSatisfactoryTrades"": 0.1848101265822785, ""MSinceMostRecentInqexcl7days"": 0.1575118740917148}",0.29421061277389526,True
monotone_xgboost,148,False,infeasible,very_high_risk,gurobi:Infeasible|refined_10,gurobi,0.8917661905288696,0.8676337003707886,0.1770927511726535,5,"{""PercentInstallTrades"": 0.040000000000000036, ""NetFractionInstallBurden"": -0.08265306122448979, ""NumRevolvingTradesWBalance"": -0.0078125, ""NumInstallTradesWBalance"": -0.00555555555555555, ""NumBank2NatlTradesWHighUtilization"": -0.008333333333333331}",0.8676337003707886,False
monotone_xgboost,150,True,feasible,moderate_risk,gurobi:Optimal,gurobi,0.5079799890518188,0.3071342408657074,0.43510932110202316,3,"{""ExternalRiskEstimate"": 0.05676397122669119, ""NumSatisfactoryTrades"": 0.18481012658227847, ""MSinceMostRecentInqexcl7days"": 0.20000000000000007}",0.3071342408657074,True
monotone_xgboost,151,True,feasible,high_risk,gurobi:Optimal,gurobi,0.6086170077323914,0.2134447693824768,0.3694371163787083,3,"{""ExternalRiskEstimate"": 0.03363396463384094, ""NumSatisfactoryTrades"": 0.1848101265822785, ""MSinceMostRecentInqexcl7days"": 0.2}",0.2134447693824768,True
monotone_xgboost,152,True,feasible,very_high_risk,gurobi:Optimal,gurobi,0.6681826114654541,0.37237659096717834,0.3862454337050416,3,"{""ExternalRiskEstimate"": 0.03955391954034626, ""NumSatisfactoryTrades"": 0.18481012658227847, ""MSinceMostRecentInqexcl7days"": 0.2}",0.37237659096717834,True
monotone_xgboost,153,False,near_feasible,very_high_risk,gurobi:Optimal|refined_7,gurobi,0.9665822982788086,0.4204675257205963,2.029315841929168,13,"{""ExternalRiskEstimate"": 0.07475409836065572, ""NumSatisfactoryTrades"": 0.1848101265822785, ""MSinceMostRecentDelq"": 0.1951807228915663, ""NumTotalTrades"": -0.0458653846153845, ""NumTradesOpeninLast12M"": -0.006842105263157899, ""PercentInstallTrades"": -0.2, ""MSinceMostRecentInqexcl7days"": 0.2, ""NumInqLast6M"": -0.06363636363636364, ""NetFractionRevolvingBurden"": -0.1724137931034483, ""NetFractionInstallBurden"": -0.3438860028672698, ""NumRevolvingTradesWBalance"": -0.125, ""PercentTradesWBalance"": -0.015000000000000013, ""InstallBurdenPerTrade"": -0.010714285714285704}",0.4204675257205963,False
monotone_xgboost,155,True,feasible,high_risk,gurobi:Optimal,gurobi,0.5439930558204651,0.2790735960006714,0.22034328349284377,2,"{""NumSatisfactoryTrades"": 0.18481012658227847, ""MSinceMostRecentInqexcl7days"": 0.11638798171425635}",0.2790735960006714,True
monotone_xgboost,158,True,feasible,moderate_risk,gurobi:Optimal|refined_2,gurobi,0.4955555498600006,0.3697357475757599,0.05362173487969193,1,"{""NumSatisfactoryTrades"": 0.06799918807911809}",0.3697357475757599,True
monotone_xgboost,159,True,feasible,near_threshold,gurobi:Optimal,gurobi,0.3939048945903778,0.25001949071884155,0.4323329552093895,3,"{""ExternalRiskEstimate"": 0.055786124332844134, ""NumSatisfactoryTrades"": 0.18481012658227852, ""MSinceMostRecentInqexcl7days"": 0.2}",0.25001949071884155,True
monotone_xgboost,160,False,near_feasible,very_high_risk,gurobi:Optimal|refined_11,gurobi,0.9496873021125793,0.42661648988723755,1.083873953479087,9,"{""ExternalRiskEstimate"": 0.07475409836065572, ""NumSatisfactoryTrades"": 0.18481012658227847, ""MSinceMostRecentDelq"": 0.1951807228915663, ""NumTotalTrades"": -0.02865384615384614, ""PercentInstallTrades"": -0.1895132068086558, ""MSinceMostRecentInqexcl7days"": 0.2, ""NetFractionRevolvingBurden"": -0.125, ""NetFractionInstallBurden"": -0.03826530612244894, ""InstallBurdenPerTrade"": -0.1121428571428571}",0.42661648988723755,False
monotone_xgboost,162,True,feasible,very_high_risk,gurobi:Optimal,gurobi,0.6303384304046631,0.3933302164077759,0.39534008294812883,3,"{""ExternalRiskEstimate"": 0.04275709046842058, ""NumSatisfactoryTrades"": 0.18481012658227852, ""MSinceMostRecentInqexcl7days"": 0.2}",0.3933302164077759,True
monotone_xgboost,164,True,feasible,very_high_risk,gurobi:Optimal,gurobi,0.6410772204399109,0.30397021770477295,0.5752208393509349,4,"{""ExternalRiskEstimate"": 0.07475409836065572, ""NumSatisfactoryTrades"": 0.18481012658227852, ""MSinceMostRecentInqexcl7days"": 0.2, ""NumInqLast6M"": -0.017806558077920906}",0.30397021770477295,True
monotone_xgboost,166,True,feasible,very_high_risk,gurobi:Optimal|refined_5,gurobi,0.7922922372817993,0.4197438657283783,0.322524734909978,5,"{""NumSatisfactoryTrades"": 0.18481012658227852, ""NumTradesOpeninLast12M"": -0.006842105263157872, ""PercentInstallTrades"": 0.051000000000000045, ""MSinceMostRecentInqexcl7days"": 0.19574702257576715, ""NumRevolvingTradesWBalance"": -0.008437499999999987}",0.4197438657283783,True
monotone_xgboost,167,False,near_feasible,high_risk,gurobi:Optimal|refined_7,gurobi,0.5822731852531433,0.4294961988925934,0.41323138782587376,7,"{""ExternalRiskEstimate"": 0.0557381829131296, ""NumSatisfactoryTrades"": 0.18481012658227847, ""NumTradesOpeninLast12M"": -0.006842105263157899, ""NetFractionInstallBurden"": -0.04693877551020409, ""NumInstallTradesWBalance"": -0.002777777777777775, ""NumBank2NatlTradesWHighUtilization"": -0.00555555555555555, ""InstallBurdenPerTrade"": -0.021904761904761927}",0.4294961988925934,False
monotone_xgboost,169,False,infeasible,very_high_risk,gurobi:Infeasible|refined_11,gurobi,0.9648724794387817,0.9410403966903687,0.1593838000931141,4,"{""PercentInstallTrades"": -0.040000000000000036, ""NetFractionInstallBurden"": -0.05586734693877543, ""NumRevolvingTradesWBalance"": -0.0031250000000000028, ""InstallBurdenPerTrade"": -0.05142857142857138}",0.9410403966903687,False
monotone_xgboost,172,True,feasible,very_high_risk,gurobi:Optimal,gurobi,0.6869627833366394,0.3656640946865082,0.7403155891133938,5,"{""ExternalRiskEstimate"": 0.07475409836065572, ""NumSatisfactoryTrades"": 0.18481012658227852, ""MSinceMostRecentInqexcl7days"": 0.2, ""NetFractionRevolvingBurden"": -0.06465517241379311, ""NumRevolvingTradesWBalance"": -0.13302154696270035}",0.3656640946865082,True
monotone_xgboost,173,False,infeasible,very_high_risk,gurobi:Infeasible|refined_12,gurobi,0.9011504650115967,0.8673056364059448,0.11687428303605124,8,"{""NumTotalTrades"": -0.016153846153846158, ""NumTradesOpeninLast12M"": -0.006842105263157872, ""PercentInstallTrades"": -0.040000000000000036, ""NumRevolvingTradesWBalance"": -0.008437499999999987, ""NumInstallTradesWBalance"": -0.002777777777777775, ""NumBank2NatlTradesWHighUtilization"": -0.00833333333333336, ""PercentTradesWBalance"": -0.015000000000000013, ""InstallBurdenPerTrade"": -0.038571428571428534}",0.8673056364059448,False
monotone_xgboost,175,True,feasible,very_high_risk,gurobi:Optimal|refined_10,gurobi,0.8104573488235474,0.41816791892051697,0.8483898262919932,10,"{""ExternalRiskEstimate"": 0.07475409836065572, ""MSinceMostRecentTradeOpen"": -0.09295039164490862, ""NumSatisfactoryTrades"": 0.18481012658227847, ""MSinceMostRecentDelq"": 0.06858802365020886, ""NumTotalTrades"": 0.016153846153846158, ""PercentInstallTrades"": 0.020000000000000018, ""MSinceMostRecentInqexcl7days"": 0.08333333333333337, ""NetFractionInstallBurden"": -0.05586734693877543, ""NumBank2NatlTradesWHighUtilization"": -0.002777777777777775, ""InstallBurdenPerTrade"": -0.05142857142857138}",0.41816791892051697,True
monotone_xgboost,176,True,feasible,very_high_risk,gurobi:Optimal,gurobi,0.8088842630386353,0.3166622817516327,1.5236559003052141,9,"{""ExternalRiskEstimate"": 0.07475409836065572, ""NumSatisfactoryTrades"": 0.18481012658227847, ""MSinceMostRecentDelq"": 0.19518072289156632, ""PercentInstallTrades"": -0.2, ""MSinceMostRecentInqexcl7days"": 0.2, ""NumInqLast6M"": -0.030303030303030304, ""NetFractionRevolvingBurden"": -0.19762931034482759, ""NumRevolvingTradesWBalance"": -0.125, ""NumBank2NatlTradesWHighUtilization"": -0.1572408908406339}",0.3166622817516327,True
monotone_xgboost,177,True,feasible,high_risk,gurobi:Optimal,gurobi,0.5558968782424927,0.2999880313873291,0.26724618452219084,2,"{""NumSatisfactoryTrades"": 0.18481012658227847, ""MSinceMostRecentInqexcl7days"": 0.18955559783846807}",0.2999880313873291,True
monotone_xgboost,179,True,feasible,very_high_risk,gurobi:Optimal,gurobi,0.7934806942939758,0.35520902276039124,0.600100299944558,4,"{""ExternalRiskEstimate"": 0.07475409836065572, ""NumSatisfactoryTrades"": 0.18481012658227847, ""MSinceMostRecentInqexcl7days"": 0.2, ""NetFractionRevolvingBurden"": -0.08428168397931428}",0.35520902276039124,True
monotone_xgboost,181,True,feasible,very_high_risk,gurobi:Optimal,gurobi,0.6494620442390442,0.2902681231498718,0.502202941717179,4,"{""ExternalRiskEstimate"": 0.07475409836065572, ""NumSatisfactoryTrades"": 0.18481012658227847, ""MSinceMostRecentInqexcl7days"": 0.2, ""NetFractionRevolvingBurden"": -0.011849139302934103}",0.2902681231498718,True
monotone_xgboost,182,True,feasible,very_high_risk,gurobi:Optimal,gurobi,0.849033772945404,0.31067001819610596,0.9527996047389132,5,"{""ExternalRiskEstimate"": 0.07475409836065572, ""NumSatisfactoryTrades"": 0.18481012658227847, ""MSinceMostRecentInqexcl7days"": 0.2, ""NetFractionRevolvingBurden"": -0.19762931034482759, ""NumRevolvingTradesWBalance"": -0.15915703998339784}",0.31067001819610596,True
monotone_xgboost,185,True,feasible,very_high_risk,gurobi:Optimal|refined_11,gurobi,0.8847476243972778,0.3715609610080719,1.2506493806039967,12,"{""ExternalRiskEstimate"": 0.07475409836065572, ""MSinceMostRecentTradeOpen"": -0.01634878756642533, ""NumSatisfactoryTrades"": 0.18481012658227852, ""NumTotalTrades"": 0.0296153846153846, ""NumTradesOpeninLast12M"": -0.006842105263157899, ""MSinceMostRecentInqexcl7days"": 0.2, ""NumInqLast6M"": -0.06363636363636364, ""NetFractionRevolvingBurden"": -0.19762931034482759, ""NetFractionInstallBurden"": -0.01862244897959181, ""NumBank2NatlTradesWHighUtilization"": -0.00833333333333336, ""RevolvingBurdenPerTrade"": -0.004645593869731804, ""InstallBurdenPerTrade"": -0.06428571428571422}",0.3715609610080719,True
monotone_xgboost,187,False,infeasible,very_high_risk,gurobi:Optimal|refined_4,gurobi,0.9471603631973267,0.5100639462471008,1.9981927843637826,11,"{""ExternalRiskEstimate"": 0.07475409836065572, ""NumSatisfactoryTrades"": 0.1848101265822785, ""PercentTradesNeverDelq"": 0.20000000000000007, ""NumTotalTrades"": -0.011923076923076842, ""NumTradesOpeninLast12M"": -0.005263157894736845, ""PercentInstallTrades"": -0.2, ""MSinceMostRecentInqexcl7days"": 0.2, ""NumInqLast6M"": -0.06060606060606061, ""NetFractionRevolvingBurden"": -0.19762931034482759, ""NetFractionInstallBurden"": -0.39811957718289226, ""NumBank2NatlTradesWHighUtilization"": -0.002777777777777775}",0.5100639462471008,False
monotone_xgboost,188,False,infeasible,very_high_risk,gurobi:Infeasible|refined_11,gurobi,0.92690509557724,0.8461032509803772,0.13827685020994251,5,"{""NumTotalTrades"": -0.019038461538461546, ""PercentInstallTrades"": 0.08000000000000007, ""NetFractionInstallBurden"": -0.038775510204081653, ""NumInstallTradesWBalance"": -0.002777777777777775, ""PercentTradesWBalance"": -0.015000000000000013}",0.8461032509803772,False
monotone_xgboost,190,False,infeasible,very_high_risk,gurobi:Infeasible|refined_11,gurobi,0.8968690037727356,0.8511260151863098,0.12675369089982735,6,"{""NumTotalTrades"": -0.027692307692307683, ""NetFractionInstallBurden"": -0.01862244897959181, ""NumRevolvingTradesWBalance"": -0.0062500000000000056, ""NumBank2NatlTradesWHighUtilization"": -0.008333333333333331, ""PercentTradesWBalance"": -0.015000000000000013, ""InstallBurdenPerTrade"": -0.05142857142857138}",0.8511260151863098,False
monotone_xgboost,191,True,feasible,very_high_risk,gurobi:Optimal|refined_1,gurobi,0.7290329933166504,0.39270979166030884,0.8476454685596471,6,"{""ExternalRiskEstimate"": 0.07475409836065572, ""NumSatisfactoryTrades"": 0.18481012658227847, ""MSinceMostRecentInqexcl7days"": 0.2, ""NetFractionRevolvingBurden"": -0.1939655172413793, ""NumRevolvingTradesWBalance"": -0.06982417904978956, ""InstallBurdenPerTrade"": -0.013095238095238104}",0.39270979166030884,True
monotone_xgboost,192,True,feasible,near_threshold,gurobi:Optimal,gurobi,0.3760433495044708,0.34085893630981445,0.05956872773365139,1,"{""NumSatisfactoryTrades"": 0.07554073231465752}",0.34085893630981445,True
monotone_xgboost,193,False,infeasible,very_high_risk,gurobi:Infeasible|refined_11,gurobi,0.9832348823547363,0.9425474405288696,0.1297457471472303,5,"{""NumTradesOpeninLast12M"": -0.006842105263157872, ""PercentInstallTrades"": -0.06000000000000005, ""NetFractionRevolvingBurden"": -0.01976293103448276, ""NetFractionInstallBurden"": -0.021938775510204067, ""InstallBurdenPerTrade"": -0.02632653061224488}",0.9425474405288696,False
monotone_xgboost,194,False,infeasible,very_high_risk,gurobi:Optimal,gurobi,0.7393026351928711,0.46226784586906433,1.2749717031346244,7,"{""ExternalRiskEstimate"": 0.07475409836065572, ""NumSatisfactoryTrades"": 0.18481012658227852, ""MSinceMostRecentDelq"": 0.1951807228915663, ""MSinceMostRecentInqexcl7days"": 0.2, ""NetFractionRevolvingBurden"": -0.19762931034482759, ""NumRevolvingTradesWBalance"": -0.15625, ""NumBank2NatlTradesWHighUtilization"": -0.150328802837204}",0.46226784586906433,False
monotone_xgboost,195,True,feasible,moderate_risk,gurobi:Optimal,gurobi,0.4713253080844879,0.3204532265663147,0.338523344600813,2,"{""ExternalRiskEstimate"": 0.06790092102947298, ""NumSatisfactoryTrades"": 0.18481012658227847}",0.3204532265663147,True
monotone_xgboost,197,True,feasible,very_high_risk,gurobi:Optimal,gurobi,0.7805514335632324,0.283006876707077,1.646090990374394,10,"{""ExternalRiskEstimate"": 0.07475409836065572, ""MSinceMostRecentTradeOpen"": -0.02349869451697128, ""NumSatisfactoryTrades"": 0.18481012658227847, ""MSinceMostRecentDelq"": 0.1951807228915663, ""PercentInstallTrades"": -0.2, ""MSinceMostRecentInqexcl7days"": 0.2, ""NetFractionRevolvingBurden"": -0.19762931034482759, ""NetFractionInstallBurden"": -0.10894485521707581, ""NumRevolvingTradesWBalance"": -0.15625, ""NumBank2NatlTradesWHighUtilization"": -0.16666666666666666}",0.283006876707077,True
monotone_xgboost,198,True,feasible,high_risk,gurobi:Optimal,gurobi,0.5841275453567505,0.3756192922592163,0.2445976524557288,2,"{""NumSatisfactoryTrades"": 0.18481012658227847, ""MSinceMostRecentInqexcl7days"": 0.1542243269863959}",0.3756192922592163,True
monotone_xgboost,201,True,feasible,very_high_risk,gurobi:Optimal,gurobi,0.6487979888916016,0.40306252241134644,0.7901025339655032,5,"{""ExternalRiskEstimate"": 0.07475409836065572, ""MSinceMostRecentTradeOpen"": -0.055320973695188916, ""NumSatisfactoryTrades"": 0.18481012658227847, ""MSinceMostRecentInqexcl7days"": 0.04166666666666674, ""NetFractionRevolvingBurden"": -0.19762931034482759}",0.40306252241134644,True
monotone_xgboost,202,False,infeasible,high_risk,gurobi:Optimal|refined_6,gurobi,0.6115294098854065,0.5488573908805847,0.16674085726752189,5,"{""NumSatisfactoryTrades"": 0.14840828824487673, ""NumTotalTrades"": -0.01615384615384613, ""NumTradesOpeninLast12M"": -0.0026315789473684223, ""PercentInstallTrades"": 0.040000000000000036, ""NumInstallTradesWBalance"": -0.00555555555555555}",0.5488573908805847,False
monotone_xgboost,203,True,feasible,high_risk,gurobi:Optimal|refined_2,gurobi,0.5774833559989929,0.4032835066318512,0.3296635983712592,4,"{""ExternalRiskEstimate"": 0.056400402750812706, ""NumSatisfactoryTrades"": 0.18481012658227852, ""NetFractionRevolvingBurden"": -0.009881465517241395, ""InstallBurdenPerTrade"": -0.011607142857142844}",0.4032835066318512,True
monotone_xgboost,205,True,feasible,very_high_risk,gurobi:Optimal|refined_1,gurobi,0.7975823879241943,0.41951385140419006,0.7407993641091017,5,"{""ExternalRiskEstimate"": 0.07475409836065572, ""NumSatisfactoryTrades"": 0.1848101265822785, ""MSinceMostRecentInqexcl7days"": 0.2, ""NetFractionRevolvingBurden"": -0.1856319507156203, ""NumBank2NatlTradesWHighUtilization"": -0.002777777777777775}",0.41951385140419006,True
monotone_xgboost,206,True,feasible,near_threshold,gurobi:Optimal,gurobi,0.38040703535079956,0.3264208734035492,0.10927803394095915,1,"{""NumSatisfactoryTrades"": 0.1385784626241513}",0.3264208734035492,True
monotone_xgboost,207,True,feasible,near_threshold,gurobi:Optimal,gurobi,0.36212071776390076,0.324520081281662,0.06308360980826595,1,"{""NumSatisfactoryTrades"": 0.07999805037428173}",0.324520081281662,True
monotone_xgboost,208,True,feasible,near_threshold,gurobi:Optimal,gurobi,0.44220873713493347,0.3745846748352051,0.030872003131972466,1,"{""NumSatisfactoryTrades"": 0.03914963124673487}",0.3745846748352051,True
monotone_xgboost,209,True,feasible,high_risk,gurobi:Optimal,gurobi,0.5526021122932434,0.23541593551635742,0.37064652442614726,3,"{""ExternalRiskEstimate"": 0.03405992286424553, ""NumSatisfactoryTrades"": 0.18481012658227847, ""MSinceMostRecentInqexcl7days"": 0.2}",0.23541593551635742,True
monotone_xgboost,211,True,feasible,very_high_risk,gurobi:Optimal,gurobi,0.8421216011047363,0.3228955864906311,0.8369658013595525,5,"{""ExternalRiskEstimate"": 0.07475409836065572, ""NumSatisfactoryTrades"": 0.18481012658227847, ""MSinceMostRecentInqexcl7days"": 0.2, ""NumInqLast6M"": -0.016733742706635336, ""NetFractionRevolvingBurden"": -0.19762931034482759}",0.3228955864906311,True
monotone_xgboost,212,True,feasible,very_high_risk,gurobi:Optimal,gurobi,0.7649597525596619,0.35601478815078735,0.6023547098475787,4,"{""ExternalRiskEstimate"": 0.07475409836065572, ""NumSatisfactoryTrades"": 0.1848101265822785, ""MSinceMostRecentInqexcl7days"": 0.2, ""NetFractionRevolvingBurden"": -0.08594968247259512}",0.35601478815078735,True
monotone_xgboost,213,True,feasible,very_high_risk,gurobi:Optimal,gurobi,0.8226621150970459,0.27261030673980713,1.053325088575735,7,"{""ExternalRiskEstimate"": 0.07475409836065572, ""NumSatisfactoryTrades"": 0.18481012658227847, ""PercentInstallTrades"": -0.11042450742544346, ""MSinceMostRecentInqexcl7days"": 0.2, ""NumInqLast6M"": -0.030303030303030304, ""NetFractionRevolvingBurden"": -0.19762931034482759, ""NumRevolvingTradesWBalance"": -0.0625}",0.27261030673980713,True
monotone_xgboost,214,True,feasible,high_risk,gurobi:Optimal,gurobi,0.5439930558204651,0.2790735960006714,0.22034328349284377,2,"{""NumSatisfactoryTrades"": 0.18481012658227847, ""MSinceMostRecentInqexcl7days"": 0.11638798171425635}",0.2790735960006714,True
monotone_xgboost,218,True,feasible,very_high_risk,gurobi:Optimal|refined_5,gurobi,0.7861752510070801,0.40326592326164246,0.43726055088060245,7,"{""ExternalRiskEstimate"": 0.03734822659792891, ""NumSatisfactoryTrades"": 0.18481012658227847, ""NumTotalTrades"": -0.01615384615384613, ""PercentInstallTrades"": 0.028999999999999998, ""MSinceMostRecentInqexcl7days"": 0.2, ""NetFractionRevolvingBurden"": -0.009881465517241395, ""NumBank2NatlTradesWHighUtilization"": -0.00833333333333336}",0.40326592326164246,True
monotone_xgboost,220,True,feasible,very_high_risk,gurobi:Optimal|refined_1,gurobi,0.8834729790687561,0.3923000991344452,0.6445454117157502,5,"{""ExternalRiskEstimate"": 0.07475409836065572, ""NumSatisfactoryTrades"": 0.18481012658227847, ""PercentInstallTrades"": -0.020000000000000018, ""MSinceMostRecentInqexcl7days"": 0.2, ""NetFractionRevolvingBurden"": -0.10776265533449167}",0.3923000991344452,True
monotone_xgboost,221,False,infeasible,very_high_risk,gurobi:Optimal|refined_9,gurobi,0.7191115021705627,0.521313488483429,0.8703740119039943,11,"{""ExternalRiskEstimate"": 0.07475409836065572, ""MSinceMostRecentTradeOpen"": -0.002711027963452418, ""NumSatisfactoryTrades"": 0.18481012658227847, ""NumTotalTrades"": -0.0444230769230769, ""NumTradesOpeninLast12M"": -0.006842105263157899, ""MSinceMostRecentInqexcl7days"": 0.2, ""NetFractionRevolvingBurden"": -0.19762931034482759, ""NetFractionInstallBurden"": -0.022704081632653084, ""NumRevolvingTradesWBalance"": -0.008437499999999987, ""NumInstallTradesWBalance"": -0.00555555555555555, ""NumBank2NatlTradesWHighUtilization"": -0.00833333333333336}",0.521313488483429,False
monotone_xgboost,223,True,feasible,very_high_risk,gurobi:Optimal,gurobi,0.7815849781036377,0.37124982476234436,0.9337978527320367,6,"{""ExternalRiskEstimate"": 0.07475409836065572, ""NumSatisfactoryTrades"": 0.18481012658227847, ""MSinceMostRecentInqexcl7days"": 0.2, ""NumInqLast6M"": -0.030303030303030304, ""NetFractionRevolvingBurden"": -0.1896551724137931, ""NumRevolvingTradesWBalance"": -0.031721860674452325}",0.37124982476234436,True
monotone_xgboost,228,True,feasible,high_risk,gurobi:Optimal,gurobi,0.582209050655365,0.3493858575820923,0.21715408676487397,2,"{""NumSatisfactoryTrades"": 0.18481012658227847, ""MSinceMostRecentInqexcl7days"": 0.11141289665948151}",0.3493858575820923,True
monotone_xgboost,232,False,infeasible,very_high_risk,gurobi:Infeasible|refined_11,gurobi,0.842328667640686,0.8059253692626953,0.1293906345776509,8,"{""NumTotalTrades"": -0.02865384615384614, ""NumTradesOpeninLast12M"": -0.006842105263157899, ""PercentInstallTrades"": -0.020000000000000018, ""NetFractionInstallBurden"": -0.03112244897959182, ""NumRevolvingTradesWBalance"": -0.0062500000000000056, ""NumBank2NatlTradesWHighUtilization"": -0.008333333333333331, ""PercentTradesWBalance"": -0.015000000000000013, ""RevolvingBurdenPerTrade"": -0.005646551724137944}",0.8059253692626953,False
monotone_xgboost,234,True,feasible,very_high_risk,gurobi:Optimal,gurobi,0.886370062828064,0.2833259105682373,1.5480434393195595,9,"{""ExternalRiskEstimate"": 0.07475409836065572, ""NumSatisfactoryTrades"": 0.1848101265822785, ""MSinceMostRecentDelq"": 0.19518072289156627, ""PercentInstallTrades"": -0.2, ""MSinceMostRecentInqexcl7days"": 0.2, ""NumInqLast6M"": -0.030303030303030304, ""NetFractionRevolvingBurden"": -0.1853448275862069, ""NetFractionInstallBurden"": -0.16761748727414671, ""NumRevolvingTradesWBalance"": -0.125}",0.2833259105682373,True
monotone_xgboost,235,True,feasible,very_high_risk,gurobi:Optimal|refined_6,gurobi,0.8972396850585938,0.4199468493461609,1.4028206451300056,11,"{""ExternalRiskEstimate"": 0.07475409836065572, ""MSinceMostRecentTradeOpen"": -0.01566579634464752, ""NumSatisfactoryTrades"": 0.18481012658227852, ""MSinceMostRecentDelq"": 0.1080855692505924, ""NumTradesOpeninLast12M"": -0.006842105263157872, ""PercentInstallTrades"": -0.2, ""MSinceMostRecentInqexcl7days"": 0.2, ""NumInqLast6M"": -0.030303030303030304, ""NetFractionRevolvingBurden"": -0.11637931034482758, ""NetFractionInstallBurden"": -0.11224489795918363, ""NumRevolvingTradesWBalance"": -0.15625}",0.4199468493461609,True
monotone_xgboost,237,True,feasible,very_high_risk,gurobi:Optimal,gurobi,0.8112916350364685,0.3248339593410492,1.2492411207127492,9,"{""ExternalRiskEstimate"": 0.07475409836065572, ""NumSatisfactoryTrades"": 0.1848101265822785, ""PercentTradesNeverDelq"": 0.20000000000000007, ""MSinceMostRecentDelq"": 0.1951807228915663, ""PercentInstallTrades"": -0.19999999999999998, ""MSinceMostRecentInqexcl7days"": 0.2, ""NetFractionRevolvingBurden"": -0.07758620689655173, ""NetFractionInstallBurden"": -0.08749111106973417, ""NumRevolvingTradesWBalance"": -0.0625}",0.3248339593410492,True
monotone_xgboost,238,True,feasible,very_high_risk,gurobi:Optimal,gurobi,0.9031881093978882,0.3918338418006897,1.6693824956888506,9,"{""ExternalRiskEstimate"": 0.07475409836065572, ""NumSatisfactoryTrades"": 0.18481012658227852, ""MSinceMostRecentDelq"": 0.1951807228915663, ""PercentInstallTrades"": -0.2, ""MSinceMostRecentInqexcl7days"": 0.2, ""NumInqLast6M"": -0.06060606060606061, ""NetFractionRevolvingBurden"": -0.19762931034482759, ""NumRevolvingTradesWBalance"": -0.16875, ""NumBank2NatlTradesWHighUtilization"": -0.11193791287637149}",0.3918338418006897,True
monotone_xgboost,239,True,feasible,moderate_risk,gurobi:Optimal|refined_8,gurobi,0.4885740876197815,0.4040271043777466,0.23344912739683565,8,"{""NumSatisfactoryTrades"": 0.18481012658227852, ""NumTotalTrades"": 0.032307692307692315, ""NumTradesOpeninLast12M"": -0.006842105263157899, ""PercentInstallTrades"": 0.01999999999999999, ""MSinceMostRecentInqexcl7days"": 0.013322490423205614, ""NumRevolvingTradesWBalance"": -0.0078125, ""RevolvingBurdenPerTrade"": -0.0011494252873563218, ""InstallBurdenPerTrade"": -0.020000000000000018}",0.4040271043777466,True
monotone_xgboost,243,False,infeasible,very_high_risk,gurobi:Infeasible|refined_12,gurobi,0.9655075073242188,0.8876374363899231,0.14114513246067045,8,"{""NumTotalTrades"": -0.010000000000000002, ""NetFractionRevolvingBurden"": -0.012500000000000011, ""NetFractionInstallBurden"": -0.05586734693877543, ""NumRevolvingTradesWBalance"": -0.0031250000000000028, ""NumInstallTradesWBalance"": -0.002777777777777775, ""NumBank2NatlTradesWHighUtilization"": -0.002777777777777775, ""PercentTradesWBalance"": -0.015000000000000013, ""InstallBurdenPerTrade"": -0.012857142857142845}",0.8876374363899231,False
monotone_xgboost,248,True,feasible,very_high_risk,gurobi:Optimal,gurobi,0.7967802882194519,0.28328201174736023,1.611919895913689,9,"{""ExternalRiskEstimate"": 0.07475409836065572, ""NumSatisfactoryTrades"": 0.18481012658227847, ""MSinceMostRecentDelq"": 0.19518072289156632, ""PercentInstallTrades"": -0.2, ""MSinceMostRecentInqexcl7days"": 0.2, ""NumInqLast6M"": -0.015151515151515152, ""NetFractionRevolvingBurden"": -0.19762931034482759, ""NetFractionInstallBurden"": -0.30186693208932613, ""NumRevolvingTradesWBalance"": -0.0625}",0.28328201174736023,True
monotone_xgboost,249,True,feasible,high_risk,gurobi:Optimal,gurobi,0.5439930558204651,0.2790735960006714,0.22034328349284377,2,"{""NumSatisfactoryTrades"": 0.18481012658227847, ""MSinceMostRecentInqexcl7days"": 0.11638798171425635}",0.2790735960006714,True
monotone_xgboost,250,True,feasible,very_high_risk,gurobi:Optimal,gurobi,0.8909514546394348,0.1463860124349594,1.0404844573727596,7,"{""ExternalRiskEstimate"": 0.07475409836065572, ""MSinceMostRecentTradeOpen"": -0.033942558746736295, ""NumSatisfactoryTrades"": 0.1848101265822785, ""MSinceMostRecentDelq"": 0.1951807228915663, ""PercentInstallTrades"": -0.041902635677684964, ""MSinceMostRecentInqexcl7days"": 0.2, ""NumInqLast6M"": -0.06363636363636364}",0.1463860124349594,True
monotone_xgboost,251,False,infeasible,very_high_risk,gurobi:Infeasible|refined_12,gurobi,0.965448260307312,0.9463104605674744,0.16522247239820864,7,"{""NumTotalTrades"": -0.016153846153846158, ""NumTradesOpeninLast12M"": -0.005263157894736845, ""NetFractionInstallBurden"": -0.05586734693877543, ""NumRevolvingTradesWBalance"": -0.008437499999999987, ""NumBank2NatlTradesWHighUtilization"": -0.008333333333333304, ""RevolvingBurdenPerTrade"": -0.002917771883289122, ""InstallBurdenPerTrade"": -0.038571428571428534}",0.9463104605674744,False
monotone_xgboost,252,True,feasible,high_risk,gurobi:Optimal,gurobi,0.6116572022438049,0.23910555243492126,0.4904782752277246,4,"{""ExternalRiskEstimate"": 0.07475409836065572, ""NumSatisfactoryTrades"": 0.1848101265822785, ""MSinceMostRecentInqexcl7days"": 0.2, ""NetFractionRevolvingBurden"": -0.003174263446319131}",0.23910555243492126,True
monotone_xgboost,253,True,feasible,high_risk,gurobi:Optimal,gurobi,0.5439930558204651,0.2790735960006714,0.22034328349284377,2,"{""NumSatisfactoryTrades"": 0.18481012658227847, ""MSinceMostRecentInqexcl7days"": 0.11638798171425635}",0.2790735960006714,True
monotone_xgboost,256,True,feasible,very_high_risk,gurobi:Optimal|refined_8,gurobi,0.7836636304855347,0.410028338432312,1.1260917689697352,9,"{""ExternalRiskEstimate"": 0.07475409836065572, ""NumSatisfactoryTrades"": 0.1848101265822785, ""PercentInstallTrades"": 0.040000000000000036, ""MSinceMostRecentInqexcl7days"": 0.2, ""NumInqLast6M"": -0.030303030303030304, ""NetFractionRevolvingBurden"": -0.1939655172413793, ""NetFractionInstallBurden"": -0.01862244897959181, ""NumRevolvingTradesWBalance"": -0.0917995207920287, ""InstallBurdenPerTrade"": -0.06428571428571422}",0.410028338432312,True
monotone_xgboost,259,False,infeasible,very_high_risk,gurobi:Infeasible|refined_9,gurobi,0.9452120661735535,0.924386739730835,0.11452495702982371,7,"{""NumTradesOpeninLast12M"": -0.0026315789473684223, ""PercentInstallTrades"": -0.020000000000000018, ""NetFractionRevolvingBurden"": -0.006465517241379309, ""NetFractionInstallBurden"": -0.04693877551020409, ""NumInstallTradesWBalance"": -0.00555555555555555, ""NumBank2NatlTradesWHighUtilization"": -0.002777777777777775, ""PercentTradesWBalance"": -0.015000000000000013}",0.924386739730835,False
monotone_xgboost,261,True,feasible,high_risk,gurobi:Optimal,gurobi,0.5592697858810425,0.3700527846813202,0.22958610899347204,2,"{""NumSatisfactoryTrades"": 0.18481012658227847, ""MSinceMostRecentInqexcl7days"": 0.13080661027008686}",0.3700527846813202,True
monotone_xgboost,263,True,feasible,very_high_risk,gurobi:Optimal|refined_5,gurobi,0.6437859535217285,0.4189293682575226,0.47800369130249554,7,"{""ExternalRiskEstimate"": 0.05023199383106769, ""NumSatisfactoryTrades"": 0.18481012658227847, ""NumTotalTrades"": -0.01615384615384613, ""NumTradesOpeninLast12M"": -0.006842105263157872, ""PercentInstallTrades"": -0.040000000000000036, ""MSinceMostRecentInqexcl7days"": 0.2, ""NetFractionRevolvingBurden"": -0.009881465517241395}",0.4189293682575226,True
monotone_xgboost,264,False,infeasible,very_high_risk,gurobi:Infeasible|refined_14,gurobi,0.9800664186477661,0.9679238796234131,0.14677846193640987,6,"{""NumTotalTrades"": -0.030000000000000006, ""NumTradesOpeninLast12M"": -0.005263157894736845, ""NetFractionInstallBurden"": -0.01862244897959181, ""NumBank2NatlTradesWHighUtilization"": -0.00555555555555555, ""PercentTradesWBalance"": -0.015000000000000013, ""InstallBurdenPerTrade"": -0.07714285714285707}",0.9679238796234131,False
monotone_xgboost,266,True,feasible,very_high_risk,gurobi:Optimal|refined_1,gurobi,0.79996657371521,0.4117118716239929,0.48509786564124807,4,"{""ExternalRiskEstimate"": 0.07199287037176372, ""NumSatisfactoryTrades"": 0.18481012658227847, ""MSinceMostRecentInqexcl7days"": 0.2, ""NumInstallTradesWBalance"": -0.00555555555555555}",0.4117118716239929,True
monotone_xgboost,268,True,feasible,high_risk,gurobi:Optimal,gurobi,0.5439930558204651,0.2790735960006714,0.22034328349284377,2,"{""NumSatisfactoryTrades"": 0.18481012658227847, ""MSinceMostRecentInqexcl7days"": 0.11638798171425635}",0.2790735960006714,True
monotone_xgboost,270,False,infeasible,very_high_risk,gurobi:Infeasible|refined_12,gurobi,0.986315906047821,0.9756190776824951,0.17683788060033512,9,"{""NumTotalTrades"": -0.012403846153846154, ""NumTradesOpeninLast12M"": -0.005263157894736845, ""PercentInstallTrades"": 0.015499999999999958, ""NetFractionInstallBurden"": -0.074234693877551, ""NumRevolvingTradesWBalance"": -0.0015625000000000014, ""NumInstallTradesWBalance"": -0.002777777777777775, ""NumBank2NatlTradesWHighUtilization"": -0.002777777777777775, ""PercentTradesWBalance"": -0.015000000000000013, ""InstallBurdenPerTrade"": -0.02242857142857141}",0.9756190776824951,False
monotone_xgboost,272,True,feasible,very_high_risk,gurobi:Optimal,gurobi,0.8860702514648438,0.19491299986839294,1.0433033079288374,5,"{""ExternalRiskEstimate"": 0.07475409836065572, ""NumSatisfactoryTrades"": 0.1848101265822785, ""MSinceMostRecentInqexcl7days"": 0.2, ""NumInqLast6M"": -0.06060606060606061, ""NetFractionRevolvingBurden"": -0.18799301897168708}",0.19491299986839294,True
monotone_xgboost,276,True,feasible,high_risk,gurobi:Optimal,gurobi,0.5921224355697632,0.2735136151313782,0.242725137017112,2,"{""NumSatisfactoryTrades"": 0.18481012658227847, ""MSinceMostRecentInqexcl7days"": 0.15130323921159824}",0.2735136151313782,True
monotone_xgboost,278,True,feasible,near_threshold,gurobi:Optimal|refined_1,gurobi,0.4260227680206299,0.39524972438812256,0.032482559074276926,2,"{""NumSatisfactoryTrades"": 0.02397932496303501, ""NumTotalTrades"": -0.015288461538461529}",0.39524972438812256,True
monotone_xgboost,279,True,feasible,very_high_risk,gurobi:Optimal,gurobi,0.9497761130332947,0.2517388164997101,1.5352509561068515,10,"{""ExternalRiskEstimate"": 0.07475409836065572, ""MSinceMostRecentTradeOpen"": -0.044386422976501305, ""NumSatisfactoryTrades"": 0.1848101265822785, ""MSinceMostRecentDelq"": 0.19518072289156632, ""PercentInstallTrades"": -0.13, ""MSinceMostRecentInqexcl7days"": 0.2, ""NumInqLast6M"": -0.015151515151515152, ""NetFractionRevolvingBurden"": -0.19762931034482759, ""NumRevolvingTradesWBalance"": -0.16875, ""NumBank2NatlTradesWHighUtilization"": -0.13185627953621382}",0.2517388164997101,True
monotone_xgboost,281,True,feasible,very_high_risk,gurobi:Optimal,gurobi,0.7243992686271667,0.3340301811695099,1.292368788527142,10,"{""ExternalRiskEstimate"": 0.07475409836065572, ""NumSatisfactoryTrades"": 0.18481012658227852, ""PercentTradesNeverDelq"": 0.19999999999999996, ""MSinceMostRecentDelq"": 0.1951807228915663, ""PercentInstallTrades"": -0.2, ""MSinceMostRecentInqexcl7days"": 0.2, ""NumInqLast6M"": -0.015151515151515152, ""NetFractionRevolvingBurden"": -0.04310344827586207, ""NetFractionInstallBurden"": -0.0968083198189224, ""NumRevolvingTradesWBalance"": -0.0625}",0.3340301811695099,True
monotone_xgboost,282,True,feasible,near_threshold,gurobi:Optimal,gurobi,0.46509310603141785,0.2697896659374237,0.7136007481541181,5,"{""ExternalRiskEstimate"": 0.07475409836065572, ""NumSatisfactoryTrades"": 0.18481012658227847, ""MSinceMostRecentInqexcl7days"": 0.19999999999999998, ""NetFractionRevolvingBurden"": -0.09913793103448276, ""NumRevolvingTradesWBalance"": -0.07452863267464886}",0.2697896659374237,True
monotone_xgboost,284,True,feasible,high_risk,gurobi:Optimal,gurobi,0.5717927813529968,0.2587493360042572,0.5995613506252061,5,"{""ExternalRiskEstimate"": 0.07475409836065572, ""NumSatisfactoryTrades"": 0.18481012658227847, ""MSinceMostRecentInqexcl7days"": 0.2, ""NumInqLast6M"": -0.00985808703935968, ""NetFractionRevolvingBurden"": -0.04741379310344827}",0.2587493360042572,True
monotone_xgboost,287,True,feasible,very_high_risk,gurobi:Optimal,gurobi,0.7002657055854797,0.3268258273601532,0.5720947146822215,4,"{""ExternalRiskEstimate"": 0.07475409836065572, ""NumSatisfactoryTrades"": 0.18481012658227847, ""MSinceMostRecentInqexcl7days"": 0.2, ""NetFractionRevolvingBurden"": -0.06356084081834906}",0.3268258273601532,True
monotone_xgboost,288,False,infeasible,very_high_risk,gurobi:Infeasible|refined_11,gurobi,0.9623116254806519,0.9014617204666138,0.10239565519983332,5,"{""NumTotalTrades"": -0.020000000000000004, ""PercentInstallTrades"": -0.08000000000000007, ""NetFractionRevolvingBurden"": -0.01976293103448279, ""NumInstallTradesWBalance"": -0.002777777777777775, ""NumBank2NatlTradesWHighUtilization"": -0.002777777777777775}",0.9014617204666138,False
monotone_xgboost,290,True,feasible,high_risk,gurobi:Optimal,gurobi,0.5439930558204651,0.2790735960006714,0.22034328349284377,2,"{""NumSatisfactoryTrades"": 0.18481012658227847, ""MSinceMostRecentInqexcl7days"": 0.11638798171425635}",0.2790735960006714,True
monotone_xgboost,293,True,feasible,very_high_risk,gurobi:Optimal,gurobi,0.6885237097740173,0.37449386715888977,0.8238857211904103,5,"{""ExternalRiskEstimate"": 0.07475409836065572, ""NumSatisfactoryTrades"": 0.1848101265822785, ""MSinceMostRecentInqexcl7days"": 0.2, ""NetFractionRevolvingBurden"": -0.19762931034482759, ""NumRevolvingTradesWBalance"": -0.056313464694876005}",0.37449386715888977,True
monotone_xgboost,296,True,feasible,high_risk,gurobi:Optimal,gurobi,0.5610722303390503,0.32704809308052063,0.7642479028979311,4,"{""ExternalRiskEstimate"": 0.07475409836065572, ""NumSatisfactoryTrades"": 0.1848101265822785, ""MSinceMostRecentInqexcl7days"": 0.2, ""NumInqLast6M"": -0.055611970787320136}",0.32704809308052063,True
monotone_xgboost,297,True,feasible,very_high_risk,gurobi:Optimal,gurobi,0.86866295337677,0.37068456411361694,1.4316099291923705,9,"{""ExternalRiskEstimate"": 0.07475409836065572, ""MSinceMostRecentTradeOpen"": -0.08616187989556136, ""NumSatisfactoryTrades"": 0.1848101265822785, ""PercentTradesNeverDelq"": 0.137569251736684, ""MSinceMostRecentDelq"": 0.1951807228915663, ""PercentInstallTrades"": -0.19999999999999996, ""MSinceMostRecentInqexcl7days"": 0.2, ""NumInqLast6M"": -0.015151515151515152, ""NetFractionRevolvingBurden"": -0.19762931034482759}",0.37068456411361694,True
monotone_xgboost,298,False,infeasible,very_high_risk,gurobi:Optimal|refined_13,gurobi,0.9363431334495544,0.4477479159832001,1.4887296396469512,15,"{""ExternalRiskEstimate"": 0.07475409836065572, ""MSinceMostRecentTradeOpen"": -0.010443864229765013, ""NumSatisfactoryTrades"": 0.18481012658227847, ""MSinceMostRecentDelq"": 0.1951807228915663, ""NumTotalTrades"": -0.016153846153846158, ""PercentInstallTrades"": -0.2, ""MSinceMostRecentInqexcl7days"": 0.2, ""NumInqLast6M"": -0.015151515151515152, ""NetFractionRevolvingBurden"": -0.19762931034482759, ""NetFractionInstallBurden"": -0.05586734693877543, ""NumRevolvingTradesWBalance"": -0.0625, ""NumInstallTradesWBalance"": -0.002777777777777775, ""NumBank2NatlTradesWHighUtilization"": -0.09236474127385857, ""PercentTradesWBalance"": -0.015000000000000013, ""InstallBurdenPerTrade"": -0.07714285714285707}",0.4477479159832001,False
monotone_xgboost,299,True,feasible,very_high_risk,gurobi:Optimal,gurobi,0.792879045009613,0.3993108570575714,0.9541063297936764,7,"{""ExternalRiskEstimate"": 0.07475409836065572, ""MSinceMostRecentTradeOpen"": -0.020887728459530026, ""NumSatisfactoryTrades"": 0.18481012658227852, ""MSinceMostRecentDelq"": 0.1410500303994532, ""MSinceMostRecentInqexcl7days"": 0.2, ""NetFractionRevolvingBurden"": -0.125, ""NumRevolvingTradesWBalance"": -0.125}",0.3993108570575714,True
monotone_xgboost,302,False,near_feasible,very_high_risk,gurobi:Optimal|refined_6,gurobi,0.8739311099052429,0.42216357588768005,1.4189374481133348,11,"{""ExternalRiskEstimate"": 0.07475409836065572, ""MSinceMostRecentTradeOpen"": -0.03655352480417755, ""NumSatisfactoryTrades"": 0.18481012658227847, ""NumTotalTrades"": -0.015769230769230758, ""PercentInstallTrades"": -0.020000000000000018, ""MSinceMostRecentInqexcl7days"": 0.2, ""NumInqLast6M"": -0.06060606060606061, ""NetFractionRevolvingBurden"": -0.19762931034482759, ""NetFractionInstallBurden"": -0.03928571428571426, ""NumRevolvingTradesWBalance"": -0.13915973068048737, ""NumBank2NatlTradesWHighUtilization"": -0.008333333333333331}",0.42216357588768005,False
monotone_xgboost,303,False,infeasible,high_risk,gurobi:Optimal|refined_9,gurobi,0.5476793050765991,0.47779157757759094,0.22839723410667445,6,"{""NumSatisfactoryTrades"": 0.16383774845794208, ""NumTotalTrades"": 0.03230769230769226, ""PercentInstallTrades"": 0.040000000000000036, ""NetFractionInstallBurden"": -0.015816326530612268, ""NumInstallTradesWBalance"": -0.002777777777777775, ""PercentTradesWBalance"": -0.030000000000000027}",0.47779157757759094,False
monotone_xgboost,306,True,feasible,moderate_risk,gurobi:Optimal,gurobi,0.5155271887779236,0.2853023409843445,0.2009669097007338,2,"{""NumSatisfactoryTrades"": 0.18481012658227852, ""MSinceMostRecentInqexcl7days"": 0.08616121432063016}",0.2853023409843445,True
monotone_xgboost,307,True,feasible,high_risk,gurobi:Optimal,gurobi,0.5548417568206787,0.20093341171741486,0.3407131979602761,3,"{""ExternalRiskEstimate"": 0.023517288557714622, ""NumSatisfactoryTrades"": 0.1848101265822785, ""MSinceMostRecentInqexcl7days"": 0.2}",0.20093341171741486,True
monotone_xgboost,308,True,feasible,moderate_risk,gurobi:Optimal,gurobi,0.4904188811779022,0.18593132495880127,0.20742690848547413,2,"{""NumSatisfactoryTrades"": 0.18481012658227847, ""MSinceMostRecentInqexcl7days"": 0.09623868716072195}",0.18593132495880127,True
monotone_xgboost,311,True,feasible,high_risk,gurobi:Optimal,gurobi,0.5439930558204651,0.2790735960006714,0.22034328349284377,2,"{""NumSatisfactoryTrades"": 0.18481012658227847, ""MSinceMostRecentInqexcl7days"": 0.11638798171425635}",0.2790735960006714,True
monotone_xgboost,312,True,feasible,very_high_risk,gurobi:Optimal,gurobi,0.7040934562683105,0.3792971968650818,0.35075428995165137,3,"{""ExternalRiskEstimate"": 0.027053800312397236, ""NumSatisfactoryTrades"": 0.18481012658227852, ""MSinceMostRecentInqexcl7days"": 0.2}",0.3792971968650818,True
monotone_xgboost,314,True,feasible,high_risk,gurobi:Optimal,gurobi,0.5426478981971741,0.3592529594898224,0.2739435899906198,3,"{""MSinceMostRecentTradeOpen"": -8.770626004732385e-07, ""NumSatisfactoryTrades"": 0.1848101265822785, ""MSinceMostRecentInqexcl7days"": 0.2}",0.3592529594898224,True
monotone_xgboost,315,True,feasible,high_risk,gurobi:Optimal,gurobi,0.5698041915893555,0.31305980682373047,0.33733828809387295,3,"{""ExternalRiskEstimate"": 0.02232863214227887, ""NumSatisfactoryTrades"": 0.18481012658227847, ""MSinceMostRecentInqexcl7days"": 0.2}",0.31305980682373047,True
monotone_xgboost,317,True,feasible,near_threshold,gurobi:Optimal,gurobi,0.348814457654953,0.3405926525592804,0.06128630758172242,1,"{""NumSatisfactoryTrades"": 0.07771884228054965}",0.3405926525592804,True
monotone_xgboost,318,True,feasible,very_high_risk,gurobi:Optimal|refined_4,gurobi,0.9345001578330994,0.4195614159107208,1.9779784067989121,11,"{""ExternalRiskEstimate"": 0.07475409836065572, ""NumSatisfactoryTrades"": 0.18481012658227847, ""MSinceMostRecentDelq"": 0.1951807228915663, ""NumTotalTrades"": -0.01615384615384613, ""PercentInstallTrades"": -0.2, ""MSinceMostRecentInqexcl7days"": 0.2, ""NumInqLast6M"": -0.015151515151515152, ""NetFractionRevolvingBurden"": -0.19762931034482759, ""NetFractionInstallBurden"": -0.4816375785896754, ""NumRevolvingTradesWBalance"": -0.125, ""NumBank2NatlTradesWHighUtilization"": -0.002777777777777775}",0.4195614159107208,True
monotone_xgboost,321,False,infeasible,very_high_risk,gurobi:Optimal|refined_7,gurobi,0.8681357502937317,0.44710981845855713,1.7147981474469636,12,"{""ExternalRiskEstimate"": 0.07475409836065572, ""MSinceMostRecentTradeOpen"": -0.020887728459530026, ""NumSatisfactoryTrades"": 0.18481012658227847, ""MSinceMostRecentDelq"": 0.1951807228915663, ""NumTotalTrades"": 0.01615384615384613, ""MSinceMostRecentInqexcl7days"": 0.2, ""NumInqLast6M"": -0.06363636363636364, ""NetFractionRevolvingBurden"": -0.19762931034482759, ""NetFractionInstallBurden"": -0.058928571428571386, ""NumRevolvingTradesWBalance"": -0.16875, ""NumInstallTradesWBalance"": -0.002777777777777775, ""NumBank2NatlTradesWHighUtilization"": -0.1112099857858823}",0.44710981845855713,False
monotone_xgboost,325,False,infeasible,very_high_risk,gurobi:Optimal|refined_5,gurobi,0.9214856028556824,0.5828577876091003,1.209696896131158,9,"{""ExternalRiskEstimate"": 0.07475409836065572, ""NumSatisfactoryTrades"": 0.18481012658227847, ""NumTradesOpeninLast12M"": -0.005263157894736845, ""PercentInstallTrades"": 0.020000000000000018, ""MSinceMostRecentInqexcl7days"": 0.2, ""NumInqLast6M"": -0.06363636363636364, ""NetFractionRevolvingBurden"": -0.19762931034482759, ""NetFractionInstallBurden"": -0.021938775510204067, ""NumRevolvingTradesWBalance"": -0.06876515286604329}",0.5828577876091003,False
monotone_xgboost,328,True,feasible,high_risk,gurobi:Optimal,gurobi,0.521033763885498,0.2894858419895172,0.6467388335607238,4,"{""ExternalRiskEstimate"": 0.07475409836065572, ""NumSatisfactoryTrades"": 0.1848101265822785, ""MSinceMostRecentInqexcl7days"": 0.2, ""NetFractionRevolvingBurden"": -0.1187887200317852}",0.2894858419895172,True
monotone_xgboost,329,True,feasible,very_high_risk,gurobi:Optimal|refined_8,gurobi,0.6280790567398071,0.4172264337539673,0.12692455115531262,7,"{""NumSatisfactoryTrades"": 0.06110964240784639, ""NumTotalTrades"": -0.03230769230769226, ""NumTradesOpeninLast12M"": -0.005263157894736845, ""PercentInstallTrades"": -0.027999999999999997, ""NumRevolvingTradesWBalance"": -0.008437499999999987, ""NumBank2NatlTradesWHighUtilization"": -0.002777777777777775, ""InstallBurdenPerTrade"": -0.012857142857142845}",0.4172264337539673,True
monotone_xgboost,330,True,feasible,near_threshold,gurobi:Optimal,gurobi,0.34082695841789246,0.34082695841789246,0.0,0,{},0.34082695841789246,True
monotone_xgboost,331,True,feasible,very_high_risk,gurobi:Optimal,gurobi,0.6745625734329224,0.21600155532360077,0.6640176736980136,4,"{""ExternalRiskEstimate"": 0.07475409836065572, ""NumSatisfactoryTrades"": 0.18481012658227847, ""MSinceMostRecentInqexcl7days"": 0.2, ""NetFractionRevolvingBurden"": -0.13157303191580355}",0.21600155532360077,True
monotone_xgboost,332,False,infeasible,very_high_risk,gurobi:Optimal|refined_16,gurobi,0.9686998128890991,0.4861948788166046,1.2101496364256399,12,"{""ExternalRiskEstimate"": 0.07475409836065572, ""NumSatisfactoryTrades"": 0.18481012658227847, ""NumTotalTrades"": 0.010961538461538467, ""NumTradesOpeninLast12M"": -0.0026315789473684223, ""PercentInstallTrades"": -0.06000000000000005, ""MSinceMostRecentInqexcl7days"": 0.2, ""NumInqLast6M"": -0.06060606060606061, ""NetFractionRevolvingBurden"": -0.143622154328914, ""NetFractionInstallBurden"": -0.10306122448979593, ""NumRevolvingTradesWBalance"": -0.0031250000000000028, ""PercentTradesWBalance"": -0.015000000000000013, ""RevolvingBurdenPerTrade"": -0.005646551724137944}",0.4861948788166046,False
monotone_xgboost,336,False,infeasible,very_high_risk,gurobi:Infeasible|refined_14,gurobi,0.9379137754440308,0.8608625531196594,0.15554607763455225,6,"{""NumTotalTrades"": -0.016153846153846158, ""NumTradesOpeninLast12M"": -0.0026315789473684223, ""PercentInstallTrades"": -0.040000000000000036, ""NetFractionInstallBurden"": -0.01862244897959181, ""NumBank2NatlTradesWHighUtilization"": -0.002777777777777775, ""InstallBurdenPerTrade"": -0.08999999999999991}",0.8608625531196594,False
monotone_xgboost,339,True,feasible,very_high_risk,gurobi:Optimal|refined_1,gurobi,0.738904595375061,0.3831344246864319,0.6536092231730972,5,"{""ExternalRiskEstimate"": 0.07475409836065572, ""NumSatisfactoryTrades"": 0.1848101265822785, ""MSinceMostRecentInqexcl7days"": 0.19999999999999998, ""NetFractionRevolvingBurden"": -0.11604673574320405, ""NumRevolvingTradesWBalance"": -0.008437499999999987}",0.3831344246864319,True
monotone_xgboost,340,True,feasible,very_high_risk,gurobi:Optimal|refined_4,gurobi,0.855169415473938,0.4087217152118683,1.255392029126495,8,"{""ExternalRiskEstimate"": 0.07475409836065572, ""NumSatisfactoryTrades"": 0.18481012658227847, ""PercentInstallTrades"": 0.040000000000000036, ""MSinceMostRecentInqexcl7days"": 0.2, ""NumInqLast6M"": -0.06060606060606061, ""NetFractionRevolvingBurden"": -0.19762931034482759, ""NumRevolvingTradesWBalance"": -0.12917812783370258, ""InstallBurdenPerTrade"": -0.01303571428571429}",0.4087217152118683,True
monotone_xgboost,342,False,infeasible,very_high_risk,gurobi:Infeasible|refined_11,gurobi,0.9693771600723267,0.9567111730575562,0.20807476673643993,5,"{""NumTotalTrades"": 0.012403846153846154, ""NumTradesOpeninLast12M"": -0.0026315789473684223, ""NetFractionInstallBurden"": -0.11224489795918363, ""PercentTradesWBalance"": -0.015000000000000013, ""RevolvingBurdenPerTrade"": -0.011293103448275887}",0.9567111730575562,False
monotone_xgboost,344,True,feasible,high_risk,gurobi:Optimal,gurobi,0.5349662899971008,0.19899311661720276,0.38285445361683373,3,"{""ExternalRiskEstimate"": 0.038359603130124875, ""NumSatisfactoryTrades"": 0.18481012658227852, ""MSinceMostRecentInqexcl7days"": 0.2}",0.19899311661720276,True
monotone_xgboost,345,True,feasible,high_risk,gurobi:Optimal|refined_7,gurobi,0.5869705677032471,0.4002276360988617,0.19525956127052882,6,"{""NumSatisfactoryTrades"": 0.1565199035939694, ""NumTotalTrades"": 0.01615384615384613, ""PercentInstallTrades"": -0.020000000000000018, ""NumRevolvingTradesWBalance"": -0.008437499999999987, ""NumInstallTradesWBalance"": -0.002777777777777775, ""InstallBurdenPerTrade"": -0.03428571428571428}",0.4002276360988617,True
monotone_xgboost,347,True,feasible,near_threshold,gurobi:Optimal,gurobi,0.39849963784217834,0.39849963784217834,0.0432112120072857,1,"{""NumSatisfactoryTrades"": 0.05479731938928545}",0.39849963784217834,True
monotone_xgboost,348,True,feasible,very_high_risk,gurobi:Optimal|refined_1,gurobi,0.9507651925086975,0.235142782330513,1.0560536234200903,8,"{""ExternalRiskEstimate"": 0.07475409836065572, ""MSinceMostRecentTradeOpen"": -0.09295039164490865, ""NumSatisfactoryTrades"": 0.1848101265822785, ""MSinceMostRecentInqexcl7days"": 0.2, ""NumInqLast6M"": -0.030303030303030304, ""NetFractionRevolvingBurden"": -0.12931034482758622, ""NumRevolvingTradesWBalance"": -0.00597169724383749, ""NumBank2NatlTradesWHighUtilization"": -0.002777777777777775}",0.235142782330513,True
monotone_xgboost,349,True,feasible,near_threshold,gurobi:Optimal|refined_2,gurobi,0.43632376194000244,0.41133278608322144,0.024917981659812814,2,"{""NumTotalTrades"": -0.016153846153846158, ""NumRevolvingTradesWBalance"": -0.008437499999999987}",0.41133278608322144,True
monotone_xgboost,350,True,feasible,high_risk,gurobi:Optimal,gurobi,0.5282276272773743,0.1662970632314682,0.3386223816350328,3,"{""ExternalRiskEstimate"": 0.022780894894808612, ""NumSatisfactoryTrades"": 0.18481012658227847, ""MSinceMostRecentInqexcl7days"": 0.2}",0.1662970632314682,True
monotone_xgboost,351,True,feasible,high_risk,gurobi:Optimal,gurobi,0.5439930558204651,0.2790735960006714,0.22034328349284377,2,"{""NumSatisfactoryTrades"": 0.18481012658227847, ""MSinceMostRecentInqexcl7days"": 0.11638798171425635}",0.2790735960006714,True
monotone_xgboost,352,True,feasible,near_threshold,gurobi:Optimal,gurobi,0.07291564345359802,0.07291564345359802,6.661338147750939e-17,0,{},0.07291564345359802,True
monotone_xgboost,355,True,feasible,high_risk,gurobi:Optimal,gurobi,0.5595094561576843,0.33962827920913696,0.24562081000804314,2,"{""NumSatisfactoryTrades"": 0.18481012658227847, ""MSinceMostRecentInqexcl7days"": 0.15582043292823272}",0.33962827920913696,True
monotone_xgboost,357,True,feasible,high_risk,gurobi:Optimal,gurobi,0.5602234601974487,0.3648255169391632,0.18266578856109122,2,"{""NumSatisfactoryTrades"": 0.18481012658227847, ""MSinceMostRecentInqexcl7days"": 0.057611820214917606}",0.3648255169391632,True
monotone_xgboost,361,True,feasible,very_high_risk,gurobi:Optimal|refined_1,gurobi,0.7294564247131348,0.31107309460639954,0.5678213229232001,5,"{""ExternalRiskEstimate"": 0.07475409836065572, ""NumSatisfactoryTrades"": 0.18481012658227847, ""NumTotalTrades"": -0.01615384615384613, ""MSinceMostRecentInqexcl7days"": 0.2, ""NetFractionRevolvingBurden"": -0.04978791922941807}",0.31107309460639954,True
monotone_xgboost,362,True,feasible,very_high_risk,gurobi:Optimal,gurobi,0.7269230484962463,0.40892666578292847,0.48606911268300107,3,"{""ExternalRiskEstimate"": 0.07471220853963512, ""NumSatisfactoryTrades"": 0.1848101265822785, ""MSinceMostRecentInqexcl7days"": 0.2}",0.40892666578292847,True
monotone_xgboost,363,True,feasible,moderate_risk,gurobi:Optimal,gurobi,0.4729926586151123,0.34301042556762695,0.13403356412579637,1,"{""NumSatisfactoryTrades"": 0.16997162729541537}",0.34301042556762695,True
monotone_xgboost,364,True,feasible,very_high_risk,gurobi:Optimal,gurobi,0.6992864608764648,0.4185035526752472,0.30293285464809205,2,"{""ExternalRiskEstimate"": 0.05536581168271837, ""NumSatisfactoryTrades"": 0.1848101265822785}",0.4185035526752472,True
monotone_xgboost,365,True,feasible,near_threshold,gurobi:Optimal,gurobi,0.33799031376838684,0.318320095539093,0.14362471800427795,1,"{""NumSatisfactoryTrades"": 0.18213443176158778}",0.318320095539093,True
monotone_xgboost,366,True,feasible,near_threshold,gurobi:Optimal|refined_1,gurobi,0.4441452622413635,0.39011242985725403,0.037330297203518985,2,"{""NumSatisfactoryTrades"": 0.02915257066267296, ""NumTotalTrades"": 0.016153846153846158}",0.39011242985725403,True
monotone_xgboost,367,True,feasible,very_high_risk,gurobi:Optimal|refined_1,gurobi,0.7267736792564392,0.3864462077617645,0.6225958109568561,5,"{""ExternalRiskEstimate"": 0.07475409836065572, ""NumSatisfactoryTrades"": 0.18481012658227847, ""PercentInstallTrades"": 0.020000000000000018, ""MSinceMostRecentInqexcl7days"": 0.2, ""NetFractionRevolvingBurden"": -0.09152252928426005}",0.3864462077617645,True
monotone_xgboost,368,True,feasible,moderate_risk,gurobi:Optimal,gurobi,0.5111327767372131,0.35750818252563477,0.3046211904241798,2,"{""ExternalRiskEstimate"": 0.05596045012673545, ""NumSatisfactoryTrades"": 0.1848101265822785}",0.35750818252563477,True
monotone_xgboost,370,True,feasible,near_threshold,gurobi:Optimal,gurobi,0.3539813160896301,0.3539813160896301,0.0,0,{},0.3539813160896301,True
monotone_xgboost,374,True,feasible,very_high_risk,gurobi:Optimal,gurobi,0.875697910785675,0.40220901370048523,1.0456045744630278,6,"{""ExternalRiskEstimate"": 0.07475409836065572, ""NumSatisfactoryTrades"": 0.1848101265822785, ""MSinceMostRecentInqexcl7days"": 0.2, ""NumInqLast6M"": -0.030303030303030304, ""NetFractionRevolvingBurden"": -0.19762931034482759, ""NumRevolvingTradesWBalance"": -0.11231984266199695}",0.40220901370048523,True
monotone_xgboost,375,True,feasible,very_high_risk,gurobi:Optimal|refined_6,gurobi,0.8646957278251648,0.41866350173950195,0.7225071500722435,8,"{""ExternalRiskEstimate"": 0.07475409836065572, ""NumSatisfactoryTrades"": 0.18481012658227847, ""NumTotalTrades"": -0.04153846153846144, ""MSinceMostRecentInqexcl7days"": 0.2, ""NumInqLast6M"": -0.03471698073512476, ""NumRevolvingTradesWBalance"": -0.008437499999999987, ""NumBank2NatlTradesWHighUtilization"": -0.002777777777777775, ""InstallBurdenPerTrade"": -0.012857142857142845}",0.41866350173950195,True
monotone_xgboost,377,True,feasible,near_threshold,gurobi:Optimal|refined_1,gurobi,0.4437903165817261,0.3569321930408478,0.046156402962631175,2,"{""NumSatisfactoryTrades"": 0.0407782204979063, ""NumTotalTrades"": -0.015769230769230758}",0.3569321930408478,True
monotone_xgboost,379,True,feasible,moderate_risk,gurobi:Optimal,gurobi,0.48454925417900085,0.20775815844535828,0.21490159669248304,2,"{""NumSatisfactoryTrades"": 0.18481012658227852, ""MSinceMostRecentInqexcl7days"": 0.10789905582398228}",0.20775815844535828,True
monotone_xgboost,380,True,feasible,near_threshold,gurobi:Optimal,gurobi,0.31341975927352905,0.31341975927352905,0.0,0,{},0.31341975927352905,True
monotone_xgboost,382,True,feasible,very_high_risk,gurobi:Optimal,gurobi,0.6416060328483582,0.21569012105464935,0.9872599347889617,6,"{""ExternalRiskEstimate"": 0.07475409836065572, ""NumSatisfactoryTrades"": 0.1848101265822785, ""MSinceMostRecentDelq"": 0.18236498822752278, ""MSinceMostRecentInqexcl7days"": 0.2, ""NetFractionRevolvingBurden"": -0.19762931034482759, ""NumRevolvingTradesWBalance"": -0.09375}",0.21569012105464935,True
monotone_xgboost,383,True,feasible,very_high_risk,gurobi:Optimal,gurobi,0.6506500244140625,0.27712371945381165,0.43580189303660505,3,"{""ExternalRiskEstimate"": 0.057007897762740845, ""NumSatisfactoryTrades"": 0.18481012658227852, ""MSinceMostRecentInqexcl7days"": 0.2}",0.27712371945381165,True
monotone_xgboost,384,True,feasible,near_threshold,gurobi:Optimal,gurobi,0.3404209017753601,0.3404209017753601,0.005433038724491814,1,"{""NumSatisfactoryTrades"": 0.006889784951880945}",0.3404209017753601,True
monotone_xgboost,385,True,feasible,very_high_risk,gurobi:Optimal|refined_5,gurobi,0.6712754964828491,0.4141215980052948,0.15097653442965697,6,"{""NumSatisfactoryTrades"": 0.12976183137643038, ""NumTotalTrades"": -0.016153846153846185, ""PercentInstallTrades"": 0.020000000000000018, ""NumRevolvingTradesWBalance"": -0.008437499999999987, ""NumBank2NatlTradesWHighUtilization"": -0.002777777777777775, ""InstallBurdenPerTrade"": -0.008124999999999993}",0.4141215980052948,True
monotone_xgboost,387,False,near_feasible,very_high_risk,gurobi:Optimal|refined_10,gurobi,0.8793950080871582,0.4292246997356415,1.1407943208655464,13,"{""ExternalRiskEstimate"": 0.07475409836065572, ""NumSatisfactoryTrades"": 0.18481012658227852, ""MSinceMostRecentDelq"": 0.13431025720796294, ""NumTotalTrades"": 0.01615384615384613, ""NumTradesOpeninLast12M"": -0.006842105263157872, ""PercentInstallTrades"": 0.034999999999999976, ""MSinceMostRecentInqexcl7days"": 0.20000000000000007, ""NetFractionRevolvingBurden"": -0.19762931034482759, ""NetFractionInstallBurden"": -0.011989795918367352, ""NumRevolvingTradesWBalance"": -0.16875, ""NumInstallTradesWBalance"": -0.008333333333333331, ""NumBank2NatlTradesWHighUtilization"": -0.008333333333333304, ""InstallBurdenPerTrade"": -0.006714285714285728}",0.4292246997356415,False
monotone_xgboost,390,True,feasible,very_high_risk,gurobi:Optimal|refined_1,gurobi,0.6760823130607605,0.41118180751800537,0.34006936486848505,3,"{""ExternalRiskEstimate"": 0.06426618996667244, ""NumSatisfactoryTrades"": 0.18481012658227852, ""NumTotalTrades"": -0.013365384615384612}",0.41118180751800537,True
monotone_xgboost,392,False,infeasible,very_high_risk,gurobi:Infeasible|refined_13,gurobi,0.9317675232887268,0.8284896612167358,0.23602326536325396,5,"{""NumTotalTrades"": 0.02096153846153847, ""PercentInstallTrades"": -0.06000000000000005, ""NetFractionInstallBurden"": -0.11479591836734693, ""NumInstallTradesWBalance"": -0.002777777777777775, ""NumBank2NatlTradesWHighUtilization"": -0.002777777777777775}",0.8284896612167358,False
monotone_xgboost,394,True,feasible,very_high_risk,gurobi:Optimal,gurobi,0.6793426871299744,0.18665798008441925,0.577123093213606,4,"{""ExternalRiskEstimate"": 0.07475409836065572, ""NumSatisfactoryTrades"": 0.1848101265822785, ""MSinceMostRecentInqexcl7days"": 0.2, ""NetFractionRevolvingBurden"": -0.06728125022692896}",0.18665798008441925,True
monotone_xgboost,397,False,infeasible,very_high_risk,gurobi:Infeasible|refined_7,gurobi,0.9302626252174377,0.8807274103164673,0.06882761949072852,5,"{""NumTradesOpeninLast12M"": -0.006842105263157899, ""PercentInstallTrades"": -0.040000000000000036, ""NetFractionRevolvingBurden"": -0.009881465517241395, ""NumRevolvingTradesWBalance"": -0.008437499999999987, ""NumBank2NatlTradesWHighUtilization"": -0.00833333333333336}",0.8807274103164673,False
monotone_xgboost,398,True,feasible,very_high_risk,gurobi:Optimal|refined_4,gurobi,0.8448823690414429,0.4162241518497467,1.4714063829747608,11,"{""ExternalRiskEstimate"": 0.07475409836065572, ""MSinceMostRecentTradeOpen"": -0.05483028720626632, ""NumSatisfactoryTrades"": 0.18481012658227847, ""MSinceMostRecentDelq"": 0.19518072289156627, ""NumTotalTrades"": -0.04846153846153847, ""PercentInstallTrades"": -0.0733615759965891, ""MSinceMostRecentInqexcl7days"": 0.2, ""NumInqLast6M"": -0.030303030303030304, ""NetFractionRevolvingBurden"": -0.19762931034482759, ""NumRevolvingTradesWBalance"": -0.16875, ""NumBank2NatlTradesWHighUtilization"": -0.002777777777777775}",0.4162241518497467,True
monotone_xgboost,399,False,infeasible,very_high_risk,gurobi:Infeasible|refined_11,gurobi,0.8448079824447632,0.8084314465522766,0.14862402996838278,7,"{""NumTotalTrades"": -0.012403846153846154, ""NumTradesOpeninLast12M"": -0.006842105263157899, ""NetFractionInstallBurden"": -0.05586734693877543, ""NumRevolvingTradesWBalance"": -0.0062500000000000056, ""NumInstallTradesWBalance"": -0.002777777777777775, ""NumBank2NatlTradesWHighUtilization"": -0.008333333333333331, ""InstallBurdenPerTrade"": -0.02571428571428569}",0.8084314465522766,False
monotone_xgboost,401,True,feasible,moderate_risk,gurobi:Optimal|refined_6,gurobi,0.47324979305267334,0.41436150670051575,0.1056841142124153,4,"{""NumTradesOpeninLast12M"": -0.005263157894736845, ""NetFractionInstallBurden"": -0.05586734693877543, ""NumRevolvingTradesWBalance"": -0.0031250000000000028, ""InstallBurdenPerTrade"": -0.012857142857142845}",0.41436150670051575,True
monotone_xgboost,402,True,feasible,high_risk,gurobi:Optimal|refined_2,gurobi,0.5603145360946655,0.4150335490703583,0.16098421132188265,3,"{""NumSatisfactoryTrades"": 0.17435410738613244, ""NumTotalTrades"": 0.01615384615384613, ""InstallBurdenPerTrade"": -0.010178571428571426}",0.4150335490703583,True
monotone_xgboost,403,False,infeasible,very_high_risk,gurobi:Optimal|refined_16,gurobi,0.9670750498771667,0.6035011410713196,1.1869648517800426,12,"{""ExternalRiskEstimate"": 0.07475409836065572, ""NumSatisfactoryTrades"": 0.18481012658227847, ""NumTotalTrades"": 0.032307692307692315, ""NumTradesOpeninLast12M"": -0.006842105263157872, ""PercentInstallTrades"": -0.020000000000000018, ""MSinceMostRecentInqexcl7days"": 0.2, ""NumInqLast6M"": -0.06363636363636364, ""NetFractionRevolvingBurden"": -0.14449789393457793, ""NetFractionInstallBurden"": -0.015816326530612268, ""NumRevolvingTradesWBalance"": -0.008437499999999987, ""NumBank2NatlTradesWHighUtilization"": -0.002777777777777775, ""InstallBurdenPerTrade"": -0.11071428571428565}",0.6035011410713196,False
monotone_xgboost,404,True,feasible,moderate_risk,gurobi:Optimal|refined_1,gurobi,0.48034989833831787,0.4033157527446747,0.056094878601407876,2,"{""NumSatisfactoryTrades"": 0.05703336290411054, ""PercentInstallTrades"": 0.017499999999999988}",0.4033157527446747,True
monotone_xgboost,406,True,feasible,very_high_risk,gurobi:Optimal,gurobi,0.8966989517211914,0.0637037605047226,2.3564053772929436,13,"{""ExternalRiskEstimate"": 0.07475409836065572, ""MSinceMostRecentTradeOpen"": -0.03133159268929504, ""NumSatisfactoryTrades"": 0.18481012658227847, ""PercentTradesNeverDelq"": 0.14, ""MSinceMostRecentDelq"": 0.1951807228915663, ""NumTotalTrades"": -0.07909869084746937, ""PercentInstallTrades"": -0.2, ""MSinceMostRecentInqexcl7days"": 0.2, ""NetFractionRevolvingBurden"": -0.1896551724137931, ""NetFractionInstallBurden"": -0.3724489795918367, ""NumRevolvingTradesWBalance"": -0.16875, ""NumBank2NatlTradesWHighUtilization"": -0.05555555555555555, ""InstallBurdenPerTrade"": -0.2571428571428571}",0.0637037605047226,True
monotone_xgboost,409,True,feasible,moderate_risk,gurobi:Optimal,gurobi,0.4703792333602905,0.3127632439136505,0.06144002477904748,1,"{""NumSatisfactoryTrades"": 0.07791377526127764}",0.3127632439136505,True
monotone_xgboost,410,True,feasible,high_risk,gurobi:Optimal,gurobi,0.5914644598960876,0.27364397048950195,0.26362123416775535,2,"{""NumSatisfactoryTrades"": 0.18481012658227847, ""MSinceMostRecentInqexcl7days"": 0.18390074557598843}",0.27364397048950195,True
monotone_xgboost,412,True,feasible,very_high_risk,gurobi:Optimal,gurobi,0.6201968789100647,0.3196779489517212,0.4358798410048428,3,"{""ExternalRiskEstimate"": 0.05703535134111293, ""NumSatisfactoryTrades"": 0.1848101265822785, ""MSinceMostRecentInqexcl7days"": 0.2}",0.3196779489517212,True
monotone_xgboost,414,True,feasible,near_threshold,gurobi:Optimal|refined_1,gurobi,0.42668116092681885,0.3666374087333679,0.010576362105158034,1,"{""NumRevolvingTradesWBalance"": -0.008437499999999987}",0.3666374087333679,True
monotone_xgboost,416,True,feasible,moderate_risk,gurobi:Optimal,gurobi,0.5148113965988159,0.3410674035549164,0.4327056316454322,3,"{""ExternalRiskEstimate"": 0.05591738242687316, ""NumSatisfactoryTrades"": 0.18481012658227847, ""MSinceMostRecentInqexcl7days"": 0.2}",0.3410674035549164,True
monotone_xgboost,417,False,near_feasible,very_high_risk,gurobi:Optimal|refined_9,gurobi,0.9396725296974182,0.42043718695640564,1.8293384315908188,16,"{""ExternalRiskEstimate"": 0.07475409836065572, ""MSinceMostRecentTradeOpen"": -0.013054830287206266, ""NumSatisfactoryTrades"": 0.18481012658227847, ""PercentTradesNeverDelq"": 0.16999999999999993, ""MSinceMostRecentDelq"": 0.19518072289156632, ""NumTotalTrades"": 0.010961538461538467, ""PercentInstallTrades"": -0.2, ""MSinceMostRecentInqexcl7days"": 0.19999999999999998, ""NumInqLast6M"": -0.015151515151515152, ""NetFractionRevolvingBurden"": -0.19762931034482759, ""NetFractionInstallBurden"": -0.2722880016608379, ""NumRevolvingTradesWBalance"": -0.0625, ""NumInstallTradesWBalance"": -0.002777777777777775, ""NumBank2NatlTradesWHighUtilization"": -0.002777777777777775, ""PercentTradesWBalance"": -0.015000000000000013, ""InstallBurdenPerTrade"": -0.03999999999999998}",0.42043718695640564,False
monotone_xgboost,418,True,feasible,high_risk,gurobi:Optimal,gurobi,0.5545843243598938,0.37427574396133423,0.43545161793272036,3,"{""ExternalRiskEstimate"": 0.056884529505252024, ""NumSatisfactoryTrades"": 0.18481012658227852, ""MSinceMostRecentInqexcl7days"": 0.2}",0.37427574396133423,True
monotone_xgboost,419,False,infeasible,very_high_risk,gurobi:Infeasible|refined_17,gurobi,0.966131865978241,0.8091872334480286,0.21124731209156108,8,"{""NumTotalTrades"": 0.01432692307692307, ""NumTradesOpeninLast12M"": -0.0026315789473684223, ""PercentInstallTrades"": -0.1200000000000001, ""NetFractionInstallBurden"": -0.03826530612244894, ""NumRevolvingTradesWBalance"": -0.0078125, ""NumInstallTradesWBalance"": -0.00555555555555555, ""PercentTradesWBalance"": -0.015000000000000013, ""InstallBurdenPerTrade"": -0.04017857142857145}",0.8091872334480286,False
monotone_xgboost,420,True,feasible,very_high_risk,gurobi:Optimal|refined_6,gurobi,0.6819787621498108,0.4156370460987091,0.6293191890764431,8,"{""ExternalRiskEstimate"": 0.07475409836065572, ""NumSatisfactoryTrades"": 0.18481012658227852, ""NumTotalTrades"": -0.04586538461538461, ""NumTradesOpeninLast12M"": -0.006842105263157899, ""PercentInstallTrades"": 0.020000000000000018, ""MSinceMostRecentInqexcl7days"": 0.19999999999999996, ""NetFractionRevolvingBurden"": -0.05165491315431195, ""InstallBurdenPerTrade"": -0.012857142857142845}",0.4156370460987091,True
monotone_xgboost,422,True,feasible,very_high_risk,gurobi:Optimal,gurobi,0.6346431374549866,0.21858341991901398,0.7158653358723179,4,"{""ExternalRiskEstimate"": 0.07475409836065572, ""NumSatisfactoryTrades"": 0.18481012658227852, ""MSinceMostRecentInqexcl7days"": 0.2, ""NetFractionRevolvingBurden"": -0.16993421116319093}",0.21858341991901398,True
monotone_xgboost,423,True,feasible,very_high_risk,gurobi:Optimal,gurobi,0.6612040400505066,0.1493167281150818,0.5529772276464084,4,"{""ExternalRiskEstimate"": 0.07475409836065572, ""NumSatisfactoryTrades"": 0.1848101265822785, ""MSinceMostRecentInqexcl7days"": 0.2, ""NetFractionRevolvingBurden"": -0.04941614622296017}",0.1493167281150818,True
monotone_xgboost,424,False,infeasible,very_high_risk,gurobi:Infeasible|refined_9,gurobi,0.9242801666259766,0.8754417300224304,0.06406151214986003,7,"{""NumTotalTrades"": 0.016153846153846158, ""NumTradesOpeninLast12M"": -0.006842105263157899, ""PercentInstallTrades"": 0.019000000000000017, ""NumRevolvingTradesWBalance"": -0.0031250000000000028, ""NumInstallTradesWBalance"": -0.008333333333333331, ""NumBank2NatlTradesWHighUtilization"": -0.002777777777777775, ""InstallBurdenPerTrade"": -0.012857142857142845}",0.8754417300224304,False
monotone_xgboost,425,False,near_feasible,very_high_risk,gurobi:Optimal|refined_11,gurobi,0.6441830396652222,0.4337628483772278,0.6850217524044666,10,"{""ExternalRiskEstimate"": 0.07475409836065572, ""NumSatisfactoryTrades"": 0.18481012658227852, ""NumTradesOpeninLast12M"": -0.005263157894736845, ""PercentInstallTrades"": -0.06000000000000005, ""MSinceMostRecentInqexcl7days"": 0.19999999999999996, ""NetFractionRevolvingBurden"": -0.08244350517298041, ""NumRevolvingTradesWBalance"": -0.008437499999999987, ""NumInstallTradesWBalance"": -0.002777777777777775, ""NumBank2NatlTradesWHighUtilization"": -0.008333333333333331, ""InstallBurdenPerTrade"": -0.01976190476190476}",0.4337628483772278,False
monotone_xgboost,428,True,feasible,very_high_risk,gurobi:Optimal,gurobi,0.8430065512657166,0.27047988772392273,0.5426991774370774,4,"{""ExternalRiskEstimate"": 0.07475409836065572, ""NumSatisfactoryTrades"": 0.1848101265822785, ""MSinceMostRecentInqexcl7days"": 0.2, ""NumInqLast6M"": -0.011302225695149323}",0.27047988772392273,True
monotone_xgboost,436,True,feasible,near_threshold,gurobi:Optimal,gurobi,0.37502822279930115,0.37502822279930115,0.006581397862279554,1,"{""NumSatisfactoryTrades"": 0.008346050571932273}",0.37502822279930115,True
monotone_xgboost,438,True,feasible,very_high_risk,gurobi:Optimal|refined_12,gurobi,0.8210663199424744,0.4172655940055847,1.1064129485588947,11,"{""ExternalRiskEstimate"": 0.07475409836065572, ""MSinceMostRecentTradeOpen"": -0.01566579634464752, ""NumSatisfactoryTrades"": 0.18481012658227847, ""NumTotalTrades"": -0.08076923076923079, ""PercentInstallTrades"": -0.020000000000000018, ""MSinceMostRecentInqexcl7days"": 0.2, ""NumInqLast6M"": -0.02884010513769044, ""NetFractionRevolvingBurden"": -0.19762931034482759, ""NetFractionInstallBurden"": -0.01862244897959181, ""NumBank2NatlTradesWHighUtilization"": -0.008333333333333331, ""InstallBurdenPerTrade"": -0.05142857142857138}",0.4172655940055847,True
monotone_xgboost,440,True,feasible,very_high_risk,gurobi:Optimal|refined_5,gurobi,0.8214118480682373,0.4161568284034729,0.7407795255231638,8,"{""ExternalRiskEstimate"": 0.07475409836065572, ""NumSatisfactoryTrades"": 0.18481012658227847, ""NumTradesOpeninLast12M"": -0.005263157894736845, ""PercentInstallTrades"": -0.020000000000000018, ""MSinceMostRecentInqexcl7days"": 0.2, ""NetFractionRevolvingBurden"": -0.14834172594007833, ""NumRevolvingTradesWBalance"": -0.008437499999999987, ""InstallBurdenPerTrade"": -0.027142857142857135}",0.4161568284034729,True
monotone_xgboost,444,False,infeasible,very_high_risk,gurobi:Infeasible|refined_10,gurobi,0.953182578086853,0.9259376525878906,0.06325861466564026,7,"{""NumTradesOpeninLast12M"": -0.006842105263157899, ""PercentInstallTrades"": 0.01999999999999999, ""NumRevolvingTradesWBalance"": -0.008437499999999987, ""NumInstallTradesWBalance"": -0.002777777777777775, ""NumBank2NatlTradesWHighUtilization"": -0.008333333333333304, ""PercentTradesWBalance"": -0.015000000000000013, ""RevolvingBurdenPerTrade"": -0.00556034482758621}",0.9259376525878906,False
monotone_xgboost,445,True,feasible,very_high_risk,gurobi:Optimal,gurobi,0.8011273145675659,0.13231515884399414,1.2588843635034586,7,"{""ExternalRiskEstimate"": 0.07475409836065572, ""NumSatisfactoryTrades"": 0.18481012658227852, ""PercentTradesNeverDelq"": 0.18305419256681865, ""MSinceMostRecentDelq"": 0.19518072289156627, ""MSinceMostRecentInqexcl7days"": 0.2, ""NetFractionRevolvingBurden"": -0.1896551724137931, ""NumRevolvingTradesWBalance"": -0.16875}",0.13231515884399414,True
monotone_xgboost,446,True,feasible,near_threshold,gurobi:Optimal,gurobi,0.40008699893951416,0.40008699893951416,0.0,0,{},0.40008699893951416,True
monotone_xgboost,450,False,infeasible,very_high_risk,gurobi:Optimal|refined_15,gurobi,0.8526605367660522,0.571269154548645,1.5649608062554607,15,"{""ExternalRiskEstimate"": 0.07475409836065572, ""NumSatisfactoryTrades"": 0.18481012658227847, ""PercentTradesNeverDelq"": 0.010000000000000009, ""MSinceMostRecentDelq"": 0.1951807228915663, ""NumTotalTrades"": -0.01615384615384613, ""NumTradesOpeninLast12M"": -0.005263157894736845, ""PercentInstallTrades"": -0.2, ""MSinceMostRecentInqexcl7days"": 0.2, ""NumInqLast6M"": -0.015151515151515152, ""NetFractionRevolvingBurden"": -0.19762931034482759, ""NumRevolvingTradesWBalance"": -0.16875, ""NumInstallTradesWBalance"": -0.002777777777777775, ""NumBank2NatlTradesWHighUtilization"": -0.10251626905768645, ""PercentTradesWBalance"": -0.015000000000000013, ""InstallBurdenPerTrade"": -0.10285714285714284}",0.571269154548645,False
monotone_xgboost,451,True,feasible,very_high_risk,gurobi:Optimal,gurobi,0.9124120473861694,0.287742555141449,1.571160801314298,10,"{""ExternalRiskEstimate"": 0.07475409836065572, ""NumSatisfactoryTrades"": 0.18481012658227847, ""MSinceMostRecentDelq"": 0.19518072289156632, ""PercentInstallTrades"": -0.2, ""MSinceMostRecentInqexcl7days"": 0.2, ""NumInqLast6M"": -0.015151515151515152, ""NetFractionRevolvingBurden"": -0.19762931034482759, ""NetFractionInstallBurden"": -0.0372050464667571, ""NumRevolvingTradesWBalance"": -0.16875, ""NumBank2NatlTradesWHighUtilization"": -0.16666666666666666}",0.287742555141449,True
monotone_xgboost,452,True,feasible,near_threshold,gurobi:Optimal,gurobi,0.3844495713710785,0.30069106817245483,0.2734437103149282,2,"{""NumSatisfactoryTrades"": 0.18481012658227847, ""MSinceMostRecentInqexcl7days"": 0.19922361790057855}",0.30069106817245483,True
monotone_xgboost,454,True,feasible,very_high_risk,gurobi:Optimal,gurobi,0.8439357876777649,0.3948156237602234,1.0593148081674637,7,"{""ExternalRiskEstimate"": 0.07475409836065572, ""NumSatisfactoryTrades"": 0.18481012658227847, ""MSinceMostRecentDelq"": 0.11522075827920181, ""MSinceMostRecentInqexcl7days"": 0.2, ""NumInqLast6M"": -0.015151515151515152, ""NetFractionRevolvingBurden"": -0.19762931034482759, ""NumRevolvingTradesWBalance"": -0.125}",0.3948156237602234,True
monotone_xgboost,456,True,feasible,high_risk,gurobi:Optimal,gurobi,0.5439930558204651,0.2790735960006714,0.22034328349284377,2,"{""NumSatisfactoryTrades"": 0.18481012658227847, ""MSinceMostRecentInqexcl7days"": 0.11638798171425635}",0.2790735960006714,True
monotone_xgboost,457,True,feasible,near_threshold,gurobi:Optimal,gurobi,0.29658564925193787,0.29658564925193787,0.0,0,{},0.29658564925193787,True
monotone_xgboost,460,True,feasible,very_high_risk,gurobi:Optimal|refined_1,gurobi,0.8751940727233887,0.4008580148220062,2.315394288259373,14,"{""ExternalRiskEstimate"": 0.07475409836065572, ""MSinceMostRecentTradeOpen"": -0.04177545691906005, ""NumSatisfactoryTrades"": 0.1848101265822785, ""PercentTradesNeverDelq"": 0.19999999999999996, ""MSinceMostRecentDelq"": 0.1951807228915663, ""NumTotalTrades"": -0.0718875555997607, ""PercentInstallTrades"": -0.2, ""MSinceMostRecentInqexcl7days"": 0.2, ""NumInqLast6M"": -0.030303030303030304, ""NetFractionRevolvingBurden"": -0.19762931034482759, ""NetFractionInstallBurden"": -0.3010204081632653, ""NumRevolvingTradesWBalance"": -0.0625, ""NumBank2NatlTradesWHighUtilization"": -0.05555555555555555, ""InstallBurdenPerTrade"": -0.21071428571428572}",0.4008580148220062,True
monotone_xgboost,462,False,infeasible,very_high_risk,gurobi:Optimal|refined_8,gurobi,0.8431316018104553,0.5627153515815735,1.7937621208067849,13,"{""ExternalRiskEstimate"": 0.07475409836065572, ""MSinceMostRecentTradeOpen"": -0.028720626631853787, ""NumSatisfactoryTrades"": 0.18481012658227847, ""MSinceMostRecentDelq"": 0.1951807228915663, ""NumTotalTrades"": -0.032307692307692315, ""PercentInstallTrades"": -0.2, ""MSinceMostRecentInqexcl7days"": 0.2, ""NumInqLast6M"": -0.030303030303030304, ""NetFractionRevolvingBurden"": -0.19762931034482759, ""NetFractionInstallBurden"": -0.20388136642101273, ""NumRevolvingTradesWBalance"": -0.15625, ""NumBank2NatlTradesWHighUtilization"": -0.002777777777777775, ""InstallBurdenPerTrade"": -0.03485714285714281}",0.5627153515815735,False
monotone_xgboost,463,True,feasible,moderate_risk,gurobi:Optimal|refined_3,gurobi,0.5180442929267883,0.40041425824165344,0.3726782451486067,5,"{""ExternalRiskEstimate"": 0.0688660761073045, ""NumSatisfactoryTrades"": 0.18481012658227847, ""NumTotalTrades"": -0.01615384615384613, ""NetFractionRevolvingBurden"": -0.009881465517241395, ""NumBank2NatlTradesWHighUtilization"": -0.002777777777777775}",0.40041425824165344,True
monotone_xgboost,465,True,feasible,very_high_risk,gurobi:Optimal,gurobi,0.8764969706535339,0.30919235944747925,1.4754830207817027,9,"{""ExternalRiskEstimate"": 0.07475409836065572, ""NumSatisfactoryTrades"": 0.18481012658227847, ""MSinceMostRecentDelq"": 0.19518072289156632, ""PercentInstallTrades"": -0.2, ""MSinceMostRecentInqexcl7days"": 0.2, ""NumInqLast6M"": -0.030303030303030304, ""NetFractionRevolvingBurden"": -0.19762931034482759, ""NumRevolvingTradesWBalance"": -0.15625, ""NumBank2NatlTradesWHighUtilization"": -0.09197553597685908}",0.30919235944747925,True
monotone_xgboost,466,True,feasible,near_threshold,gurobi:Optimal,gurobi,0.4299130439758301,0.3460143804550171,0.44810525774333554,3,"{""ExternalRiskEstimate"": 0.06134119078952249, ""NumSatisfactoryTrades"": 0.18481012658227852, ""MSinceMostRecentInqexcl7days"": 0.19999999999999996}",0.3460143804550171,True
monotone_xgboost,467,False,infeasible,very_high_risk,gurobi:Optimal|refined_6,gurobi,0.7333084940910339,0.48988956212997437,0.4725075996419682,8,"{""ExternalRiskEstimate"": 0.04752281605499298, ""NumSatisfactoryTrades"": 0.18481012658227852, ""NumTradesOpeninLast12M"": -0.005263157894736845, ""PercentInstallTrades"": 0.01999999999999999, ""MSinceMostRecentInqexcl7days"": 0.2, ""NetFractionInstallBurden"": -0.022704081632653084, ""NumInstallTradesWBalance"": -0.00555555555555555, ""NumBank2NatlTradesWHighUtilization"": -0.002777777777777775}",0.48988956212997437,False
monotone_xgboost,468,True,feasible,very_high_risk,gurobi:Optimal,gurobi,0.8791311383247375,0.2691819965839386,1.4988157379021654,9,"{""ExternalRiskEstimate"": 0.07475409836065572, ""NumSatisfactoryTrades"": 0.18481012658227852, ""MSinceMostRecentDelq"": 0.1951807228915663, ""PercentInstallTrades"": -0.2, ""MSinceMostRecentInqexcl7days"": 0.2, ""NumInqLast6M"": -0.030303030303030304, ""NetFractionRevolvingBurden"": -0.19762931034482759, ""NetFractionInstallBurden"": -0.1759591095765935, ""NumRevolvingTradesWBalance"": -0.0625}",0.2691819965839386,True
monotone_xgboost,469,True,feasible,very_high_risk,gurobi:Optimal|refined_2,gurobi,0.9114561676979065,0.40784043073654175,1.2354491344216882,8,"{""ExternalRiskEstimate"": 0.07475409836065572, ""NumSatisfactoryTrades"": 0.1848101265822785, ""MSinceMostRecentDelq"": 0.07891238021575814, ""MSinceMostRecentInqexcl7days"": 0.2, ""NumInqLast6M"": -0.06060606060606061, ""NetFractionRevolvingBurden"": -0.1336206896551724, ""NumRevolvingTradesWBalance"": -0.16875, ""NumBank2NatlTradesWHighUtilization"": -0.002777777777777775}",0.40784043073654175,True
monotone_xgboost,471,False,infeasible,very_high_risk,gurobi:Infeasible|refined_8,gurobi,0.8380849957466125,0.813515305519104,0.07687728149048063,4,"{""NumTotalTrades"": -0.01096153846153846, ""PercentInstallTrades"": 0.06000000000000005, ""NetFractionRevolvingBurden"": -0.009267241379310343, ""RevolvingBurdenPerTrade"": -0.011293103448275887}",0.813515305519104,False
monotone_xgboost,472,True,feasible,very_high_risk,gurobi:Optimal|refined_4,gurobi,0.8572107553482056,0.40965455770492554,0.6852161683412508,8,"{""ExternalRiskEstimate"": 0.07475409836065572, ""NumSatisfactoryTrades"": 0.18481012658227852, ""NumTotalTrades"": -0.011923076923076925, ""NumTradesOpeninLast12M"": -0.005263157894736845, ""PercentInstallTrades"": 0.012000000000000004, ""MSinceMostRecentInqexcl7days"": 0.2, ""NumInqLast6M"": -0.032767364237905064, ""NumRevolvingTradesWBalance"": -0.008437499999999987}",0.40965455770492554,True
monotone_xgboost,474,False,infeasible,very_high_risk,gurobi:Optimal|refined_13,gurobi,0.8138093948364258,0.4848494231700897,0.7626798665041146,12,"{""ExternalRiskEstimate"": 0.07475409836065572, ""NumSatisfactoryTrades"": 0.1848101265822785, ""PercentTradesNeverDelq"": 0.010000000000000009, ""NumTotalTrades"": -0.016153846153846158, ""PercentInstallTrades"": -0.019500000000000017, ""MSinceMostRecentInqexcl7days"": 0.2, ""NetFractionRevolvingBurden"": -0.1026378941532792, ""NetFractionInstallBurden"": -0.01862244897959181, ""NumRevolvingTradesWBalance"": -0.008437499999999987, ""NumBank2NatlTradesWHighUtilization"": -0.00555555555555555, ""PercentTradesWBalance"": -0.015000000000000013, ""InstallBurdenPerTrade"": -0.05142857142857138}",0.4848494231700897,False
monotone_xgboost,475,False,infeasible,very_high_risk,gurobi:Infeasible|refined_12,gurobi,0.9513662457466125,0.9237104654312134,0.1371700108455364,4,"{""NumTotalTrades"": -0.027692307692307683, ""NetFractionInstallBurden"": -0.01862244897959181, ""NumBank2NatlTradesWHighUtilization"": -0.002777777777777775, ""InstallBurdenPerTrade"": -0.08999999999999991}",0.9237104654312134,False
monotone_xgboost,477,True,feasible,very_high_risk,gurobi:Optimal,gurobi,0.7276418209075928,0.3491452634334564,1.2416623608072375,8,"{""ExternalRiskEstimate"": 0.07475409836065572, ""NumSatisfactoryTrades"": 0.1848101265822785, ""MSinceMostRecentDelq"": 0.19518072289156635, ""PercentInstallTrades"": -0.14496469390722777, ""MSinceMostRecentInqexcl7days"": 0.2, ""NumInqLast6M"": -0.015151515151515152, ""NetFractionRevolvingBurden"": -0.19762931034482759, ""NumRevolvingTradesWBalance"": -0.15625}",0.3491452634334564,True
monotone_xgboost,478,True,feasible,high_risk,gurobi:Optimal,gurobi,0.5439930558204651,0.2790735960006714,0.22034328349284377,2,"{""NumSatisfactoryTrades"": 0.18481012658227847, ""MSinceMostRecentInqexcl7days"": 0.11638798171425635}",0.2790735960006714,True
monotone_xgboost,479,True,feasible,very_high_risk,gurobi:Optimal,gurobi,0.7686828374862671,0.40063461661338806,1.1321751007421044,7,"{""ExternalRiskEstimate"": 0.07475409836065572, ""NumSatisfactoryTrades"": 0.18481012658227847, ""MSinceMostRecentDelq"": 0.14344113409306722, ""MSinceMostRecentInqexcl7days"": 0.19999999999999998, ""NumInqLast6M"": -0.015151515151515152, ""NetFractionRevolvingBurden"": -0.19762931034482759, ""NumRevolvingTradesWBalance"": -0.16875}",0.40063461661338806,True
monotone_xgboost,483,True,feasible,near_threshold,gurobi:Optimal,gurobi,0.46975964307785034,0.2690601944923401,0.5196492843742408,3,"{""NumSatisfactoryTrades"": 0.1848101265822785, ""MSinceMostRecentInqexcl7days"": 0.2, ""NetFractionRevolvingBurden"": -0.1817949720771452}",0.2690601944923401,True
monotone_xgboost,484,True,feasible,very_high_risk,gurobi:Optimal|refined_10,gurobi,0.6475042104721069,0.418484628200531,0.13414992279521207,5,"{""NumTradesOpeninLast12M"": -0.005263157894736845, ""PercentInstallTrades"": 0.07250000000000004, ""NetFractionRevolvingBurden"": -0.0010775862068965504, ""NetFractionInstallBurden"": -0.04642857142857143, ""NumRevolvingTradesWBalance"": -0.008437499999999987}",0.418484628200531,True
monotone_xgboost,485,False,infeasible,very_high_risk,gurobi:Optimal|refined_16,gurobi,0.7467450499534607,0.44389691948890686,0.9529725705892551,11,"{""ExternalRiskEstimate"": 0.07475409836065572, ""NumSatisfactoryTrades"": 0.18481012658227852, ""NumTotalTrades"": -0.0484615384615385, ""NumTradesOpeninLast12M"": -0.005263157894736845, ""PercentInstallTrades"": 0.08000000000000007, ""MSinceMostRecentInqexcl7days"": 0.2, ""NumInqLast6M"": -0.05867598575654019, ""NetFractionRevolvingBurden"": -0.03952586206896558, ""NumRevolvingTradesWBalance"": -0.004687499999999997, ""NumInstallTradesWBalance"": -0.008333333333333331, ""NumBank2NatlTradesWHighUtilization"": -0.002777777777777775}",0.44389691948890686,False
monotone_xgboost,488,True,feasible,very_high_risk,gurobi:Optimal,gurobi,0.890282928943634,0.4123726487159729,1.567488370118837,8,"{""ExternalRiskEstimate"": 0.07475409836065572, ""NumSatisfactoryTrades"": 0.18481012658227852, ""MSinceMostRecentDelq"": 0.19518072289156632, ""MSinceMostRecentInqexcl7days"": 0.2, ""NumInqLast6M"": -0.06363636363636364, ""NetFractionRevolvingBurden"": -0.19762931034482759, ""NumRevolvingTradesWBalance"": -0.16875, ""NumBank2NatlTradesWHighUtilization"": -0.11944346203249695}",0.4123726487159729,True
monotone_xgboost,489,True,feasible,high_risk,gurobi:Optimal,gurobi,0.5439930558204651,0.2790735960006714,0.22034328349284377,2,"{""NumSatisfactoryTrades"": 0.18481012658227847, ""MSinceMostRecentInqexcl7days"": 0.11638798171425635}",0.2790735960006714,True
monotone_xgboost,491,True,feasible,moderate_risk,gurobi:Optimal|refined_3,gurobi,0.5029991269111633,0.41612952947616577,0.16422604376772323,4,"{""NumSatisfactoryTrades"": 0.17004743815853618, ""NumTotalTrades"": 0.01615384615384613, ""PercentInstallTrades"": -0.019000000000000017, ""NumBank2NatlTradesWHighUtilization"": -0.002777777777777775}",0.41612952947616577,True
monotone_xgboost,492,True,feasible,very_high_risk,gurobi:Optimal,gurobi,0.9113942980766296,0.32457777857780457,1.5832067832690284,11,"{""ExternalRiskEstimate"": 0.07475409836065572, ""MSinceMostRecentTradeOpen"": -0.033942558746736295, ""NumSatisfactoryTrades"": 0.18481012658227852, ""PercentTradesNeverDelq"": 0.18999999999999995, ""MSinceMostRecentDelq"": 0.1951807228915663, ""PercentInstallTrades"": -0.2, ""MSinceMostRecentInqexcl7days"": 0.2, ""NumInqLast6M"": -0.015151515151515152, ""NetFractionRevolvingBurden"": -0.19762931034482759, ""NumRevolvingTradesWBalance"": -0.16875, ""NumBank2NatlTradesWHighUtilization"": -0.01419921778526037}",0.32457777857780457,True
monotone_xgboost,493,True,feasible,very_high_risk,gurobi:Optimal,gurobi,0.6948553919792175,0.40225791931152344,0.4037970471459128,3,"{""ExternalRiskEstimate"": 0.04573566623688108, ""NumSatisfactoryTrades"": 0.18481012658227847, ""MSinceMostRecentInqexcl7days"": 0.2}",0.40225791931152344,True
monotone_xgboost,494,True,feasible,high_risk,gurobi:Optimal,gurobi,0.6090546250343323,0.40369975566864014,0.2207097693507654,2,"{""NumSatisfactoryTrades"": 0.18481012658227852, ""MSinceMostRecentInqexcl7days"": 0.11695969254618503}",0.40369975566864014,True
monotone_xgboost,495,True,feasible,very_high_risk,gurobi:Optimal|refined_1,gurobi,0.6938275098800659,0.4063762128353119,0.7189873990118243,5,"{""ExternalRiskEstimate"": 0.07475409836065572, ""NumSatisfactoryTrades"": 0.18481012658227852, ""PercentInstallTrades"": -0.020000000000000018, ""MSinceMostRecentInqexcl7days"": 0.2, ""NetFractionRevolvingBurden"": -0.16284098092217275}",0.4063762128353119,True
monotone_xgboost,496,True,feasible,near_threshold,gurobi:Optimal,gurobi,0.4649403989315033,0.25992679595947266,0.38876261259845685,3,"{""ExternalRiskEstimate"": 0.040440479762366754, ""NumSatisfactoryTrades"": 0.1848101265822785, ""MSinceMostRecentInqexcl7days"": 0.2}",0.25992679595947266,True
monotone_xgboost,497,False,infeasible,very_high_risk,gurobi:Infeasible|refined_13,gurobi,0.9850800633430481,0.965407133102417,0.1660985152282889,6,"{""NumTotalTrades"": -0.020000000000000004, ""NumTradesOpeninLast12M"": -0.0026315789473684223, ""PercentInstallTrades"": -0.10000000000000009, ""NetFractionInstallBurden"": -0.04591836734693877, ""NumBank2NatlTradesWHighUtilization"": -0.002777777777777775, ""PercentTradesWBalance"": -0.015000000000000013}",0.965407133102417,False
monotone_xgboost,499,False,infeasible,very_high_risk,gurobi:Infeasible|refined_6,gurobi,0.9002246260643005,0.8742472529411316,0.07452156851585338,4,"{""NetFractionInstallBurden"": -0.03724489795918362, ""NumInstallTradesWBalance"": -0.002777777777777775, ""NumBank2NatlTradesWHighUtilization"": -0.002777777777777775, ""InstallBurdenPerTrade"": -0.012857142857142845}",0.8742472529411316,False
monotone_xgboost,500,False,infeasible,very_high_risk,gurobi:Infeasible|refined_7,gurobi,0.9960850477218628,0.992672324180603,0.1024552419852411,4,"{""NetFractionInstallBurden"": -0.05586734693877543, ""NumInstallTradesWBalance"": -0.002777777777777775, ""NumBank2NatlTradesWHighUtilization"": -0.002777777777777775, ""InstallBurdenPerTrade"": -0.012857142857142845}",0.992672324180603,False
monotone_xgboost,501,False,infeasible,very_high_risk,gurobi:Infeasible|refined_8,gurobi,0.9179703593254089,0.8616967797279358,0.11077312797028635,5,"{""NumTotalTrades"": 0.010961538461538467, ""NetFractionInstallBurden"": -0.0566326530612245, ""NumInstallTradesWBalance"": -0.002777777777777775, ""NumBank2NatlTradesWHighUtilization"": -0.002777777777777775, ""PercentTradesWBalance"": -0.015000000000000013}",0.8616967797279358,False
monotone_xgboost,502,True,feasible,near_threshold,gurobi:Optimal,gurobi,0.41946277022361755,0.41195327043533325,0.10338274667342179,1,"{""NumSatisfactoryTrades"": 0.13110248765644233}",0.41195327043533325,True
monotone_xgboost,504,True,feasible,very_high_risk,gurobi:Optimal,gurobi,0.69626384973526,0.35813501477241516,0.3786159842931101,3,"{""ExternalRiskEstimate"": 0.036866797706363696, ""NumSatisfactoryTrades"": 0.18481012658227847, ""MSinceMostRecentInqexcl7days"": 0.2}",0.35813501477241516,True
monotone_xgboost,506,False,infeasible,very_high_risk,gurobi:Infeasible|refined_8,gurobi,0.9878054857254028,0.9844628572463989,0.06500278396320136,7,"{""NumTotalTrades"": 0.016153846153846158, ""NumTradesOpeninLast12M"": -0.0026315789473684223, ""NetFractionRevolvingBurden"": -0.009881465517241395, ""NumRevolvingTradesWBalance"": -0.008437499999999987, ""NumInstallTradesWBalance"": -0.002777777777777775, ""NumBank2NatlTradesWHighUtilization"": -0.008333333333333331, ""PercentTradesWBalance"": -0.015000000000000013}",0.9844628572463989,False
monotone_xgboost,508,True,feasible,very_high_risk,gurobi:Optimal,gurobi,0.9367560148239136,0.3078728914260864,1.9798409142483915,9,"{""ExternalRiskEstimate"": 0.07475409836065572, ""NumSatisfactoryTrades"": 0.18481012658227847, ""MSinceMostRecentDelq"": 0.1951807228915663, ""PercentInstallTrades"": -0.2, ""MSinceMostRecentInqexcl7days"": 0.2, ""NumInqLast6M"": -0.06060606060606061, ""NetFractionRevolvingBurden"": -0.1896551724137931, ""NetFractionInstallBurden"": -0.3505885594610201, ""NumRevolvingTradesWBalance"": -0.125}",0.3078728914260864,True
monotone_xgboost,509,True,feasible,near_threshold,gurobi:Optimal,gurobi,0.2947677671909332,0.2947677671909332,0.0,0,{},0.2947677671909332,True
monotone_xgboost,510,True,feasible,very_high_risk,gurobi:Optimal,gurobi,0.8540016412734985,0.20658917725086212,1.9496266949534111,12,"{""ExternalRiskEstimate"": 0.07475409836065572, ""MSinceMostRecentTradeOpen"": -0.02349869451697128, ""NumSatisfactoryTrades"": 0.18481012658227847, ""PercentTradesNeverDelq"": 0.16999999999999993, ""MSinceMostRecentDelq"": 0.19518072289156627, ""PercentInstallTrades"": -0.2, ""MSinceMostRecentInqexcl7days"": 0.2, ""NumInqLast6M"": -0.015151515151515152, ""NetFractionRevolvingBurden"": -0.06034482758620689, ""NetFractionInstallBurden"": -0.39817379968842664, ""NumRevolvingTradesWBalance"": -0.125, ""NumBank2NatlTradesWHighUtilization"": -0.05555555555555555}",0.20658917725086212,True
monotone_xgboost,511,True,feasible,moderate_risk,gurobi:Optimal|refined_3,gurobi,0.5083428025245667,0.40459904074668884,0.2712633982569553,5,"{""NumSatisfactoryTrades"": 0.18481012658227852, ""NumTotalTrades"": -0.01615384615384613, ""NumTradesOpeninLast12M"": -0.006842105263157872, ""MSinceMostRecentInqexcl7days"": 0.14929716085856293, ""InstallBurdenPerTrade"": -0.0079591836734694}",0.40459904074668884,True
monotone_xgboost,512,True,feasible,very_high_risk,gurobi:Optimal|refined_1,gurobi,0.7446081042289734,0.385556161403656,0.6298537534288997,5,"{""ExternalRiskEstimate"": 0.07475409836065572, ""NumSatisfactoryTrades"": 0.1848101265822785, ""NumTotalTrades"": -0.015288461538461529, ""MSinceMostRecentInqexcl7days"": 0.2, ""NetFractionRevolvingBurden"": -0.09625308311439687}",0.385556161403656,True
monotone_xgboost,513,True,feasible,very_high_risk,gurobi:Optimal,gurobi,0.8214282989501953,0.4132632613182068,1.4688582202413294,9,"{""ExternalRiskEstimate"": 0.07475409836065572, ""MSinceMostRecentTradeOpen"": -0.0783289817232376, ""NumSatisfactoryTrades"": 0.18481012658227852, ""MSinceMostRecentDelq"": 0.1951807228915663, ""PercentInstallTrades"": -0.18, ""MSinceMostRecentInqexcl7days"": 0.2, ""NetFractionRevolvingBurden"": -0.19762931034482759, ""NumRevolvingTradesWBalance"": -0.15625, ""NumBank2NatlTradesWHighUtilization"": -0.06341461046426619}",0.4132632613182068,True
monotone_xgboost,514,True,feasible,near_threshold,gurobi:Optimal,gurobi,0.2827923893928528,0.2827923893928528,0.0,0,{},0.2827923893928528,True
monotone_xgboost,515,True,feasible,very_high_risk,gurobi:Optimal,gurobi,0.637535035610199,0.2240002304315567,0.4680205202305931,3,"{""ExternalRiskEstimate"": 0.06835542389726335, ""NumSatisfactoryTrades"": 0.1848101265822785, ""MSinceMostRecentInqexcl7days"": 0.2}",0.2240002304315567,True
monotone_xgboost,516,False,infeasible,very_high_risk,gurobi:Optimal|refined_3,gurobi,0.9435235857963562,0.4557248651981354,1.8008073492412584,11,"{""ExternalRiskEstimate"": 0.07475409836065572, ""NumSatisfactoryTrades"": 0.1848101265822785, ""PercentTradesNeverDelq"": 0.19999999999999996, ""MSinceMostRecentDelq"": 0.19518072289156627, ""PercentInstallTrades"": -0.2, ""MSinceMostRecentInqexcl7days"": 0.2, ""NumInqLast6M"": -0.015151515151515152, ""NetFractionRevolvingBurden"": -0.19762931034482759, ""NetFractionInstallBurden"": -0.3440334938687418, ""NumInstallTradesWBalance"": -0.002777777777777775, ""NumBank2NatlTradesWHighUtilization"": -0.002777777777777775}",0.4557248651981354,False
monotone_xgboost,517,False,infeasible,very_high_risk,gurobi:Optimal|refined_5,gurobi,0.7406471967697144,0.440752238035202,0.6990039131734413,8,"{""ExternalRiskEstimate"": 0.07475409836065572, ""NumSatisfactoryTrades"": 0.18481012658227852, ""PercentInstallTrades"": -0.019500000000000017, ""MSinceMostRecentInqexcl7days"": 0.2, ""NetFractionRevolvingBurden"": -0.12721986132467825, ""NumRevolvingTradesWBalance"": -0.008437499999999987, ""NumInstallTradesWBalance"": -0.00555555555555555, ""NumBank2NatlTradesWHighUtilization"": -0.008333333333333331}",0.440752238035202,False
monotone_xgboost,520,True,feasible,high_risk,gurobi:Optimal,gurobi,0.5439930558204651,0.2790735960006714,0.22034328349284377,2,"{""NumSatisfactoryTrades"": 0.18481012658227847, ""MSinceMostRecentInqexcl7days"": 0.11638798171425635}",0.2790735960006714,True
monotone_xgboost,521,True,feasible,very_high_risk,gurobi:Optimal,gurobi,0.8037112951278687,0.2636210322380066,1.5320458808987831,10,"{""ExternalRiskEstimate"": 0.07475409836065572, ""MSinceMostRecentTradeOpen"": -0.013054830287206266, ""NumSatisfactoryTrades"": 0.1848101265822785, ""PercentTradesNeverDelq"": 0.19999999999999996, ""MSinceMostRecentDelq"": 0.19518072289156627, ""PercentInstallTrades"": -0.18, ""MSinceMostRecentInqexcl7days"": 0.2, ""NetFractionRevolvingBurden"": -0.19762931034482759, ""NetFractionInstallBurden"": -0.10234919529253683, ""NumRevolvingTradesWBalance"": -0.125}",0.2636210322380066,True
monotone_xgboost,522,False,near_feasible,very_high_risk,gurobi:Optimal|refined_7,gurobi,0.9405876994132996,0.4259887933731079,2.2527431232946142,13,"{""ExternalRiskEstimate"": 0.07475409836065572, ""NumSatisfactoryTrades"": 0.1848101265822785, ""PercentTradesNeverDelq"": 0.19999999999999996, ""MSinceMostRecentDelq"": 0.1951807228915663, ""NumTotalTrades"": -0.041538461538461524, ""PercentInstallTrades"": -0.2, ""MSinceMostRecentInqexcl7days"": 0.2, ""NumInqLast6M"": -0.045454545454545456, ""NetFractionRevolvingBurden"": -0.19762931034482759, ""NetFractionInstallBurden"": -0.27980525989887084, ""NumRevolvingTradesWBalance"": -0.16875, ""NumInstallTradesWBalance"": -0.00555555555555555, ""NumBank2NatlTradesWHighUtilization"": -0.1111111111111111}",0.4259887933731079,False
monotone_xgboost,524,True,feasible,very_high_risk,gurobi:Optimal,gurobi,0.7435638904571533,0.3408252000808716,0.4007659341263927,3,"{""ExternalRiskEstimate"": 0.04466809641155611, ""NumSatisfactoryTrades"": 0.18481012658227847, ""MSinceMostRecentInqexcl7days"": 0.2}",0.3408252000808716,True
monotone_xgboost,525,True,feasible,high_risk,gurobi:Optimal,gurobi,0.5439930558204651,0.2790735960006714,0.22034328349284377,2,"{""NumSatisfactoryTrades"": 0.18481012658227847, ""MSinceMostRecentInqexcl7days"": 0.11638798171425635}",0.2790735960006714,True
monotone_xgboost,526,True,feasible,high_risk,gurobi:Optimal,gurobi,0.5474743843078613,0.2648050785064697,0.3608103635131816,3,"{""ExternalRiskEstimate"": 0.030595588634509174, ""NumSatisfactoryTrades"": 0.18481012658227852, ""MSinceMostRecentInqexcl7days"": 0.2}",0.2648050785064697,True
monotone_xgboost,528,True,feasible,moderate_risk,gurobi:Optimal|refined_1,gurobi,0.4878667891025543,0.391317218542099,0.053771087355109805,1,"{""NumSatisfactoryTrades"": 0.06818858603665917}",0.391317218542099,True
monotone_xgboost,529,True,feasible,high_risk,gurobi:Optimal,gurobi,0.5624762773513794,0.19603383541107178,0.39417564164888774,3,"{""ExternalRiskEstimate"": 0.04234696970207952, ""NumSatisfactoryTrades"": 0.18481012658227847, ""MSinceMostRecentInqexcl7days"": 0.2}",0.19603383541107178,True
monotone_xgboost,531,False,infeasible,very_high_risk,gurobi:Infeasible|refined_12,gurobi,0.8265078663825989,0.6974043250083923,0.1245182274312437,5,"{""NumTotalTrades"": -0.04442307692307694, ""NetFractionRevolvingBurden"": -0.04940732758620697, ""NumRevolvingTradesWBalance"": -0.0062500000000000056, ""NumInstallTradesWBalance"": -0.00555555555555555, ""NumBank2NatlTradesWHighUtilization"": -0.002777777777777775}",0.6974043250083923,False
monotone_xgboost,532,True,feasible,very_high_risk,gurobi:Optimal,gurobi,0.8250382542610168,0.3085886538028717,2.2504874379430406,10,"{""ExternalRiskEstimate"": 0.07475409836065572, ""NumSatisfactoryTrades"": 0.18481012658227852, ""PercentTradesNeverDelq"": 0.20000000000000007, ""MSinceMostRecentDelq"": 0.19518072289156627, ""PercentInstallTrades"": -0.2, ""MSinceMostRecentInqexcl7days"": 0.2, ""NumInqLast6M"": -0.030303030303030304, ""NetFractionRevolvingBurden"": -0.19762931034482759, ""NetFractionInstallBurden"": -0.4674710209024076, ""NumRevolvingTradesWBalance"": -0.15625}",0.3085886538028717,True
monotone_xgboost,533,True,feasible,very_high_risk,gurobi:Optimal,gurobi,0.9392202496528625,0.30504074692726135,1.7357158914382702,9,"{""ExternalRiskEstimate"": 0.07475409836065572, ""NumSatisfactoryTrades"": 0.1848101265822785, ""MSinceMostRecentDelq"": 0.1951807228915663, ""PercentInstallTrades"": -0.2, ""MSinceMostRecentInqexcl7days"": 0.2, ""NumInqLast6M"": -0.030303030303030304, ""NetFractionRevolvingBurden"": -0.19762931034482759, ""NetFractionInstallBurden"": -0.33389254526733003, ""NumRevolvingTradesWBalance"": -0.0625}",0.30504074692726135,True
monotone_xgboost,536,True,feasible,very_high_risk,gurobi:Optimal,gurobi,0.8356137871742249,0.39911574125289917,1.2862471715597583,8,"{""ExternalRiskEstimate"": 0.07475409836065572, ""MSinceMostRecentTradeOpen"": -0.013054830287206266, ""NumSatisfactoryTrades"": 0.18481012658227847, ""MSinceMostRecentInqexcl7days"": 0.2, ""NumInqLast6M"": -0.015151515151515152, ""NetFractionRevolvingBurden"": -0.19762931034482759, ""NumRevolvingTradesWBalance"": -0.16875, ""NumBank2NatlTradesWHighUtilization"": -0.15917826465744042}",0.39911574125289917,True
monotone_xgboost,537,True,feasible,very_high_risk,gurobi:Optimal,gurobi,0.9062050580978394,0.220363050699234,1.4849244077714854,8,"{""ExternalRiskEstimate"": 0.07475409836065572, ""NumSatisfactoryTrades"": 0.18481012658227852, ""PercentTradesNeverDelq"": 0.19999999999999996, ""MSinceMostRecentDelq"": 0.1951807228915663, ""PercentInstallTrades"": -0.2, ""MSinceMostRecentInqexcl7days"": 0.2, ""NumInqLast6M"": -0.030303030303030304, ""NetFractionInstallBurden"": -0.2657407317000191}",0.220363050699234,True
monotone_xgboost,538,True,feasible,very_high_risk,gurobi:Optimal|refined_1,gurobi,0.706129252910614,0.4155728816986084,0.8195264173357852,6,"{""ExternalRiskEstimate"": 0.07475409836065572, ""NumSatisfactoryTrades"": 0.18481012658227852, ""PercentInstallTrades"": -0.020000000000000018, ""MSinceMostRecentInqexcl7days"": 0.2, ""NumInqLast6M"": -0.01070405963553605, ""NetFractionRevolvingBurden"": -0.19762931034482759}",0.4155728816986084,True
monotone_xgboost,539,True,feasible,high_risk,gurobi:Optimal,gurobi,0.5397239923477173,0.2263803780078888,0.3302896942202923,2,"{""ExternalRiskEstimate"": 0.06500099725826647, ""NumSatisfactoryTrades"": 0.1848101265822785}",0.2263803780078888,True
monotone_xgboost,544,True,feasible,very_high_risk,gurobi:Optimal,gurobi,0.8983271718025208,0.34968629479408264,1.4305011063494604,10,"{""ExternalRiskEstimate"": 0.07475409836065572, ""MSinceMostRecentTradeOpen"": -0.01566579634464752, ""NumSatisfactoryTrades"": 0.18481012658227847, ""MSinceMostRecentDelq"": 0.19518072289156632, ""PercentInstallTrades"": -0.17, ""MSinceMostRecentInqexcl7days"": 0.2, ""NetFractionRevolvingBurden"": -0.19762931034482759, ""NetFractionInstallBurden"": -0.09277772387183003, ""NumRevolvingTradesWBalance"": -0.09375, ""NumBank2NatlTradesWHighUtilization"": -0.1111111111111111}",0.34968629479408264,True
monotone_xgboost,546,True,feasible,very_high_risk,gurobi:Optimal,gurobi,0.80909663438797,0.36960649490356445,0.7683892858018795,6,"{""ExternalRiskEstimate"": 0.07475409836065572, ""MSinceMostRecentTradeOpen"": -0.012668882832741278, ""NumSatisfactoryTrades"": 0.1848101265822785, ""MSinceMostRecentInqexcl7days"": 0.2, ""NumInqLast6M"": -0.015151515151515152, ""NetFractionRevolvingBurden"": -0.12931034482758622}",0.36960649490356445,True
monotone_xgboost,547,True,feasible,very_high_risk,gurobi:Optimal,gurobi,0.8656386137008667,0.2795466482639313,1.387863788694851,9,"{""ExternalRiskEstimate"": 0.07475409836065572, ""MSinceMostRecentTradeOpen"": -0.02610966057441253, ""NumSatisfactoryTrades"": 0.18481012658227847, ""MSinceMostRecentDelq"": 0.1951807228915663, ""PercentInstallTrades"": -0.2, ""MSinceMostRecentInqexcl7days"": 0.2, ""NetFractionRevolvingBurden"": -0.19762931034482759, ""NumRevolvingTradesWBalance"": -0.125, ""NumBank2NatlTradesWHighUtilization"": -0.12021546270520597}",0.2795466482639313,True
monotone_xgboost,549,False,infeasible,very_high_risk,gurobi:Infeasible|refined_8,gurobi,0.9636380672454834,0.9331089854240417,0.04675561975028658,6,"{""NumTotalTrades"": -0.01807692307692308, ""NetFractionRevolvingBurden"": -0.006465517241379309, ""NumRevolvingTradesWBalance"": -0.004687499999999997, ""NumInstallTradesWBalance"": -0.002777777777777775, ""NumBank2NatlTradesWHighUtilization"": -0.002777777777777775, ""PercentTradesWBalance"": -0.015000000000000013}",0.9331089854240417,False
monotone_xgboost,551,False,infeasible,very_high_risk,gurobi:Infeasible|refined_8,gurobi,0.9210712909698486,0.8914070129394531,0.06961819670874847,4,"{""NetFractionRevolvingBurden"": -0.029644396551724184, ""NumRevolvingTradesWBalance"": -0.0062500000000000056, ""NumBank2NatlTradesWHighUtilization"": -0.002777777777777775, ""PercentTradesWBalance"": -0.030000000000000027}",0.8914070129394531,False
monotone_xgboost,554,True,feasible,very_high_risk,gurobi:Optimal,gurobi,0.7413039207458496,0.3369903266429901,0.4749867894743379,3,"{""ExternalRiskEstimate"": 0.07080897108993411, ""NumSatisfactoryTrades"": 0.18481012658227847, ""MSinceMostRecentInqexcl7days"": 0.2}",0.3369903266429901,True
monotone_xgboost,555,True,feasible,very_high_risk,gurobi:Optimal,gurobi,0.7058525085449219,0.2643382251262665,0.8475428877320699,5,"{""ExternalRiskEstimate"": 0.07475409836065572, ""NumSatisfactoryTrades"": 0.1848101265822785, ""MSinceMostRecentInqexcl7days"": 0.2, ""NumInqLast6M"": -0.02333496063383418, ""NetFractionRevolvingBurden"": -0.1810344827586207}",0.2643382251262665,True
monotone_xgboost,556,True,feasible,very_high_risk,gurobi:Optimal,gurobi,0.824067234992981,0.2741095721721649,1.343722107228358,9,"{""ExternalRiskEstimate"": 0.07475409836065572, ""NumSatisfactoryTrades"": 0.18481012658227847, ""PercentTradesNeverDelq"": 0.06957746140970589, ""MSinceMostRecentDelq"": 0.1951807228915663, ""PercentInstallTrades"": -0.2, ""MSinceMostRecentInqexcl7days"": 0.2, ""NetFractionRevolvingBurden"": -0.19762931034482759, ""NumRevolvingTradesWBalance"": -0.15625, ""NumBank2NatlTradesWHighUtilization"": -0.05555555555555555}",0.2741095721721649,True
monotone_xgboost,557,False,infeasible,very_high_risk,gurobi:Infeasible|refined_11,gurobi,0.9653326869010925,0.9481604695320129,0.18299216208532199,6,"{""NumTotalTrades"": -0.015769230769230758, ""NetFractionRevolvingBurden"": -0.01976293103448279, ""NetFractionInstallBurden"": -0.08265306122448979, ""NumRevolvingTradesWBalance"": -0.0062500000000000056, ""NumInstallTradesWBalance"": -0.00555555555555555, ""NumBank2NatlTradesWHighUtilization"": -0.002777777777777775}",0.9481604695320129,False
monotone_xgboost,558,True,feasible,very_high_risk,gurobi:Optimal,gurobi,0.7361239790916443,0.27482450008392334,0.6142261240217051,4,"{""ExternalRiskEstimate"": 0.07475409836065572, ""NumSatisfactoryTrades"": 0.1848101265822785, ""MSinceMostRecentInqexcl7days"": 0.2, ""NetFractionRevolvingBurden"": -0.09473313437680331}",0.27482450008392334,True
monotone_xgboost,561,True,feasible,near_threshold,gurobi:Optimal,gurobi,0.3227591812610626,0.24624159932136536,0.23162511075003622,2,"{""NumSatisfactoryTrades"": 0.18481012658227847, ""MSinceMostRecentInqexcl7days"": 0.1339874134725912}",0.24624159932136536,True
monotone_xgboost,564,False,infeasible,very_high_risk,gurobi:Optimal|refined_9,gurobi,0.7952768206596375,0.4826420843601227,0.9444426046835431,11,"{""ExternalRiskEstimate"": 0.07475409836065572, ""NumSatisfactoryTrades"": 0.18481012658227847, ""NumTotalTrades"": -0.032307692307692315, ""PercentInstallTrades"": 0.040000000000000036, ""MSinceMostRecentInqexcl7days"": 0.2, ""NumInqLast6M"": -0.02097446075649454, ""NetFractionRevolvingBurden"": -0.19762931034482759, ""NumRevolvingTradesWBalance"": -0.008437499999999987, ""NumInstallTradesWBalance"": -0.00555555555555555, ""NumBank2NatlTradesWHighUtilization"": -0.00833333333333336, ""InstallBurdenPerTrade"": -0.004107142857142851}",0.4826420843601227,False
monotone_xgboost,565,True,feasible,very_high_risk,gurobi:Optimal,gurobi,0.663872241973877,0.31205883622169495,0.8943031051983641,6,"{""ExternalRiskEstimate"": 0.07475409836065572, ""NumSatisfactoryTrades"": 0.18481012658227847, ""MSinceMostRecentDelq"": 0.19303737056551523, ""MSinceMostRecentInqexcl7days"": 0.2, ""NetFractionRevolvingBurden"": -0.09482758620689655, ""NumRevolvingTradesWBalance"": -0.125}",0.31205883622169495,True
monotone_xgboost,566,True,feasible,near_threshold,gurobi:Optimal,gurobi,0.34878242015838623,0.34878242015838623,3.372139098301611e-17,0,{},0.34878242015838623,True
monotone_xgboost,567,True,feasible,high_risk,gurobi:Optimal|refined_1,gurobi,0.6114486455917358,0.41609713435173035,0.34432939838076415,3,"{""ExternalRiskEstimate"": 0.06010748708801961, ""NumSatisfactoryTrades"": 0.18481012658227847, ""NetFractionInstallBurden"": -0.01862244897959181}",0.41609713435173035,True
monotone_xgboost,568,True,feasible,very_high_risk,gurobi:Optimal,gurobi,0.8273581862449646,0.27340176701545715,1.3560961841082675,8,"{""ExternalRiskEstimate"": 0.07475409836065572, ""MSinceMostRecentTradeOpen"": -0.018276762402088774, ""NumSatisfactoryTrades"": 0.1848101265822785, ""MSinceMostRecentDelq"": 0.1951807228915663, ""PercentInstallTrades"": -0.2, ""MSinceMostRecentInqexcl7days"": 0.2, ""NumInqLast6M"": -0.015151515151515152, ""NetFractionInstallBurden"": -0.3311581614597083}",0.27340176701545715,True
monotone_xgboost,569,True,feasible,very_high_risk,gurobi:Optimal,gurobi,0.8012354373931885,0.2640814185142517,0.7728078662325968,4,"{""ExternalRiskEstimate"": 0.07475409836065572, ""NumSatisfactoryTrades"": 0.18481012658227847, ""MSinceMostRecentInqexcl7days"": 0.2, ""NumInqLast6M"": -0.05732396345425331}",0.2640814185142517,True
monotone_xgboost,572,True,feasible,high_risk,gurobi:Optimal,gurobi,0.5439930558204651,0.2790735960006714,0.22034328349284377,2,"{""NumSatisfactoryTrades"": 0.18481012658227847, ""MSinceMostRecentInqexcl7days"": 0.11638798171425635}",0.2790735960006714,True
monotone_xgboost,575,False,infeasible,very_high_risk,gurobi:Optimal|refined_9,gurobi,0.9028528332710266,0.6357676982879639,1.5166668290417817,14,"{""ExternalRiskEstimate"": 0.07475409836065572, ""MSinceMostRecentTradeOpen"": -0.03133159268929504, ""NumSatisfactoryTrades"": 0.1848101265822785, ""MSinceMostRecentDelq"": 0.13628304480305875, ""NumTotalTrades"": 0.016153846153846158, ""PercentInstallTrades"": -0.020000000000000073, ""MSinceMostRecentInqexcl7days"": 0.2, ""NumInqLast6M"": -0.06060606060606061, ""NetFractionRevolvingBurden"": -0.19762931034482759, ""NetFractionInstallBurden"": -0.022193877551020424, ""NumRevolvingTradesWBalance"": -0.15625, ""NumBank2NatlTradesWHighUtilization"": -0.00555555555555555, ""PercentTradesWBalance"": -0.015000000000000013, ""InstallBurdenPerTrade"": -0.024857142857142855}",0.6357676982879639,False
monotone_xgboost,578,True,feasible,near_threshold,gurobi:Optimal,gurobi,0.4443921744823456,0.38062676787376404,0.052498142438851696,1,"{""NumSatisfactoryTrades"": 0.06657432978461514}",0.38062676787376404,True
monotone_xgboost,580,True,feasible,moderate_risk,gurobi:Optimal,gurobi,0.4726557433605194,0.31082192063331604,0.051301311041079704,1,"{""NumSatisfactoryTrades"": 0.065056595166392}",0.31082192063331604,True
monotone_xgboost,582,True,feasible,very_high_risk,gurobi:Optimal,gurobi,0.7894283533096313,0.17616882920265198,1.6340310371128146,11,"{""ExternalRiskEstimate"": 0.07475409836065572, ""NumSatisfactoryTrades"": 0.18481012658227847, ""PercentTradesNeverDelq"": 0.14, ""MSinceMostRecentDelq"": 0.1951807228915663, ""PercentInstallTrades"": -0.2, ""MSinceMostRecentInqexcl7days"": 0.19999999999999998, ""NumInqLast6M"": -0.015151515151515152, ""NetFractionRevolvingBurden"": -0.1896551724137931, ""NetFractionInstallBurden"": -0.05443463045855662, ""NumRevolvingTradesWBalance"": -0.15625, ""NumBank2NatlTradesWHighUtilization"": -0.1111111111111111}",0.17616882920265198,True
monotone_xgboost,583,True,feasible,very_high_risk,gurobi:Optimal,gurobi,0.6349142789840698,0.311161071062088,0.21739666791738227,2,"{""NumSatisfactoryTrades"": 0.17721518987341778, ""MSinceMostRecentInqexcl7days"": 0.12113419257755831}",0.311161071062088,True
monotone_xgboost,584,True,feasible,high_risk,gurobi:Optimal,gurobi,0.5439930558204651,0.2790735960006714,0.22034328349284377,2,"{""NumSatisfactoryTrades"": 0.18481012658227847, ""MSinceMostRecentInqexcl7days"": 0.11638798171425635}",0.2790735960006714,True
monotone_xgboost,586,True,feasible,very_high_risk,gurobi:Optimal|refined_5,gurobi,0.7069911360740662,0.41147422790527344,0.6536997188522424,8,"{""ExternalRiskEstimate"": 0.07475409836065572, ""NumSatisfactoryTrades"": 0.18481012658227852, ""NumTotalTrades"": -0.032307692307692315, ""PercentInstallTrades"": 0.020000000000000018, ""MSinceMostRecentInqexcl7days"": 0.2, ""NetFractionRevolvingBurden"": -0.0880660450053048, ""NumInstallTradesWBalance"": -0.002777777777777775, ""NumBank2NatlTradesWHighUtilization"": -0.002777777777777775}",0.41147422790527344,True
monotone_xgboost,587,True,feasible,very_high_risk,gurobi:Optimal,gurobi,0.7416065335273743,0.2768908143043518,0.8416091459656623,5,"{""ExternalRiskEstimate"": 0.07475409836065572, ""NumSatisfactoryTrades"": 0.18481012658227847, ""MSinceMostRecentInqexcl7days"": 0.2, ""NumInqLast6M"": -0.024478498333900964, ""NetFractionRevolvingBurden"": -0.1724137931034483}",0.2768908143043518,True
monotone_xgboost,593,False,near_feasible,high_risk,gurobi:Optimal|refined_10,gurobi,0.6115671992301941,0.4229043424129486,0.16514472359186333,5,"{""NumSatisfactoryTrades"": 0.0398911959699888, ""NumTotalTrades"": -0.01615384615384613, ""PercentInstallTrades"": -0.08000000000000007, ""NetFractionInstallBurden"": -0.03367346938775506, ""PercentTradesWBalance"": -0.030000000000000027}",0.4229043424129486,False
monotone_xgboost,594,True,feasible,very_high_risk,gurobi:Optimal,gurobi,0.771966814994812,0.382942259311676,0.668444583907436,4,"{""ExternalRiskEstimate"": 0.07475409836065572, ""NumSatisfactoryTrades"": 0.18481012658227852, ""MSinceMostRecentInqexcl7days"": 0.2, ""NumInqLast6M"": -0.03645130698922111}",0.382942259311676,True
monotone_xgboost,595,False,infeasible,very_high_risk,gurobi:Infeasible|refined_21,gurobi,0.9346409440040588,0.870171308517456,0.2511221940338977,5,"{""PercentInstallTrades"": 0.08000000000000007, ""NetFractionInstallBurden"": -0.03724489795918362, ""NumRevolvingTradesWBalance"": -0.0015625000000000014, ""NumBank2NatlTradesWHighUtilization"": -0.002777777777777775, ""InstallBurdenPerTrade"": -0.15428571428571417}",0.870171308517456,False
monotone_xgboost,597,False,infeasible,very_high_risk,gurobi:Optimal|refined_9,gurobi,0.8789382576942444,0.4461233913898468,1.45935283427431,11,"{""ExternalRiskEstimate"": 0.07475409836065572, ""NumSatisfactoryTrades"": 0.1848101265822785, ""MSinceMostRecentDelq"": 0.1951807228915663, ""NumTotalTrades"": -0.02865384615384614, ""NumTradesOpeninLast12M"": -0.005263157894736845, ""PercentInstallTrades"": -0.20000000000000007, ""MSinceMostRecentInqexcl7days"": 0.2, ""NetFractionRevolvingBurden"": -0.19762931034482759, ""NetFractionInstallBurden"": -0.27468255071637215, ""NumInstallTradesWBalance"": -0.00555555555555555, ""NumBank2NatlTradesWHighUtilization"": -0.002777777777777775}",0.4461233913898468,False
monotone_xgboost,598,True,feasible,very_high_risk,gurobi:Optimal|refined_1,gurobi,0.7698605060577393,0.27966561913490295,0.24359394618251648,3,"{""NumSatisfactoryTrades"": 0.18481012658227852, ""PercentInstallTrades"": 0.020000000000000018, ""MSinceMostRecentInqexcl7days"": 0.13283272222270254}",0.27966561913490295,True
monotone_xgboost,599,False,infeasible,very_high_risk,gurobi:Optimal|refined_4,gurobi,0.7685084342956543,0.44387170672416687,0.9487325254536549,8,"{""ExternalRiskEstimate"": 0.07475409836065572, ""NumSatisfactoryTrades"": 0.18481012658227852, ""NumTradesOpeninLast12M"": -0.005263157894736845, ""PercentInstallTrades"": 0.020000000000000018, ""MSinceMostRecentInqexcl7days"": 0.19999999999999996, ""NetFractionRevolvingBurden"": -0.19762931034482759, ""NumRevolvingTradesWBalance"": -0.1325875980965371, ""NumInstallTradesWBalance"": -0.008333333333333331}",0.44387170672416687,False
monotone_xgboost,601,True,feasible,high_risk,gurobi:Optimal,gurobi,0.5439930558204651,0.2790735960006714,0.22034328349284377,2,"{""NumSatisfactoryTrades"": 0.18481012658227847, ""MSinceMostRecentInqexcl7days"": 0.11638798171425635}",0.2790735960006714,True
monotone_xgboost,602,False,infeasible,very_high_risk,gurobi:Infeasible|refined_13,gurobi,0.9375833868980408,0.8552926182746887,0.270383439862134,6,"{""NumTotalTrades"": 0.02096153846153847, ""NetFractionRevolvingBurden"": -0.006465517241379309, ""NetFractionInstallBurden"": -0.14387755102040822, ""NumInstallTradesWBalance"": -0.002777777777777775, ""NumBank2NatlTradesWHighUtilization"": -0.002777777777777775, ""InstallBurdenPerTrade"": -0.02238095238095239}",0.8552926182746887,False
monotone_xgboost,603,True,feasible,very_high_risk,gurobi:Optimal,gurobi,0.6726763844490051,0.29574158787727356,0.4124047845780541,3,"{""ExternalRiskEstimate"": 0.04876734492642365, ""NumSatisfactoryTrades"": 0.18481012658227852, ""MSinceMostRecentInqexcl7days"": 0.2}",0.29574158787727356,True
monotone_xgboost,604,True,feasible,very_high_risk,gurobi:Optimal,gurobi,0.9091588854789734,0.32251179218292236,0.9448675350917278,6,"{""ExternalRiskEstimate"": 0.07475409836065572, ""NumSatisfactoryTrades"": 0.1848101265822785, ""MSinceMostRecentDelq"": 0.11054728022414909, ""MSinceMostRecentInqexcl7days"": 0.2, ""NumInqLast6M"": -0.06363636363636364, ""NetFractionRevolvingBurden"": -0.05172413793103448}",0.32251179218292236,True
monotone_xgboost,606,False,infeasible,very_high_risk,gurobi:Optimal|refined_5,gurobi,0.945633053779602,0.6033839583396912,2.720337455581396,15,"{""ExternalRiskEstimate"": 0.07475409836065572, ""MSinceMostRecentTradeOpen"": -0.02610966057441253, ""NumSatisfactoryTrades"": 0.1848101265822785, ""PercentTradesNeverDelq"": 0.19999999999999996, ""MSinceMostRecentDelq"": 0.19518072289156627, ""NumTotalTrades"": -0.013365384615384612, ""NumTradesOpeninLast12M"": -0.005263157894736845, ""PercentInstallTrades"": -0.2, ""MSinceMostRecentInqexcl7days"": 0.2, ""NumInqLast6M"": -0.06060606060606061, ""NetFractionRevolvingBurden"": -0.19762931034482759, ""NetFractionInstallBurden"": -0.44897959183673464, ""NumRevolvingTradesWBalance"": -0.15625, ""NumBank2NatlTradesWHighUtilization"": -0.1111111111111111, ""InstallBurdenPerTrade"": -0.12657982115077426}",0.6033839583396912,False
monotone_xgboost,608,True,feasible,near_threshold,gurobi:Optimal,gurobi,0.36845165491104126,0.3356711268424988,0.08389275203751184,1,"{""NumSatisfactoryTrades"": 0.10638669258040173}",0.3356711268424988,True
monotone_xgboost,609,False,infeasible,very_high_risk,gurobi:Optimal|refined_9,gurobi,0.8293814063072205,0.45693930983543396,0.9339649222181079,11,"{""ExternalRiskEstimate"": 0.07475409836065572, ""MSinceMostRecentTradeOpen"": -0.010971788148449374, ""NumSatisfactoryTrades"": 0.18481012658227847, ""NumTotalTrades"": -0.015769230769230758, ""PercentInstallTrades"": -0.019500000000000017, ""MSinceMostRecentInqexcl7days"": 0.20000000000000007, ""NetFractionRevolvingBurden"": -0.19762931034482759, ""NetFractionInstallBurden"": -0.0566326530612245, ""NumRevolvingTradesWBalance"": -0.008437499999999987, ""NumBank2NatlTradesWHighUtilization"": -0.00833333333333336, ""InstallBurdenPerTrade"": -0.022428571428571464}",0.45693930983543396,False
monotone_xgboost,610,True,feasible,very_high_risk,gurobi:Optimal,gurobi,0.702536404132843,0.2709035873413086,0.8105196466481603,5,"{""ExternalRiskEstimate"": 0.07475409836065572, ""NumSatisfactoryTrades"": 0.18481012658227852, ""MSinceMostRecentInqexcl7days"": 0.2, ""NumInqLast6M"": -0.011444511764356869, ""NetFractionRevolvingBurden"": -0.19762931034482759}",0.2709035873413086,True
monotone_xgboost,612,True,feasible,high_risk,gurobi:Optimal,gurobi,0.5439930558204651,0.2790735960006714,0.22034328349284377,2,"{""NumSatisfactoryTrades"": 0.18481012658227847, ""MSinceMostRecentInqexcl7days"": 0.11638798171425635}",0.2790735960006714,True
monotone_xgboost,615,True,feasible,very_high_risk,gurobi:Optimal,gurobi,0.6830547451972961,0.3616044223308563,0.42383204351745174,3,"{""ExternalRiskEstimate"": 0.052792070085569076, ""NumSatisfactoryTrades"": 0.18481012658227852, ""MSinceMostRecentInqexcl7days"": 0.2}",0.3616044223308563,True
monotone_xgboost,616,True,feasible,high_risk,gurobi:Optimal,gurobi,0.5439930558204651,0.2790735960006714,0.22034328349284377,2,"{""NumSatisfactoryTrades"": 0.18481012658227847, ""MSinceMostRecentInqexcl7days"": 0.11638798171425635}",0.2790735960006714,True
monotone_xgboost,618,False,infeasible,very_high_risk,gurobi:Infeasible|refined_19,gurobi,0.9006817936897278,0.792538046836853,0.2006938067714179,7,"{""NumTotalTrades"": -0.020000000000000004, ""NetFractionRevolvingBurden"": -0.006465517241379309, ""NetFractionInstallBurden"": -0.01836734693877551, ""NumInstallTradesWBalance"": -0.00555555555555555, ""NumBank2NatlTradesWHighUtilization"": -0.002777777777777775, ""PercentTradesWBalance"": -0.015000000000000013, ""InstallBurdenPerTrade"": -0.1414285714285713}",0.792538046836853,False
monotone_xgboost,619,True,feasible,very_high_risk,gurobi:Optimal,gurobi,0.71892911195755,0.2968654930591583,0.6698711618090549,4,"{""ExternalRiskEstimate"": 0.07475409836065572, ""NumSatisfactoryTrades"": 0.18481012658227852, ""MSinceMostRecentInqexcl7days"": 0.2, ""NetFractionRevolvingBurden"": -0.13590392548425828}",0.2968654930591583,True
monotone_xgboost,621,True,feasible,very_high_risk,gurobi:Optimal,gurobi,0.7875130772590637,0.16222812235355377,0.8417606749653289,5,"{""ExternalRiskEstimate"": 0.07475409836065572, ""MSinceMostRecentTradeOpen"": -0.09295039164490865, ""NumSatisfactoryTrades"": 0.1848101265822785, ""MSinceMostRecentInqexcl7days"": 0.2, ""NetFractionRevolvingBurden"": -0.09115104627480802}",0.16222812235355377,True
monotone_xgboost,623,True,feasible,near_threshold,gurobi:Optimal,gurobi,0.35224997997283936,0.33855172991752625,0.039591952130431554,1,"{""NumSatisfactoryTrades"": 0.05020763698483538}",0.33855172991752625,True
monotone_xgboost,625,False,infeasible,very_high_risk,gurobi:Optimal|refined_14,gurobi,0.8420714735984802,0.4717613756656647,0.5378420212835503,11,"{""ExternalRiskEstimate"": 0.03484368321599074, ""NumSatisfactoryTrades"": 0.18481012658227847, ""NumTotalTrades"": 0.01615384615384613, ""NumTradesOpeninLast12M"": -0.006842105263157899, ""MSinceMostRecentInqexcl7days"": 0.2, ""NetFractionRevolvingBurden"": -0.012500000000000011, ""NetFractionInstallBurden"": -0.03724489795918362, ""NumRevolvingTradesWBalance"": -0.008437499999999987, ""NumBank2NatlTradesWHighUtilization"": -0.002777777777777775, ""PercentTradesWBalance"": -0.015000000000000013, ""InstallBurdenPerTrade"": -0.05142857142857138}",0.4717613756656647,False
monotone_xgboost,627,True,feasible,very_high_risk,gurobi:Optimal,gurobi,0.7206398248672485,0.28205233812332153,0.8062636795097873,5,"{""ExternalRiskEstimate"": 0.07475409836065572, ""NumSatisfactoryTrades"": 0.18481012658227847, ""MSinceMostRecentInqexcl7days"": 0.2, ""NetFractionRevolvingBurden"": -0.15517241379310345, ""NumRevolvingTradesWBalance"": -0.08803378247962773}",0.28205233812332153,True
monotone_xgboost,629,True,feasible,very_high_risk,gurobi:Optimal|refined_3,gurobi,0.813527524471283,0.40566837787628174,1.1181386669161295,7,"{""ExternalRiskEstimate"": 0.07475409836065572, ""NumSatisfactoryTrades"": 0.18481012658227847, ""MSinceMostRecentDelq"": 0.1951807228915663, ""NumTotalTrades"": 0.032307692307692315, ""MSinceMostRecentInqexcl7days"": 0.2, ""NetFractionRevolvingBurden"": -0.19762931034482759, ""NumRevolvingTradesWBalance"": -0.16875}",0.40566837787628174,True
monotone_xgboost,630,True,feasible,very_high_risk,gurobi:Optimal,gurobi,0.8876416087150574,0.30981793999671936,2.102156420282716,10,"{""ExternalRiskEstimate"": 0.07475409836065572, ""NumSatisfactoryTrades"": 0.18481012658227847, ""PercentTradesNeverDelq"": 0.19999999999999996, ""MSinceMostRecentDelq"": 0.1951807228915663, ""PercentInstallTrades"": -0.2, ""MSinceMostRecentInqexcl7days"": 0.2, ""NumInqLast6M"": -0.015151515151515152, ""NetFractionRevolvingBurden"": -0.19762931034482759, ""NetFractionInstallBurden"": -0.40864293656708606, ""NumRevolvingTradesWBalance"": -0.16875}",0.30981793999671936,True
monotone_xgboost,632,True,feasible,high_risk,gurobi:Optimal|refined_1,gurobi,0.5828593969345093,0.3071483075618744,0.35765178637503175,4,"{""ExternalRiskEstimate"": 0.02443195111714347, ""NumSatisfactoryTrades"": 0.18481012658227847, ""NumTotalTrades"": -0.01615384615384613, ""MSinceMostRecentInqexcl7days"": 0.2}",0.3071483075618744,True
monotone_xgboost,633,True,feasible,very_high_risk,gurobi:Optimal,gurobi,0.8107620477676392,0.2966866195201874,1.0388114058035505,5,"{""ExternalRiskEstimate"": 0.07475409836065572, ""NumSatisfactoryTrades"": 0.18481012658227847, ""MSinceMostRecentInqexcl7days"": 0.2, ""NumInqLast6M"": -0.06060606060606061, ""NetFractionRevolvingBurden"": -0.18466953908149347}",0.2966866195201874,True
monotone_xgboost,635,True,feasible,very_high_risk,gurobi:Optimal,gurobi,0.7466607689857483,0.40694400668144226,0.9327722857589504,5,"{""ExternalRiskEstimate"": 0.07475409836065572, ""NumSatisfactoryTrades"": 0.18481012658227847, ""MSinceMostRecentInqexcl7days"": 0.2, ""NumInqLast6M"": -0.06060606060606061, ""NetFractionRevolvingBurden"": -0.10621304710716242}",0.40694400668144226,True
monotone_xgboost,638,True,feasible,near_threshold,gurobi:Optimal,gurobi,0.3310944437980652,0.3284691572189331,0.014113845076891392,1,"{""NumSatisfactoryTrades"": 0.017898152830309683}",0.3284691572189331,True
monotone_xgboost,639,True,feasible,very_high_risk,gurobi:Optimal|refined_1,gurobi,0.898526668548584,0.39078110456466675,0.8124414039424372,6,"{""ExternalRiskEstimate"": 0.07475409836065572, ""NumSatisfactoryTrades"": 0.1848101265822785, ""PercentInstallTrades"": 0.020000000000000018, ""MSinceMostRecentInqexcl7days"": 0.2, ""NumInqLast6M"": -0.009287056956866456, ""NetFractionRevolvingBurden"": -0.19762931034482759}",0.39078110456466675,True
monotone_xgboost,642,True,feasible,very_high_risk,gurobi:Optimal,gurobi,0.7143489122390747,0.27513644099235535,0.4689580747419212,3,"{""ExternalRiskEstimate"": 0.06868563425215457, ""NumSatisfactoryTrades"": 0.18481012658227852, ""MSinceMostRecentInqexcl7days"": 0.2}",0.27513644099235535,True
monotone_xgboost,643,False,infeasible,very_high_risk,gurobi:Infeasible|refined_11,gurobi,0.9144155979156494,0.8496953248977661,0.11731479781833414,7,"{""NumTotalTrades"": 0.016153846153846158, ""PercentInstallTrades"": 0.020000000000000018, ""NetFractionRevolvingBurden"": -0.03952586206896558, ""NetFractionInstallBurden"": -0.011479591836734693, ""NumInstallTradesWBalance"": -0.008333333333333331, ""NumBank2NatlTradesWHighUtilization"": -0.002777777777777775, ""InstallBurdenPerTrade"": -0.006428571428571422}",0.8496953248977661,False
monotone_xgboost,644,True,feasible,moderate_risk,gurobi:Optimal|refined_3,gurobi,0.500735342502594,0.41600605845451355,0.13312596511793423,4,"{""NumSatisfactoryTrades"": 0.12980274460627403, ""NumTotalTrades"": -0.016153846153846158, ""PercentInstallTrades"": -0.020000000000000018, ""NumBank2NatlTradesWHighUtilization"": -0.002777777777777775}",0.41600605845451355,True
monotone_xgboost,645,True,feasible,very_high_risk,gurobi:Optimal|refined_2,gurobi,0.9327608942985535,0.40941423177719116,1.8496744188505976,11,"{""ExternalRiskEstimate"": 0.07475409836065572, ""MSinceMostRecentTradeOpen"": -0.03133159268929504, ""NumSatisfactoryTrades"": 0.18481012658227852, ""MSinceMostRecentDelq"": 0.1951807228915663, ""NumTotalTrades"": -0.03230769230769226, ""PercentInstallTrades"": -0.2, ""MSinceMostRecentInqexcl7days"": 0.2, ""NumInqLast6M"": -0.06363636363636364, ""NetFractionRevolvingBurden"": -0.19762931034482759, ""NumRevolvingTradesWBalance"": -0.16875, ""NumBank2NatlTradesWHighUtilization"": -0.15537227691950825}",0.40941423177719116,True
monotone_xgboost,646,True,feasible,high_risk,gurobi:Optimal,gurobi,0.618096113204956,0.18213708698749542,0.33734341173587207,3,"{""ExternalRiskEstimate"": 0.022330436708970614, ""NumSatisfactoryTrades"": 0.1848101265822785, ""MSinceMostRecentInqexcl7days"": 0.2}",0.18213708698749542,True
monotone_xgboost,648,True,feasible,moderate_risk,gurobi:Optimal,gurobi,0.5196267366409302,0.3886311948299408,0.16960507830891372,2,"{""NumSatisfactoryTrades"": 0.18481012658227847, ""MSinceMostRecentInqexcl7days"": 0.03723736547824897}",0.3886311948299408,True
monotone_xgboost,650,True,feasible,very_high_risk,gurobi:Optimal,gurobi,0.6413753628730774,0.3538404107093811,0.20710163227134637,2,"{""NumSatisfactoryTrades"": 0.18481012658227847, ""MSinceMostRecentInqexcl7days"": 0.09573126257402648}",0.3538404107093811,True
monotone_xgboost,651,False,infeasible,very_high_risk,gurobi:Infeasible|refined_7,gurobi,0.9487383365631104,0.8926704525947571,0.07997618927231545,6,"{""PercentInstallTrades"": -0.020000000000000018, ""NetFractionRevolvingBurden"": -0.009881465517241395, ""NetFractionInstallBurden"": -0.021683673469387765, ""NumRevolvingTradesWBalance"": -0.008437499999999987, ""NumInstallTradesWBalance"": -0.002777777777777775, ""NumBank2NatlTradesWHighUtilization"": -0.00555555555555555}",0.8926704525947571,False
monotone_xgboost,653,True,feasible,high_risk,gurobi:Optimal,gurobi,0.5992859601974487,0.26632100343704224,0.21971191908512056,2,"{""NumSatisfactoryTrades"": 0.18481012658227847, ""MSinceMostRecentInqexcl7days"": 0.11540306548082599}",0.26632100343704224,True
monotone_xgboost,655,True,feasible,very_high_risk,gurobi:Optimal,gurobi,0.8593048453330994,0.3584443926811218,0.7298104047300678,6,"{""ExternalRiskEstimate"": 0.07475409836065572, ""NumSatisfactoryTrades"": 0.1848101265822785, ""MSinceMostRecentInqexcl7days"": 0.2, ""NumInqLast6M"": -0.015151515151515152, ""NetFractionRevolvingBurden"": -0.07327586206896551, ""NumRevolvingTradesWBalance"": -0.0549085839844779}",0.3584443926811218,True
monotone_xgboost,656,True,feasible,very_high_risk,gurobi:Optimal,gurobi,0.7895005345344543,0.2821405529975891,0.7382331455271428,5,"{""ExternalRiskEstimate"": 0.07475409836065572, ""NumSatisfactoryTrades"": 0.18481012658227852, ""MSinceMostRecentInqexcl7days"": 0.2, ""NumInqLast6M"": -0.00613358429954541, ""NetFractionRevolvingBurden"": -0.16379310344827586}",0.2821405529975891,True
monotone_xgboost,658,False,infeasible,very_high_risk,gurobi:Infeasible|refined_13,gurobi,0.97292160987854,0.8817489743232727,0.14548108794116704,6,"{""PercentInstallTrades"": -0.1200000000000001, ""NetFractionRevolvingBurden"": -0.01976293103448279, ""NumRevolvingTradesWBalance"": -0.008437499999999987, ""NumInstallTradesWBalance"": -0.008333333333333331, ""NumBank2NatlTradesWHighUtilization"": -0.008333333333333331, ""InstallBurdenPerTrade"": -0.011857142857142844}",0.8817489743232727,False
monotone_xgboost,659,True,feasible,high_risk,gurobi:Optimal,gurobi,0.5439930558204651,0.2790735960006714,0.22034328349284377,2,"{""NumSatisfactoryTrades"": 0.18481012658227847, ""MSinceMostRecentInqexcl7days"": 0.11638798171425635}",0.2790735960006714,True
monotone_xgboost,660,True,feasible,very_high_risk,gurobi:Optimal|refined_1,gurobi,0.8989684581756592,0.3451157808303833,2.0877421109487697,10,"{""ExternalRiskEstimate"": 0.07475409836065572, ""NumSatisfactoryTrades"": 0.18481012658227852, ""MSinceMostRecentDelq"": 0.19518072289156627, ""NumTotalTrades"": -0.016153846153845963, ""PercentInstallTrades"": -0.2, ""MSinceMostRecentInqexcl7days"": 0.2, ""NetFractionRevolvingBurden"": -0.19762931034482759, ""NetFractionInstallBurden"": -0.43298234675850844, ""NumRevolvingTradesWBalance"": -0.15625, ""NumBank2NatlTradesWHighUtilization"": -0.16666666666666666}",0.3451157808303833,True
monotone_xgboost,661,False,infeasible,very_high_risk,gurobi:Optimal,gurobi,0.8760667443275452,0.5203359127044678,2.3843165380780103,13,"{""ExternalRiskEstimate"": 0.07475409836065572, ""MSinceMostRecentTradeOpen"": -0.09295039164490862, ""NumSatisfactoryTrades"": 0.1848101265822785, ""PercentTradesNeverDelq"": 0.19999999999999996, ""MSinceMostRecentDelq"": 0.1951807228915663, ""PercentInstallTrades"": -0.2, ""MSinceMostRecentInqexcl7days"": 0.2, ""NumInqLast6M"": -0.015151515151515152, ""NetFractionRevolvingBurden"": -0.12931034482758622, ""NetFractionInstallBurden"": -0.3724489795918367, ""NumRevolvingTradesWBalance"": -0.09375, ""NumBank2NatlTradesWHighUtilization"": -0.05555555555555555, ""InstallBurdenPerTrade"": -0.24028124781363558}",0.5203359127044678,False
monotone_xgboost,662,True,feasible,very_high_risk,gurobi:Optimal,gurobi,0.718166172504425,0.4150506258010864,0.6158481333528596,4,"{""ExternalRiskEstimate"": 0.07475409836065572, ""NumSatisfactoryTrades"": 0.18481012658227852, ""MSinceMostRecentInqexcl7days"": 0.2, ""NumInqLast6M"": -0.02593201687830574}",0.4150506258010864,True
monotone_xgboost,663,False,infeasible,very_high_risk,gurobi:Infeasible|refined_11,gurobi,0.9012537598609924,0.7959587574005127,0.0932579804993904,6,"{""NumTotalTrades"": -0.027692307692307683, ""NetFractionRevolvingBurden"": -0.006465517241379309, ""NumInstallTradesWBalance"": -0.00555555555555555, ""NumBank2NatlTradesWHighUtilization"": -0.002777777777777775, ""PercentTradesWBalance"": -0.015000000000000013, ""InstallBurdenPerTrade"": -0.04500000000000004}",0.7959587574005127,False
monotone_xgboost,664,True,feasible,very_high_risk,gurobi:Optimal,gurobi,0.6486467123031616,0.4036348760128021,0.2347981334117989,2,"{""NumSatisfactoryTrades"": 0.18481012658227847, ""MSinceMostRecentInqexcl7days"": 0.1389372672977098}",0.4036348760128021,True
monotone_xgboost,665,False,infeasible,very_high_risk,gurobi:Infeasible|refined_8,gurobi,0.8446367383003235,0.8176087737083435,0.10531691090337664,3,"{""NumTradesOpeninLast12M"": -0.0026315789473684223, ""NetFractionInstallBurden"": -0.03724489795918362, ""InstallBurdenPerTrade"": -0.05142857142857138}",0.8176087737083435,False
monotone_xgboost,666,True,feasible,near_threshold,gurobi:Optimal|refined_2,gurobi,0.45454609394073486,0.4153454005718231,0.1249419997169609,3,"{""NumSatisfactoryTrades"": 0.1321910245121175, ""NumRevolvingTradesWBalance"": -0.008437499999999987, ""NumInstallTradesWBalance"": -0.008333333333333331}",0.4153454005718231,True
monotone_xgboost,667,True,feasible,high_risk,gurobi:Optimal,gurobi,0.5439930558204651,0.2790735960006714,0.22034328349284377,2,"{""NumSatisfactoryTrades"": 0.18481012658227847, ""MSinceMostRecentInqexcl7days"": 0.11638798171425635}",0.2790735960006714,True
monotone_xgboost,668,True,feasible,near_threshold,gurobi:Optimal,gurobi,0.17993834614753723,0.1273968517780304,0.1519273147236824,2,"{""NumSatisfactoryTrades"": 0.1848101265822785, ""MSinceMostRecentInqexcl7days"": 0.009660397070058786}",0.1273968517780304,True
monotone_xgboost,669,True,feasible,very_high_risk,gurobi:Optimal,gurobi,0.8335180282592773,0.3954586088657379,1.2306358463311906,7,"{""ExternalRiskEstimate"": 0.07475409836065572, ""NumSatisfactoryTrades"": 0.1848101265822785, ""PercentTradesNeverDelq"": 0.15932768541761233, ""MSinceMostRecentDelq"": 0.1951807228915663, ""MSinceMostRecentInqexcl7days"": 0.2, ""NetFractionRevolvingBurden"": -0.19762931034482759, ""NumRevolvingTradesWBalance"": -0.15625}",0.3954586088657379,True
monotone_xgboost,671,False,near_feasible,very_high_risk,gurobi:Optimal|refined_2,gurobi,0.8932870626449585,0.43518221378326416,1.7051582582504694,10,"{""ExternalRiskEstimate"": 0.07475409836065572, ""NumSatisfactoryTrades"": 0.18481012658227852, ""MSinceMostRecentDelq"": 0.1951807228915663, ""NumTradesOpeninLast12M"": -0.005263157894736845, ""PercentInstallTrades"": -0.2, ""MSinceMostRecentInqexcl7days"": 0.2, ""NetFractionRevolvingBurden"": -0.19762931034482759, ""NetFractionInstallBurden"": -0.28501376359096237, ""NumRevolvingTradesWBalance"": -0.09375, ""NumBank2NatlTradesWHighUtilization"": -0.1111111111111111}",0.43518221378326416,False
monotone_xgboost,672,True,feasible,very_high_risk,gurobi:Optimal|refined_1,gurobi,0.8649691939353943,0.35454756021499634,1.0044293482778326,6,"{""ExternalRiskEstimate"": 0.07475409836065572, ""NumSatisfactoryTrades"": 0.1848101265822785, ""MSinceMostRecentInqexcl7days"": 0.2, ""NumInqLast6M"": -0.06060606060606061, ""NetFractionRevolvingBurden"": -0.15140559000812445, ""NumRevolvingTradesWBalance"": -0.008437499999999987}",0.35454756021499634,True
monotone_xgboost,673,False,infeasible,very_high_risk,gurobi:Infeasible|refined_5,gurobi,0.8300806879997253,0.8232404589653015,0.043938038646846755,4,"{""NetFractionInstallBurden"": -0.017602040816326547, ""NumInstallTradesWBalance"": -0.002777777777777775, ""NumBank2NatlTradesWHighUtilization"": -0.008333333333333304, ""RevolvingBurdenPerTrade"": -0.0020593869731800746}",0.8232404589653015,False
monotone_xgboost,674,True,feasible,very_high_risk,gurobi:Optimal|refined_2,gurobi,0.8223887085914612,0.4049975872039795,0.5512863550123324,5,"{""ExternalRiskEstimate"": 0.07475409836065572, ""NumSatisfactoryTrades"": 0.1848101265822785, ""NumTotalTrades"": -0.030576923076922877, ""MSinceMostRecentInqexcl7days"": 0.2, ""NetFractionRevolvingBurden"": -0.02807977674605791}",0.4049975872039795,True
monotone_xgboost,675,True,feasible,near_threshold,gurobi:Optimal,gurobi,0.4084983170032501,0.19854430854320526,0.3396992844066342,2,"{""ExternalRiskEstimate"": 0.06831509161467009, ""NumSatisfactoryTrades"": 0.18481012658227847}",0.19854430854320526,True
monotone_xgboost,677,True,feasible,high_risk,gurobi:Optimal,gurobi,0.5416165590286255,0.2027442455291748,0.25256407988797,2,"{""NumSatisfactoryTrades"": 0.18481012658227847, ""MSinceMostRecentInqexcl7days"": 0.16665179930583532}",0.2027442455291748,True
monotone_xgboost,678,True,feasible,very_high_risk,gurobi:Optimal,gurobi,0.7590664029121399,0.40279313921928406,0.6349177070052816,4,"{""ExternalRiskEstimate"": 0.07475409836065572, ""NumSatisfactoryTrades"": 0.1848101265822785, ""MSinceMostRecentInqexcl7days"": 0.2, ""NetFractionRevolvingBurden"": -0.11004247505790653}",0.40279313921928406,True
monotone_xgboost,679,True,feasible,near_threshold,gurobi:Optimal,gurobi,0.3646396994590759,0.3646396994590759,0.019053491304231278,1,"{""NumSatisfactoryTrades"": 0.02416225326664978}",0.3646396994590759,True
monotone_xgboost,680,True,feasible,very_high_risk,gurobi:Optimal,gurobi,0.8236108422279358,0.34481605887413025,1.7678913219006658,10,"{""ExternalRiskEstimate"": 0.07475409836065572, ""NumSatisfactoryTrades"": 0.18481012658227847, ""PercentTradesNeverDelq"": 0.19549034611542304, ""MSinceMostRecentDelq"": 0.1951807228915663, ""PercentInstallTrades"": -0.2, ""MSinceMostRecentInqexcl7days"": 0.2, ""NumInqLast6M"": -0.030303030303030304, ""NetFractionRevolvingBurden"": -0.19762931034482759, ""NumRevolvingTradesWBalance"": -0.15625, ""NumBank2NatlTradesWHighUtilization"": -0.16666666666666666}",0.34481605887413025,True
monotone_xgboost,681,True,feasible,moderate_risk,gurobi:Optimal|refined_3,gurobi,0.5052195191383362,0.3947499096393585,0.12079770367457966,4,"{""NumSatisfactoryTrades"": 0.12039849088565813, ""NumRevolvingTradesWBalance"": -0.008437499999999987, ""NumBank2NatlTradesWHighUtilization"": -0.002777777777777775, ""InstallBurdenPerTrade"": -0.012857142857142845}",0.3947499096393585,True
monotone_xgboost,685,True,feasible,near_threshold,gurobi:Optimal|refined_1,gurobi,0.43014848232269287,0.40405333042144775,0.015392590504125475,2,"{""NumSatisfactoryTrades"": 0.0034030947580234727, ""PercentInstallTrades"": -0.020000000000000018}",0.40405333042144775,True
monotone_xgboost,687,True,feasible,very_high_risk,gurobi:Optimal|refined_8,gurobi,0.905624508857727,0.4157087206840515,1.8355954828872123,15,"{""ExternalRiskEstimate"": 0.07475409836065572, ""MSinceMostRecentTradeOpen"": -0.013054830287206266, ""NumSatisfactoryTrades"": 0.18481012658227847, ""MSinceMostRecentDelq"": 0.19518072289156627, ""NumTotalTrades"": -0.016153846153846158, ""NumTradesOpeninLast12M"": -0.006842105263157899, ""PercentInstallTrades"": -0.2, ""MSinceMostRecentInqexcl7days"": 0.2, ""NumInqLast6M"": -0.045454545454545456, ""NetFractionRevolvingBurden"": -0.15517241379310345, ""NetFractionInstallBurden"": -0.22472716074659244, ""NumRevolvingTradesWBalance"": -0.16875, ""NumInstallTradesWBalance"": -0.002777777777777775, ""NumBank2NatlTradesWHighUtilization"": -0.002777777777777775, ""InstallBurdenPerTrade"": -0.055238095238095225}",0.4157087206840515,True
monotone_xgboost,688,True,feasible,very_high_risk,gurobi:Optimal,gurobi,0.7883793115615845,0.4053805470466614,1.2825751905926333,9,"{""ExternalRiskEstimate"": 0.07475409836065572, ""MSinceMostRecentTradeOpen"": -0.020887728459530026, ""NumSatisfactoryTrades"": 0.1848101265822785, ""MSinceMostRecentDelq"": 0.1840506001435419, ""PercentInstallTrades"": -0.2, ""MSinceMostRecentInqexcl7days"": 0.2, ""NumInqLast6M"": -0.015151515151515152, ""NetFractionRevolvingBurden"": -0.19762931034482759, ""NumRevolvingTradesWBalance"": -0.125}",0.4053805470466614,True
monotone_xgboost,689,True,feasible,near_threshold,gurobi:Optimal,gurobi,0.33059802651405334,0.23138439655303955,0.35327054525200724,2,"{""ExternalRiskEstimate"": 0.07309494260565297, ""NumSatisfactoryTrades"": 0.18481012658227852}",0.23138439655303955,True
monotone_xgboost,690,True,feasible,very_high_risk,gurobi:Optimal|refined_1,gurobi,0.9278738498687744,0.4181351959705353,2.25631599683103,11,"{""ExternalRiskEstimate"": 0.07475409836065572, ""NumSatisfactoryTrades"": 0.1848101265822785, ""PercentTradesNeverDelq"": 0.19999999999999996, ""MSinceMostRecentDelq"": 0.19518072289156627, ""PercentInstallTrades"": -0.2, ""MSinceMostRecentInqexcl7days"": 0.2, ""NumInqLast6M"": -0.06060606060606061, ""NetFractionRevolvingBurden"": -0.17672413793103448, ""NetFractionInstallBurden"": -0.4630267457095757, ""NumRevolvingTradesWBalance"": -0.0625, ""NumInstallTradesWBalance"": -0.00555555555555555}",0.4181351959705353,True
monotone_xgboost,692,True,feasible,very_high_risk,gurobi:Optimal,gurobi,0.8234732747077942,0.2599722146987915,1.571587824624216,10,"{""ExternalRiskEstimate"": 0.07475409836065572, ""MSinceMostRecentTradeOpen"": -0.0391644908616188, ""NumSatisfactoryTrades"": 0.1848101265822785, ""PercentTradesNeverDelq"": 0.19999999999999996, ""MSinceMostRecentDelq"": 0.1951807228915663, ""MSinceMostRecentInqexcl7days"": 0.2, ""NumInqLast6M"": -0.030303030303030304, ""NetFractionRevolvingBurden"": -0.12068965517241378, ""NetFractionInstallBurden"": -0.12976448721952394, ""NumRevolvingTradesWBalance"": -0.125}",0.2599722146987915,True
monotone_xgboost,695,True,feasible,high_risk,gurobi:Optimal,gurobi,0.5439930558204651,0.2790735960006714,0.22034328349284377,2,"{""NumSatisfactoryTrades"": 0.18481012658227847, ""MSinceMostRecentInqexcl7days"": 0.11638798171425635}",0.2790735960006714,True
monotone_xgboost,697,False,infeasible,very_high_risk,gurobi:Infeasible|refined_14,gurobi,0.9243215322494507,0.7383922934532166,0.20149262285469252,8,"{""NumTotalTrades"": -0.013365384615384612, ""NumTradesOpeninLast12M"": -0.005263157894736845, ""PercentInstallTrades"": 0.020000000000000018, ""NetFractionRevolvingBurden"": -0.03952586206896558, ""NetFractionInstallBurden"": -0.05586734693877543, ""NumRevolvingTradesWBalance"": -0.008437499999999987, ""NumBank2NatlTradesWHighUtilization"": -0.00833333333333336, ""InstallBurdenPerTrade"": -0.012857142857142845}",0.7383922934532166,False
monotone_xgboost,700,False,infeasible,very_high_risk,gurobi:Infeasible|refined_6,gurobi,0.8467063903808594,0.8076175451278687,0.049319858316122525,5,"{""NumTotalTrades"": 0.01432692307692307, ""NumTradesOpeninLast12M"": -0.006842105263157899, ""NetFractionRevolvingBurden"": -0.009267241379310343, ""NumInstallTradesWBalance"": -0.00555555555555555, ""PercentTradesWBalance"": -0.015000000000000013}",0.8076175451278687,False
monotone_xgboost,701,True,feasible,very_high_risk,gurobi:Optimal,gurobi,0.7022196054458618,0.29896408319473267,0.7651832378198988,6,"{""ExternalRiskEstimate"": 0.07475409836065572, ""MSinceMostRecentTradeOpen"": -0.01566579634464752, ""NumSatisfactoryTrades"": 0.1848101265822785, ""MSinceMostRecentDelq"": 0.1915544395459637, ""MSinceMostRecentInqexcl7days"": 0.19999999999999996, ""NumRevolvingTradesWBalance"": -0.09375}",0.29896408319473267,True
monotone_xgboost,703,True,feasible,high_risk,gurobi:Optimal,gurobi,0.5439930558204651,0.2790735960006714,0.22034328349284377,2,"{""NumSatisfactoryTrades"": 0.18481012658227847, ""MSinceMostRecentInqexcl7days"": 0.11638798171425635}",0.2790735960006714,True
monotone_xgboost,704,True,feasible,high_risk,gurobi:Optimal,gurobi,0.5779520869255066,0.21815532445907593,0.6672950238905477,5,"{""ExternalRiskEstimate"": 0.07475409836065572, ""NumSatisfactoryTrades"": 0.18481012658227847, ""MSinceMostRecentInqexcl7days"": 0.2, ""NumInqLast6M"": -0.0012671041856193895, ""NetFractionRevolvingBurden"": -0.12931034482758622}",0.21815532445907593,True
monotone_xgboost,705,True,feasible,high_risk,gurobi:Optimal,gurobi,0.5297067761421204,0.40785378217697144,0.14859350453043083,2,"{""NumSatisfactoryTrades"": 0.1848101265822785, ""MSinceMostRecentInqexcl7days"": 0.004459717813605324}",0.40785378217697144,True
monotone_xgboost,707,True,feasible,very_high_risk,gurobi:Optimal,gurobi,0.8257671594619751,0.28213584423065186,0.9305322854218018,5,"{""ExternalRiskEstimate"": 0.07475409836065572, ""NumSatisfactoryTrades"": 0.18481012658227847, ""MSinceMostRecentInqexcl7days"": 0.2, ""NetFractionRevolvingBurden"": -0.19762931034482759, ""NumRevolvingTradesWBalance"": -0.1413928499083909}",0.28213584423065186,True
monotone_xgboost,708,True,feasible,very_high_risk,gurobi:Optimal|refined_4,gurobi,0.6944127678871155,0.41017240285873413,0.6055549442461385,6,"{""ExternalRiskEstimate"": 0.07475409836065572, ""NumSatisfactoryTrades"": 0.18481012658227847, ""PercentInstallTrades"": -0.020000000000000018, ""MSinceMostRecentInqexcl7days"": 0.2, ""NetFractionRevolvingBurden"": -0.061805414254005306, ""InstallBurdenPerTrade"": -0.02571428571428569}",0.41017240285873413,True
monotone_xgboost,709,True,feasible,high_risk,gurobi:Optimal,gurobi,0.5695098042488098,0.2091982513666153,0.5970994154566092,4,"{""ExternalRiskEstimate"": 0.07475409836065572, ""NumSatisfactoryTrades"": 0.1848101265822785, ""MSinceMostRecentInqexcl7days"": 0.2, ""NetFractionRevolvingBurden"": -0.08206138198467677}",0.2091982513666153,True
monotone_xgboost,711,True,feasible,very_high_risk,gurobi:Optimal,gurobi,0.8229501843452454,0.4125638008117676,1.1113298438974337,8,"{""ExternalRiskEstimate"": 0.07475409836065572, ""MSinceMostRecentTradeOpen"": -0.033942558746736295, ""NumSatisfactoryTrades"": 0.1848101265822785, ""PercentInstallTrades"": -0.050988609184188044, ""MSinceMostRecentInqexcl7days"": 0.2, ""NumInqLast6M"": -0.030303030303030304, ""NetFractionRevolvingBurden"": -0.17672413793103448, ""NumRevolvingTradesWBalance"": -0.09375}",0.4125638008117676,True
monotone_xgboost,713,True,feasible,very_high_risk,gurobi:Optimal,gurobi,0.7228893637657166,0.38660407066345215,0.6983471863644415,5,"{""ExternalRiskEstimate"": 0.07475409836065572, ""NumSatisfactoryTrades"": 0.18481012658227847, ""MSinceMostRecentInqexcl7days"": 0.2, ""NumInqLast6M"": -0.012138108787094636, ""NetFractionRevolvingBurden"": -0.11206896551724138}",0.38660407066345215,True
monotone_xgboost,714,True,feasible,moderate_risk,gurobi:Optimal|refined_4,gurobi,0.5069136619567871,0.4102393686771393,0.21177080906703058,4,"{""NumSatisfactoryTrades"": 0.18481012658227847, ""NumTotalTrades"": 0.04846153846153839, ""MSinceMostRecentInqexcl7days"": 0.030097916906218977, ""NumBank2NatlTradesWHighUtilization"": -0.002777777777777775}",0.4102393686771393,True
monotone_xgboost,715,False,infeasible,very_high_risk,gurobi:Optimal|refined_18,gurobi,0.7547483444213867,0.535141110420227,0.2765246189860504,9,"{""NumSatisfactoryTrades"": 0.05582021690067751, ""NumTotalTrades"": -0.09692307692307706, ""NumTradesOpeninLast12M"": -0.005263157894736845, ""NetFractionRevolvingBurden"": -0.001508620689655172, ""NetFractionInstallBurden"": -0.05586734693877543, ""NumRevolvingTradesWBalance"": -0.0078125, ""PercentTradesWBalance"": -0.015000000000000013, ""RevolvingBurdenPerTrade"": -0.0005028735632183912, ""InstallBurdenPerTrade"": -0.038571428571428534}",0.535141110420227,False
monotone_xgboost,716,True,feasible,very_high_risk,gurobi:Optimal,gurobi,0.7099918723106384,0.31087806820869446,1.0253934700906975,8,"{""ExternalRiskEstimate"": 0.07475409836065572, ""NumSatisfactoryTrades"": 0.18481012658227847, ""PercentTradesNeverDelq"": 0.16181223112316268, ""MSinceMostRecentDelq"": 0.1951807228915663, ""PercentInstallTrades"": -0.2, ""MSinceMostRecentInqexcl7days"": 0.2, ""NumInqLast6M"": -0.015151515151515152, ""NetFractionRevolvingBurden"": -0.03879310344827586}",0.31087806820869446,True
monotone_xgboost,717,True,feasible,high_risk,gurobi:Optimal,gurobi,0.5439930558204651,0.2790735960006714,0.22034328349284377,2,"{""NumSatisfactoryTrades"": 0.18481012658227847, ""MSinceMostRecentInqexcl7days"": 0.11638798171425635}",0.2790735960006714,True
monotone_xgboost,720,True,feasible,high_risk,gurobi:Optimal,gurobi,0.5820599794387817,0.27684110403060913,0.34310102980570883,3,"{""ExternalRiskEstimate"": 0.02435829224504582, ""NumSatisfactoryTrades"": 0.18481012658227852, ""MSinceMostRecentInqexcl7days"": 0.2}",0.27684110403060913,True
monotone_xgboost,722,True,feasible,very_high_risk,gurobi:Optimal,gurobi,0.7063812017440796,0.1797758936882019,0.8096875748490204,5,"{""ExternalRiskEstimate"": 0.07475409836065572, ""NumSatisfactoryTrades"": 0.18481012658227852, ""MSinceMostRecentInqexcl7days"": 0.2, ""NumInqLast6M"": -0.011278097404528899, ""NetFractionRevolvingBurden"": -0.19762931034482759}",0.1797758936882019,True
monotone_xgboost,727,True,feasible,very_high_risk,gurobi:Optimal,gurobi,0.8667722344398499,0.41897091269493103,1.8372828657688967,10,"{""ExternalRiskEstimate"": 0.07475409836065572, ""MSinceMostRecentTradeOpen"": -0.010443864229765013, ""NumSatisfactoryTrades"": 0.18481012658227847, ""MSinceMostRecentDelq"": 0.1951807228915663, ""PercentInstallTrades"": -0.2, ""MSinceMostRecentInqexcl7days"": 0.2, ""NetFractionRevolvingBurden"": -0.19762931034482759, ""NetFractionInstallBurden"": -0.3338452780108055, ""NumRevolvingTradesWBalance"": -0.125, ""NumBank2NatlTradesWHighUtilization"": -0.1111111111111111}",0.41897091269493103,True
monotone_xgboost,729,True,feasible,very_high_risk,gurobi:Optimal,gurobi,0.8480687737464905,0.11628302186727524,2.5350426278810403,13,"{""ExternalRiskEstimate"": 0.07475409836065572, ""MSinceMostRecentTradeOpen"": -0.005221932114882507, ""NumSatisfactoryTrades"": 0.1848101265822785, ""PercentTradesNeverDelq"": 0.10999999999999999, ""MSinceMostRecentDelq"": 0.1951807228915663, ""PercentInstallTrades"": -0.2, ""MSinceMostRecentInqexcl7days"": 0.2, ""NumInqLast6M"": -0.06060606060606061, ""NetFractionRevolvingBurden"": -0.19762931034482759, ""NetFractionInstallBurden"": -0.40306122448979587, ""NumRevolvingTradesWBalance"": -0.16875, ""NumBank2NatlTradesWHighUtilization"": -0.1111111111111111, ""InstallBurdenPerTrade"": -0.15660824253980085}",0.11628302186727524,True
monotone_xgboost,730,True,feasible,high_risk,gurobi:Optimal,gurobi,0.603035569190979,0.36951497197151184,0.3503471808151346,3,"{""ExternalRiskEstimate"": 0.02691041488699064, ""NumSatisfactoryTrades"": 0.18481012658227847, ""MSinceMostRecentInqexcl7days"": 0.2}",0.36951497197151184,True
monotone_xgboost,731,True,feasible,very_high_risk,gurobi:Optimal,gurobi,0.7903624773025513,0.3532470166683197,1.0987718823858459,6,"{""ExternalRiskEstimate"": 0.07475409836065572, ""NumSatisfactoryTrades"": 0.18481012658227847, ""MSinceMostRecentInqexcl7days"": 0.2, ""NetFractionRevolvingBurden"": -0.19762931034482759, ""NumRevolvingTradesWBalance"": -0.15625, ""NumBank2NatlTradesWHighUtilization"": -0.11179578140315478}",0.3532470166683197,True
monotone_xgboost,732,True,feasible,high_risk,gurobi:Optimal,gurobi,0.5439930558204651,0.2790735960006714,0.22034328349284377,2,"{""NumSatisfactoryTrades"": 0.18481012658227847, ""MSinceMostRecentInqexcl7days"": 0.11638798171425635}",0.2790735960006714,True
monotone_xgboost,733,False,infeasible,very_high_risk,gurobi:Infeasible|refined_11,gurobi,0.8891658186912537,0.8481358289718628,0.12548247803901347,7,"{""NumTotalTrades"": -0.008557692307692308, ""NetFractionRevolvingBurden"": -0.006465517241379309, ""NetFractionInstallBurden"": -0.03724489795918362, ""NumRevolvingTradesWBalance"": -0.004687499999999997, ""NumBank2NatlTradesWHighUtilization"": -0.002777777777777775, ""PercentTradesWBalance"": -0.015000000000000013, ""InstallBurdenPerTrade"": -0.038571428571428534}",0.8481358289718628,False
monotone_xgboost,735,False,infeasible,very_high_risk,gurobi:Infeasible|refined_11,gurobi,0.9115646481513977,0.8593267202377319,0.14564792272280194,6,"{""NumTotalTrades"": 0.03, ""NumTradesOpeninLast12M"": -0.005263157894736845, ""NetFractionInstallBurden"": -0.05586734693877543, ""PercentTradesWBalance"": -0.015000000000000013, ""RevolvingBurdenPerTrade"": -0.005646551724137944, ""InstallBurdenPerTrade"": -0.012857142857142845}",0.8593267202377319,False
monotone_xgboost,736,True,feasible,very_high_risk,gurobi:Optimal|refined_1,gurobi,0.6517786979675293,0.32409536838531494,0.3564416169318265,3,"{""ExternalRiskEstimate"": 0.07048677044085805, ""NumSatisfactoryTrades"": 0.18481012658227847, ""NumRevolvingTradesWBalance"": -0.008437499999999987}",0.32409536838531494,True
monotone_xgboost,737,True,feasible,very_high_risk,gurobi:Optimal,gurobi,0.8109714984893799,0.27516594529151917,1.9046926476975905,10,"{""ExternalRiskEstimate"": 0.07475409836065572, ""NumSatisfactoryTrades"": 0.18481012658227847, ""MSinceMostRecentDelq"": 0.1951807228915663, ""PercentInstallTrades"": -0.2, ""MSinceMostRecentInqexcl7days"": 0.2, ""NumInqLast6M"": -0.045454545454545456, ""NetFractionRevolvingBurden"": -0.19762931034482759, ""NetFractionInstallBurden"": -0.15854950971218446, ""NumRevolvingTradesWBalance"": -0.16875, ""NumBank2NatlTradesWHighUtilization"": -0.16666666666666663}",0.27516594529151917,True
monotone_xgboost,738,False,infeasible,very_high_risk,gurobi:Optimal|refined_10,gurobi,0.9018924236297607,0.4611416757106781,1.1405779957603905,10,"{""ExternalRiskEstimate"": 0.07475409836065572, ""NumSatisfactoryTrades"": 0.18481012658227852, ""NumTotalTrades"": -0.016153846153846158, ""PercentInstallTrades"": 0.020000000000000018, ""MSinceMostRecentInqexcl7days"": 0.2, ""NumInqLast6M"": -0.030303030303030304, ""NetFractionRevolvingBurden"": -0.1896551724137931, ""NumRevolvingTradesWBalance"": -0.1358995873770558, ""NumInstallTradesWBalance"": -0.00555555555555555, ""InstallBurdenPerTrade"": -0.04714285714285718}",0.4611416757106781,False
monotone_xgboost,740,True,feasible,high_risk,gurobi:Optimal,gurobi,0.5439930558204651,0.2790735960006714,0.22034328349284377,2,"{""NumSatisfactoryTrades"": 0.18481012658227847, ""MSinceMostRecentInqexcl7days"": 0.11638798171425635}",0.2790735960006714,True
monotone_xgboost,743,False,near_feasible,very_high_risk,gurobi:Optimal|refined_6,gurobi,0.8878322243690491,0.43347302079200745,1.553002041600625,11,"{""ExternalRiskEstimate"": 0.07475409836065572, ""MSinceMostRecentTradeOpen"": -0.04699738903394256, ""NumSatisfactoryTrades"": 0.18481012658227847, ""MSinceMostRecentDelq"": 0.1951807228915663, ""NumTotalTrades"": 0.06461538461538452, ""MSinceMostRecentInqexcl7days"": 0.2, ""NumInqLast6M"": -0.015151515151515152, ""NetFractionRevolvingBurden"": -0.19762931034482759, ""NumRevolvingTradesWBalance"": -0.16875, ""NumInstallTradesWBalance"": -0.002777777777777775, ""NumBank2NatlTradesWHighUtilization"": -0.1565824783761589}",0.43347302079200745,False
monotone_xgboost,744,True,feasible,near_threshold,gurobi:Optimal,gurobi,0.44470417499542236,0.37845897674560547,0.14461561554634336,1,"{""NumSatisfactoryTrades"": 0.1833910160269276}",0.37845897674560547,True
monotone_xgboost,745,True,feasible,very_high_risk,gurobi:Optimal|refined_1,gurobi,0.8290814757347107,0.4193577766418457,0.44325741626505544,4,"{""ExternalRiskEstimate"": 0.05515759172266821, ""NumSatisfactoryTrades"": 0.18481012658227852, ""PercentInstallTrades"": -0.020000000000000018, ""MSinceMostRecentInqexcl7days"": 0.2}",0.4193577766418457,True
monotone_xgboost,746,True,feasible,very_high_risk,gurobi:Optimal|refined_4,gurobi,0.8040629029273987,0.40451550483703613,0.9548000095204376,11,"{""ExternalRiskEstimate"": 0.07475409836065572, ""MSinceMostRecentTradeOpen"": -0.020887728459530026, ""NumSatisfactoryTrades"": 0.18481012658227847, ""NumTotalTrades"": -0.016153846153846158, ""PercentInstallTrades"": -0.020000000000000073, ""MSinceMostRecentInqexcl7days"": 0.2, ""NumInqLast6M"": -0.030303030303030304, ""NetFractionRevolvingBurden"": -0.10775862068965517, ""NumRevolvingTradesWBalance"": -0.05713791077072218, ""PercentTradesWBalance"": -0.015000000000000013, ""InstallBurdenPerTrade"": -0.012857142857142845}",0.40451550483703613,True
monotone_xgboost,747,True,feasible,very_high_risk,gurobi:Optimal,gurobi,0.8509419560432434,0.2663572430610657,1.3391729331118212,9,"{""ExternalRiskEstimate"": 0.07475409836065572, ""MSinceMostRecentTradeOpen"": -0.020887728459530026, ""NumSatisfactoryTrades"": 0.18481012658227852, ""MSinceMostRecentDelq"": 0.19518072289156596, ""PercentInstallTrades"": -0.1915812546541811, ""MSinceMostRecentInqexcl7days"": 0.2, ""NumInqLast6M"": -0.015151515151515152, ""NetFractionRevolvingBurden"": -0.19762931034482759, ""NumRevolvingTradesWBalance"": -0.16875}",0.2663572430610657,True
monotone_xgboost,750,True,feasible,high_risk,gurobi:Optimal,gurobi,0.5439930558204651,0.2790735960006714,0.22034328349284377,2,"{""NumSatisfactoryTrades"": 0.18481012658227847, ""MSinceMostRecentInqexcl7days"": 0.11638798171425635}",0.2790735960006714,True
monotone_xgboost,751,True,feasible,very_high_risk,gurobi:Optimal,gurobi,0.6357042193412781,0.24533726274967194,0.4365587238858494,3,"{""ExternalRiskEstimate"": 0.057274456539112784, ""NumSatisfactoryTrades"": 0.1848101265822785, ""MSinceMostRecentInqexcl7days"": 0.2}",0.24533726274967194,True
monotone_xgboost,754,True,feasible,very_high_risk,gurobi:Optimal|refined_1,gurobi,0.7500677704811096,0.39057233929634094,0.3968790347772103,4,"{""ExternalRiskEstimate"": 0.0382479409713663, ""NumSatisfactoryTrades"": 0.18481012658227852, ""NumTotalTrades"": -0.01615384615384613, ""MSinceMostRecentInqexcl7days"": 0.2}",0.39057233929634094,True
monotone_xgboost,755,True,feasible,very_high_risk,gurobi:Optimal|refined_4,gurobi,0.6814287304878235,0.4128579795360565,0.6601121956284409,6,"{""ExternalRiskEstimate"": 0.07475409836065572, ""NumSatisfactoryTrades"": 0.18481012658227847, ""NumTotalTrades"": -0.032307692307692315, ""MSinceMostRecentInqexcl7days"": 0.2, ""NetFractionRevolvingBurden"": -0.09073253124400601, ""InstallBurdenPerTrade"": -0.025142857142857133}",0.4128579795360565,True
monotone_xgboost,759,True,feasible,very_high_risk,gurobi:Optimal,gurobi,0.6975269913673401,0.3977110683917999,0.7883362848590421,5,"{""ExternalRiskEstimate"": 0.07475409836065572, ""NumSatisfactoryTrades"": 0.18481012658227847, ""MSinceMostRecentInqexcl7days"": 0.2, ""NumInqLast6M"": -0.0070078394065332915, ""NetFractionRevolvingBurden"": -0.19762931034482759}",0.3977110683917999,True
monotone_xgboost,760,True,feasible,high_risk,gurobi:Optimal,gurobi,0.5439930558204651,0.2790735960006714,0.22034328349284377,2,"{""NumSatisfactoryTrades"": 0.18481012658227847, ""MSinceMostRecentInqexcl7days"": 0.11638798171425635}",0.2790735960006714,True
monotone_xgboost,762,True,feasible,near_threshold,gurobi:Optimal,gurobi,0.35322603583335876,0.35233572125434875,0.0657427498797448,1,"{""NumSatisfactoryTrades"": 0.08337017860278662}",0.35233572125434875,True
monotone_xgboost,765,True,feasible,very_high_risk,gurobi:Optimal,gurobi,0.8143461346626282,0.4150054454803467,1.4296690751148058,9,"{""ExternalRiskEstimate"": 0.07475409836065572, ""MSinceMostRecentTradeOpen"": -0.04177545691906005, ""NumSatisfactoryTrades"": 0.18481012658227847, ""MSinceMostRecentDelq"": 0.1951807228915663, ""PercentInstallTrades"": -0.2, ""MSinceMostRecentInqexcl7days"": 0.20000000000000007, ""NetFractionRevolvingBurden"": -0.19762931034482759, ""NumRevolvingTradesWBalance"": -0.09375, ""NumBank2NatlTradesWHighUtilization"": -0.1514584747675296}",0.4150054454803467,True
monotone_xgboost,767,True,feasible,high_risk,gurobi:Optimal,gurobi,0.5496893525123596,0.26841890811920166,0.30899900143198045,2,"{""ExternalRiskEstimate"": 0.05750233223499279, ""NumSatisfactoryTrades"": 0.18481012658227847}",0.26841890811920166,True
monotone_xgboost,768,True,feasible,high_risk,gurobi:Optimal,gurobi,0.5439930558204651,0.2790735960006714,0.22034328349284377,2,"{""NumSatisfactoryTrades"": 0.18481012658227847, ""MSinceMostRecentInqexcl7days"": 0.11638798171425635}",0.2790735960006714,True
monotone_xgboost,769,True,feasible,near_threshold,gurobi:Optimal,gurobi,0.3671073913574219,0.3671073913574219,0.0,0,{},0.3671073913574219,True
monotone_xgboost,771,True,feasible,very_high_risk,gurobi:Optimal,gurobi,0.7239055037498474,0.30935823917388916,1.1335658751035562,8,"{""ExternalRiskEstimate"": 0.07475409836065572, ""MSinceMostRecentTradeOpen"": -0.02349869451697128, ""NumSatisfactoryTrades"": 0.1848101265822785, ""PercentInstallTrades"": -0.07853614712500495, ""MSinceMostRecentInqexcl7days"": 0.2, ""NumInqLast6M"": -0.015151515151515152, ""NetFractionRevolvingBurden"": -0.19762931034482759, ""NumRevolvingTradesWBalance"": -0.15625}",0.30935823917388916,True
monotone_xgboost,774,True,feasible,very_high_risk,gurobi:Optimal,gurobi,0.8279733657836914,0.34421172738075256,1.4074951738383747,10,"{""ExternalRiskEstimate"": 0.07475409836065572, ""MSinceMostRecentTradeOpen"": -0.028720626631853787, ""NumSatisfactoryTrades"": 0.18481012658227852, ""PercentTradesNeverDelq"": 0.12088539173350521, ""MSinceMostRecentDelq"": 0.1951807228915663, ""PercentInstallTrades"": -0.2, ""MSinceMostRecentInqexcl7days"": 0.2, ""NumInqLast6M"": -0.045454545454545456, ""NetFractionRevolvingBurden"": -0.09913793103448276, ""NumRevolvingTradesWBalance"": -0.09375}",0.34421172738075256,True
monotone_xgboost,775,False,near_feasible,high_risk,gurobi:Optimal|refined_12,gurobi,0.5896165370941162,0.43044421076774597,0.3377995331040095,9,"{""NumSatisfactoryTrades"": 0.18481012658227847, ""NumTotalTrades"": -0.016153846153846158, ""PercentInstallTrades"": 0.020000000000000018, ""MSinceMostRecentInqexcl7days"": 0.09784966488206781, ""NetFractionRevolvingBurden"": -0.01976293103448279, ""NetFractionInstallBurden"": -0.017602040816326547, ""NumInstallTradesWBalance"": -0.012222222222222245, ""PercentTradesWBalance"": -0.015000000000000013, ""InstallBurdenPerTrade"": -0.028163265306122454}",0.43044421076774597,False
monotone_xgboost,777,True,feasible,high_risk,gurobi:Optimal,gurobi,0.5439930558204651,0.2790735960006714,0.22034328349284377,2,"{""NumSatisfactoryTrades"": 0.18481012658227847, ""MSinceMostRecentInqexcl7days"": 0.11638798171425635}",0.2790735960006714,True
monotone_xgboost,778,True,feasible,very_high_risk,gurobi:Optimal,gurobi,0.7421402335166931,0.304609477519989,0.8444599599284673,5,"{""ExternalRiskEstimate"": 0.07475409836065572, ""NumSatisfactoryTrades"": 0.18481012658227852, ""MSinceMostRecentInqexcl7days"": 0.2, ""NumInqLast6M"": -0.018232574420418347, ""NetFractionRevolvingBurden"": -0.19762931034482759}",0.304609477519989,True
monotone_xgboost,780,True,feasible,high_risk,gurobi:Optimal|refined_13,gurobi,0.5962544083595276,0.4168946444988251,0.30644713814209323,6,"{""NumSatisfactoryTrades"": 0.14112662641862403, ""NumTotalTrades"": -0.016153846153846158, ""PercentInstallTrades"": -0.020000000000000018, ""NetFractionInstallBurden"": -0.05586734693877543, ""NumInstallTradesWBalance"": -0.002777777777777775, ""InstallBurdenPerTrade"": -0.08999999999999991}",0.4168946444988251,True
monotone_xgboost,781,True,feasible,near_threshold,gurobi:Optimal,gurobi,0.4621575176715851,0.24070030450820923,0.5144030906947156,4,"{""ExternalRiskEstimate"": 0.07475409836065572, ""NumSatisfactoryTrades"": 0.1848101265822785, ""MSinceMostRecentInqexcl7days"": 0.2, ""NumInqLast6M"": -0.005643008346677046}",0.24070030450820923,True
monotone_xgboost,783,True,feasible,very_high_risk,gurobi:Optimal,gurobi,0.6775733828544617,0.26900777220726013,0.6915266453605314,4,"{""ExternalRiskEstimate"": 0.07475409836065572, ""NumSatisfactoryTrades"": 0.18481012658227852, ""MSinceMostRecentInqexcl7days"": 0.2, ""NetFractionRevolvingBurden"": -0.15192643935217856}",0.26900777220726013,True
monotone_xgboost,784,False,infeasible,very_high_risk,gurobi:Infeasible|refined_11,gurobi,0.9589418172836304,0.93836909532547,0.15758177728838388,4,"{""NumTotalTrades"": 0.012403846153846154, ""PercentInstallTrades"": 0.040000000000000036, ""NetFractionRevolvingBurden"": -0.03952586206896558, ""NetFractionInstallBurden"": -0.045153061224489754}",0.93836909532547,False
monotone_xgboost,785,True,feasible,high_risk,gurobi:Optimal,gurobi,0.5262171626091003,0.37749508023262024,0.5231448447560447,4,"{""ExternalRiskEstimate"": 0.07475409836065572, ""NumSatisfactoryTrades"": 0.18481012658227847, ""MSinceMostRecentInqexcl7days"": 0.2, ""NetFractionRevolvingBurden"": -0.027343687418807938}",0.37749508023262024,True
monotone_xgboost,786,False,infeasible,very_high_risk,gurobi:Infeasible|refined_11,gurobi,0.8721656799316406,0.8366010785102844,0.14904535893100626,6,"{""NumTotalTrades"": -0.013365384615384612, ""PercentInstallTrades"": 0.020000000000000018, ""NetFractionRevolvingBurden"": -0.009881465517241395, ""NetFractionInstallBurden"": -0.03724489795918362, ""PercentTradesWBalance"": -0.015000000000000013, ""InstallBurdenPerTrade"": -0.05142857142857138}",0.8366010785102844,False
monotone_xgboost,787,False,infeasible,very_high_risk,gurobi:Infeasible|refined_7,gurobi,0.8405359983444214,0.7778036594390869,0.1234863448816953,4,"{""NumTotalTrades"": -0.032307692307692315, ""NetFractionInstallBurden"": -0.04744897959183669, ""NumBank2NatlTradesWHighUtilization"": -0.002777777777777775, ""InstallBurdenPerTrade"": -0.02214285714285713}",0.7778036594390869,False
monotone_xgboost,791,True,feasible,high_risk,gurobi:Optimal,gurobi,0.5250632762908936,0.4123629033565521,0.27268298280789127,2,"{""NumSatisfactoryTrades"": 0.18481012658227852, ""MSinceMostRecentInqexcl7days"": 0.1980368977406638}",0.4123629033565521,True
monotone_xgboost,792,True,feasible,near_threshold,gurobi:Optimal,gurobi,0.2801418602466583,0.27035385370254517,0.26254065226984336,2,"{""NumSatisfactoryTrades"": 0.18481012658227847, ""MSinceMostRecentInqexcl7days"": 0.1822150587685194}",0.27035385370254517,True
monotone_xgboost,795,True,feasible,high_risk,gurobi:Optimal,gurobi,0.5439930558204651,0.2790735960006714,0.22034328349284377,2,"{""NumSatisfactoryTrades"": 0.18481012658227847, ""MSinceMostRecentInqexcl7days"": 0.11638798171425635}",0.2790735960006714,True
monotone_xgboost,796,True,feasible,very_high_risk,gurobi:Optimal|refined_4,gurobi,0.9063765406608582,0.4195033013820648,1.8294954501035736,12,"{""ExternalRiskEstimate"": 0.07475409836065572, ""MSinceMostRecentTradeOpen"": -0.018276762402088774, ""NumSatisfactoryTrades"": 0.18481012658227847, ""PercentTradesNeverDelq"": 0.12013104549456499, ""MSinceMostRecentDelq"": 0.1951807228915663, ""NumTotalTrades"": -0.016153846153846185, ""PercentInstallTrades"": -0.2, ""MSinceMostRecentInqexcl7days"": 0.2, ""NumInqLast6M"": -0.045454545454545456, ""NetFractionRevolvingBurden"": -0.19762931034482759, ""NumRevolvingTradesWBalance"": -0.15625, ""NumBank2NatlTradesWHighUtilization"": -0.16666666666666666}",0.4195033013820648,True
monotone_xgboost,797,True,feasible,near_threshold,gurobi:Optimal,gurobi,0.4329933226108551,0.26335638761520386,0.11342094265402919,1,"{""NumSatisfactoryTrades"": 0.1438321984349514}",0.26335638761520386,True
monotone_xgboost,800,True,feasible,very_high_risk,gurobi:Optimal,gurobi,0.8307773470878601,0.3139609098434448,2.5503108751046324,16,"{""ExternalRiskEstimate"": 0.07475409836065572, ""MSinceMostRecentTradeOpen"": -0.005221932114882507, ""NumSatisfactoryTrades"": 0.18481012658227847, ""NumTrades60Ever2DerogPubRec"": -0.022092495671237312, ""PercentTradesNeverDelq"": 0.20000000000000007, ""MSinceMostRecentDelq"": 0.1951807228915663, ""NumTotalTrades"": -0.16153846153846155, ""PercentInstallTrades"": -0.17, ""MSinceMostRecentInqexcl7days"": 0.2, ""NumInqLast6M"": -0.045454545454545456, ""NetFractionRevolvingBurden"": -0.19762931034482759, ""NetFractionInstallBurden"": -0.18367346938775508, ""NumRevolvingTradesWBalance"": -0.125, ""NumBank2NatlTradesWHighUtilization"": -0.05555555555555555, ""TotalDelqEvents"": -0.05263157894736842, ""InstallBurdenPerTrade"": -0.2571428571428571}",0.3139609098434448,True
monotone_xgboost,801,True,feasible,very_high_risk,gurobi:Optimal|refined_1,gurobi,0.7434604167938232,0.4160041809082031,0.4083089915184386,4,"{""ExternalRiskEstimate"": 0.04227361630683657, ""NumSatisfactoryTrades"": 0.1848101265822785, ""NumTotalTrades"": 0.016153846153846158, ""MSinceMostRecentInqexcl7days"": 0.2}",0.4160041809082031,True
monotone_xgboost,804,True,feasible,very_high_risk,gurobi:Optimal|refined_1,gurobi,0.8814260959625244,0.39141276478767395,1.153836358911065,6,"{""ExternalRiskEstimate"": 0.07475409836065572, ""NumSatisfactoryTrades"": 0.18481012658227847, ""MSinceMostRecentInqexcl7days"": 0.2, ""NumInqLast6M"": -0.06363636363636364, ""NetFractionRevolvingBurden"": -0.19762931034482759, ""NumRevolvingTradesWBalance"": -0.065702270966033}",0.39141276478767395,True
monotone_xgboost,805,True,feasible,high_risk,gurobi:Optimal,gurobi,0.5934680700302124,0.2866300046443939,0.40209118849713493,3,"{""ExternalRiskEstimate"": 0.045134856168771775, ""NumSatisfactoryTrades"": 0.18481012658227847, ""MSinceMostRecentInqexcl7days"": 0.2}",0.2866300046443939,True
monotone_xgboost,806,True,feasible,very_high_risk,gurobi:Optimal,gurobi,0.7218387722969055,0.11930754780769348,1.2059704956890667,10,"{""ExternalRiskEstimate"": 0.07475409836065572, ""MSinceMostRecentTradeOpen"": -0.044386422976501305, ""NumSatisfactoryTrades"": 0.1848101265822785, ""PercentTradesNeverDelq"": 0.15169903535301466, ""MSinceMostRecentDelq"": 0.1951807228915663, ""PercentInstallTrades"": -0.17, ""MSinceMostRecentInqexcl7days"": 0.2, ""NetFractionRevolvingBurden"": -0.02586206896551724, ""NumRevolvingTradesWBalance"": -0.09375, ""NumBank2NatlTradesWHighUtilization"": -0.05555555555555555}",0.11930754780769348,True
monotone_xgboost,807,True,feasible,very_high_risk,gurobi:Optimal,gurobi,0.8894220590591431,0.403167188167572,1.1368771440037166,6,"{""ExternalRiskEstimate"": 0.07475409836065572, ""NumSatisfactoryTrades"": 0.18481012658227852, ""MSinceMostRecentInqexcl7days"": 0.2, ""NumInqLast6M"": -0.045454545454545456, ""NetFractionRevolvingBurden"": -0.19762931034482759, ""NumRevolvingTradesWBalance"": -0.12469723280271239}",0.403167188167572,True
monotone_xgboost,810,True,feasible,high_risk,gurobi:Optimal|refined_5,gurobi,0.5772541165351868,0.3836606442928314,0.13452284006150536,4,"{""NumSatisfactoryTrades"": 0.10257741817813376, ""NumTotalTrades"": -0.016153846153846158, ""PercentInstallTrades"": -0.040000000000000036, ""InstallBurdenPerTrade"": -0.015428571428571458}",0.3836606442928314,True
monotone_xgboost,812,True,feasible,very_high_risk,gurobi:Optimal|refined_1,gurobi,0.7333751320838928,0.3846639394760132,1.0141621217720838,7,"{""ExternalRiskEstimate"": 0.07475409836065572, ""NumSatisfactoryTrades"": 0.18481012658227852, ""MSinceMostRecentDelq"": 0.17176745069266933, ""PercentInstallTrades"": 0.020000000000000517, ""MSinceMostRecentInqexcl7days"": 0.2, ""NetFractionRevolvingBurden"": -0.15517241379310345, ""NumRevolvingTradesWBalance"": -0.15625}",0.3846639394760132,True
monotone_xgboost,814,True,feasible,near_threshold,gurobi:Optimal,gurobi,0.346072793006897,0.3226756751537323,0.0833935467339644,1,"{""NumSatisfactoryTrades"": 0.10575363668614202}",0.3226756751537323,True
monotone_xgboost,815,True,feasible,very_high_risk,gurobi:Optimal,gurobi,0.8666347861289978,0.2772510051727295,1.0552875772204722,7,"{""ExternalRiskEstimate"": 0.07475409836065572, ""MSinceMostRecentTradeOpen"": -0.09295039164490862, ""NumSatisfactoryTrades"": 0.18481012658227847, ""PercentTradesNeverDelq"": 0.16810180718449125, ""MSinceMostRecentDelq"": 0.1951807228915663, ""MSinceMostRecentInqexcl7days"": 0.20000000000000007, ""NetFractionRevolvingBurden"": -0.034482758620689655}",0.2772510051727295,True
monotone_xgboost,817,False,infeasible,very_high_risk,gurobi:Infeasible|refined_20,gurobi,0.984711229801178,0.9422155022621155,0.3279670710835636,7,"{""PercentTradesNeverDelq"": 0.030000000000000027, ""NumTotalTrades"": -0.020000000000000004, ""PercentInstallTrades"": -0.08000000000000007, ""NetFractionInstallBurden"": -0.11785714285714277, ""NumBank2NatlTradesWHighUtilization"": -0.002777777777777775, ""PercentTradesWBalance"": -0.015000000000000013, ""InstallBurdenPerTrade"": -0.04485714285714293}",0.9422155022621155,False
monotone_xgboost,819,True,feasible,very_high_risk,gurobi:Optimal,gurobi,0.8372607231140137,0.2159048467874527,2.168147414487951,12,"{""ExternalRiskEstimate"": 0.07475409836065572, ""MSinceMostRecentTradeOpen"": -0.057441253263707574, ""NumSatisfactoryTrades"": 0.18481012658227847, ""MSinceMostRecentDelq"": 0.19518072289156632, ""PercentInstallTrades"": -0.2, ""MSinceMostRecentInqexcl7days"": 0.2, ""NumInqLast6M"": -0.015151515151515152, ""NetFractionRevolvingBurden"": -0.19762931034482759, ""NetFractionInstallBurden"": -0.3214285714285714, ""NumRevolvingTradesWBalance"": -0.125, ""NumBank2NatlTradesWHighUtilization"": -0.1111111111111111, ""InstallBurdenPerTrade"": -0.17374167221867806}",0.2159048467874527,True
monotone_xgboost,820,True,feasible,very_high_risk,gurobi:Optimal,gurobi,0.7758997082710266,0.316119521856308,0.7015663983925207,4,"{""ExternalRiskEstimate"": 0.07475409836065572, ""NumSatisfactoryTrades"": 0.18481012658227847, ""MSinceMostRecentInqexcl7days"": 0.2, ""NetFractionRevolvingBurden"": -0.15935467718409604}",0.316119521856308,True
monotone_xgboost,823,True,feasible,very_high_risk,gurobi:Optimal,gurobi,0.8661423921585083,0.2646133303642273,1.1192858611041812,7,"{""ExternalRiskEstimate"": 0.07475409836065572, ""MSinceMostRecentTradeOpen"": -0.05483028720626632, ""NumSatisfactoryTrades"": 0.18481012658227847, ""MSinceMostRecentDelq"": 0.027227358486149517, ""MSinceMostRecentInqexcl7days"": 0.2, ""NetFractionRevolvingBurden"": -0.19762931034482759, ""NumRevolvingTradesWBalance"": -0.16875}",0.2646133303642273,True
monotone_xgboost,824,True,feasible,very_high_risk,gurobi:Optimal|refined_5,gurobi,0.9590325951576233,0.3943200707435608,2.388446519607415,14,"{""ExternalRiskEstimate"": 0.07475409836065572, ""NumSatisfactoryTrades"": 0.18481012658227847, ""MSinceMostRecentDelq"": 0.19518072289156632, ""NumTotalTrades"": 0.03230769230769237, ""NumTradesOpeninLast12M"": -0.006842105263157872, ""PercentInstallTrades"": -0.2, ""MSinceMostRecentInqexcl7days"": 0.2, ""NumInqLast6M"": -0.06060606060606061, ""NetFractionRevolvingBurden"": -0.19762931034482759, ""NetFractionInstallBurden"": -0.3901787796149879, ""NumRevolvingTradesWBalance"": -0.16875, ""NumInstallTradesWBalance"": -0.002777777777777775, ""NumBank2NatlTradesWHighUtilization"": -0.16666666666666666, ""InstallBurdenPerTrade"": -0.02242857142857141}",0.3943200707435608,True
monotone_xgboost,825,True,feasible,very_high_risk,gurobi:Optimal,gurobi,0.826453447341919,0.35315605998039246,1.4580954019526837,9,"{""ExternalRiskEstimate"": 0.07475409836065572, ""NumSatisfactoryTrades"": 0.1848101265822785, ""MSinceMostRecentDelq"": 0.19518072289156632, ""PercentInstallTrades"": -0.2, ""MSinceMostRecentInqexcl7days"": 0.2, ""NumInqLast6M"": -0.015151515151515152, ""NetFractionRevolvingBurden"": -0.19762931034482759, ""NetFractionInstallBurden"": -0.14708832078120915, ""NumRevolvingTradesWBalance"": -0.125}",0.35315605998039246,True
monotone_xgboost,826,True,feasible,very_high_risk,gurobi:Optimal,gurobi,0.7212340235710144,0.2333957999944687,1.1204964911442745,6,"{""ExternalRiskEstimate"": 0.07475409836065572, ""MSinceMostRecentTradeOpen"": -0.09295039164490859, ""NumSatisfactoryTrades"": 0.1848101265822785, ""MSinceMostRecentInqexcl7days"": 0.2, ""NetFractionRevolvingBurden"": -0.19762931034482759, ""NumRevolvingTradesWBalance"": -0.10755802708193883}",0.2333957999944687,True
monotone_xgboost,827,True,feasible,very_high_risk,gurobi:Optimal|refined_1,gurobi,0.8625243902206421,0.4190833866596222,1.4547654268244075,9,"{""ExternalRiskEstimate"": 0.07475409836065572, ""MSinceMostRecentTradeOpen"": -0.033942558746736295, ""NumSatisfactoryTrades"": 0.18481012658227847, ""PercentTradesNeverDelq"": 0.16771195364604696, ""PercentInstallTrades"": -0.019999999999999435, ""MSinceMostRecentInqexcl7days"": 0.19999999999999998, ""NumInqLast6M"": -0.045454545454545456, ""NetFractionRevolvingBurden"": -0.19762931034482759, ""NumRevolvingTradesWBalance"": -0.16875}",0.4190833866596222,True
monotone_xgboost,828,True,feasible,very_high_risk,gurobi:Optimal,gurobi,0.7889919877052307,0.276525616645813,1.082217867519568,7,"{""ExternalRiskEstimate"": 0.07475409836065572, ""NumSatisfactoryTrades"": 0.1848101265822785, ""MSinceMostRecentDelq"": 0.1951807228915663, ""PercentInstallTrades"": -0.13655572175278474, ""MSinceMostRecentInqexcl7days"": 0.2, ""NetFractionRevolvingBurden"": -0.19762931034482759, ""NumRevolvingTradesWBalance"": -0.09375}",0.276525616645813,True
monotone_xgboost,829,True,feasible,very_high_risk,gurobi:Optimal,gurobi,0.7828633785247803,0.13503852486610413,1.4342639597247873,8,"{""ExternalRiskEstimate"": 0.07475409836065572, ""MSinceMostRecentTradeOpen"": -0.018276762402088774, ""NumSatisfactoryTrades"": 0.18481012658227852, ""PercentTradesNeverDelq"": 0.19999999999999996, ""MSinceMostRecentDelq"": 0.1951807228915663, ""PercentInstallTrades"": -0.2, ""MSinceMostRecentInqexcl7days"": 0.2, ""NetFractionInstallBurden"": -0.30251593000884025}",0.13503852486610413,True
monotone_xgboost,831,True,feasible,very_high_risk,gurobi:Optimal|refined_2,gurobi,0.7698003053665161,0.35256677865982056,0.28432931230421266,3,"{""NumSatisfactoryTrades"": 0.18481012658227847, ""PercentInstallTrades"": 0.040000000000000036, ""MSinceMostRecentInqexcl7days"": 0.17655326104391236}",0.35256677865982056,True
monotone_xgboost,832,True,feasible,very_high_risk,gurobi:Optimal|refined_1,gurobi,0.8569647669792175,0.41943055391311646,0.8511485297253114,6,"{""ExternalRiskEstimate"": 0.07475409836065572, ""NumSatisfactoryTrades"": 0.18481012658227847, ""MSinceMostRecentInqexcl7days"": 0.2, ""NumInqLast6M"": -0.06060606060606061, ""NetFractionRevolvingBurden"": -0.04292280984150179, ""NumRevolvingTradesWBalance"": -0.0031250000000000028}",0.41943055391311646,True
monotone_xgboost,833,False,near_feasible,moderate_risk,gurobi:Optimal|refined_10,gurobi,0.5104487538337708,0.4339357912540436,0.14830735698431008,4,"{""NumTotalTrades"": -0.016153846153846158, ""NetFractionInstallBurden"": -0.05586734693877543, ""NumRevolvingTradesWBalance"": -0.0031250000000000028, ""InstallBurdenPerTrade"": -0.05142857142857138}",0.4339357912540436,False
monotone_xgboost,834,True,feasible,near_threshold,gurobi:Optimal,gurobi,0.43265265226364136,0.391532838344574,0.05566414916622211,1,"{""NumSatisfactoryTrades"": 0.07058922947775709}",0.391532838344574,True
monotone_xgboost,836,True,feasible,near_threshold,gurobi:Optimal,gurobi,0.35835716128349304,0.35835716128349304,0.0,0,{},0.35835716128349304,True
monotone_xgboost,837,True,feasible,high_risk,gurobi:Optimal,gurobi,0.5439930558204651,0.2790735960006714,0.22034328349284377,2,"{""NumSatisfactoryTrades"": 0.18481012658227847, ""MSinceMostRecentInqexcl7days"": 0.11638798171425635}",0.2790735960006714,True
monotone_xgboost,840,True,feasible,very_high_risk,gurobi:Optimal,gurobi,0.7706127762794495,0.37870582938194275,0.5637214917334499,4,"{""ExternalRiskEstimate"": 0.07475409836065572, ""NumSatisfactoryTrades"": 0.1848101265822785, ""MSinceMostRecentInqexcl7days"": 0.2, ""NetFractionRevolvingBurden"": -0.05736563947375778}",0.37870582938194275,True
monotone_xgboost,841,True,feasible,very_high_risk,gurobi:Optimal,gurobi,0.7227303385734558,0.3641231656074524,0.8172742318353612,5,"{""ExternalRiskEstimate"": 0.07475409836065572, ""NumSatisfactoryTrades"": 0.1848101265822785, ""MSinceMostRecentInqexcl7days"": 0.19999999999999998, ""NumInqLast6M"": -0.012795428801797116, ""NetFractionRevolvingBurden"": -0.19762931034482759}",0.3641231656074524,True
monotone_xgboost,842,True,feasible,very_high_risk,gurobi:Optimal,gurobi,0.6706367135047913,0.3219663202762604,0.6162912535827259,4,"{""ExternalRiskEstimate"": 0.07475409836065572, ""NumSatisfactoryTrades"": 0.18481012658227847, ""MSinceMostRecentInqexcl7days"": 0.2, ""NetFractionRevolvingBurden"": -0.09626108765255698}",0.3219663202762604,True
monotone_xgboost,843,True,feasible,very_high_risk,gurobi:Optimal|refined_7,gurobi,0.948027491569519,0.4170151352882385,2.1985364675982453,15,"{""ExternalRiskEstimate"": 0.07475409836065572, ""NumSatisfactoryTrades"": 0.1848101265822785, ""MSinceMostRecentDelq"": 0.1951807228915663, ""NumTotalTrades"": -0.04846153846153847, ""NumTradesOpeninLast12M"": -0.005263157894736845, ""PercentInstallTrades"": -0.2, ""MSinceMostRecentInqexcl7days"": 0.2, ""NumInqLast6M"": -0.06363636363636364, ""NetFractionRevolvingBurden"": -0.19762931034482759, ""NetFractionInstallBurden"": -0.24671482553354698, ""NumRevolvingTradesWBalance"": -0.16875, ""NumInstallTradesWBalance"": -0.00555555555555555, ""NumBank2NatlTradesWHighUtilization"": -0.16666666666666666, ""PercentTradesWBalance"": -0.015000000000000013, ""RevolvingBurdenPerTrade"": -0.003771551724137928}",0.4170151352882385,True
monotone_xgboost,844,True,feasible,very_high_risk,gurobi:Optimal,gurobi,0.6841220855712891,0.3690797984600067,0.622860012307414,4,"{""ExternalRiskEstimate"": 0.07475409836065572, ""NumSatisfactoryTrades"": 0.18481012658227852, ""MSinceMostRecentInqexcl7days"": 0.2, ""NetFractionRevolvingBurden"": -0.10112119744928155}",0.3690797984600067,True
monotone_xgboost,845,True,feasible,high_risk,gurobi:Optimal,gurobi,0.5376802682876587,0.35086435079574585,0.19701362079282314,2,"{""NumSatisfactoryTrades"": 0.1848101265822785, ""MSinceMostRecentInqexcl7days"": 0.07999416028145413}",0.35086435079574585,True
monotone_xgboost,849,False,infeasible,very_high_risk,gurobi:Optimal|refined_7,gurobi,0.8265174031257629,0.5715917348861694,0.4137160317692422,7,"{""ExternalRiskEstimate"": 0.07256425014100598, ""NumSatisfactoryTrades"": 0.18481012658227847, ""NumTotalTrades"": 0.016153846153846185, ""PercentInstallTrades"": 0.03300000000000003, ""NetFractionRevolvingBurden"": -0.006465517241379309, ""NumInstallTradesWBalance"": -0.00555555555555555, ""NumBank2NatlTradesWHighUtilization"": -0.008333333333333331}",0.5715917348861694,False
monotone_xgboost,850,True,feasible,high_risk,gurobi:Optimal,gurobi,0.5763720273971558,0.27048513293266296,0.2535811480217012,2,"{""NumSatisfactoryTrades"": 0.18481012658227852, ""MSinceMostRecentInqexcl7days"": 0.16823840587276048}",0.27048513293266296,True
monotone_xgboost,854,True,feasible,high_risk,gurobi:Optimal,gurobi,0.5516200661659241,0.174940824508667,0.2715130669832712,2,"{""NumSatisfactoryTrades"": 0.18481012658227847, ""MSinceMostRecentInqexcl7days"": 0.19621185173978048}",0.174940824508667,True
monotone_xgboost,856,True,feasible,moderate_risk,gurobi:Optimal,gurobi,0.4721400737762451,0.1918104887008667,0.20565602940265976,2,"{""NumSatisfactoryTrades"": 0.1848101265822785, ""MSinceMostRecentInqexcl7days"": 0.09347615013017269}",0.1918104887008667,True
monotone_xgboost,858,True,feasible,moderate_risk,gurobi:Optimal,gurobi,0.517593502998352,0.26825013756752014,0.64024671951433,4,"{""ExternalRiskEstimate"": 0.07475409836065572, ""NumSatisfactoryTrades"": 0.1848101265822785, ""MSinceMostRecentInqexcl7days"": 0.2, ""NetFractionRevolvingBurden"": -0.11398531829322767}",0.26825013756752014,True
monotone_xgboost,859,True,feasible,very_high_risk,gurobi:Optimal,gurobi,0.881000280380249,0.3893222510814667,1.7877837672576617,11,"{""ExternalRiskEstimate"": 0.07475409836065572, ""MSinceMostRecentTradeOpen"": -0.04960835509138381, ""NumSatisfactoryTrades"": 0.18481012658227847, ""MSinceMostRecentDelq"": 0.1951807228915663, ""PercentInstallTrades"": -0.15, ""MSinceMostRecentInqexcl7days"": 0.2, ""NumInqLast6M"": -0.045454545454545456, ""NetFractionRevolvingBurden"": -0.19762931034482759, ""NetFractionInstallBurden"": -0.019111383152808137, ""NumRevolvingTradesWBalance"": -0.16875, ""NumBank2NatlTradesWHighUtilization"": -0.16666666666666663}",0.3893222510814667,True
monotone_xgboost,860,True,feasible,very_high_risk,gurobi:Optimal,gurobi,0.6794032454490662,0.35648080706596375,0.5108396004125846,4,"{""ExternalRiskEstimate"": 0.07475409836065572, ""NumSatisfactoryTrades"": 0.18481012658227847, ""MSinceMostRecentInqexcl7days"": 0.2, ""NetFractionRevolvingBurden"": -0.018239252153136182}",0.35648080706596375,True
monotone_xgboost,861,True,feasible,very_high_risk,gurobi:Optimal,gurobi,0.8260728716850281,0.24142205715179443,0.5325567991814925,3,"{""NumSatisfactoryTrades"": 0.1848101265822785, ""MSinceMostRecentInqexcl7days"": 0.18675009095026934, ""NetFractionRevolvingBurden"": -0.19762931034482759}",0.24142205715179443,True
monotone_xgboost,862,False,infeasible,very_high_risk,gurobi:Infeasible|refined_12,gurobi,0.8657338619232178,0.8255361318588257,0.11016970911953453,6,"{""PercentTradesNeverDelq"": 0.010000000000000009, ""NumTotalTrades"": -0.016153846153846158, ""NumRevolvingTradesWBalance"": -0.0078125, ""NumInstallTradesWBalance"": -0.002777777777777775, ""NumBank2NatlTradesWHighUtilization"": -0.008333333333333331, ""InstallBurdenPerTrade"": -0.06857142857142856}",0.8255361318588257,False
monotone_xgboost,863,True,feasible,very_high_risk,gurobi:Optimal,gurobi,0.8656983375549316,0.28106534481048584,2.1404182418133733,11,"{""ExternalRiskEstimate"": 0.07475409836065572, ""MSinceMostRecentTradeOpen"": -0.02610966057441253, ""NumSatisfactoryTrades"": 0.18481012658227847, ""MSinceMostRecentDelq"": 0.19518072289156632, ""PercentInstallTrades"": -0.19999999999999998, ""MSinceMostRecentInqexcl7days"": 0.2, ""NetFractionRevolvingBurden"": -0.19762931034482759, ""NetFractionInstallBurden"": -0.3571428571428571, ""NumRevolvingTradesWBalance"": -0.125, ""NumBank2NatlTradesWHighUtilization"": -0.1111111111111111, ""InstallBurdenPerTrade"": -0.2546817021961567}",0.28106534481048584,True
monotone_xgboost,864,True,feasible,high_risk,gurobi:Optimal,gurobi,0.5200608968734741,0.31392499804496765,0.24232355998571192,2,"{""NumSatisfactoryTrades"": 0.18481012658227847, ""MSinceMostRecentInqexcl7days"": 0.15067678682948657}",0.31392499804496765,True
monotone_xgboost,869,False,infeasible,very_high_risk,gurobi:Optimal|refined_6,gurobi,0.8582445979118347,0.46821802854537964,2.130553692901506,13,"{""ExternalRiskEstimate"": 0.07475409836065572, ""MSinceMostRecentTradeOpen"": -0.09295039164490862, ""NumSatisfactoryTrades"": 0.1848101265822785, ""PercentTradesNeverDelq"": 0.2, ""MSinceMostRecentDelq"": 0.1951807228915663, ""PercentInstallTrades"": -0.2, ""MSinceMostRecentInqexcl7days"": 0.2, ""NumInqLast6M"": -0.015151515151515152, ""NetFractionRevolvingBurden"": -0.19762931034482759, ""NetFractionInstallBurden"": -0.3724489795918367, ""NumRevolvingTradesWBalance"": -0.0070540798143143915, ""NumInstallTradesWBalance"": -0.00555555555555555, ""InstallBurdenPerTrade"": -0.05142857142857138}",0.46821802854537964,False
monotone_xgboost,870,True,feasible,very_high_risk,gurobi:Optimal|refined_4,gurobi,0.7869642972946167,0.4175703227519989,1.1060151889309506,9,"{""ExternalRiskEstimate"": 0.07475409836065572, ""MSinceMostRecentTradeOpen"": -0.028720626631853787, ""NumSatisfactoryTrades"": 0.18481012658227852, ""MSinceMostRecentDelq"": 0.07987103249829236, ""NumTotalTrades"": -0.01615384615384613, ""PercentInstallTrades"": -0.06000000000000005, ""MSinceMostRecentInqexcl7days"": 0.2, ""NetFractionRevolvingBurden"": -0.1724137931034483, ""NumRevolvingTradesWBalance"": -0.16875}",0.4175703227519989,True
monotone_xgboost,872,True,feasible,high_risk,gurobi:Optimal,gurobi,0.5439930558204651,0.2790735960006714,0.22034328349284377,2,"{""NumSatisfactoryTrades"": 0.18481012658227847, ""MSinceMostRecentInqexcl7days"": 0.11638798171425635}",0.2790735960006714,True
monotone_xgboost,873,True,feasible,moderate_risk,gurobi:Optimal|refined_7,gurobi,0.4726654887199402,0.4120452404022217,0.06687045898506036,3,"{""NumRevolvingTradesWBalance"": -0.0031250000000000028, ""NumInstallTradesWBalance"": -0.00555555555555555, ""InstallBurdenPerTrade"": -0.06250000000000006}",0.4120452404022217,True
monotone_xgboost,874,True,feasible,near_threshold,gurobi:Optimal,gurobi,0.2927977740764618,0.1323038935661316,0.22494662329569587,2,"{""NumSatisfactoryTrades"": 0.18481012658227847, ""MSinceMostRecentInqexcl7days"": 0.12356910254457859}",0.1323038935661316,True
monotone_xgboost,875,True,feasible,high_risk,gurobi:Optimal,gurobi,0.5439930558204651,0.2790735960006714,0.22034328349284377,2,"{""NumSatisfactoryTrades"": 0.18481012658227847, ""MSinceMostRecentInqexcl7days"": 0.11638798171425635}",0.2790735960006714,True
monotone_xgboost,878,False,infeasible,very_high_risk,gurobi:Optimal|refined_6,gurobi,0.806254506111145,0.4880070686340332,1.3819046736318825,14,"{""ExternalRiskEstimate"": 0.07475409836065572, ""MSinceMostRecentTradeOpen"": -0.018276762402088774, ""NumSatisfactoryTrades"": 0.1848101265822785, ""MSinceMostRecentDelq"": 0.19518072289156632, ""NumTradesOpeninLast12M"": -0.005263157894736845, ""PercentInstallTrades"": -0.20000000000000007, ""MSinceMostRecentInqexcl7days"": 0.2, ""NumInqLast6M"": -0.030303030303030304, ""NetFractionRevolvingBurden"": -0.08189655172413793, ""NetFractionInstallBurden"": -0.20602608692575264, ""NumRevolvingTradesWBalance"": -0.0015625000000000014, ""NumBank2NatlTradesWHighUtilization"": -0.002777777777777775, ""PercentTradesWBalance"": -0.015000000000000013, ""RevolvingBurdenPerTrade"": -0.004094827586206898}",0.4880070686340332,False
monotone_xgboost,879,True,feasible,high_risk,gurobi:Optimal,gurobi,0.590702474117279,0.4183565676212311,0.7037993783398477,4,"{""ExternalRiskEstimate"": 0.07475409836065572, ""NumSatisfactoryTrades"": 0.18481012658227852, ""MSinceMostRecentInqexcl7days"": 0.2, ""NetFractionRevolvingBurden"": -0.16100682002762978}",0.4183565676212311,True
monotone_xgboost,880,True,feasible,high_risk,gurobi:Optimal,gurobi,0.5439930558204651,0.2790735960006714,0.22034328349284377,2,"{""NumSatisfactoryTrades"": 0.18481012658227847, ""MSinceMostRecentInqexcl7days"": 0.11638798171425635}",0.2790735960006714,True
monotone_xgboost,881,True,feasible,high_risk,gurobi:Optimal|refined_5,gurobi,0.60592120885849,0.3712795376777649,0.3677563926345623,5,"{""ExternalRiskEstimate"": 0.062260997146648456, ""NumSatisfactoryTrades"": 0.18481012658227847, ""NumTradesOpeninLast12M"": -0.0026315789473684223, ""PercentInstallTrades"": 0.06000000000000005, ""NumRevolvingTradesWBalance"": -0.0031250000000000028}",0.3712795376777649,True
monotone_xgboost,882,True,feasible,very_high_risk,gurobi:Optimal,gurobi,0.9053081274032593,0.2048349529504776,0.8305376918722877,6,"{""ExternalRiskEstimate"": 0.07475409836065572, ""MSinceMostRecentTradeOpen"": -0.033942558746736295, ""NumSatisfactoryTrades"": 0.1848101265822785, ""PercentTradesNeverDelq"": 0.1866391231587221, ""MSinceMostRecentInqexcl7days"": 0.2, ""NumInqLast6M"": -0.015151515151515152}",0.2048349529504776,True
monotone_xgboost,885,False,infeasible,very_high_risk,gurobi:Infeasible|refined_12,gurobi,0.9137274026870728,0.8588250279426575,0.17446603895240198,3,"{""NumTotalTrades"": 0.010961538461538467, ""NetFractionInstallBurden"": -0.05586734693877543, ""InstallBurdenPerTrade"": -0.08999999999999991}",0.8588250279426575,False
monotone_xgboost,888,True,feasible,very_high_risk,gurobi:Optimal,gurobi,0.7980711460113525,0.3350900113582611,1.0272377286754135,6,"{""ExternalRiskEstimate"": 0.07475409836065572, ""NumSatisfactoryTrades"": 0.18481012658227847, ""PercentTradesNeverDelq"": 0.15889739482151277, ""MSinceMostRecentInqexcl7days"": 0.2, ""NetFractionRevolvingBurden"": -0.19762931034482759, ""NumRevolvingTradesWBalance"": -0.09375}",0.3350900113582611,True
monotone_xgboost,889,True,feasible,near_threshold,gurobi:Optimal,gurobi,0.20791803300380707,0.20791803300380707,0.0,0,{},0.20791803300380707,True
monotone_xgboost,891,True,feasible,very_high_risk,gurobi:Optimal,gurobi,0.9505530595779419,0.3705340027809143,2.203078776550593,12,"{""ExternalRiskEstimate"": 0.07475409836065572, ""NumSatisfactoryTrades"": 0.18481012658227852, ""PercentTradesNeverDelq"": 0.05999999999999994, ""MSinceMostRecentDelq"": 0.1951807228915663, ""PercentInstallTrades"": -0.2, ""MSinceMostRecentInqexcl7days"": 0.2, ""NumInqLast6M"": -0.06060606060606061, ""NetFractionRevolvingBurden"": -0.19762931034482759, ""NetFractionInstallBurden"": -0.40306122448979587, ""NumRevolvingTradesWBalance"": -0.09375, ""NumBank2NatlTradesWHighUtilization"": -0.05555555555555555, ""InstallBurdenPerTrade"": -0.04393225226584313}",0.3705340027809143,True
monotone_xgboost,892,True,feasible,very_high_risk,gurobi:Optimal,gurobi,0.7514511346817017,0.3671264052391052,1.281131407175315,10,"{""ExternalRiskEstimate"": 0.07475409836065572, ""MSinceMostRecentTradeOpen"": -0.01566579634464752, ""NumSatisfactoryTrades"": 0.18481012658227852, ""PercentTradesNeverDelq"": 0.16698823767293614, ""MSinceMostRecentDelq"": 0.1951807228915663, ""PercentInstallTrades"": -0.18, ""MSinceMostRecentInqexcl7days"": 0.2, ""NetFractionRevolvingBurden"": -0.17672413793103448, ""NumRevolvingTradesWBalance"": -0.03125, ""NumBank2NatlTradesWHighUtilization"": -0.05555555555555555}",0.3671264052391052,True
monotone_xgboost,893,True,feasible,very_high_risk,gurobi:Optimal,gurobi,0.7408295273780823,0.16473691165447235,1.5192152246653352,12,"{""ExternalRiskEstimate"": 0.07475409836065572, ""MSinceMostRecentTradeOpen"": -0.0391644908616188, ""NumSatisfactoryTrades"": 0.18481012658227852, ""PercentTradesNeverDelq"": 0.14, ""MSinceMostRecentDelq"": 0.1951807228915663, ""PercentInstallTrades"": -0.2, ""MSinceMostRecentInqexcl7days"": 0.2, ""NumInqLast6M"": -0.030303030303030304, ""NetFractionRevolvingBurden"": -0.034482758620689655, ""NetFractionInstallBurden"": -0.15816326530612243, ""NumRevolvingTradesWBalance"": -0.03125, ""InstallBurdenPerTrade"": -0.07899287996584023}",0.16473691165447235,True
monotone_xgboost,895,True,feasible,near_threshold,gurobi:Optimal|refined_1,gurobi,0.44087591767311096,0.4140932261943817,0.009304979353912921,1,"{""NumTotalTrades"": 0.010480769230769231}",0.4140932261943817,True
monotone_xgboost,896,True,feasible,high_risk,gurobi:Optimal,gurobi,0.5439930558204651,0.2790735960006714,0.22034328349284377,2,"{""NumSatisfactoryTrades"": 0.18481012658227847, ""MSinceMostRecentInqexcl7days"": 0.11638798171425635}",0.2790735960006714,True
monotone_xgboost,897,True,feasible,very_high_risk,gurobi:Optimal|refined_1,gurobi,0.8838510513305664,0.36249861121177673,0.8440596296469365,6,"{""ExternalRiskEstimate"": 0.07475409836065572, ""NumSatisfactoryTrades"": 0.18481012658227847, ""PercentInstallTrades"": 0.020000000000000018, ""MSinceMostRecentInqexcl7days"": 0.2, ""NumInqLast6M"": -0.01561070209776632, ""NetFractionRevolvingBurden"": -0.19762931034482759}",0.36249861121177673,True
monotone_xgboost,898,True,feasible,high_risk,gurobi:Optimal,gurobi,0.6062321066856384,0.16368377208709717,0.6149017474516442,4,"{""ExternalRiskEstimate"": 0.07475409836065572, ""NumSatisfactoryTrades"": 0.18481012658227852, ""MSinceMostRecentInqexcl7days"": 0.2, ""NetFractionRevolvingBurden"": -0.09523301634664987}",0.16368377208709717,True
monotone_xgboost,899,True,feasible,very_high_risk,gurobi:Optimal,gurobi,0.6202399134635925,0.3215183913707733,0.7014241024947802,4,"{""ExternalRiskEstimate"": 0.07475409836065572, ""NumSatisfactoryTrades"": 0.18481012658227852, ""MSinceMostRecentInqexcl7days"": 0.2, ""NetFractionRevolvingBurden"": -0.15924939493586193}",0.3215183913707733,True
monotone_xgboost,900,False,infeasible,very_high_risk,gurobi:Infeasible|refined_7,gurobi,0.9261946678161621,0.891233503818512,0.047504847363937654,6,"{""NumTotalTrades"": 0.010961538461538467, ""NumTradesOpeninLast12M"": -0.006842105263157899, ""NetFractionRevolvingBurden"": -0.009881465517241395, ""NumInstallTradesWBalance"": -0.002777777777777775, ""NumBank2NatlTradesWHighUtilization"": -0.002777777777777775, ""PercentTradesWBalance"": -0.015000000000000013}",0.891233503818512,False
monotone_xgboost,901,True,feasible,very_high_risk,gurobi:Optimal|refined_2,gurobi,0.9594003558158875,0.39393898844718933,1.9375411152499775,12,"{""ExternalRiskEstimate"": 0.07475409836065572, ""MSinceMostRecentTradeOpen"": -0.01566579634464752, ""NumSatisfactoryTrades"": 0.1848101265822785, ""MSinceMostRecentDelq"": 0.1951807228915663, ""NumTotalTrades"": -0.015769230769230758, ""PercentInstallTrades"": -0.2, ""MSinceMostRecentInqexcl7days"": 0.2, ""NumInqLast6M"": -0.015151515151515152, ""NetFractionRevolvingBurden"": -0.19762931034482759, ""NetFractionInstallBurden"": -0.42879736840414223, ""NumRevolvingTradesWBalance"": -0.125, ""NumBank2NatlTradesWHighUtilization"": -0.002777777777777775}",0.39393898844718933,True
monotone_xgboost,902,False,infeasible,very_high_risk,gurobi:Optimal|refined_8,gurobi,0.8956883549690247,0.5051509737968445,0.8167906326229468,8,"{""ExternalRiskEstimate"": 0.07475409836065572, ""NumSatisfactoryTrades"": 0.18481012658227847, ""NumTotalTrades"": 0.04846153846153839, ""PercentInstallTrades"": 0.020000000000000018, ""MSinceMostRecentInqexcl7days"": 0.2, ""NetFractionRevolvingBurden"": -0.19312908337121837, ""NumInstallTradesWBalance"": -0.008333333333333331, ""NumBank2NatlTradesWHighUtilization"": -0.002777777777777775}",0.5051509737968445,False
monotone_xgboost,903,True,feasible,high_risk,gurobi:Optimal,gurobi,0.6087309122085571,0.3792571425437927,0.5579979361133918,4,"{""ExternalRiskEstimate"": 0.07475409836065572, ""NumSatisfactoryTrades"": 0.18481012658227847, ""MSinceMostRecentInqexcl7days"": 0.2, ""NetFractionRevolvingBurden"": -0.053130880684917864}",0.3792571425437927,True
monotone_xgboost,904,False,infeasible,very_high_risk,gurobi:Infeasible|refined_12,gurobi,0.9012715220451355,0.79819256067276,0.1253015758213255,6,"{""NumTotalTrades"": 0.02096153846153847, ""PercentInstallTrades"": -0.040000000000000036, ""NetFractionInstallBurden"": -0.01862244897959181, ""NumInstallTradesWBalance"": -0.002777777777777775, ""NumBank2NatlTradesWHighUtilization"": -0.002777777777777775, ""InstallBurdenPerTrade"": -0.05142857142857138}",0.79819256067276,False
monotone_xgboost,906,False,infeasible,very_high_risk,gurobi:Infeasible|refined_11,gurobi,0.8878254294395447,0.8690023422241211,0.11777963346301656,5,"{""NumTradesOpeninLast12M"": -0.0026315789473684223, ""NetFractionRevolvingBurden"": -0.009881465517241395, ""NetFractionInstallBurden"": -0.01862244897959181, ""NumRevolvingTradesWBalance"": -0.0031250000000000028, ""InstallBurdenPerTrade"": -0.07714285714285707}",0.8690023422241211,False
monotone_xgboost,907,True,feasible,very_high_risk,gurobi:Optimal,gurobi,0.6896193623542786,0.34001997113227844,0.3734213428762986,3,"{""ExternalRiskEstimate"": 0.03503722474281601, ""NumSatisfactoryTrades"": 0.1848101265822785, ""MSinceMostRecentInqexcl7days"": 0.2}",0.34001997113227844,True
monotone_xgboost,909,False,infeasible,very_high_risk,gurobi:Optimal|refined_7,gurobi,0.9049469232559204,0.447884738445282,1.6770798700575928,13,"{""ExternalRiskEstimate"": 0.07475409836065572, ""NumSatisfactoryTrades"": 0.18481012658227847, ""MSinceMostRecentDelq"": 0.1951807228915663, ""NumTradesOpeninLast12M"": -0.005263157894736845, ""PercentInstallTrades"": -0.2, ""MSinceMostRecentInqexcl7days"": 0.2, ""NumInqLast6M"": -0.045454545454545456, ""NetFractionRevolvingBurden"": -0.19762931034482759, ""NetFractionInstallBurden"": -0.01862244897959181, ""NumRevolvingTradesWBalance"": -0.15625, ""NumBank2NatlTradesWHighUtilization"": -0.13316295124337094, ""RevolvingBurdenPerTrade"": -0.005646551724137944, ""InstallBurdenPerTrade"": -0.03128571428571428}",0.447884738445282,False
monotone_xgboost,910,True,feasible,near_threshold,gurobi:Optimal,gurobi,0.28910353779792786,0.28910353779792786,0.0,0,{},0.28910353779792786,True
monotone_xgboost,911,False,infeasible,very_high_risk,gurobi:Infeasible|refined_6,gurobi,0.8674193620681763,0.8471968173980713,0.03527707001833896,5,"{""NumTradesOpeninLast12M"": -0.0026315789473684223, ""PercentInstallTrades"": 0.020000000000000018, ""NumInstallTradesWBalance"": -0.008333333333333331, ""NumBank2NatlTradesWHighUtilization"": -0.002777777777777775, ""InstallBurdenPerTrade"": -0.006142857142857144}",0.8471968173980713,False
monotone_xgboost,912,True,feasible,very_high_risk,gurobi:Optimal,gurobi,0.923285961151123,0.25022125244140625,2.296448749480193,12,"{""ExternalRiskEstimate"": 0.07475409836065572, ""MSinceMostRecentTradeOpen"": -0.05221932114882506, ""NumSatisfactoryTrades"": 0.18481012658227852, ""PercentTradesNeverDelq"": 0.07999999999999996, ""MSinceMostRecentDelq"": 0.19518072289156627, ""PercentInstallTrades"": -0.2, ""MSinceMostRecentInqexcl7days"": 0.2, ""NetFractionRevolvingBurden"": -0.19762931034482759, ""NetFractionInstallBurden"": -0.37755102040816324, ""NumRevolvingTradesWBalance"": -0.16875, ""NumBank2NatlTradesWHighUtilization"": -0.16666666666666666, ""InstallBurdenPerTrade"": -0.09032201603635043}",0.25022125244140625,True
monotone_xgboost,913,True,feasible,near_threshold,gurobi:Optimal,gurobi,0.3772295117378235,0.3751698136329651,0.03075380413766413,1,"{""NumSatisfactoryTrades"": 0.03899973987035982}",0.3751698136329651,True
monotone_xgboost,914,True,feasible,near_threshold,gurobi:Optimal,gurobi,0.4003508687019348,0.4003508687019348,7.116902723206915e-17,0,{},0.4003508687019348,True
monotone_xgboost,916,False,infeasible,very_high_risk,gurobi:Infeasible|refined_15,gurobi,0.9600671529769897,0.9217631816864014,0.2438131802151465,9,"{""NumTotalTrades"": -0.020000000000000004, ""NumTradesOpeninLast12M"": -0.0026315789473684223, ""PercentInstallTrades"": 0.020000000000000018, ""NetFractionInstallBurden"": -0.11607142857142866, ""NumRevolvingTradesWBalance"": -0.0015625000000000014, ""NumInstallTradesWBalance"": -0.00555555555555555, ""NumBank2NatlTradesWHighUtilization"": -0.002777777777777775, ""PercentTradesWBalance"": -0.015000000000000013, ""InstallBurdenPerTrade"": -0.016249999999999987}",0.9217631816864014,False
monotone_xgboost,920,True,feasible,near_threshold,gurobi:Optimal,gurobi,0.4108964204788208,0.387822687625885,0.11529651328665982,1,"{""NumSatisfactoryTrades"": 0.1462106608343883}",0.387822687625885,True
monotone_xgboost,921,True,feasible,very_high_risk,gurobi:Optimal,gurobi,0.9137097001075745,0.12815462052822113,1.6613454773336334,8,"{""ExternalRiskEstimate"": 0.07475409836065572, ""NumSatisfactoryTrades"": 0.18481012658227852, ""PercentTradesNeverDelq"": 0.14, ""MSinceMostRecentDelq"": 0.1951807228915663, ""PercentInstallTrades"": -0.2, ""MSinceMostRecentInqexcl7days"": 0.2, ""NetFractionRevolvingBurden"": -0.19762931034482759, ""NetFractionInstallBurden"": -0.34566992621826825}",0.12815462052822113,True
monotone_xgboost,922,True,feasible,very_high_risk,gurobi:Optimal|refined_2,gurobi,0.7626932859420776,0.3960062861442566,0.895305106230265,6,"{""ExternalRiskEstimate"": 0.07475409836065572, ""NumSatisfactoryTrades"": 0.18481012658227847, ""NumTotalTrades"": -0.01615384615384613, ""MSinceMostRecentInqexcl7days"": 0.2, ""NetFractionRevolvingBurden"": -0.19762931034482759, ""NumRevolvingTradesWBalance"": -0.10184836993857072}",0.3960062861442566,True
monotone_xgboost,925,True,feasible,very_high_risk,gurobi:Optimal|refined_3,gurobi,0.8630092740058899,0.41285088658332825,1.5321608500254749,12,"{""ExternalRiskEstimate"": 0.07475409836065572, ""MSinceMostRecentTradeOpen"": -0.033942558746736295, ""NumSatisfactoryTrades"": 0.18481012658227847, ""MSinceMostRecentDelq"": 0.19518072289156627, ""PercentInstallTrades"": -0.2, ""MSinceMostRecentInqexcl7days"": 0.2, ""NetFractionRevolvingBurden"": -0.19762931034482759, ""NumRevolvingTradesWBalance"": -0.16875, ""NumInstallTradesWBalance"": -0.002777777777777775, ""NumBank2NatlTradesWHighUtilization"": -0.15805871318998335, ""RevolvingBurdenPerTrade"": -0.0029388714733542334, ""InstallBurdenPerTrade"": -0.012857142857142845}",0.41285088658332825,True
monotone_xgboost,926,False,infeasible,very_high_risk,gurobi:Infeasible|refined_17,gurobi,0.9356241822242737,0.8945323824882507,0.2231225287653753,7,"{""NumTotalTrades"": -0.013365384615384612, ""PercentInstallTrades"": 0.06000000000000005, ""NetFractionInstallBurden"": -0.05586734693877543, ""NumRevolvingTradesWBalance"": -0.0062500000000000056, ""PercentTradesWBalance"": -0.04500000000000004, ""RevolvingBurdenPerTrade"": -0.005646551724137944, ""InstallBurdenPerTrade"": -0.05142857142857138}",0.8945323824882507,False
monotone_xgboost,928,True,feasible,very_high_risk,gurobi:Optimal|refined_1,gurobi,0.7098556160926819,0.4068632423877716,0.7467643807890086,5,"{""ExternalRiskEstimate"": 0.07475409836065572, ""NumSatisfactoryTrades"": 0.18481012658227847, ""PercentInstallTrades"": -0.020000000000000018, ""MSinceMostRecentInqexcl7days"": 0.2, ""NumInqLast6M"": -0.049573460099189795}",0.4068632423877716,True
monotone_xgboost,930,True,feasible,very_high_risk,gurobi:Optimal,gurobi,0.9588603377342224,0.39249327778816223,2.343013326187229,13,"{""ExternalRiskEstimate"": 0.07475409836065572, ""MSinceMostRecentTradeOpen"": -0.010443864229765013, ""NumSatisfactoryTrades"": 0.1848101265822785, ""PercentTradesNeverDelq"": 0.07999999999999996, ""MSinceMostRecentDelq"": 0.19518072289156627, ""PercentInstallTrades"": -0.2, ""MSinceMostRecentInqexcl7days"": 0.2, ""NumInqLast6M"": -0.06363636363636364, ""NetFractionRevolvingBurden"": -0.19762931034482759, ""NetFractionInstallBurden"": -0.4183673469387755, ""NumRevolvingTradesWBalance"": -0.0625, ""NumBank2NatlTradesWHighUtilization"": -0.05555555555555555, ""InstallBurdenPerTrade"": -0.1497940285335406}",0.39249327778816223,True
monotone_xgboost,933,True,feasible,very_high_risk,gurobi:Optimal|refined_1,gurobi,0.7010639905929565,0.38744425773620605,0.9695800666892882,6,"{""ExternalRiskEstimate"": 0.07475409836065572, ""NumSatisfactoryTrades"": 0.1848101265822785, ""MSinceMostRecentInqexcl7days"": 0.19999999999999998, ""NumInqLast6M"": -0.06060606060606061, ""NetFractionRevolvingBurden"": -0.12562121552337926, ""NumRevolvingTradesWBalance"": -0.008437499999999987}",0.38744425773620605,True
monotone_xgboost,934,False,near_feasible,very_high_risk,gurobi:Optimal|refined_7,gurobi,0.8948929905891418,0.4374609589576721,2.0668426400274624,14,"{""ExternalRiskEstimate"": 0.07475409836065572, ""MSinceMostRecentTradeOpen"": -0.03133159268929504, ""NumSatisfactoryTrades"": 0.18481012658227847, ""MSinceMostRecentDelq"": 0.1951807228915663, ""NumTotalTrades"": -0.01615384615384613, ""PercentInstallTrades"": -0.2, ""MSinceMostRecentInqexcl7days"": 0.2, ""NumInqLast6M"": -0.015151515151515152, ""NetFractionRevolvingBurden"": -0.19762931034482759, ""NetFractionInstallBurden"": -0.27064095763049195, ""NumRevolvingTradesWBalance"": -0.16875, ""NumBank2NatlTradesWHighUtilization"": -0.16666666666666666, ""RevolvingBurdenPerTrade"": -0.004525862068965519, ""InstallBurdenPerTrade"": -0.05142857142857138}",0.4374609589576721,False
monotone_xgboost,935,True,feasible,near_threshold,gurobi:Optimal,gurobi,0.30855631828308105,0.24196141958236694,0.13816396283127008,1,"{""NumSatisfactoryTrades"": 0.1752094988235449}",0.24196141958236694,True
monotone_xgboost,936,False,infeasible,very_high_risk,gurobi:Infeasible|refined_11,gurobi,0.8060131669044495,0.7679661512374878,0.13957570109477813,5,"{""NumTradesOpeninLast12M"": -0.006842105263157899, ""PercentInstallTrades"": -0.040000000000000036, ""NetFractionInstallBurden"": -0.03724489795918362, ""NumBank2NatlTradesWHighUtilization"": -0.002777777777777775, ""InstallBurdenPerTrade"": -0.05142857142857138}",0.7679661512374878,False
monotone_xgboost,939,True,feasible,very_high_risk,gurobi:Optimal,gurobi,0.7920839786529541,0.41440457105636597,0.6240279459289564,5,"{""ExternalRiskEstimate"": 0.07475409836065572, ""MSinceMostRecentTradeOpen"": -0.018276762402088774, ""NumSatisfactoryTrades"": 0.18481012658227852, ""MSinceMostRecentInqexcl7days"": 0.2, ""NetFractionRevolvingBurden"": -0.06817868830250387}",0.41440457105636597,True
monotone_xgboost,941,True,feasible,moderate_risk,gurobi:Optimal,gurobi,0.5057408809661865,0.383285790681839,0.23865902206239015,2,"{""NumSatisfactoryTrades"": 0.18481012658227847, ""MSinceMostRecentInqexcl7days"": 0.14496017872717623}",0.383285790681839,True
monotone_xgboost,942,False,infeasible,high_risk,gurobi:Optimal|refined_5,gurobi,0.593608558177948,0.4787704646587372,0.09429488631386282,3,"{""NumSatisfactoryTrades"": 0.07986145589686075, ""NumTotalTrades"": 0.02096153846153847, ""PercentInstallTrades"": 0.020000000000000018}",0.4787704646587372,False
monotone_xgboost,943,True,feasible,very_high_risk,gurobi:Optimal|refined_2,gurobi,0.8384732007980347,0.4091877341270447,0.8408176102891105,7,"{""ExternalRiskEstimate"": 0.07475409836065572, ""NumSatisfactoryTrades"": 0.18481012658227847, ""NumTradesOpeninLast12M"": -0.006842105263157872, ""MSinceMostRecentInqexcl7days"": 0.2, ""NumInqLast6M"": -0.01509555536832493, ""NetFractionRevolvingBurden"": -0.19762931034482759, ""NumBank2NatlTradesWHighUtilization"": -0.002777777777777775}",0.4091877341270447,True
monotone_xgboost,945,True,feasible,very_high_risk,gurobi:Optimal,gurobi,0.9601159691810608,0.3117612302303314,2.329780330947029,13,"{""ExternalRiskEstimate"": 0.07475409836065572, ""MSinceMostRecentTradeOpen"": -0.02349869451697128, ""NumSatisfactoryTrades"": 0.1848101265822785, ""PercentTradesNeverDelq"": 0.19999999999999996, ""MSinceMostRecentDelq"": 0.1951807228915663, ""PercentInstallTrades"": -0.2, ""MSinceMostRecentInqexcl7days"": 0.2, ""NumInqLast6M"": -0.015151515151515152, ""NetFractionRevolvingBurden"": -0.19762931034482759, ""NetFractionInstallBurden"": -0.3724489795918367, ""NumRevolvingTradesWBalance"": -0.125, ""NumBank2NatlTradesWHighUtilization"": -0.16666666666666666, ""InstallBurdenPerTrade"": -0.06111549878041059}",0.3117612302303314,True
monotone_xgboost,946,True,feasible,very_high_risk,gurobi:Optimal,gurobi,0.6769168972969055,0.3186770975589752,0.5600906605890995,4,"{""ExternalRiskEstimate"": 0.07475409836065572, ""NumSatisfactoryTrades"": 0.1848101265822785, ""MSinceMostRecentInqexcl7days"": 0.2, ""NumInqLast6M"": -0.014780522325553823}",0.3186770975589752,True
monotone_xgboost,948,True,feasible,very_high_risk,gurobi:Optimal|refined_1,gurobi,0.6987403631210327,0.41695478558540344,0.573303495938862,5,"{""ExternalRiskEstimate"": 0.07475409836065572, ""NumSatisfactoryTrades"": 0.18481012658227852, ""NumTotalTrades"": -0.016153846153846158, ""MSinceMostRecentInqexcl7days"": 0.2, ""NetFractionRevolvingBurden"": -0.05384408324722834}",0.41695478558540344,True
monotone_xgboost,949,True,feasible,high_risk,gurobi:Optimal|refined_1,gurobi,0.588127076625824,0.41888928413391113,0.4625130393960759,4,"{""ExternalRiskEstimate"": 0.06193949727687331, ""NumSatisfactoryTrades"": 0.18481012658227852, ""PercentInstallTrades"": 0.020000000000000018, ""MSinceMostRecentInqexcl7days"": 0.2}",0.41888928413391113,True
monotone_xgboost,956,True,feasible,very_high_risk,gurobi:Optimal,gurobi,0.7702804207801819,0.3650342524051666,0.4247793857067572,3,"{""ExternalRiskEstimate"": 0.053125727698811076, ""NumSatisfactoryTrades"": 0.1848101265822785, ""MSinceMostRecentInqexcl7days"": 0.2}",0.3650342524051666,True
monotone_xgboost,957,True,feasible,very_high_risk,gurobi:Optimal,gurobi,0.6960884928703308,0.41455531120300293,0.34568979337219813,3,"{""ExternalRiskEstimate"": 0.025270064868068043, ""NumSatisfactoryTrades"": 0.18481012658227847, ""MSinceMostRecentInqexcl7days"": 0.2}",0.41455531120300293,True
monotone_xgboost,958,False,infeasible,very_high_risk,gurobi:Optimal|refined_11,gurobi,0.9048178791999817,0.5702285766601562,1.4578827322470125,12,"{""ExternalRiskEstimate"": 0.07475409836065572, ""MSinceMostRecentTradeOpen"": -0.08093994778067885, ""NumSatisfactoryTrades"": 0.1848101265822785, ""MSinceMostRecentDelq"": 0.020144179560184577, ""NumTotalTrades"": 0.016153846153846158, ""MSinceMostRecentInqexcl7days"": 0.2, ""NumInqLast6M"": -0.045454545454545456, ""NetFractionRevolvingBurden"": -0.19762931034482759, ""NumRevolvingTradesWBalance"": -0.125, ""NumBank2NatlTradesWHighUtilization"": -0.002777777777777775, ""RevolvingBurdenPerTrade"": -0.004396551724137929, ""InstallBurdenPerTrade"": -0.08999999999999991}",0.5702285766601562,False
monotone_xgboost,960,False,infeasible,very_high_risk,gurobi:Optimal|refined_8,gurobi,0.7226595282554626,0.6565503478050232,0.2519767579467044,7,"{""NumSatisfactoryTrades"": 0.16802446284767814, ""NumTotalTrades"": 0.01615384615384613, ""NumTradesOpeninLast12M"": -0.005263157894736845, ""NetFractionInstallBurden"": -0.04744897959183669, ""NumRevolvingTradesWBalance"": -0.004687499999999997, ""NumInstallTradesWBalance"": -0.00555555555555555, ""InstallBurdenPerTrade"": -0.016607142857142876}",0.6565503478050232,False
monotone_xgboost,963,True,feasible,very_high_risk,gurobi:Optimal,gurobi,0.785280704498291,0.39102989435195923,0.8885556188737292,5,"{""ExternalRiskEstimate"": 0.07475409836065572, ""NumSatisfactoryTrades"": 0.18481012658227852, ""MSinceMostRecentInqexcl7days"": 0.2, ""NumInqLast6M"": -0.027051706209470713, ""NetFractionRevolvingBurden"": -0.19762931034482759}",0.39102989435195923,True
monotone_xgboost,964,True,feasible,near_threshold,gurobi:Optimal,gurobi,0.32601597905158997,0.32601597905158997,0.0,0,{},0.32601597905158997,True
monotone_xgboost,965,False,infeasible,very_high_risk,gurobi:Infeasible|refined_21,gurobi,0.9377089142799377,0.7942180633544922,0.22350250090067036,7,"{""NumTotalTrades"": -0.029615384615384627, ""NumTradesOpeninLast12M"": -0.0026315789473684223, ""PercentInstallTrades"": -0.03400000000000003, ""NetFractionInstallBurden"": -0.01428571428571429, ""NumInstallTradesWBalance"": -0.002777777777777775, ""NumBank2NatlTradesWHighUtilization"": -0.002777777777777775, ""InstallBurdenPerTrade"": -0.16}",0.7942180633544922,False
monotone_xgboost,966,True,feasible,very_high_risk,gurobi:Optimal,gurobi,0.6512002348899841,0.41570308804512024,0.23896899137637231,2,"{""NumSatisfactoryTrades"": 0.18481012658227847, ""MSinceMostRecentInqexcl7days"": 0.14544372484645662}",0.41570308804512024,True
monotone_xgboost,967,True,feasible,high_risk,gurobi:Optimal,gurobi,0.5439930558204651,0.2790735960006714,0.22034328349284377,2,"{""NumSatisfactoryTrades"": 0.18481012658227847, ""MSinceMostRecentInqexcl7days"": 0.11638798171425635}",0.2790735960006714,True
monotone_xgboost,971,True,feasible,very_high_risk,gurobi:Optimal,gurobi,0.7513983845710754,0.31418776512145996,0.8943580497915773,6,"{""ExternalRiskEstimate"": 0.07475409836065572, ""NumSatisfactoryTrades"": 0.1848101265822785, ""MSinceMostRecentInqexcl7days"": 0.2, ""NumInqLast6M"": -0.030303030303030304, ""NetFractionRevolvingBurden"": -0.1810344827586207, ""NumRevolvingTradesWBalance"": -0.009553142158267414}",0.31418776512145996,True
monotone_xgboost,972,True,feasible,very_high_risk,gurobi:Optimal,gurobi,0.7281308770179749,0.26072248816490173,0.73431501467426,5,"{""ExternalRiskEstimate"": 0.07475409836065572, ""NumSatisfactoryTrades"": 0.18481012658227852, ""MSinceMostRecentInqexcl7days"": 0.2, ""NumInqLast6M"": -0.017001388395710162, ""NetFractionRevolvingBurden"": -0.12068965517241378}",0.26072248816490173,True
monotone_xgboost,973,True,feasible,high_risk,gurobi:Optimal,gurobi,0.577235758304596,0.20899687707424164,0.2731570403765709,2,"{""NumSatisfactoryTrades"": 0.18481012658227847, ""MSinceMostRecentInqexcl7days"": 0.19877641835548102}",0.20899687707424164,True
monotone_xgboost,974,False,infeasible,very_high_risk,gurobi:Infeasible|refined_13,gurobi,0.9519534111022949,0.9221529960632324,0.1594116399808604,5,"{""NetFractionInstallBurden"": -0.03826530612244894, ""NumRevolvingTradesWBalance"": -0.0015625000000000014, ""NumInstallTradesWBalance"": -0.00555555555555555, ""PercentTradesWBalance"": -0.015000000000000013, ""InstallBurdenPerTrade"": -0.09375000000000006}",0.9221529960632324,False
monotone_xgboost,977,True,feasible,high_risk,gurobi:Optimal,gurobi,0.5439930558204651,0.2790735960006714,0.22034328349284377,2,"{""NumSatisfactoryTrades"": 0.18481012658227847, ""MSinceMostRecentInqexcl7days"": 0.11638798171425635}",0.2790735960006714,True
monotone_xgboost,983,True,feasible,very_high_risk,gurobi:Optimal|refined_5,gurobi,0.6463034749031067,0.40881064534187317,0.6211195042768162,8,"{""ExternalRiskEstimate"": 0.07475409836065572, ""NumSatisfactoryTrades"": 0.18481012658227847, ""NumTotalTrades"": 0.016153846153846574, ""PercentInstallTrades"": 0.020000000000000018, ""NetFractionRevolvingBurden"": -0.1561032504282333, ""NumRevolvingTradesWBalance"": -0.008437499999999987, ""NumInstallTradesWBalance"": -0.002777777777777775, ""NumBank2NatlTradesWHighUtilization"": -0.008333333333333331}",0.40881064534187317,True
monotone_xgboost,984,False,infeasible,very_high_risk,gurobi:Optimal|refined_6,gurobi,0.9380946159362793,0.4657818377017975,1.3745583327859014,14,"{""ExternalRiskEstimate"": 0.07475409836065572, ""MSinceMostRecentTradeOpen"": -0.01566579634464752, ""NumSatisfactoryTrades"": 0.1848101265822785, ""MSinceMostRecentDelq"": 0.19518072289156632, ""NumTotalTrades"": -0.015769230769230758, ""NumTradesOpeninLast12M"": -0.0026315789473684223, ""PercentInstallTrades"": -0.19999999999999996, ""MSinceMostRecentInqexcl7days"": 0.2, ""NumInqLast6M"": -0.015151515151515152, ""NetFractionRevolvingBurden"": -0.19762931034482759, ""NumRevolvingTradesWBalance"": -0.0625, ""NumBank2NatlTradesWHighUtilization"": -0.08199512691163342, ""PercentTradesWBalance"": -0.015000000000000013, ""InstallBurdenPerTrade"": -0.04485714285714293}",0.4657818377017975,False
monotone_xgboost,985,True,feasible,very_high_risk,gurobi:Optimal|refined_12,gurobi,0.8766075372695923,0.41768914461135864,0.9874357701501144,11,"{""ExternalRiskEstimate"": 0.07475409836065572, ""MSinceMostRecentTradeOpen"": -0.030848548763829108, ""NumSatisfactoryTrades"": 0.1848101265822785, ""NumTotalTrades"": -0.013365384615384612, ""PercentInstallTrades"": 0.10000000000000009, ""MSinceMostRecentInqexcl7days"": 0.19999999999999996, ""NetFractionRevolvingBurden"": -0.19762931034482759, ""NetFractionInstallBurden"": -0.01862244897959181, ""NumRevolvingTradesWBalance"": -0.0062500000000000056, ""NumBank2NatlTradesWHighUtilization"": -0.008333333333333331, ""InstallBurdenPerTrade"": -0.038571428571428534}",0.41768914461135864,True
monotone_xgboost,986,True,feasible,very_high_risk,gurobi:Optimal,gurobi,0.7264829277992249,0.3700539469718933,0.9272879290821134,5,"{""ExternalRiskEstimate"": 0.07475409836065572, ""NumSatisfactoryTrades"": 0.1848101265822785, ""MSinceMostRecentInqexcl7days"": 0.2, ""NetFractionRevolvingBurden"": -0.19762931034482759, ""NumRevolvingTradesWBalance"": -0.13880460109996864}",0.3700539469718933,True
monotone_xgboost,987,True,feasible,very_high_risk,gurobi:Optimal,gurobi,0.7592160105705261,0.22370733320713043,1.1670953352322913,6,"{""ExternalRiskEstimate"": 0.07475409836065572, ""NumSatisfactoryTrades"": 0.18481012658227847, ""MSinceMostRecentInqexcl7days"": 0.2, ""NetFractionRevolvingBurden"": -0.19762931034482759, ""NumRevolvingTradesWBalance"": -0.16875, ""NumBank2NatlTradesWHighUtilization"": -0.1511403142994243}",0.22370733320713043,True
monotone_xgboost,988,True,feasible,very_high_risk,gurobi:Optimal,gurobi,0.8122878670692444,0.3946264088153839,1.0754234547729784,6,"{""ExternalRiskEstimate"": 0.07475409836065572, ""NumSatisfactoryTrades"": 0.18481012658227847, ""MSinceMostRecentInqexcl7days"": 0.2, ""NumInqLast6M"": -0.06060606060606061, ""NetFractionRevolvingBurden"": -0.14224137931034483, ""NumRevolvingTradesWBalance"": -0.07495564064349478}",0.3946264088153839,True
monotone_xgboost,989,True,feasible,moderate_risk,gurobi:Optimal,gurobi,0.4807695746421814,0.27011799812316895,0.4805023297243949,3,"{""ExternalRiskEstimate"": 0.07275156587389842, ""NumSatisfactoryTrades"": 0.18481012658227852, ""MSinceMostRecentInqexcl7days"": 0.2}",0.27011799812316895,True
monotone_xgboost,990,True,feasible,very_high_risk,gurobi:Optimal,gurobi,0.8055807948112488,0.3962017297744751,1.3879486482786554,8,"{""ExternalRiskEstimate"": 0.07475409836065572, ""NumSatisfactoryTrades"": 0.1848101265822785, ""MSinceMostRecentDelq"": 0.1951807228915663, ""PercentInstallTrades"": -0.1983800118348972, ""MSinceMostRecentInqexcl7days"": 0.2, ""NumInqLast6M"": -0.045454545454545456, ""NetFractionRevolvingBurden"": -0.19762931034482759, ""NumRevolvingTradesWBalance"": -0.125}",0.3962017297744751,True
monotone_xgboost,991,True,feasible,very_high_risk,gurobi:Optimal,gurobi,0.7281615138053894,0.27637508511543274,0.643239594222117,4,"{""ExternalRiskEstimate"": 0.07475409836065572, ""NumSatisfactoryTrades"": 0.18481012658227852, ""MSinceMostRecentInqexcl7days"": 0.2, ""NetFractionRevolvingBurden"": -0.11619969399148784}",0.27637508511543274,True
monotone_xgboost,992,True,feasible,high_risk,gurobi:Optimal|refined_4,gurobi,0.5926817655563354,0.41769522428512573,0.5560278746622453,7,"{""ExternalRiskEstimate"": 0.07475409836065572, ""NumSatisfactoryTrades"": 0.18481012658227847, ""PercentInstallTrades"": -0.040000000000000036, ""MSinceMostRecentInqexcl7days"": 0.2, ""NetFractionRevolvingBurden"": -0.02602253393436821, ""NumRevolvingTradesWBalance"": -0.004687499999999997, ""NumInstallTradesWBalance"": -0.002777777777777775}",0.41769522428512573,True
monotone_xgboost,993,False,infeasible,very_high_risk,gurobi:Infeasible|refined_11,gurobi,0.9850287437438965,0.9690551161766052,0.1761134315531858,6,"{""NumTotalTrades"": -0.027692307692307683, ""NetFractionInstallBurden"": -0.08673469387755106, ""NumRevolvingTradesWBalance"": -0.0015625000000000014, ""NumInstallTradesWBalance"": -0.00555555555555555, ""NumBank2NatlTradesWHighUtilization"": -0.002777777777777775, ""PercentTradesWBalance"": -0.015000000000000013}",0.9690551161766052,False
monotone_xgboost,995,True,feasible,very_high_risk,gurobi:Optimal,gurobi,0.9678810834884644,0.3257808983325958,1.914083248266382,10,"{""ExternalRiskEstimate"": 0.07475409836065572, ""NumSatisfactoryTrades"": 0.18481012658227847, ""MSinceMostRecentDelq"": 0.19518072289156632, ""PercentInstallTrades"": -0.19999999999999996, ""MSinceMostRecentInqexcl7days"": 0.2, ""NumInqLast6M"": -0.015151515151515152, ""NetFractionRevolvingBurden"": -0.19762931034482759, ""NetFractionInstallBurden"": -0.35194692288702023, ""NumRevolvingTradesWBalance"": -0.125, ""NumBank2NatlTradesWHighUtilization"": -0.1111111111111111}",0.3257808983325958,True
monotone_xgboost,996,True,feasible,very_high_risk,gurobi:Optimal,gurobi,0.8354518413543701,0.27409791946411133,1.841932067249104,10,"{""ExternalRiskEstimate"": 0.07475409836065572, ""MSinceMostRecentTradeOpen"": -0.033942558746736295, ""NumSatisfactoryTrades"": 0.18481012658227852, ""MSinceMostRecentDelq"": 0.19518072289156632, ""PercentInstallTrades"": -0.2, ""MSinceMostRecentInqexcl7days"": 0.2, ""NetFractionRevolvingBurden"": -0.19762931034482759, ""NetFractionInstallBurden"": -0.24821360708433088, ""NumRevolvingTradesWBalance"": -0.125, ""NumBank2NatlTradesWHighUtilization"": -0.16666666666666666}",0.27409791946411133,True
monotone_xgboost,997,True,feasible,very_high_risk,gurobi:Optimal,gurobi,0.80375736951828,0.38502147793769836,1.4888906609393042,9,"{""ExternalRiskEstimate"": 0.07475409836065572, ""NumSatisfactoryTrades"": 0.1848101265822785, ""PercentTradesNeverDelq"": 0.12273916094692472, ""MSinceMostRecentDelq"": 0.1951807228915663, ""PercentInstallTrades"": -0.2, ""MSinceMostRecentInqexcl7days"": 0.2, ""NumInqLast6M"": -0.030303030303030304, ""NetFractionRevolvingBurden"": -0.19762931034482759, ""NumRevolvingTradesWBalance"": -0.16875}",0.38502147793769836,True
monotone_xgboost,998,True,feasible,very_high_risk,gurobi:Optimal|refined_6,gurobi,0.8866031169891357,0.41265013813972473,1.700151356416423,13,"{""ExternalRiskEstimate"": 0.07475409836065572, ""NumSatisfactoryTrades"": 0.18481012658227852, ""PercentTradesNeverDelq"": 0.13, ""MSinceMostRecentDelq"": 0.1951807228915663, ""PercentInstallTrades"": -0.20000000000000007, ""MSinceMostRecentInqexcl7days"": 0.2, ""NumInqLast6M"": -0.015151515151515152, ""NetFractionRevolvingBurden"": -0.19762931034482759, ""NetFractionInstallBurden"": -0.1713522515380435, ""NumRevolvingTradesWBalance"": -0.16875, ""NumInstallTradesWBalance"": -0.008333333333333331, ""NumBank2NatlTradesWHighUtilization"": -0.002777777777777775, ""PercentTradesWBalance"": -0.015000000000000013}",0.41265013813972473,True
monotone_xgboost,1000,True,feasible,near_threshold,gurobi:Optimal|refined_1,gurobi,0.46681928634643555,0.4091298580169678,0.0014564287833426653,1,"{""NetFractionRevolvingBurden"": -0.0010775862068965504}",0.4091298580169678,True
monotone_xgboost,1002,True,feasible,high_risk,gurobi:Optimal,gurobi,0.5439930558204651,0.2790735960006714,0.22034328349284377,2,"{""NumSatisfactoryTrades"": 0.18481012658227847, ""MSinceMostRecentInqexcl7days"": 0.11638798171425635}",0.2790735960006714,True
monotone_xgboost,1003,True,feasible,high_risk,gurobi:Optimal,gurobi,0.6186174750328064,0.22267761826515198,0.4371296316349699,3,"{""ExternalRiskEstimate"": 0.057475532474612456, ""NumSatisfactoryTrades"": 0.18481012658227847, ""MSinceMostRecentInqexcl7days"": 0.2}",0.22267761826515198,True
monotone_xgboost,1004,True,feasible,high_risk,gurobi:Optimal,gurobi,0.5439930558204651,0.2790735960006714,0.22034328349284377,2,"{""NumSatisfactoryTrades"": 0.18481012658227847, ""MSinceMostRecentInqexcl7days"": 0.11638798171425635}",0.2790735960006714,True
monotone_xgboost,1005,True,feasible,very_high_risk,gurobi:Optimal,gurobi,0.835721492767334,0.2701706290245056,1.618920900165203,9,"{""ExternalRiskEstimate"": 0.07475409836065572, ""NumSatisfactoryTrades"": 0.18481012658227852, ""MSinceMostRecentDelq"": 0.19518072289156632, ""PercentInstallTrades"": -0.2, ""MSinceMostRecentInqexcl7days"": 0.2, ""NumInqLast6M"": -0.030303030303030304, ""NetFractionRevolvingBurden"": -0.16810344827586207, ""NetFractionInstallBurden"": -0.2042898938598405, ""NumRevolvingTradesWBalance"": -0.15625}",0.2701706290245056,True
monotone_xgboost,1006,True,feasible,very_high_risk,gurobi:Optimal,gurobi,0.6730783581733704,0.3308040201663971,0.37358538048450385,3,"{""ExternalRiskEstimate"": 0.03509499942809191, ""NumSatisfactoryTrades"": 0.18481012658227847, ""MSinceMostRecentInqexcl7days"": 0.2}",0.3308040201663971,True
monotone_xgboost,1007,True,feasible,very_high_risk,gurobi:Optimal,gurobi,0.8621031045913696,0.32354262471199036,1.7802180590498118,9,"{""ExternalRiskEstimate"": 0.07475409836065572, ""MSinceMostRecentTradeOpen"": -0.005221932114882507, ""NumSatisfactoryTrades"": 0.18481012658227852, ""MSinceMostRecentDelq"": 0.19518072289156632, ""PercentInstallTrades"": -0.20000000000000007, ""MSinceMostRecentInqexcl7days"": 0.2, ""NetFractionInstallBurden"": -0.4846938775510204, ""NumBank2NatlTradesWHighUtilization"": -0.05555555555555555, ""InstallBurdenPerTrade"": -0.25339004174561436}",0.32354262471199036,True
monotone_xgboost,1008,False,infeasible,very_high_risk,gurobi:Optimal|refined_9,gurobi,0.743045449256897,0.5063368082046509,0.7434461821307906,11,"{""ExternalRiskEstimate"": 0.07475409836065572, ""NumSatisfactoryTrades"": 0.18481012658227847, ""PercentTradesNeverDelq"": 0.020000000000000018, ""NumTotalTrades"": -0.01615384615384613, ""NumTradesOpeninLast12M"": -0.006842105263157899, ""PercentInstallTrades"": 0.01999999999999999, ""MSinceMostRecentInqexcl7days"": 0.2, ""NumInqLast6M"": -0.03556034658680781, ""NumRevolvingTradesWBalance"": -0.008437499999999987, ""NumInstallTradesWBalance"": -0.00555555555555555, ""InstallBurdenPerTrade"": -0.007857142857142868}",0.5063368082046509,False
monotone_xgboost,1009,True,feasible,very_high_risk,gurobi:Optimal,gurobi,0.7751502394676208,0.4043077528476715,0.6304003782720384,4,"{""ExternalRiskEstimate"": 0.07475409836065572, ""NumSatisfactoryTrades"": 0.18481012658227847, ""MSinceMostRecentInqexcl7days"": 0.2, ""NetFractionRevolvingBurden"": -0.1067001824647952}",0.4043077528476715,True
monotone_xgboost,1012,True,feasible,near_threshold,gurobi:Optimal,gurobi,0.4675970673561096,0.36860668659210205,0.3116879545072467,2,"{""ExternalRiskEstimate"": 0.05844939199369603, ""NumSatisfactoryTrades"": 0.1848101265822785}",0.36860668659210205,True
monotone_xgboost,1014,False,infeasible,very_high_risk,gurobi:Optimal|refined_14,gurobi,0.7957331538200378,0.47762319445610046,1.0050189797121918,10,"{""ExternalRiskEstimate"": 0.07475409836065572, ""NumSatisfactoryTrades"": 0.1848101265822785, ""NumTotalTrades"": -0.016153846153846046, ""NumTradesOpeninLast12M"": -0.005263157894736845, ""MSinceMostRecentInqexcl7days"": 0.2, ""NumInqLast6M"": -0.06060606060606061, ""NetFractionInstallBurden"": -0.01428571428571429, ""NumRevolvingTradesWBalance"": -0.04973345341720763, ""NumInstallTradesWBalance"": -0.002777777777777775, ""InstallBurdenPerTrade"": -0.12}",0.47762319445610046,False
monotone_xgboost,1015,False,near_feasible,high_risk,gurobi:Optimal|refined_9,gurobi,0.5206714868545532,0.4217398166656494,0.1508798022732735,8,"{""NumSatisfactoryTrades"": 0.10504983889604569, ""NumTotalTrades"": 0.032307692307692315, ""NumTradesOpeninLast12M"": -0.006842105263157899, ""NumRevolvingTradesWBalance"": -0.008437499999999987, ""NumInstallTradesWBalance"": -0.00555555555555555, ""NumBank2NatlTradesWHighUtilization"": -0.002777777777777775, ""PercentTradesWBalance"": -0.015000000000000013, ""RevolvingBurdenPerTrade"": -0.0006773399014778324}",0.4217398166656494,False
monotone_xgboost,1018,True,feasible,very_high_risk,gurobi:Optimal,gurobi,0.8217717409133911,0.26367419958114624,0.842994150300063,5,"{""ExternalRiskEstimate"": 0.07475409836065572, ""NumSatisfactoryTrades"": 0.18481012658227852, ""MSinceMostRecentInqexcl7days"": 0.2, ""NetFractionRevolvingBurden"": -0.19762931034482759, ""NumRevolvingTradesWBalance"": -0.07155758824224068}",0.26367419958114624,True
monotone_xgboost,1019,True,feasible,near_threshold,gurobi:Optimal,gurobi,0.3409723937511444,0.21912747621536255,0.23062427551085224,2,"{""NumSatisfactoryTrades"": 0.1848101265822785, ""MSinceMostRecentInqexcl7days"": 0.13242612990639172}",0.21912747621536255,True
monotone_xgboost,1020,False,infeasible,very_high_risk,gurobi:Infeasible|refined_12,gurobi,0.9780187606811523,0.9352811574935913,0.11130403347366397,8,"{""NumTotalTrades"": 0.02384615384615385, ""NumTradesOpeninLast12M"": -0.005263157894736845, ""PercentInstallTrades"": 0.06000000000000005, ""NetFractionInstallBurden"": -0.01836734693877551, ""NumRevolvingTradesWBalance"": -0.0015625000000000014, ""NumInstallTradesWBalance"": -0.002777777777777775, ""NumBank2NatlTradesWHighUtilization"": -0.002777777777777775, ""PercentTradesWBalance"": -0.015000000000000013}",0.9352811574935913,False
monotone_xgboost,1021,True,feasible,high_risk,gurobi:Optimal,gurobi,0.5564714670181274,0.16560491919517517,0.4738952684059025,3,"{""ExternalRiskEstimate"": 0.07042453311323582, ""NumSatisfactoryTrades"": 0.1848101265822785, ""MSinceMostRecentInqexcl7days"": 0.2}",0.16560491919517517,True
monotone_xgboost,1022,True,feasible,near_threshold,gurobi:Optimal,gurobi,0.46710842847824097,0.39439284801483154,0.25402077835545267,2,"{""NumSatisfactoryTrades"": 0.18481012658227847, ""MSinceMostRecentInqexcl7days"": 0.16892422066865914}",0.39439284801483154,True
monotone_xgboost,1023,False,infeasible,very_high_risk,gurobi:Infeasible|refined_14,gurobi,0.7813791036605835,0.5625705718994141,0.16522021489044958,6,"{""NumTotalTrades"": 0.02384615384615385, ""PercentInstallTrades"": -0.010000000000000009, ""NetFractionRevolvingBurden"": -0.006465517241379309, ""NetFractionInstallBurden"": -0.03724489795918362, ""NumBank2NatlTradesWHighUtilization"": -0.002777777777777775, ""InstallBurdenPerTrade"": -0.07714285714285707}",0.5625705718994141,False
monotone_xgboost,1026,True,feasible,high_risk,gurobi:Optimal,gurobi,0.5439930558204651,0.2790735960006714,0.22034328349284377,2,"{""NumSatisfactoryTrades"": 0.18481012658227847, ""MSinceMostRecentInqexcl7days"": 0.11638798171425635}",0.2790735960006714,True
monotone_xgboost,1027,True,feasible,very_high_risk,gurobi:Optimal|refined_2,gurobi,0.6490171551704407,0.40678468346595764,0.9897042278379298,8,"{""ExternalRiskEstimate"": 0.07475409836065572, ""NumSatisfactoryTrades"": 0.18481012658227847, ""NumTotalTrades"": 0.016153846153846158, ""MSinceMostRecentInqexcl7days"": 0.19999999999999998, ""NumInqLast6M"": -0.015151515151515152, ""NetFractionRevolvingBurden"": -0.19762931034482759, ""NumRevolvingTradesWBalance"": -0.11441409788175186, ""InstallBurdenPerTrade"": -0.003214285714285711}",0.40678468346595764,True
monotone_xgboost,1029,True,feasible,very_high_risk,gurobi:Optimal,gurobi,0.8568128943443298,0.37495583295822144,1.3882435466900285,9,"{""ExternalRiskEstimate"": 0.07475409836065572, ""NumSatisfactoryTrades"": 0.18481012658227852, ""MSinceMostRecentDelq"": 0.1951807228915663, ""PercentInstallTrades"": -0.2, ""MSinceMostRecentInqexcl7days"": 0.2, ""NumInqLast6M"": -0.030303030303030304, ""NetFractionRevolvingBurden"": -0.19762931034482759, ""NumRevolvingTradesWBalance"": -0.09375, ""NumBank2NatlTradesWHighUtilization"": -0.08532825622546865}",0.37495583295822144,True
monotone_xgboost,1030,True,feasible,high_risk,gurobi:Optimal|refined_11,gurobi,0.5410480499267578,0.4139694273471832,0.2185356755906513,6,"{""NumSatisfactoryTrades"": 0.14235032500781544, ""NumTotalTrades"": 0.016153846153846158, ""PercentInstallTrades"": 0.020000000000000018, ""NumRevolvingTradesWBalance"": -0.0031250000000000028, ""NumInstallTradesWBalance"": -0.002777777777777775, ""InstallBurdenPerTrade"": -0.07999999999999999}",0.4139694273471832,True
monotone_xgboost,1031,True,feasible,moderate_risk,gurobi:Optimal,gurobi,0.4957912266254425,0.2943542003631592,0.2257170292452393,2,"{""NumSatisfactoryTrades"": 0.18481012658227852, ""MSinceMostRecentInqexcl7days"": 0.12477092088713118}",0.2943542003631592,True
monotone_xgboost,1032,True,feasible,very_high_risk,gurobi:Optimal,gurobi,0.6696917414665222,0.39279070496559143,0.5659178572293415,4,"{""ExternalRiskEstimate"": 0.07475409836065572, ""NumSatisfactoryTrades"": 0.18481012658227847, ""MSinceMostRecentInqexcl7days"": 0.2, ""NetFractionRevolvingBurden"": -0.058990691924482044}",0.39279070496559143,True
monotone_xgboost,1033,True,feasible,very_high_risk,gurobi:Optimal,gurobi,0.6495527029037476,0.27466562390327454,0.43589885623798025,3,"{""ExternalRiskEstimate"": 0.05704204858037398, ""NumSatisfactoryTrades"": 0.1848101265822785, ""MSinceMostRecentInqexcl7days"": 0.2}",0.27466562390327454,True
monotone_xgboost,1037,True,feasible,high_risk,gurobi:Optimal,gurobi,0.5439930558204651,0.2790735960006714,0.22034328349284377,2,"{""NumSatisfactoryTrades"": 0.18481012658227847, ""MSinceMostRecentInqexcl7days"": 0.11638798171425635}",0.2790735960006714,True
monotone_xgboost,1039,True,feasible,very_high_risk,gurobi:Optimal|refined_14,gurobi,0.8105835914611816,0.4165063500404358,1.104735051802351,10,"{""ExternalRiskEstimate"": 0.07475409836065572, ""NumSatisfactoryTrades"": 0.18481012658227847, ""PercentInstallTrades"": -0.08000000000000007, ""MSinceMostRecentInqexcl7days"": 0.2, ""NumInqLast6M"": -0.030303030303030304, ""NetFractionRevolvingBurden"": -0.19762931034482759, ""NumRevolvingTradesWBalance"": -0.03769770387605498, ""NumInstallTradesWBalance"": -0.008333333333333331, ""NumBank2NatlTradesWHighUtilization"": -0.00555555555555555, ""InstallBurdenPerTrade"": -0.09371428571428564}",0.4165063500404358,True
monotone_xgboost,1040,True,feasible,near_threshold,gurobi:Optimal,gurobi,0.3994772434234619,0.22508549690246582,0.1642717428024538,2,"{""NumSatisfactoryTrades"": 0.18481012658227847, ""MSinceMostRecentInqexcl7days"": 0.028917465505449373}",0.22508549690246582,True
monotone_xgboost,1041,True,feasible,near_threshold,gurobi:Optimal,gurobi,0.39495113492012024,0.2608197033405304,0.32150287139061895,2,"{""ExternalRiskEstimate"": 0.061906243993368304, ""NumSatisfactoryTrades"": 0.18481012658227852}",0.2608197033405304,True
monotone_xgboost,1042,True,feasible,very_high_risk,gurobi:Optimal|refined_8,gurobi,0.8300532102584839,0.4042147994041443,0.7724700625125389,10,"{""ExternalRiskEstimate"": 0.07475409836065572, ""NumSatisfactoryTrades"": 0.18481012658227847, ""NumTotalTrades"": 0.03230769230769226, ""PercentInstallTrades"": -0.020000000000000018, ""MSinceMostRecentInqexcl7days"": 0.2, ""NumInqLast6M"": -0.035420401646293564, ""NetFractionRevolvingBurden"": -0.009881465517241395, ""NetFractionInstallBurden"": -0.01862244897959181, ""NumInstallTradesWBalance"": -0.002777777777777775, ""InstallBurdenPerTrade"": -0.02571428571428569}",0.4042147994041443,True
monotone_xgboost,1043,False,infeasible,very_high_risk,gurobi:Infeasible|refined_9,gurobi,0.9434453248977661,0.9060341715812683,0.19666907636353742,4,"{""PercentTradesNeverDelq"": 0.010000000000000009, ""NetFractionInstallBurden"": -0.11607142857142866, ""NumBank2NatlTradesWHighUtilization"": -0.002777777777777775, ""PercentTradesWBalance"": -0.015000000000000013}",0.9060341715812683,False
monotone_xgboost,1045,True,feasible,moderate_risk,gurobi:Optimal,gurobi,0.5062754154205322,0.26313769817352295,0.40642506326070726,3,"{""ExternalRiskEstimate"": 0.046661263760481964, ""NumSatisfactoryTrades"": 0.18481012658227852, ""MSinceMostRecentInqexcl7days"": 0.2}",0.26313769817352295,True
monotone_xgboost,1048,True,feasible,very_high_risk,gurobi:Optimal,gurobi,0.6891306042671204,0.3051290214061737,0.8513551735312438,5,"{""ExternalRiskEstimate"": 0.07475409836065572, ""NumSatisfactoryTrades"": 0.18481012658227847, ""MSinceMostRecentInqexcl7days"": 0.2, ""NumInqLast6M"": -0.06060606060606061, ""NetFractionRevolvingBurden"": -0.0459739484671548}",0.3051290214061737,True
monotone_xgboost,1049,False,infeasible,very_high_risk,gurobi:Infeasible|refined_10,gurobi,0.7843034267425537,0.7353716492652893,0.11258437732327106,3,"{""NetFractionInstallBurden"": -0.01862244897959181, ""NumBank2NatlTradesWHighUtilization"": -0.002777777777777775, ""InstallBurdenPerTrade"": -0.08999999999999991}",0.7353716492652893,False
monotone_xgboost,1051,False,infeasible,very_high_risk,gurobi:Infeasible|refined_8,gurobi,0.8607792258262634,0.8034735918045044,0.05558002486913461,6,"{""NumTradesOpeninLast12M"": -0.006842105263157899, ""PercentInstallTrades"": 0.01999999999999999, ""NumRevolvingTradesWBalance"": -0.008437499999999987, ""NumInstallTradesWBalance"": -0.002777777777777775, ""RevolvingBurdenPerTrade"": -0.007650862068965508, ""InstallBurdenPerTrade"": -0.010476190476190472}",0.8034735918045044,False
monotone_xgboost,1056,True,feasible,very_high_risk,gurobi:Optimal|refined_2,gurobi,0.7567289471626282,0.4014310836791992,0.5628838196156054,6,"{""ExternalRiskEstimate"": 0.07475409836065572, ""NumSatisfactoryTrades"": 0.18481012658227847, ""NumTotalTrades"": -0.016153846153846158, ""MSinceMostRecentInqexcl7days"": 0.2, ""NetFractionRevolvingBurden"": -0.043637764234648935, ""NumInstallTradesWBalance"": -0.002777777777777775}",0.4014310836791992,True
monotone_xgboost,1057,True,feasible,very_high_risk,gurobi:Optimal,gurobi,0.6220880150794983,0.16209909319877625,0.6355092773327662,4,"{""ExternalRiskEstimate"": 0.07475409836065572, ""NumSatisfactoryTrades"": 0.18481012658227847, ""MSinceMostRecentInqexcl7days"": 0.2, ""NetFractionRevolvingBurden"": -0.11048016760600599}",0.16209909319877625,True
monotone_xgboost,1060,True,feasible,high_risk,gurobi:Optimal,gurobi,0.5439930558204651,0.2790735960006714,0.22034328349284377,2,"{""NumSatisfactoryTrades"": 0.18481012658227847, ""MSinceMostRecentInqexcl7days"": 0.11638798171425635}",0.2790735960006714,True
monotone_xgboost,1062,True,feasible,high_risk,gurobi:Optimal,gurobi,0.607659637928009,0.3920976519584656,0.6717549926583422,5,"{""ExternalRiskEstimate"": 0.07475409836065572, ""NumSatisfactoryTrades"": 0.1848101265822785, ""MSinceMostRecentInqexcl7days"": 0.2, ""NumInqLast6M"": -0.026627101499335042, ""NetFractionRevolvingBurden"": -0.03879310344827586}",0.3920976519584656,True
monotone_xgboost,1063,True,feasible,very_high_risk,gurobi:Optimal,gurobi,0.8461803197860718,0.33705610036849976,0.9845750147854877,6,"{""ExternalRiskEstimate"": 0.07475409836065572, ""MSinceMostRecentTradeOpen"": -0.028720626631853787, ""NumSatisfactoryTrades"": 0.18481012658227852, ""MSinceMostRecentInqexcl7days"": 0.2, ""NetFractionRevolvingBurden"": -0.19762931034482759, ""NumRevolvingTradesWBalance"": -0.1272253897250367}",0.33705610036849976,True
monotone_xgboost,1064,True,feasible,high_risk,gurobi:Optimal,gurobi,0.541836142539978,0.3448482155799866,0.23503605656627513,2,"{""NumSatisfactoryTrades"": 0.18481012658227847, ""MSinceMostRecentInqexcl7days"": 0.13930842280518874}",0.3448482155799866,True
monotone_xgboost,1065,True,feasible,near_threshold,gurobi:Optimal,gurobi,0.25702300667762756,0.25702300667762756,0.0,0,{},0.25702300667762756,True
monotone_xgboost,1067,False,near_feasible,very_high_risk,gurobi:Optimal|refined_7,gurobi,0.6248911619186401,0.4323537051677704,0.40923764256375894,7,"{""ExternalRiskEstimate"": 0.07435643677520232, ""NumSatisfactoryTrades"": 0.18481012658227847, ""PercentInstallTrades"": -0.020000000000000018, ""NumRevolvingTradesWBalance"": -0.0062500000000000056, ""NumInstallTradesWBalance"": -0.008333333333333331, ""NumBank2NatlTradesWHighUtilization"": -0.002777777777777775, ""PercentTradesWBalance"": -0.030000000000000027}",0.4323537051677704,False
monotone_xgboost,1068,True,feasible,high_risk,gurobi:Optimal,gurobi,0.5439930558204651,0.2790735960006714,0.22034328349284377,2,"{""NumSatisfactoryTrades"": 0.18481012658227847, ""MSinceMostRecentInqexcl7days"": 0.11638798171425635}",0.2790735960006714,True
monotone_xgboost,1070,False,infeasible,very_high_risk,gurobi:Optimal|refined_10,gurobi,0.7033438682556152,0.524061381816864,0.20259611264131597,7,"{""NumSatisfactoryTrades"": 0.12817892012423615, ""NumTotalTrades"": -0.01615384615384613, ""NumTradesOpeninLast12M"": -0.006842105263157899, ""PercentInstallTrades"": 0.020000000000000018, ""NumRevolvingTradesWBalance"": -0.008437499999999987, ""NumInstallTradesWBalance"": -0.00555555555555555, ""InstallBurdenPerTrade"": -0.05428571428571427}",0.524061381816864,False
monotone_xgboost,1071,False,infeasible,very_high_risk,gurobi:Optimal|refined_6,gurobi,0.9413636326789856,0.5789422988891602,2.1717704334268495,15,"{""ExternalRiskEstimate"": 0.07475409836065572, ""MSinceMostRecentTradeOpen"": -0.01566579634464752, ""NumSatisfactoryTrades"": 0.18481012658227852, ""MSinceMostRecentDelq"": 0.19518072289156632, ""NumTotalTrades"": -0.03230769230769229, ""NumTradesOpeninLast12M"": -0.006842105263157899, ""PercentInstallTrades"": -0.2, ""MSinceMostRecentInqexcl7days"": 0.2, ""NumInqLast6M"": -0.06363636363636364, ""NetFractionRevolvingBurden"": -0.19762931034482759, ""NetFractionInstallBurden"": -0.2796381689642272, ""NumRevolvingTradesWBalance"": -0.09375, ""NumInstallTradesWBalance"": -0.002777777777777775, ""NumBank2NatlTradesWHighUtilization"": -0.16666666666666666, ""PercentTradesWBalance"": -0.015000000000000013}",0.5789422988891602,False
monotone_xgboost,1073,True,feasible,very_high_risk,gurobi:Optimal,gurobi,0.8233423829078674,0.3504348397254944,1.1689480179931162,8,"{""ExternalRiskEstimate"": 0.07475409836065572, ""MSinceMostRecentTradeOpen"": -0.02610966057441253, ""NumSatisfactoryTrades"": 0.1848101265822785, ""PercentInstallTrades"": -0.06120366380029235, ""MSinceMostRecentInqexcl7days"": 0.19999999999999998, ""NumInqLast6M"": -0.030303030303030304, ""NetFractionRevolvingBurden"": -0.15948275862068964, ""NumRevolvingTradesWBalance"": -0.16875}",0.3504348397254944,True
monotone_xgboost,1074,True,feasible,near_threshold,gurobi:Optimal,gurobi,0.4093099534511566,0.40213242173194885,0.06690717071020749,1,"{""NumSatisfactoryTrades"": 0.08484681249446369}",0.40213242173194885,True
monotone_xgboost,1075,False,infeasible,very_high_risk,gurobi:Optimal|refined_7,gurobi,0.930259644985199,0.4833161532878876,1.276411878800489,11,"{""ExternalRiskEstimate"": 0.07475409836065572, ""NumSatisfactoryTrades"": 0.18481012658227847, ""NumTradesOpeninLast12M"": -0.006842105263157872, ""PercentInstallTrades"": -0.019999999999999796, ""MSinceMostRecentInqexcl7days"": 0.2, ""NumInqLast6M"": -0.06363636363636364, ""NetFractionRevolvingBurden"": -0.19762931034482759, ""NumRevolvingTradesWBalance"": -0.11341412364494685, ""NumBank2NatlTradesWHighUtilization"": -0.00833333333333336, ""PercentTradesWBalance"": -0.015000000000000013, ""InstallBurdenPerTrade"": -0.02400000000000002}",0.4833161532878876,False
monotone_xgboost,1076,True,feasible,high_risk,gurobi:Optimal,gurobi,0.5439930558204651,0.2790735960006714,0.22034328349284377,2,"{""NumSatisfactoryTrades"": 0.18481012658227847, ""MSinceMostRecentInqexcl7days"": 0.11638798171425635}",0.2790735960006714,True
monotone_xgboost,1077,True,feasible,very_high_risk,gurobi:Optimal|refined_2,gurobi,0.7588775157928467,0.3763289153575897,0.47462515074245243,5,"{""ExternalRiskEstimate"": 0.07475409836065572, ""NumSatisfactoryTrades"": 0.18481012658227852, ""PercentInstallTrades"": 0.020000000000000018, ""NetFractionRevolvingBurden"": -0.07414902437849807, ""NumBank2NatlTradesWHighUtilization"": -0.002777777777777775}",0.3763289153575897,True
monotone_xgboost,1078,False,infeasible,very_high_risk,gurobi:Infeasible|refined_9,gurobi,0.9543421268463135,0.9356879591941833,0.11781586677934648,6,"{""NumTotalTrades"": 0.01432692307692307, ""PercentInstallTrades"": 0.020000000000000018, ""NetFractionInstallBurden"": -0.04668367346938773, ""NumRevolvingTradesWBalance"": -0.0062500000000000056, ""NumInstallTradesWBalance"": -0.002777777777777775, ""NumBank2NatlTradesWHighUtilization"": -0.008333333333333331}",0.9356879591941833,False
monotone_xgboost,1079,True,feasible,very_high_risk,gurobi:Optimal,gurobi,0.8766304850578308,0.3013390302658081,1.4979102786388185,8,"{""ExternalRiskEstimate"": 0.07475409836065572, ""NumSatisfactoryTrades"": 0.1848101265822785, ""MSinceMostRecentDelq"": 0.1951807228915663, ""PercentInstallTrades"": -0.2, ""MSinceMostRecentInqexcl7days"": 0.2, ""NetFractionRevolvingBurden"": -0.19762931034482759, ""NetFractionInstallBurden"": -0.19802214807662608, ""NumRevolvingTradesWBalance"": -0.15625}",0.3013390302658081,True
monotone_xgboost,1082,False,infeasible,very_high_risk,gurobi:Infeasible|refined_7,gurobi,0.9695888161659241,0.9591342210769653,0.051455518416607476,6,"{""NumTotalTrades"": 0.011923076923076925, ""NumTradesOpeninLast12M"": -0.005263157894736845, ""PercentInstallTrades"": -0.020000000000000018, ""NumRevolvingTradesWBalance"": -0.0078125, ""NumBank2NatlTradesWHighUtilization"": -0.002777777777777775, ""RevolvingBurdenPerTrade"": -0.005646551724137944}",0.9591342210769653,False
monotone_xgboost,1083,True,feasible,very_high_risk,gurobi:Optimal,gurobi,0.6914080381393433,0.2822677195072174,0.5389931212495473,3,"{""NumSatisfactoryTrades"": 0.18481012658227852, ""MSinceMostRecentInqexcl7days"": 0.2, ""NetFractionRevolvingBurden"": -0.19610713896349755}",0.2822677195072174,True
monotone_xgboost,1084,True,feasible,very_high_risk,gurobi:Optimal|refined_1,gurobi,0.7925244569778442,0.4158572256565094,1.099749437512109,7,"{""ExternalRiskEstimate"": 0.07475409836065572, ""NumSatisfactoryTrades"": 0.1848101265822785, ""MSinceMostRecentDelq"": 0.18884189229601045, ""NumTotalTrades"": -0.016153846153846046, ""MSinceMostRecentInqexcl7days"": 0.2, ""NetFractionRevolvingBurden"": -0.19762931034482759, ""NumRevolvingTradesWBalance"": -0.16875}",0.4158572256565094,True
monotone_xgboost,1085,True,feasible,moderate_risk,gurobi:Optimal|refined_3,gurobi,0.5037848353385925,0.41111648082733154,0.06924223817095068,4,"{""NumSatisfactoryTrades"": 0.05231509934066414, ""PercentInstallTrades"": 0.020000000000000018, ""NumBank2NatlTradesWHighUtilization"": -0.002777777777777775, ""InstallBurdenPerTrade"": -0.012857142857142845}",0.41111648082733154,True
monotone_xgboost,1088,True,feasible,very_high_risk,gurobi:Optimal,gurobi,0.9037479162216187,0.25381529331207275,1.3042075870923902,9,"{""ExternalRiskEstimate"": 0.07475409836065572, ""NumSatisfactoryTrades"": 0.18481012658227852, ""PercentTradesNeverDelq"": 0.13, ""MSinceMostRecentDelq"": 0.1951807228915663, ""PercentInstallTrades"": -0.2, ""MSinceMostRecentInqexcl7days"": 0.2, ""NumInqLast6M"": -0.015151515151515152, ""NetFractionInstallBurden"": -0.18947964941331824, ""NumRevolvingTradesWBalance"": -0.0625}",0.25381529331207275,True
monotone_xgboost,1089,True,feasible,high_risk,gurobi:Optimal,gurobi,0.6022276282310486,0.34594717621803284,0.24063540645766568,2,"{""NumSatisfactoryTrades"": 0.18481012658227852, ""MSinceMostRecentInqexcl7days"": 0.14804330006026645}",0.34594717621803284,True
monotone_xgboost,1090,True,feasible,very_high_risk,gurobi:Optimal,gurobi,0.7089459300041199,0.3331376016139984,0.7720929149750402,5,"{""ExternalRiskEstimate"": 0.07475409836065572, ""NumSatisfactoryTrades"": 0.18481012658227847, ""MSinceMostRecentInqexcl7days"": 0.2, ""NumInqLast6M"": -0.0037591654297329177, ""NetFractionRevolvingBurden"": -0.19762931034482759}",0.3331376016139984,True
monotone_xgboost,1094,True,feasible,high_risk,gurobi:Optimal,gurobi,0.5861137509346008,0.3556232154369354,0.4808410022889763,3,"{""ExternalRiskEstimate"": 0.07287084767180041, ""NumSatisfactoryTrades"": 0.18481012658227852, ""MSinceMostRecentInqexcl7days"": 0.19999999999999996}",0.3556232154369354,True
monotone_xgboost,1096,True,feasible,high_risk,gurobi:Optimal|refined_5,gurobi,0.6157031655311584,0.4059925675392151,0.22339948280674402,6,"{""NumSatisfactoryTrades"": 0.18481012658227847, ""NumTotalTrades"": 0.032307692307692315, ""PercentInstallTrades"": 0.01849999999999999, ""MSinceMostRecentInqexcl7days"": 0.023536153806328303, ""NumRevolvingTradesWBalance"": -0.008437499999999987, ""InstallBurdenPerTrade"": -0.012857142857142845}",0.4059925675392151,True
monotone_xgboost,1097,True,feasible,near_threshold,gurobi:Optimal,gurobi,0.23412080109119415,0.23412080109119415,0.0,0,{},0.23412080109119415,True
monotone_xgboost,1098,True,feasible,high_risk,gurobi:Optimal,gurobi,0.5439930558204651,0.2790735960006714,0.22034328349284377,2,"{""NumSatisfactoryTrades"": 0.18481012658227847, ""MSinceMostRecentInqexcl7days"": 0.11638798171425635}",0.2790735960006714,True
monotone_xgboost,1099,True,feasible,very_high_risk,gurobi:Optimal|refined_1,gurobi,0.6994672417640686,0.40846410393714905,0.7659174160335239,6,"{""ExternalRiskEstimate"": 0.07475409836065572, ""NumSatisfactoryTrades"": 0.1848101265822785, ""MSinceMostRecentInqexcl7days"": 0.2, ""NumInqLast6M"": -0.0017805659256546775, ""NetFractionRevolvingBurden"": -0.19762931034482759, ""NumBank2NatlTradesWHighUtilization"": -0.002777777777777775}",0.40846410393714905,True
monotone_xgboost,1102,True,feasible,high_risk,gurobi:Optimal,gurobi,0.5439930558204651,0.2790735960006714,0.22034328349284377,2,"{""NumSatisfactoryTrades"": 0.18481012658227847, ""MSinceMostRecentInqexcl7days"": 0.11638798171425635}",0.2790735960006714,True
monotone_xgboost,1103,True,feasible,very_high_risk,gurobi:Optimal|refined_11,gurobi,0.9474384784698486,0.41181680560112,1.7745405052290115,16,"{""ExternalRiskEstimate"": 0.07475409836065572, ""MSinceMostRecentTradeOpen"": -0.018276762402088774, ""NumSatisfactoryTrades"": 0.18481012658227847, ""PercentTradesNeverDelq"": 0.011012673330092482, ""MSinceMostRecentDelq"": 0.1951807228915663, ""NumTotalTrades"": -0.016153846153846158, ""NumTradesOpeninLast12M"": -0.006842105263157899, ""PercentInstallTrades"": -0.2, ""MSinceMostRecentInqexcl7days"": 0.2, ""NumInqLast6M"": -0.030303030303030304, ""NetFractionRevolvingBurden"": -0.19762931034482759, ""NetFractionInstallBurden"": -0.01862244897959181, ""NumRevolvingTradesWBalance"": -0.16875, ""NumBank2NatlTradesWHighUtilization"": -0.16666666666666666, ""RevolvingBurdenPerTrade"": -0.004741379310344823, ""InstallBurdenPerTrade"": -0.07714285714285707}",0.41181680560112,True
monotone_xgboost,1104,True,feasible,very_high_risk,gurobi:Optimal,gurobi,0.8395929932594299,0.3541256785392761,1.0830699897025613,9,"{""ExternalRiskEstimate"": 0.07475409836065572, ""MSinceMostRecentTradeOpen"": -0.010443864229765013, ""NumSatisfactoryTrades"": 0.18481012658227847, ""PercentTradesNeverDelq"": 0.19979569533022634, ""MSinceMostRecentDelq"": 0.1951807228915663, ""PercentInstallTrades"": -0.2, ""MSinceMostRecentInqexcl7days"": 0.2, ""NumInqLast6M"": -0.015151515151515152, ""NetFractionRevolvingBurden"": -0.034482758620689655}",0.3541256785392761,True
monotone_xgboost,1105,True,feasible,near_threshold,gurobi:Optimal,gurobi,0.3952203094959259,0.3581022322177887,0.20810883051420215,2,"{""NumSatisfactoryTrades"": 0.18481012658227847, ""MSinceMostRecentInqexcl7days"": 0.09730247230257058}",0.3581022322177887,True
monotone_xgboost,1106,True,feasible,very_high_risk,gurobi:Optimal,gurobi,0.7768692970275879,0.38973313570022583,1.2917508581509622,7,"{""ExternalRiskEstimate"": 0.07475409836065572, ""NumSatisfactoryTrades"": 0.18481012658227847, ""MSinceMostRecentDelq"": 0.1951807228915663, ""MSinceMostRecentInqexcl7days"": 0.2, ""NetFractionRevolvingBurden"": -0.19762931034482759, ""NumRevolvingTradesWBalance"": -0.16875, ""NumBank2NatlTradesWHighUtilization"": -0.15115856510322384}",0.38973313570022583,True
monotone_xgboost,1107,True,feasible,very_high_risk,gurobi:Optimal,gurobi,0.7816001772880554,0.4150765836238861,0.44021339445512386,3,"{""ExternalRiskEstimate"": 0.05856164576502898, ""NumSatisfactoryTrades"": 0.1848101265822785, ""MSinceMostRecentInqexcl7days"": 0.2}",0.4150765836238861,True
monotone_xgboost,1108,True,feasible,near_threshold,gurobi:Optimal,gurobi,0.2498861700296402,0.12344111502170563,0.24741540443693577,2,"{""NumSatisfactoryTrades"": 0.18481012658227852, ""MSinceMostRecentInqexcl7days"": 0.15861996543880605}",0.12344111502170563,True
monotone_xgboost,1112,True,feasible,high_risk,gurobi:Optimal,gurobi,0.5439930558204651,0.2790735960006714,0.22034328349284377,2,"{""NumSatisfactoryTrades"": 0.18481012658227847, ""MSinceMostRecentInqexcl7days"": 0.11638798171425635}",0.2790735960006714,True
monotone_xgboost,1114,True,feasible,near_threshold,gurobi:Optimal,gurobi,0.4690565764904022,0.25661200284957886,0.1766132173604238,2,"{""NumSatisfactoryTrades"": 0.18481012658227852, ""MSinceMostRecentInqexcl7days"": 0.04816992650566055}",0.25661200284957886,True
monotone_xgboost,1115,True,feasible,very_high_risk,gurobi:Optimal,gurobi,0.6295563578605652,0.3119747042655945,0.36320441727850145,3,"{""ExternalRiskEstimate"": 0.031438783706287055, ""NumSatisfactoryTrades"": 0.18481012658227847, ""MSinceMostRecentInqexcl7days"": 0.2}",0.3119747042655945,True
monotone_xgboost,1119,True,feasible,very_high_risk,gurobi:Optimal,gurobi,0.8267800807952881,0.41810858249664307,1.242566044489465,8,"{""ExternalRiskEstimate"": 0.07475409836065572, ""MSinceMostRecentTradeOpen"": -0.028720626631853787, ""NumSatisfactoryTrades"": 0.18481012658227852, ""MSinceMostRecentDelq"": 0.12348417041594545, ""PercentInstallTrades"": -0.2, ""MSinceMostRecentInqexcl7days"": 0.2, ""NetFractionRevolvingBurden"": -0.19762931034482759, ""NumRevolvingTradesWBalance"": -0.16875}",0.41810858249664307,True
monotone_xgboost,1120,True,feasible,very_high_risk,gurobi:Optimal,gurobi,0.7888463735580444,0.30956920981407166,1.0805029073650616,8,"{""ExternalRiskEstimate"": 0.07475409836065572, ""NumSatisfactoryTrades"": 0.1848101265822785, ""MSinceMostRecentDelq"": 0.1951807228915663, ""PercentInstallTrades"": -0.14824982996842884, ""MSinceMostRecentInqexcl7days"": 0.2, ""NumInqLast6M"": -0.015151515151515152, ""NetFractionRevolvingBurden"": -0.16379310344827586, ""NumRevolvingTradesWBalance"": -0.0625}",0.30956920981407166,True
monotone_xgboost,1121,True,feasible,very_high_risk,gurobi:Optimal,gurobi,0.8483521342277527,0.40661001205444336,1.6866069651915556,10,"{""ExternalRiskEstimate"": 0.07475409836065572, ""NumSatisfactoryTrades"": 0.18481012658227847, ""MSinceMostRecentDelq"": 0.1951807228915663, ""PercentInstallTrades"": -0.2, ""MSinceMostRecentInqexcl7days"": 0.2, ""NumInqLast6M"": -0.015151515151515152, ""NetFractionRevolvingBurden"": -0.19762931034482759, ""NetFractionInstallBurden"": -0.1741815931700791, ""NumRevolvingTradesWBalance"": -0.15625, ""NumBank2NatlTradesWHighUtilization"": -0.1111111111111111}",0.40661001205444336,True
monotone_xgboost,1123,True,feasible,near_threshold,gurobi:Optimal,gurobi,0.4102810025215149,0.27059653401374817,0.32748058085931564,2,"{""ExternalRiskEstimate"": 0.06401161657837018, ""NumSatisfactoryTrades"": 0.18481012658227847}",0.27059653401374817,True
monotone_xgboost,1125,False,infeasible,very_high_risk,gurobi:Optimal|refined_7,gurobi,0.7706382870674133,0.47054123878479004,0.47769553988884167,8,"{""ExternalRiskEstimate"": 0.057837936978755056, ""NumSatisfactoryTrades"": 0.18481012658227852, ""PercentInstallTrades"": -0.019500000000000017, ""MSinceMostRecentInqexcl7days"": 0.2, ""NumRevolvingTradesWBalance"": -0.008437499999999987, ""NumInstallTradesWBalance"": -0.00555555555555555, ""NumBank2NatlTradesWHighUtilization"": -0.002777777777777775, ""InstallBurdenPerTrade"": -0.006785714285714284}",0.47054123878479004,False
monotone_xgboost,1126,True,feasible,high_risk,gurobi:Optimal,gurobi,0.553570568561554,0.3850409984588623,0.19725538642653725,2,"{""NumSatisfactoryTrades"": 0.18481012658227847, ""MSinceMostRecentInqexcl7days"": 0.08037130998203565}",0.3850409984588623,True
monotone_xgboost,1129,True,feasible,very_high_risk,gurobi:Optimal,gurobi,0.6494227051734924,0.2842717170715332,0.6473304742200614,4,"{""ExternalRiskEstimate"": 0.07475409836065572, ""NumSatisfactoryTrades"": 0.18481012658227847, ""MSinceMostRecentInqexcl7days"": 0.2, ""NetFractionRevolvingBurden"": -0.11922646461719372}",0.2842717170715332,True
monotone_xgboost,1130,False,infeasible,very_high_risk,gurobi:Infeasible|refined_10,gurobi,0.9570462703704834,0.9334771037101746,0.12511154087785442,5,"{""NumTotalTrades"": -0.030000000000000006, ""NetFractionInstallBurden"": -0.05586734693877543, ""NumRevolvingTradesWBalance"": -0.0015625000000000014, ""NumBank2NatlTradesWHighUtilization"": -0.002777777777777775, ""PercentTradesWBalance"": -0.015000000000000013}",0.9334771037101746,False
monotone_xgboost,1131,False,infeasible,very_high_risk,gurobi:Infeasible|refined_13,gurobi,0.9387466311454773,0.9048556089401245,0.16504005563327875,9,"{""NumTradesOpeninLast12M"": -0.006842105263157899, ""PercentInstallTrades"": 0.01999999999999999, ""NetFractionRevolvingBurden"": -0.009881465517241395, ""NetFractionInstallBurden"": -0.05586734693877543, ""NumRevolvingTradesWBalance"": -0.0078125, ""NumInstallTradesWBalance"": -0.002777777777777775, ""NumBank2NatlTradesWHighUtilization"": -0.00555555555555555, ""PercentTradesWBalance"": -0.030000000000000027, ""RevolvingBurdenPerTrade"": -0.005646551724137944}",0.9048556089401245,False
monotone_xgboost,1134,True,feasible,near_threshold,gurobi:Optimal,gurobi,0.4183151423931122,0.29345008730888367,0.35921318663365,3,"{""ExternalRiskEstimate"": 0.030033056709333872, ""NumSatisfactoryTrades"": 0.18481012658227847, ""MSinceMostRecentInqexcl7days"": 0.2}",0.29345008730888367,True
monotone_xgboost,1136,False,infeasible,very_high_risk,gurobi:Infeasible|refined_9,gurobi,0.9833225607872009,0.9645887613296509,0.13305754679585477,7,"{""NumTotalTrades"": -0.012403846153846154, ""PercentInstallTrades"": 0.020000000000000018, ""NetFractionInstallBurden"": -0.04744897959183669, ""NumRevolvingTradesWBalance"": -0.004687499999999997, ""NumInstallTradesWBalance"": -0.002777777777777775, ""PercentTradesWBalance"": -0.015000000000000013, ""InstallBurdenPerTrade"": -0.02214285714285713}",0.9645887613296509,False
monotone_xgboost,1138,True,feasible,very_high_risk,gurobi:Optimal,gurobi,0.8876701593399048,0.10687818378210068,2.6589455835221734,13,"{""ExternalRiskEstimate"": 0.07475409836065572, ""MSinceMostRecentTradeOpen"": -0.06788511749347259, ""NumSatisfactoryTrades"": 0.18481012658227847, ""PercentTradesNeverDelq"": 0.19999999999999996, ""MSinceMostRecentDelq"": 0.1951807228915663, ""NumTotalTrades"": -0.09604059821929226, ""PercentInstallTrades"": -0.2, ""MSinceMostRecentInqexcl7days"": 0.2, ""NetFractionRevolvingBurden"": -0.1810344827586207, ""NetFractionInstallBurden"": -0.3724489795918367, ""NumRevolvingTradesWBalance"": -0.16875, ""NumBank2NatlTradesWHighUtilization"": -0.16666666666666666, ""InstallBurdenPerTrade"": -0.2571428571428571}",0.10687818378210068,True
monotone_xgboost,1139,True,feasible,very_high_risk,gurobi:Optimal,gurobi,0.6368635892868042,0.18168869614601135,0.5203400802959933,4,"{""ExternalRiskEstimate"": 0.07475409836065572, ""NumSatisfactoryTrades"": 0.1848101265822785, ""MSinceMostRecentInqexcl7days"": 0.2, ""NetFractionRevolvingBurden"": -0.025268491205774846}",0.18168869614601135,True
monotone_xgboost,1140,True,feasible,near_threshold,gurobi:Optimal,gurobi,0.3595221936702728,0.3595221936702728,0.0,0,{},0.3595221936702728,True
monotone_xgboost,1142,True,feasible,very_high_risk,gurobi:Optimal,gurobi,0.8610690832138062,0.3923678398132324,0.6681333849621472,4,"{""ExternalRiskEstimate"": 0.07475409836065572, ""NumSatisfactoryTrades"": 0.18481012658227852, ""MSinceMostRecentInqexcl7days"": 0.2, ""NetFractionRevolvingBurden"": -0.13461817476145665}",0.3923678398132324,True
monotone_xgboost,1143,True,feasible,high_risk,gurobi:Optimal|refined_3,gurobi,0.5655017495155334,0.4141862690448761,0.13960355849858322,4,"{""NumSatisfactoryTrades"": 0.13739062415815462, ""NumTotalTrades"": -0.013365384615384612, ""NumRevolvingTradesWBalance"": -0.0062500000000000056, ""InstallBurdenPerTrade"": -0.012857142857142845}",0.4141862690448761,True
monotone_xgboost,1146,True,feasible,very_high_risk,gurobi:Optimal,gurobi,0.7468186020851135,0.3338510990142822,0.18759913954763002,2,"{""NumSatisfactoryTrades"": 0.1848101265822785, ""MSinceMostRecentInqexcl7days"": 0.06530775209263277}",0.3338510990142822,True
monotone_xgboost,1150,True,feasible,very_high_risk,gurobi:Optimal,gurobi,0.9091638922691345,0.40253618359565735,1.8934113486598125,10,"{""ExternalRiskEstimate"": 0.07475409836065572, ""MSinceMostRecentTradeOpen"": -0.05221932114882506, ""NumSatisfactoryTrades"": 0.1848101265822785, ""MSinceMostRecentDelq"": 0.19518072289156632, ""PercentInstallTrades"": -0.2, ""MSinceMostRecentInqexcl7days"": 0.2, ""NumInqLast6M"": -0.015151515151515152, ""NetFractionRevolvingBurden"": -0.19762931034482759, ""NetFractionInstallBurden"": -0.40249569867203366, ""NumRevolvingTradesWBalance"": -0.0625}",0.40253618359565735,True
monotone_xgboost,1151,True,feasible,very_high_risk,gurobi:Optimal|refined_1,gurobi,0.9626884460449219,0.3111197054386139,1.4268657945057197,10,"{""ExternalRiskEstimate"": 0.07475409836065572, ""MSinceMostRecentTradeOpen"": -0.028720626631853787, ""NumSatisfactoryTrades"": 0.1848101265822785, ""MSinceMostRecentDelq"": 0.17744010169092864, ""NumTotalTrades"": -0.015769230769230758, ""PercentInstallTrades"": -0.2, ""MSinceMostRecentInqexcl7days"": 0.2, ""NumInqLast6M"": -0.030303030303030304, ""NetFractionRevolvingBurden"": -0.19762931034482759, ""NumRevolvingTradesWBalance"": -0.15625}",0.3111197054386139,True
monotone_xgboost,1152,True,feasible,high_risk,gurobi:Optimal,gurobi,0.5924578309059143,0.4000163674354553,0.3161036923904334,2,"{""ExternalRiskEstimate"": 0.06000463209536033, ""NumSatisfactoryTrades"": 0.18481012658227852}",0.4000163674354553,True
monotone_xgboost,1153,True,feasible,high_risk,gurobi:Optimal,gurobi,0.5439930558204651,0.2790735960006714,0.22034328349284377,2,"{""NumSatisfactoryTrades"": 0.18481012658227847, ""MSinceMostRecentInqexcl7days"": 0.11638798171425635}",0.2790735960006714,True
monotone_xgboost,1154,False,infeasible,very_high_risk,gurobi:Infeasible|refined_17,gurobi,0.9151597619056702,0.8530601859092712,0.21249555434189105,6,"{""PercentTradesNeverDelq"": 0.010000000000000009, ""NumTotalTrades"": -0.01615384615384613, ""NetFractionRevolvingBurden"": -0.018103448275862077, ""NetFractionInstallBurden"": -0.03724489795918362, ""NumRevolvingTradesWBalance"": -0.0031250000000000028, ""InstallBurdenPerTrade"": -0.1157142857142856}",0.8530601859092712,False
monotone_xgboost,1156,True,feasible,very_high_risk,gurobi:Optimal,gurobi,0.7253710031509399,0.2156234085559845,0.8434703686584862,5,"{""ExternalRiskEstimate"": 0.07475409836065572, ""NumSatisfactoryTrades"": 0.1848101265822785, ""MSinceMostRecentInqexcl7days"": 0.2, ""NumInqLast6M"": -0.018034656166422133, ""NetFractionRevolvingBurden"": -0.19762931034482759}",0.2156234085559845,True
monotone_xgboost,1157,True,feasible,very_high_risk,gurobi:Optimal,gurobi,0.7428620457649231,0.18172703683376312,1.5032809589668084,8,"{""ExternalRiskEstimate"": 0.07475409836065572, ""NumSatisfactoryTrades"": 0.12658227848101267, ""MSinceMostRecentDelq"": 0.19518072289156632, ""MSinceMostRecentInqexcl7days"": 0.2, ""NumInqLast6M"": -0.06363636363636364, ""NetFractionRevolvingBurden"": -0.19762931034482759, ""NumRevolvingTradesWBalance"": -0.16874999999999996, ""NumBank2NatlTradesWHighUtilization"": -0.10577611276339915}",0.18172703683376312,True
monotone_xgboost,1158,True,feasible,high_risk,gurobi:Optimal,gurobi,0.5439930558204651,0.2790735960006714,0.22034328349284377,2,"{""NumSatisfactoryTrades"": 0.18481012658227847, ""MSinceMostRecentInqexcl7days"": 0.11638798171425635}",0.2790735960006714,True
monotone_xgboost,1159,True,feasible,very_high_risk,gurobi:Optimal,gurobi,0.8114678859710693,0.19176045060157776,1.3984239397923734,10,"{""ExternalRiskEstimate"": 0.07475409836065572, ""NumSatisfactoryTrades"": 0.18481012658227847, ""PercentTradesNeverDelq"": 0.14, ""MSinceMostRecentDelq"": 0.1951807228915663, ""PercentInstallTrades"": -0.2, ""MSinceMostRecentInqexcl7days"": 0.2, ""NumInqLast6M"": -0.030303030303030304, ""NetFractionRevolvingBurden"": -0.07758620689655173, ""NetFractionInstallBurden"": -0.12531396248946214, ""NumRevolvingTradesWBalance"": -0.0625}",0.19176045060157776,True
monotone_xgboost,1160,True,feasible,near_threshold,gurobi:Optimal,gurobi,0.3437265455722809,0.3437265455722809,0.0,0,{},0.3437265455722809,True
monotone_xgboost,1161,True,feasible,very_high_risk,gurobi:Optimal|refined_1,gurobi,0.7424871325492859,0.416989803314209,0.75399705517557,6,"{""ExternalRiskEstimate"": 0.07475409836065572, ""NumSatisfactoryTrades"": 0.1848101265822785, ""MSinceMostRecentInqexcl7days"": 0.2, ""NetFractionRevolvingBurden"": -0.09913793103448276, ""NumRevolvingTradesWBalance"": -0.10378987043837036, ""NumBank2NatlTradesWHighUtilization"": -0.002777777777777775}",0.416989803314209,True
monotone_xgboost,1162,False,infeasible,very_high_risk,gurobi:Optimal|refined_6,gurobi,0.8084897994995117,0.5591769814491272,1.0665826138865953,10,"{""ExternalRiskEstimate"": 0.07475409836065572, ""MSinceMostRecentTradeOpen"": -0.02610966057441253, ""NumSatisfactoryTrades"": 0.18481012658227852, ""NumTotalTrades"": 0.01615384615384613, ""PercentInstallTrades"": -0.020000000000000018, ""MSinceMostRecentInqexcl7days"": 0.2, ""NetFractionRevolvingBurden"": -0.19762931034482759, ""NumRevolvingTradesWBalance"": -0.16468628089858178, ""NumInstallTradesWBalance"": -0.002777777777777775, ""NumBank2NatlTradesWHighUtilization"": -0.00833333333333336}",0.5591769814491272,False
monotone_xgboost,1163,True,feasible,moderate_risk,gurobi:Optimal,gurobi,0.47199347615242004,0.38295120000839233,0.23763593424704244,2,"{""NumSatisfactoryTrades"": 0.18481012658227852, ""MSinceMostRecentInqexcl7days"": 0.14336418157365505}",0.38295120000839233,True
monotone_xgboost,1164,True,feasible,very_high_risk,gurobi:Optimal|refined_8,gurobi,0.8407232761383057,0.41373783349990845,1.3048044316610325,10,"{""ExternalRiskEstimate"": 0.07475409836065572, ""MSinceMostRecentTradeOpen"": -0.033942558746736295, ""NumSatisfactoryTrades"": 0.1848101265822785, ""PercentTradesNeverDelq"": 0.20000000000000007, ""MSinceMostRecentDelq"": 0.1686746987951807, ""NumTotalTrades"": 0.01615384615384613, ""MSinceMostRecentInqexcl7days"": 0.2, ""NetFractionRevolvingBurden"": -0.19762931034482759, ""NumRevolvingTradesWBalance"": -0.0625, ""InstallBurdenPerTrade"": -0.07714285714285707}",0.41373783349990845,True
monotone_xgboost,1165,False,infeasible,very_high_risk,gurobi:Infeasible|refined_11,gurobi,0.8354676365852356,0.7546054124832153,0.10641344002304837,7,"{""PercentTradesNeverDelq"": 0.020000000000000018, ""NumTotalTrades"": -0.04846153846153847, ""NumTradesOpeninLast12M"": -0.006842105263157899, ""NetFractionRevolvingBurden"": -0.009881465517241395, ""NumRevolvingTradesWBalance"": -0.0062500000000000056, ""NumInstallTradesWBalance"": -0.00555555555555555, ""NumBank2NatlTradesWHighUtilization"": -0.00555555555555555}",0.7546054124832153,False
monotone_xgboost,1166,True,feasible,very_high_risk,gurobi:Optimal,gurobi,0.6791087985038757,0.24340395629405975,1.0440630064987566,6,"{""ExternalRiskEstimate"": 0.07475409836065572, ""NumSatisfactoryTrades"": 0.18481012658227852, ""MSinceMostRecentDelq"": 0.12409312312228532, ""MSinceMostRecentInqexcl7days"": 0.2, ""NetFractionRevolvingBurden"": -0.19762931034482759, ""NumRevolvingTradesWBalance"": -0.16875}",0.24340395629405975,True
monotone_xgboost,1167,False,infeasible,very_high_risk,gurobi:Infeasible|refined_15,gurobi,0.9779261946678162,0.9412042498588562,0.21153440089864975,6,"{""NumTotalTrades"": -0.030000000000000006, ""PercentInstallTrades"": 0.08000000000000007, ""NetFractionInstallBurden"": -0.07959183673469394, ""NumRevolvingTradesWBalance"": -0.0015625000000000014, ""NumBank2NatlTradesWHighUtilization"": -0.002777777777777775, ""PercentTradesWBalance"": -0.015000000000000013}",0.9412042498588562,False
monotone_xgboost,1168,True,feasible,very_high_risk,gurobi:Optimal,gurobi,0.9132681488990784,0.3137478530406952,1.7221945947312078,9,"{""ExternalRiskEstimate"": 0.07475409836065572, ""NumSatisfactoryTrades"": 0.1848101265822785, ""PercentTradesNeverDelq"": 0.15000000000000002, ""MSinceMostRecentDelq"": 0.1951807228915663, ""PercentInstallTrades"": -0.2, ""MSinceMostRecentInqexcl7days"": 0.2, ""NumInqLast6M"": -0.015151515151515152, ""NetFractionRevolvingBurden"": -0.19762931034482759, ""NetFractionInstallBurden"": -0.3291679973599209}",0.3137478530406952,True
monotone_xgboost,1169,True,feasible,near_threshold,gurobi:Optimal,gurobi,0.42198190093040466,0.4034341275691986,0.045116003722292436,1,"{""NumSatisfactoryTrades"": 0.05721283784222059}",0.4034341275691986,True
monotone_xgboost,1170,True,feasible,high_risk,gurobi:Optimal,gurobi,0.5439930558204651,0.2790735960006714,0.22034328349284377,2,"{""NumSatisfactoryTrades"": 0.18481012658227847, ""MSinceMostRecentInqexcl7days"": 0.11638798171425635}",0.2790735960006714,True
monotone_xgboost,1171,True,feasible,very_high_risk,gurobi:Optimal,gurobi,0.703194797039032,0.38701772689819336,0.6149367067618001,4,"{""ExternalRiskEstimate"": 0.07475409836065572, ""NumSatisfactoryTrades"": 0.18481012658227852, ""MSinceMostRecentInqexcl7days"": 0.2, ""NetFractionRevolvingBurden"": -0.09525888212934902}",0.38701772689819336,True
monotone_xgboost,1172,True,feasible,very_high_risk,gurobi:Optimal,gurobi,0.6219227313995361,0.28502321243286133,0.6720421278285744,5,"{""ExternalRiskEstimate"": 0.07475409836065572, ""NumSatisfactoryTrades"": 0.18481012658227852, ""MSinceMostRecentDelq"": 0.17241856511556375, ""MSinceMostRecentInqexcl7days"": 0.2, ""NumInqLast6M"": -0.015151515151515152}",0.28502321243286133,True
monotone_xgboost,1173,True,feasible,very_high_risk,gurobi:Optimal|refined_6,gurobi,0.7087743282318115,0.41861435770988464,0.5585615356463254,8,"{""ExternalRiskEstimate"": 0.07475409836065572, ""NumSatisfactoryTrades"": 0.1848101265822785, ""MSinceMostRecentInqexcl7days"": 0.2, ""NetFractionRevolvingBurden"": -0.016859457861610957, ""NetFractionInstallBurden"": -0.01862244897959181, ""NumBank2NatlTradesWHighUtilization"": -0.002777777777777775, ""RevolvingBurdenPerTrade"": -0.004364224137931038, ""InstallBurdenPerTrade"": -0.012857142857142845}",0.41861435770988464,True
monotone_xgboost,1174,False,near_feasible,high_risk,gurobi:Optimal|refined_5,gurobi,0.5492557883262634,0.43890580534935,0.4907930026048045,6,"{""ExternalRiskEstimate"": 0.043369054406201646, ""NumSatisfactoryTrades"": 0.18481012658227852, ""NumTotalTrades"": 0.01615384615384613, ""MSinceMostRecentInqexcl7days"": 0.19999999999999996, ""NetFractionInstallBurden"": -0.04795918367346941, ""NumBank2NatlTradesWHighUtilization"": -0.00555555555555555}",0.43890580534935,False
monotone_xgboost,1176,False,near_feasible,very_high_risk,gurobi:Optimal|refined_10,gurobi,0.8088529109954834,0.4355889558792114,0.7613171013050385,10,"{""ExternalRiskEstimate"": 0.07475409836065572, ""NumSatisfactoryTrades"": 0.18481012658227847, ""NumTradesOpeninLast12M"": -0.006842105263157872, ""PercentInstallTrades"": -0.020000000000000018, ""MSinceMostRecentInqexcl7days"": 0.2, ""NumInqLast6M"": -0.03721071561131278, ""NumInstallTradesWBalance"": -0.00555555555555555, ""NumBank2NatlTradesWHighUtilization"": -0.002777777777777775, ""PercentTradesWBalance"": -0.04350000000000004, ""InstallBurdenPerTrade"": -0.03500000000000003}",0.4355889558792114,False
monotone_xgboost,1178,False,infeasible,very_high_risk,gurobi:Infeasible|refined_20,gurobi,0.9560227394104004,0.8593860268592834,0.2369259258711132,8,"{""NumTotalTrades"": -0.04846153846153847, ""NumTradesOpeninLast12M"": -0.005263157894736845, ""PercentInstallTrades"": -0.040000000000000036, ""NetFractionRevolvingBurden"": -0.03952586206896558, ""NetFractionInstallBurden"": -0.01862244897959181, ""NumRevolvingTradesWBalance"": -0.0031250000000000028, ""NumBank2NatlTradesWHighUtilization"": -0.00555555555555555, ""InstallBurdenPerTrade"": -0.07714285714285707}",0.8593860268592834,False
monotone_xgboost,1179,True,feasible,very_high_risk,gurobi:Optimal,gurobi,0.6896640062332153,0.3146841824054718,0.4476795595448462,3,"{""ExternalRiskEstimate"": 0.061191258224000955, ""NumSatisfactoryTrades"": 0.18481012658227847, ""MSinceMostRecentInqexcl7days"": 0.2}",0.3146841824054718,True
monotone_xgboost,1180,True,feasible,moderate_risk,gurobi:Optimal,gurobi,0.4785512387752533,0.3947220742702484,0.24824938466559576,2,"{""NumSatisfactoryTrades"": 0.1848101265822785, ""MSinceMostRecentInqexcl7days"": 0.15992095842402887}",0.3947220742702484,True
monotone_xgboost,1184,True,feasible,very_high_risk,gurobi:Optimal,gurobi,0.790091335773468,0.3946717083454132,1.0439922690014733,7,"{""ExternalRiskEstimate"": 0.07475409836065572, ""MSinceMostRecentTradeOpen"": -0.04960835509138381, ""NumSatisfactoryTrades"": 0.18481012658227852, ""PercentTradesNeverDelq"": 0.18493892484184826, ""MSinceMostRecentDelq"": 0.1951807228915663, ""PercentInstallTrades"": -0.19999999999999996, ""MSinceMostRecentInqexcl7days"": 0.2}",0.3946717083454132,True
monotone_xgboost,1186,True,feasible,very_high_risk,gurobi:Optimal,gurobi,0.7136361002922058,0.32843485474586487,0.6044559528817399,4,"{""ExternalRiskEstimate"": 0.07475409836065572, ""NumSatisfactoryTrades"": 0.18481012658227847, ""MSinceMostRecentInqexcl7days"": 0.2, ""NetFractionRevolvingBurden"": -0.0875043554760721}",0.32843485474586487,True
monotone_xgboost,1187,True,feasible,very_high_risk,gurobi:Optimal|refined_2,gurobi,0.8301569223403931,0.41499412059783936,0.9392271611873937,8,"{""ExternalRiskEstimate"": 0.07475409836065572, ""NumSatisfactoryTrades"": 0.18481012658227852, ""NumTotalTrades"": -0.016153846153845963, ""MSinceMostRecentInqexcl7days"": 0.2, ""NumInqLast6M"": -0.015151515151515152, ""NetFractionRevolvingBurden"": -0.19762931034482759, ""NumRevolvingTradesWBalance"": -0.0674322099683966, ""InstallBurdenPerTrade"": -0.012571428571428567}",0.41499412059783936,True
monotone_xgboost,1188,True,feasible,near_threshold,gurobi:Optimal,gurobi,0.28353941440582275,0.28353941440582275,0.0,0,{},0.28353941440582275,True
monotone_xgboost,1189,False,infeasible,very_high_risk,gurobi:Infeasible|refined_9,gurobi,0.8117251396179199,0.7169595956802368,0.07551763007483109,5,"{""NumTotalTrades"": 0.012403846153846154, ""NumTradesOpeninLast12M"": -0.0026315789473684223, ""PercentInstallTrades"": 0.08000000000000007, ""NumInstallTradesWBalance"": -0.00555555555555555, ""NumBank2NatlTradesWHighUtilization"": -0.002777777777777775}",0.7169595956802368,False
monotone_xgboost,1190,True,feasible,near_threshold,gurobi:Optimal,gurobi,0.40858903527259827,0.40858903527259827,0.014965982703259188,1,"{""NumSatisfactoryTrades"": 0.01897877185270208}",0.40858903527259827,True
monotone_xgboost,1194,True,feasible,very_high_risk,gurobi:Optimal|refined_1,gurobi,0.832660973072052,0.4086354374885559,0.5415321479216149,4,"{""NumSatisfactoryTrades"": 0.18481012658227847, ""PercentInstallTrades"": -0.01999999999999935, ""MSinceMostRecentInqexcl7days"": 0.1809256185062, ""NetFractionRevolvingBurden"": -0.19762931034482759}",0.4086354374885559,True
monotone_xgboost,1199,True,feasible,high_risk,gurobi:Optimal,gurobi,0.6156336665153503,0.25310835242271423,0.7498481959965556,4,"{""ExternalRiskEstimate"": 0.07475409836065572, ""NumSatisfactoryTrades"": 0.18481012658227852, ""MSinceMostRecentInqexcl7days"": 0.2, ""NetFractionRevolvingBurden"": -0.19507753554650029}",0.25310835242271423,True
monotone_xgboost,1202,True,feasible,very_high_risk,gurobi:Optimal,gurobi,0.6934220790863037,0.254842072725296,1.8172850502143756,11,"{""ExternalRiskEstimate"": 0.07475409836065572, ""MSinceMostRecentTradeOpen"": -0.013054830287206266, ""NumSatisfactoryTrades"": 0.18481012658227847, ""MSinceMostRecentDelq"": 0.1951807228915663, ""PercentInstallTrades"": -0.2, ""MSinceMostRecentInqexcl7days"": 0.2, ""NumInqLast6M"": -0.030303030303030304, ""NetFractionRevolvingBurden"": -0.17672413793103448, ""NetFractionInstallBurden"": -0.19742790473264055, ""NumRevolvingTradesWBalance"": -0.16875, ""NumBank2NatlTradesWHighUtilization"": -0.1111111111111111}",0.254842072725296,True
monotone_xgboost,1204,True,feasible,high_risk,gurobi:Optimal,gurobi,0.5439930558204651,0.2790735960006714,0.22034328349284377,2,"{""NumSatisfactoryTrades"": 0.18481012658227847, ""MSinceMostRecentInqexcl7days"": 0.11638798171425635}",0.2790735960006714,True
monotone_xgboost,1205,True,feasible,high_risk,gurobi:Optimal,gurobi,0.5439930558204651,0.2790735960006714,0.22034328349284377,2,"{""NumSatisfactoryTrades"": 0.18481012658227847, ""MSinceMostRecentInqexcl7days"": 0.11638798171425635}",0.2790735960006714,True
monotone_xgboost,1206,True,feasible,very_high_risk,gurobi:Optimal,gurobi,0.6773135662078857,0.37183189392089844,0.7588873326696115,6,"{""ExternalRiskEstimate"": 0.07475409836065572, ""MSinceMostRecentTradeOpen"": -0.03655352480417755, ""NumSatisfactoryTrades"": 0.18481012658227852, ""MSinceMostRecentDelq"": 0.17447071970528705, ""MSinceMostRecentInqexcl7days"": 0.2, ""NetFractionRevolvingBurden"": -0.05172413793103448}",0.37183189392089844,True
monotone_xgboost,1207,True,feasible,very_high_risk,gurobi:Optimal,gurobi,0.9197168946266174,0.28816306591033936,1.8866335610678715,12,"{""ExternalRiskEstimate"": 0.07475409836065572, ""MSinceMostRecentTradeOpen"": -0.02610966057441253, ""NumSatisfactoryTrades"": 0.1848101265822785, ""PercentTradesNeverDelq"": 0.16999999999999993, ""MSinceMostRecentDelq"": 0.1951807228915663, ""PercentInstallTrades"": -0.2, ""MSinceMostRecentInqexcl7days"": 0.2, ""NumInqLast6M"": -0.06060606060606061, ""NetFractionRevolvingBurden"": -0.19762931034482759, ""NetFractionInstallBurden"": -0.07927456510439623, ""NumRevolvingTradesWBalance"": -0.0625, ""NumBank2NatlTradesWHighUtilization"": -0.1111111111111111}",0.28816306591033936,True
monotone_xgboost,1208,True,feasible,high_risk,gurobi:Optimal,gurobi,0.5295557379722595,0.29356440901756287,1.0456772255444657,6,"{""ExternalRiskEstimate"": 0.07475409836065572, ""NumSatisfactoryTrades"": 0.18481012658227852, ""MSinceMostRecentInqexcl7days"": 0.2, ""NumInqLast6M"": -0.030303030303030304, ""NetFractionRevolvingBurden"": -0.19762931034482759, ""NumRevolvingTradesWBalance"": -0.11237780148503437}",0.29356440901756287,True
monotone_xgboost,1211,True,feasible,very_high_risk,gurobi:Optimal|refined_3,gurobi,0.6272029280662537,0.41499412059783936,0.6599883806598572,7,"{""ExternalRiskEstimate"": 0.07475409836065572, ""NumSatisfactoryTrades"": 0.18481012658227847, ""NumTotalTrades"": 0.01615384615384613, ""PercentInstallTrades"": -0.020000000000000018, ""MSinceMostRecentInqexcl7days"": 0.19999999999999998, ""NumInqLast6M"": -0.027783067702405132, ""NumRevolvingTradesWBalance"": -0.0062500000000000056}",0.41499412059783936,True
monotone_xgboost,1212,True,feasible,very_high_risk,gurobi:Optimal,gurobi,0.8473814725875854,0.3332408666610718,1.4787461305340575,8,"{""ExternalRiskEstimate"": 0.07475409836065572, ""NumSatisfactoryTrades"": 0.1848101265822785, ""MSinceMostRecentDelq"": 0.19518072289156632, ""MSinceMostRecentInqexcl7days"": 0.2, ""NumInqLast6M"": -0.030303030303030304, ""NetFractionRevolvingBurden"": -0.1896551724137931, ""NetFractionInstallBurden"": -0.2283768212068175, ""NumRevolvingTradesWBalance"": -0.09375}",0.3332408666610718,True
monotone_xgboost,1213,True,feasible,very_high_risk,gurobi:Optimal,gurobi,0.7651900053024292,0.41971227526664734,0.7870792594731995,5,"{""ExternalRiskEstimate"": 0.07475409836065572, ""NumSatisfactoryTrades"": 0.18481012658227852, ""MSinceMostRecentInqexcl7days"": 0.2, ""NumInqLast6M"": -0.006756434329364689, ""NetFractionRevolvingBurden"": -0.19762931034482759}",0.41971227526664734,True
monotone_xgboost,1214,True,feasible,high_risk,gurobi:Optimal|refined_3,gurobi,0.5418278574943542,0.4143308997154236,0.17441944004830368,4,"{""NumSatisfactoryTrades"": 0.184576973570578, ""NumTradesOpeninLast12M"": -0.006842105263157872, ""PercentInstallTrades"": -0.020000000000000018, ""NumRevolvingTradesWBalance"": -0.0062500000000000056}",0.4143308997154236,True
monotone_xgboost,1216,True,feasible,moderate_risk,gurobi:Optimal,gurobi,0.49262717366218567,0.3459659218788147,0.15204319391864105,2,"{""NumSatisfactoryTrades"": 0.18481012658227847, ""MSinceMostRecentInqexcl7days"": 0.009841166367211936}",0.3459659218788147,True
monotone_xgboost,1217,True,feasible,very_high_risk,gurobi:Optimal|refined_2,gurobi,0.6931760907173157,0.40309613943099976,0.3699066850388338,3,"{""ExternalRiskEstimate"": 0.06885190724651225, ""NumSatisfactoryTrades"": 0.1848101265822785, ""NumTotalTrades"": -0.032307692307692315}",0.40309613943099976,True
monotone_xgboost,1218,True,feasible,very_high_risk,gurobi:Optimal,gurobi,0.727939248085022,0.34559208154678345,0.9728096749175498,6,"{""ExternalRiskEstimate"": 0.07475409836065572, ""NumSatisfactoryTrades"": 0.18481012658227852, ""MSinceMostRecentInqexcl7days"": 0.2, ""NumInqLast6M"": -0.015151515151515152, ""NetFractionRevolvingBurden"": -0.15948275862068964, ""NumRevolvingTradesWBalance"": -0.15581444394270513}",0.34559208154678345,True
monotone_xgboost,1219,True,feasible,high_risk,gurobi:Optimal,gurobi,0.5439930558204651,0.2790735960006714,0.22034328349284377,2,"{""NumSatisfactoryTrades"": 0.18481012658227847, ""MSinceMostRecentInqexcl7days"": 0.11638798171425635}",0.2790735960006714,True
monotone_xgboost,1221,True,feasible,high_risk,gurobi:Optimal|refined_9,gurobi,0.5733948349952698,0.41664934158325195,0.09371378983762832,6,"{""NumTotalTrades"": 0.03230769230769237, ""PercentInstallTrades"": -0.040000000000000036, ""NetFractionRevolvingBurden"": -0.0084051724137931, ""NumRevolvingTradesWBalance"": -0.0062500000000000056, ""NumBank2NatlTradesWHighUtilization"": -0.002777777777777775, ""InstallBurdenPerTrade"": -0.018571428571428572}",0.41664934158325195,True
monotone_xgboost,1223,True,feasible,very_high_risk,gurobi:Optimal,gurobi,0.7370692491531372,0.3020002245903015,1.012810819942966,6,"{""ExternalRiskEstimate"": 0.07475409836065572, ""NumSatisfactoryTrades"": 0.18481012658227847, ""MSinceMostRecentInqexcl7days"": 0.2, ""NumInqLast6M"": -0.015151515151515152, ""NetFractionRevolvingBurden"": -0.19762931034482759, ""NumRevolvingTradesWBalance"": -0.14659507247043274}",0.3020002245903015,True
monotone_xgboost,1224,True,feasible,very_high_risk,gurobi:Optimal|refined_5,gurobi,0.839553952217102,0.3701024055480957,0.7103277955225081,8,"{""ExternalRiskEstimate"": 0.07475409836065572, ""NumSatisfactoryTrades"": 0.18481012658227852, ""PercentInstallTrades"": 0.040000000000000036, ""MSinceMostRecentInqexcl7days"": 0.2, ""NetFractionRevolvingBurden"": -0.13206786788772001, ""NumRevolvingTradesWBalance"": -0.0062500000000000056, ""NumBank2NatlTradesWHighUtilization"": -0.002777777777777775, ""InstallBurdenPerTrade"": -0.009642857142857147}",0.3701024055480957,True
monotone_xgboost,1225,False,infeasible,very_high_risk,gurobi:Infeasible|refined_18,gurobi,0.9823094010353088,0.9322571158409119,0.3210538975456359,9,"{""NumTradesOpeninLast12M"": -0.0026315789473684223, ""PercentInstallTrades"": -0.08000000000000007, ""NetFractionRevolvingBurden"": -0.009881465517241395, ""NetFractionInstallBurden"": -0.14540816326530603, ""NumRevolvingTradesWBalance"": -0.0062500000000000056, ""NumInstallTradesWBalance"": -0.00555555555555555, ""NumBank2NatlTradesWHighUtilization"": -0.002777777777777775, ""PercentTradesWBalance"": -0.015000000000000013, ""RevolvingBurdenPerTrade"": -0.005646551724137944}",0.9322571158409119,False
monotone_xgboost,1226,True,feasible,near_threshold,gurobi:Optimal|refined_1,gurobi,0.4663695693016052,0.3829348683357239,0.07580257789610179,2,"{""NumSatisfactoryTrades"": 0.07794032168410345, ""NumTotalTrades"": 0.016153846153846158}",0.3829348683357239,True
monotone_xgboost,1227,False,infeasible,very_high_risk,gurobi:Infeasible|refined_12,gurobi,0.9124914407730103,0.850718080997467,0.12522502812185937,8,"{""PercentTradesNeverDelq"": 0.010000000000000009, ""NumTotalTrades"": -0.015769230769230758, ""PercentInstallTrades"": -0.06000000000000005, ""NetFractionRevolvingBurden"": -0.01976293103448279, ""NetFractionInstallBurden"": -0.012244897959183682, ""NumInstallTradesWBalance"": -0.00555555555555555, ""NumBank2NatlTradesWHighUtilization"": -0.002777777777777775, ""InstallBurdenPerTrade"": -0.008571428571428563}",0.850718080997467,False
monotone_xgboost,1229,False,infeasible,very_high_risk,gurobi:Infeasible|refined_12,gurobi,0.9759647250175476,0.9502156972885132,0.15521415726508098,6,"{""NumTotalTrades"": 0.02096153846153847, ""PercentInstallTrades"": -0.06000000000000005, ""NetFractionInstallBurden"": -0.05586734693877543, ""NumRevolvingTradesWBalance"": -0.0015625000000000014, ""NumBank2NatlTradesWHighUtilization"": -0.002777777777777775, ""PercentTradesWBalance"": -0.015000000000000013}",0.9502156972885132,False
monotone_xgboost,1232,True,feasible,high_risk,gurobi:Optimal,gurobi,0.5439930558204651,0.2790735960006714,0.22034328349284377,2,"{""NumSatisfactoryTrades"": 0.18481012658227847, ""MSinceMostRecentInqexcl7days"": 0.11638798171425635}",0.2790735960006714,True
monotone_xgboost,1233,True,feasible,moderate_risk,gurobi:Optimal,gurobi,0.4970887303352356,0.4180055856704712,0.14726103440577146,2,"{""NumSatisfactoryTrades"": 0.18481012658227852, ""MSinceMostRecentInqexcl7days"": 0.002381090256707329}",0.4180055856704712,True
monotone_xgboost,1234,False,infeasible,very_high_risk,gurobi:Optimal|refined_4,gurobi,0.7921221256256104,0.5510183572769165,0.9125021776954694,8,"{""ExternalRiskEstimate"": 0.07475409836065572, ""NumSatisfactoryTrades"": 0.18481012658227852, ""NumTotalTrades"": -0.013365384615384612, ""MSinceMostRecentInqexcl7days"": 0.2, ""NumInqLast6M"": -0.02737438707674273, ""NetFractionRevolvingBurden"": -0.19762931034482759, ""NumInstallTradesWBalance"": -0.00555555555555555, ""NumBank2NatlTradesWHighUtilization"": -0.002777777777777775}",0.5510183572769165,False
monotone_xgboost,1235,True,feasible,very_high_risk,gurobi:Optimal,gurobi,0.7677649855613708,0.19716094434261322,0.8342912148755697,5,"{""ExternalRiskEstimate"": 0.07475409836065572, ""MSinceMostRecentTradeOpen"": -0.03239765081967762, ""NumSatisfactoryTrades"": 0.18481012658227847, ""MSinceMostRecentInqexcl7days"": 0.2, ""NetFractionRevolvingBurden"": -0.19762931034482759}",0.19716094434261322,True
monotone_xgboost,1239,True,feasible,very_high_risk,gurobi:Optimal|refined_5,gurobi,0.8113083839416504,0.40195393562316895,1.0362646208723374,11,"{""ExternalRiskEstimate"": 0.07475409836065572, ""MSinceMostRecentTradeOpen"": -0.01566579634464752, ""NumSatisfactoryTrades"": 0.1848101265822785, ""NumTotalTrades"": 0.016153846153846158, ""NumTradesOpeninLast12M"": -0.005263157894736845, ""PercentInstallTrades"": -0.040000000000000036, ""MSinceMostRecentInqexcl7days"": 0.2, ""NumInqLast6M"": -0.011089312352358797, ""NetFractionRevolvingBurden"": -0.15517241379310345, ""NumRevolvingTradesWBalance"": -0.15625, ""NumBank2NatlTradesWHighUtilization"": -0.002777777777777775}",0.40195393562316895,True
monotone_xgboost,1240,True,feasible,high_risk,gurobi:Optimal,gurobi,0.5679981708526611,0.21795888245105743,0.9021162719798035,6,"{""ExternalRiskEstimate"": 0.07475409836065572, ""NumSatisfactoryTrades"": 0.18481012658227852, ""MSinceMostRecentDelq"": 0.11655737911289477, ""MSinceMostRecentInqexcl7days"": 0.2, ""NetFractionRevolvingBurden"": -0.10775862068965517, ""NumRevolvingTradesWBalance"": -0.15625}",0.21795888245105743,True
monotone_xgboost,1241,True,feasible,very_high_risk,gurobi:Optimal|refined_3,gurobi,0.9515740871429443,0.419593870639801,1.4372541447310898,13,"{""ExternalRiskEstimate"": 0.07475409836065572, ""MSinceMostRecentTradeOpen"": -0.044386422976501305, ""NumSatisfactoryTrades"": 0.18481012658227847, ""PercentTradesNeverDelq"": 0.1594444967974034, ""MSinceMostRecentDelq"": 0.19518072289156627, ""PercentInstallTrades"": -0.2, ""MSinceMostRecentInqexcl7days"": 0.2, ""NumInqLast6M"": -0.015151515151515152, ""NetFractionRevolvingBurden"": -0.1336206896551724, ""NetFractionInstallBurden"": -0.038775510204081653, ""NumRevolvingTradesWBalance"": -0.03125, ""NumInstallTradesWBalance"": -0.002777777777777775, ""NumBank2NatlTradesWHighUtilization"": -0.05555555555555555}",0.419593870639801,True
monotone_xgboost,1242,True,feasible,very_high_risk,gurobi:Optimal,gurobi,0.8375821709632874,0.3195495009422302,2.0680584452644597,12,"{""ExternalRiskEstimate"": 0.07475409836065572, ""MSinceMostRecentTradeOpen"": -0.01566579634464752, ""NumSatisfactoryTrades"": 0.18481012658227852, ""MSinceMostRecentDelq"": 0.19518072289156632, ""PercentInstallTrades"": -0.2, ""MSinceMostRecentInqexcl7days"": 0.2, ""NumInqLast6M"": -0.030303030303030304, ""NetFractionRevolvingBurden"": -0.19762931034482759, ""NetFractionInstallBurden"": -0.3724489795918367, ""NumRevolvingTradesWBalance"": -0.09375, ""NumBank2NatlTradesWHighUtilization"": -0.05555555555555555, ""InstallBurdenPerTrade"": -0.13546918744563347}",0.3195495009422302,True
monotone_xgboost,1243,False,infeasible,very_high_risk,gurobi:Infeasible|refined_6,gurobi,0.814403235912323,0.7642979621887207,0.05530397088205908,3,"{""NumTotalTrades"": -0.04586538461538461, ""NumRevolvingTradesWBalance"": -0.0062500000000000056, ""NumInstallTradesWBalance"": -0.00555555555555555}",0.7642979621887207,False
monotone_xgboost,1244,True,feasible,high_risk,gurobi:Optimal,gurobi,0.5439930558204651,0.2790735960006714,0.22034328349284377,2,"{""NumSatisfactoryTrades"": 0.18481012658227847, ""MSinceMostRecentInqexcl7days"": 0.11638798171425635}",0.2790735960006714,True
monotone_xgboost,1246,True,feasible,high_risk,gurobi:Optimal,gurobi,0.5439930558204651,0.2790735960006714,0.22034328349284377,2,"{""NumSatisfactoryTrades"": 0.18481012658227847, ""MSinceMostRecentInqexcl7days"": 0.11638798171425635}",0.2790735960006714,True
monotone_xgboost,1248,True,feasible,high_risk,gurobi:Optimal,gurobi,0.5872819423675537,0.40054166316986084,0.23631134314740973,2,"{""NumSatisfactoryTrades"": 0.18481012658227847, ""MSinceMostRecentInqexcl7days"": 0.14129784514301874}",0.40054166316986084,True
monotone_xgboost,1249,True,feasible,moderate_risk,gurobi:Optimal,gurobi,0.5022285580635071,0.4040229022502899,0.16175809556036222,2,"{""NumSatisfactoryTrades"": 0.18481012658227852, ""MSinceMostRecentInqexcl7days"": 0.02499622454924567}",0.4040229022502899,True
monotone_xgboost,1250,True,feasible,very_high_risk,gurobi:Optimal,gurobi,0.7335954904556274,0.2497953325510025,0.4830922797043556,3,"{""ExternalRiskEstimate"": 0.07366375635637168, ""NumSatisfactoryTrades"": 0.1848101265822785, ""MSinceMostRecentInqexcl7days"": 0.2}",0.2497953325510025,True
monotone_xgboost,1251,False,infeasible,very_high_risk,gurobi:Infeasible|refined_3,gurobi,0.8289246559143066,0.7747396230697632,0.016426529910603928,2,"{""PercentInstallTrades"": -0.020000000000000018, ""NumBank2NatlTradesWHighUtilization"": -0.002777777777777775}",0.7747396230697632,False
monotone_xgboost,1252,True,feasible,very_high_risk,gurobi:Optimal,gurobi,0.7644261717796326,0.4145472049713135,0.7667649703158789,4,"{""ExternalRiskEstimate"": 0.07475409836065572, ""NumSatisfactoryTrades"": 0.18481012658227852, ""MSinceMostRecentInqexcl7days"": 0.2, ""NumInqLast6M"": -0.0561153842709097}",0.4145472049713135,True
monotone_xgboost,1253,True,feasible,very_high_risk,gurobi:Optimal|refined_11,gurobi,0.7958456873893738,0.41927024722099304,0.7451040502682404,12,"{""ExternalRiskEstimate"": 0.07475409836065572, ""NumSatisfactoryTrades"": 0.18481012658227852, ""NumTotalTrades"": -0.012403846153846154, ""NumTradesOpeninLast12M"": -0.0026315789473684223, ""PercentInstallTrades"": -0.06000000000000005, ""MSinceMostRecentInqexcl7days"": 0.2, ""NetFractionRevolvingBurden"": -0.09209262799184131, ""NetFractionInstallBurden"": -0.03724489795918362, ""NumRevolvingTradesWBalance"": -0.0015625000000000014, ""NumBank2NatlTradesWHighUtilization"": -0.002777777777777775, ""PercentTradesWBalance"": -0.015000000000000013, ""InstallBurdenPerTrade"": -0.012857142857142845}",0.41927024722099304,True
monotone_xgboost,1254,False,infeasible,very_high_risk,gurobi:Infeasible|refined_14,gurobi,0.9629570841789246,0.9312728643417358,0.3080045761223013,5,"{""NumTradesOpeninLast12M"": -0.005263157894736845, ""PercentInstallTrades"": -0.040000000000000036, ""NetFractionInstallBurden"": -0.17551020408163254, ""NumRevolvingTradesWBalance"": -0.0031250000000000028, ""PercentTradesWBalance"": -0.015000000000000013}",0.9312728643417358,False
monotone_xgboost,1257,True,feasible,very_high_risk,gurobi:Optimal,gurobi,0.8597539663314819,0.34156104922294617,1.4227358256798195,10,"{""ExternalRiskEstimate"": 0.07475409836065572, ""MSinceMostRecentTradeOpen"": -0.02349869451697128, ""NumSatisfactoryTrades"": 0.18481012658227852, ""MSinceMostRecentDelq"": 0.19518072289156632, ""PercentInstallTrades"": -0.2, ""MSinceMostRecentInqexcl7days"": 0.2, ""NumInqLast6M"": -0.015151515151515152, ""NetFractionRevolvingBurden"": -0.19762931034482759, ""NumRevolvingTradesWBalance"": -0.15625, ""NumBank2NatlTradesWHighUtilization"": -0.06527272696689848}",0.34156104922294617,True
monotone_xgboost,1258,True,feasible,very_high_risk,gurobi:Optimal,gurobi,0.6787900924682617,0.2833618223667145,0.47155705854195834,3,"{""ExternalRiskEstimate"": 0.0696010064812862, ""NumSatisfactoryTrades"": 0.18481012658227852, ""MSinceMostRecentInqexcl7days"": 0.2}",0.2833618223667145,True
monotone_xgboost,1259,True,feasible,very_high_risk,gurobi:Optimal,gurobi,0.9036402106285095,0.36953863501548767,1.5094544658907791,8,"{""ExternalRiskEstimate"": 0.07475409836065572, ""NumSatisfactoryTrades"": 0.18481012658227847, ""MSinceMostRecentDelq"": 0.19518072289156632, ""MSinceMostRecentInqexcl7days"": 0.2, ""NumInqLast6M"": -0.015151515151515152, ""NetFractionRevolvingBurden"": -0.19762931034482759, ""NetFractionInstallBurden"": -0.22949430821758907, ""NumRevolvingTradesWBalance"": -0.16875}",0.36953863501548767,True
monotone_xgboost,1260,False,infeasible,very_high_risk,gurobi:Optimal|refined_7,gurobi,0.8159719109535217,0.4686107337474823,0.4447838974452041,6,"{""ExternalRiskEstimate"": 0.057130694474359256, ""NumSatisfactoryTrades"": 0.18481012658227852, ""NumTradesOpeninLast12M"": -0.006842105263157899, ""PercentInstallTrades"": -0.020000000000000018, ""NetFractionInstallBurden"": -0.07270408163265302, ""NumInstallTradesWBalance"": -0.00555555555555555}",0.4686107337474823,False
monotone_xgboost,1261,True,feasible,very_high_risk,gurobi:Optimal,gurobi,0.7020230889320374,0.31415075063705444,0.5401284416700016,4,"{""ExternalRiskEstimate"": 0.07475409836065572, ""NumSatisfactoryTrades"": 0.18481012658227847, ""MSinceMostRecentInqexcl7days"": 0.2, ""NumInqLast6M"": -0.010788078541734247}",0.31415075063705444,True
monotone_xgboost,1263,True,feasible,near_threshold,gurobi:Optimal,gurobi,0.3029002845287323,0.29275837540626526,0.05811646496524822,1,"{""NumSatisfactoryTrades"": 0.07369907819155774}",0.29275837540626526,True
monotone_xgboost,1265,True,feasible,high_risk,gurobi:Optimal,gurobi,0.605810284614563,0.3222483694553375,0.2565504054040715,2,"{""NumSatisfactoryTrades"": 0.18481012658227852, ""MSinceMostRecentInqexcl7days"": 0.17287038981318492}",0.3222483694553375,True
monotone_xgboost,1267,True,feasible,very_high_risk,gurobi:Optimal|refined_5,gurobi,0.6613782048225403,0.41227713227272034,0.16657833619742485,4,"{""NumSatisfactoryTrades"": 0.13658439898265584, ""NumTotalTrades"": 0.016153846153846158, ""NumTradesOpeninLast12M"": -0.005263157894736845, ""PercentInstallTrades"": 0.06000000000000005}",0.41227713227272034,True
monotone_xgboost,1268,True,feasible,very_high_risk,gurobi:Optimal,gurobi,0.9333056211471558,0.2778816521167755,1.690209379428035,9,"{""ExternalRiskEstimate"": 0.07475409836065572, ""NumSatisfactoryTrades"": 0.18481012658227847, ""MSinceMostRecentDelq"": 0.1951807228915663, ""PercentInstallTrades"": -0.2, ""MSinceMostRecentInqexcl7days"": 0.2, ""NumInqLast6M"": -0.06363636363636364, ""NetFractionRevolvingBurden"": -0.19762931034482759, ""NetFractionInstallBurden"": -0.14021481081528164, ""NumRevolvingTradesWBalance"": -0.125}",0.2778816521167755,True
monotone_xgboost,1270,True,feasible,near_threshold,gurobi:Optimal,gurobi,0.3191308081150055,0.2880922257900238,0.04405177993637994,1,"{""NumSatisfactoryTrades"": 0.055863266562236835}",0.2880922257900238,True
monotone_xgboost,1272,False,infeasible,very_high_risk,gurobi:Infeasible|refined_15,gurobi,0.9472472071647644,0.8691060543060303,0.19686069359981218,5,"{""NumTotalTrades"": -0.01615384615384613, ""PercentInstallTrades"": -0.040000000000000036, ""NetFractionRevolvingBurden"": -0.006465517241379309, ""NetFractionInstallBurden"": -0.03724489795918362, ""InstallBurdenPerTrade"": -0.10285714285714276}",0.8691060543060303,False
monotone_xgboost,1273,False,infeasible,very_high_risk,gurobi:Optimal|refined_5,gurobi,0.9731664061546326,0.5627638697624207,2.0595351552059507,15,"{""ExternalRiskEstimate"": 0.07475409836065572, ""MSinceMostRecentTradeOpen"": -0.02349869451697128, ""NumSatisfactoryTrades"": 0.18481012658227852, ""PercentTradesNeverDelq"": 0.09999999999999998, ""MSinceMostRecentDelq"": 0.1951807228915663, ""NumTradesOpeninLast12M"": -0.005263157894736845, ""PercentInstallTrades"": -0.19999999999999996, ""MSinceMostRecentInqexcl7days"": 0.2, ""NumInqLast6M"": -0.030303030303030304, ""NetFractionRevolvingBurden"": -0.19762931034482759, ""NetFractionInstallBurden"": -0.4304827209738907, ""NumRevolvingTradesWBalance"": -0.0625, ""NumInstallTradesWBalance"": -0.002777777777777775, ""NumBank2NatlTradesWHighUtilization"": -0.002777777777777775, ""RevolvingBurdenPerTrade"": -0.005646551724137944}",0.5627638697624207,False
monotone_xgboost,1275,True,feasible,near_threshold,gurobi:Optimal,gurobi,0.23967473208904266,0.23967473208904266,7.116902723206915e-17,0,{},0.23967473208904266,True
monotone_xgboost,1276,False,near_feasible,very_high_risk,gurobi:Optimal|refined_6,gurobi,0.7293893098831177,0.42601844668388367,1.0955223849728424,11,"{""ExternalRiskEstimate"": 0.07475409836065572, ""NumSatisfactoryTrades"": 0.18481012658227847, ""MSinceMostRecentDelq"": 0.09899246187568682, ""NumTradesOpeninLast12M"": -0.005263157894736845, ""PercentInstallTrades"": 0.01999999999999999, ""MSinceMostRecentInqexcl7days"": 0.2, ""NumInqLast6M"": -0.030303030303030304, ""NetFractionRevolvingBurden"": -0.10775862068965517, ""NumRevolvingTradesWBalance"": -0.16875, ""NumBank2NatlTradesWHighUtilization"": -0.008333333333333331, ""InstallBurdenPerTrade"": -0.00797619047619047}",0.42601844668388367,False
monotone_xgboost,1277,False,near_feasible,very_high_risk,gurobi:Optimal|refined_4,gurobi,0.7942336201667786,0.4379662573337555,1.2408836322616377,10,"{""ExternalRiskEstimate"": 0.07475409836065572, ""NumSatisfactoryTrades"": 0.18481012658227852, ""MSinceMostRecentDelq"": 0.1951807228915663, ""NumTotalTrades"": -0.016153846153846158, ""NumTradesOpeninLast12M"": -0.005263157894736845, ""PercentInstallTrades"": -0.13086192040731603, ""MSinceMostRecentInqexcl7days"": 0.2, ""NumInqLast6M"": -0.030303030303030304, ""NetFractionRevolvingBurden"": -0.12068965517241378, ""NumRevolvingTradesWBalance"": -0.16875}",0.4379662573337555,False
monotone_xgboost,1278,True,feasible,high_risk,gurobi:Optimal,gurobi,0.5439930558204651,0.2790735960006714,0.22034328349284377,2,"{""NumSatisfactoryTrades"": 0.18481012658227847, ""MSinceMostRecentInqexcl7days"": 0.11638798171425635}",0.2790735960006714,True
monotone_xgboost,1280,False,infeasible,very_high_risk,gurobi:Infeasible|refined_10,gurobi,0.9922806620597839,0.9864643812179565,0.08714396606724369,6,"{""NumTotalTrades"": -0.019038461538461546, ""PercentInstallTrades"": 0.03300000000000003, ""NetFractionRevolvingBurden"": -0.006465517241379309, ""NetFractionInstallBurden"": -0.012244897959183682, ""NumInstallTradesWBalance"": -0.00555555555555555, ""InstallBurdenPerTrade"": -0.017142857142857126}",0.9864643812179565,False
monotone_xgboost,1281,True,feasible,very_high_risk,gurobi:Optimal|refined_4,gurobi,0.9142168760299683,0.413135290145874,1.817752379641033,12,"{""ExternalRiskEstimate"": 0.07475409836065572, ""NumSatisfactoryTrades"": 0.18481012658227847, ""MSinceMostRecentDelq"": 0.19518072289156632, ""NumTotalTrades"": 0.020000000000000046, ""PercentInstallTrades"": -0.2, ""MSinceMostRecentInqexcl7days"": 0.2, ""NumInqLast6M"": -0.030303030303030304, ""NetFractionRevolvingBurden"": -0.19762931034482759, ""NetFractionInstallBurden"": -0.3426555078682991, ""NumRevolvingTradesWBalance"": -0.09375, ""NumBank2NatlTradesWHighUtilization"": -0.002777777777777775, ""RevolvingBurdenPerTrade"": -0.005646551724137944}",0.413135290145874,True
monotone_xgboost,1285,True,feasible,very_high_risk,gurobi:Optimal,gurobi,0.668787956237793,0.3391336500644684,0.41331295774306476,3,"{""ExternalRiskEstimate"": 0.049087207056569104, ""NumSatisfactoryTrades"": 0.18481012658227847, ""MSinceMostRecentInqexcl7days"": 0.2}",0.3391336500644684,True
monotone_xgboost,1286,True,feasible,very_high_risk,gurobi:Optimal,gurobi,0.9474520683288574,0.39859458804130554,1.9311280273078224,10,"{""ExternalRiskEstimate"": 0.07475409836065572, ""MSinceMostRecentTradeOpen"": -0.028720626631853787, ""NumSatisfactoryTrades"": 0.1848101265822785, ""PercentTradesNeverDelq"": 0.19999999999999996, ""MSinceMostRecentDelq"": 0.1951807228915663, ""PercentInstallTrades"": -0.19999999999999996, ""MSinceMostRecentInqexcl7days"": 0.2, ""NumInqLast6M"": -0.045454545454545456, ""NetFractionRevolvingBurden"": -0.19762931034482759, ""NetFractionInstallBurden"": -0.28676435725607385}",0.39859458804130554,True
monotone_xgboost,1288,True,feasible,high_risk,gurobi:Optimal,gurobi,0.5439930558204651,0.2790735960006714,0.22034328349284377,2,"{""NumSatisfactoryTrades"": 0.18481012658227847, ""MSinceMostRecentInqexcl7days"": 0.11638798171425635}",0.2790735960006714,True
monotone_xgboost,1289,True,feasible,high_risk,gurobi:Optimal,gurobi,0.5458722114562988,0.21813245117664337,0.3476621160208242,3,"{""ExternalRiskEstimate"": 0.02596472459600241, ""NumSatisfactoryTrades"": 0.1848101265822785, ""MSinceMostRecentInqexcl7days"": 0.2}",0.21813245117664337,True
monotone_xgboost,1290,True,feasible,very_high_risk,gurobi:Optimal,gurobi,0.8106192350387573,0.38628682494163513,0.716958662974046,5,"{""ExternalRiskEstimate"": 0.07475409836065572, ""MSinceMostRecentTradeOpen"": -0.0014270895245037853, ""NumSatisfactoryTrades"": 0.18481012658227852, ""MSinceMostRecentInqexcl7days"": 0.2, ""NetFractionRevolvingBurden"": -0.16810344827586207}",0.38628682494163513,True
monotone_xgboost,1291,True,feasible,high_risk,gurobi:Optimal,gurobi,0.5439930558204651,0.2790735960006714,0.22034328349284377,2,"{""NumSatisfactoryTrades"": 0.18481012658227847, ""MSinceMostRecentInqexcl7days"": 0.11638798171425635}",0.2790735960006714,True
monotone_xgboost,1293,True,feasible,very_high_risk,gurobi:Optimal,gurobi,0.7622594833374023,0.410950630903244,1.0141091591562708,6,"{""ExternalRiskEstimate"": 0.07475409836065572, ""NumSatisfactoryTrades"": 0.18481012658227852, ""MSinceMostRecentDelq"": 0.10172159275671197, ""MSinceMostRecentInqexcl7days"": 0.2, ""NetFractionRevolvingBurden"": -0.19762931034482759, ""NumRevolvingTradesWBalance"": -0.15625}",0.410950630903244,True
monotone_xgboost,1296,True,feasible,very_high_risk,gurobi:Optimal,gurobi,0.8870457410812378,0.3154507577419281,1.8447100932453857,12,"{""ExternalRiskEstimate"": 0.07475409836065572, ""MSinceMostRecentTradeOpen"": -0.033942558746736295, ""NumSatisfactoryTrades"": 0.1848101265822785, ""PercentTradesNeverDelq"": 0.10999999999999999, ""MSinceMostRecentDelq"": 0.1951807228915663, ""PercentInstallTrades"": -0.2, ""MSinceMostRecentInqexcl7days"": 0.2, ""NumInqLast6M"": -0.015151515151515152, ""NetFractionRevolvingBurden"": -0.19762931034482759, ""NetFractionInstallBurden"": -0.3214285714285714, ""NumRevolvingTradesWBalance"": -0.03125, ""NumBank2NatlTradesWHighUtilization"": -0.036968009913233284}",0.3154507577419281,True
monotone_xgboost,1297,True,feasible,very_high_risk,gurobi:Optimal,gurobi,0.7809028625488281,0.327891081571579,1.2607914719868685,8,"{""ExternalRiskEstimate"": 0.07475409836065572, ""NumSatisfactoryTrades"": 0.18481012658227852, ""PercentTradesNeverDelq"": 0.17669532858724457, ""MSinceMostRecentDelq"": 0.19518072289156627, ""PercentInstallTrades"": -0.2, ""MSinceMostRecentInqexcl7days"": 0.2, ""NetFractionRevolvingBurden"": -0.14224137931034483, ""NumRevolvingTradesWBalance"": -0.125}",0.327891081571579,True
monotone_xgboost,1298,True,feasible,very_high_risk,gurobi:Optimal,gurobi,0.8203685283660889,0.4151366055011749,1.0425948267379805,6,"{""ExternalRiskEstimate"": 0.07475409836065572, ""MSinceMostRecentTradeOpen"": -0.033942558746736295, ""NumSatisfactoryTrades"": 0.18481012658227852, ""MSinceMostRecentInqexcl7days"": 0.2, ""NetFractionRevolvingBurden"": -0.19762931034482759, ""NumRevolvingTradesWBalance"": -0.16309708445604695}",0.4151366055011749,True
monotone_xgboost,1299,True,feasible,very_high_risk,gurobi:Optimal|refined_2,gurobi,0.6772387027740479,0.4129939675331116,0.8588306405586672,8,"{""ExternalRiskEstimate"": 0.07475409836065572, ""MSinceMostRecentTradeOpen"": -0.0391644908616188, ""NumSatisfactoryTrades"": 0.18481012658227852, ""MSinceMostRecentInqexcl7days"": 0.2, ""NumInqLast6M"": -0.030303030303030304, ""NumRevolvingTradesWBalance"": -0.08202434759869612, ""NumInstallTradesWBalance"": -0.00555555555555555, ""InstallBurdenPerTrade"": -0.01517857142857143}",0.4129939675331116,True
monotone_xgboost,1300,False,infeasible,very_high_risk,gurobi:Infeasible|refined_8,gurobi,0.9649770259857178,0.9296782612800598,0.07776744433601854,7,"{""NumTotalTrades"": 0.011923076923076925, ""NumTradesOpeninLast12M"": -0.006842105263157899, ""NetFractionInstallBurden"": -0.022704081632653084, ""NumRevolvingTradesWBalance"": -0.0015625000000000014, ""NumInstallTradesWBalance"": -0.008333333333333331, ""NumBank2NatlTradesWHighUtilization"": -0.002777777777777775, ""PercentTradesWBalance"": -0.015000000000000013}",0.9296782612800598,False
monotone_xgboost,1301,True,feasible,very_high_risk,gurobi:Optimal,gurobi,0.6259698271751404,0.37373220920562744,0.2245639706438014,2,"{""NumSatisfactoryTrades"": 0.18481012658227847, ""MSinceMostRecentInqexcl7days"": 0.12297217182753814}",0.37373220920562744,True
monotone_xgboost,1302,True,feasible,very_high_risk,gurobi:Optimal,gurobi,0.7310510277748108,0.3794781565666199,0.6130881827721169,4,"{""ExternalRiskEstimate"": 0.07475409836065572, ""NumSatisfactoryTrades"": 0.1848101265822785, ""MSinceMostRecentInqexcl7days"": 0.2, ""NetFractionRevolvingBurden"": -0.0938911915308232}",0.3794781565666199,True
monotone_xgboost,1303,True,feasible,high_risk,gurobi:Optimal,gurobi,0.5439930558204651,0.2790735960006714,0.22034328349284377,2,"{""NumSatisfactoryTrades"": 0.18481012658227847, ""MSinceMostRecentInqexcl7days"": 0.11638798171425635}",0.2790735960006714,True
monotone_xgboost,1304,True,feasible,high_risk,gurobi:Optimal|refined_1,gurobi,0.5317089557647705,0.41641250252723694,0.06682143511527659,2,"{""NumSatisfactoryTrades"": 0.08002382725398666, ""NumBank2NatlTradesWHighUtilization"": -0.002777777777777775}",0.41641250252723694,True
monotone_xgboost,1305,True,feasible,near_threshold,gurobi:Optimal,gurobi,0.4110218286514282,0.38193923234939575,0.18868003265656025,2,"{""NumSatisfactoryTrades"": 0.18481012658227847, ""MSinceMostRecentInqexcl7days"": 0.06699392438325569}",0.38193923234939575,True
monotone_xgboost,1306,False,infeasible,very_high_risk,gurobi:Infeasible|refined_5,gurobi,0.921419620513916,0.8843387961387634,0.03127644567773884,4,"{""NumTradesOpeninLast12M"": -0.006842105263157899, ""NumRevolvingTradesWBalance"": -0.008437499999999987, ""NumInstallTradesWBalance"": -0.002777777777777775, ""PercentTradesWBalance"": -0.015000000000000013}",0.8843387961387634,False
monotone_xgboost,1307,False,infeasible,very_high_risk,gurobi:Infeasible|refined_12,gurobi,0.8280319571495056,0.7553582191467285,0.16710078085031113,6,"{""NumTotalTrades"": 0.016153846153846158, ""NumTradesOpeninLast12M"": -0.0026315789473684223, ""PercentInstallTrades"": -0.019000000000000017, ""NetFractionInstallBurden"": -0.05586734693877543, ""NumBank2NatlTradesWHighUtilization"": -0.00555555555555555, ""InstallBurdenPerTrade"": -0.05142857142857138}",0.7553582191467285,False
monotone_xgboost,1308,True,feasible,high_risk,gurobi:Optimal,gurobi,0.5439930558204651,0.2790735960006714,0.22034328349284377,2,"{""NumSatisfactoryTrades"": 0.18481012658227847, ""MSinceMostRecentInqexcl7days"": 0.11638798171425635}",0.2790735960006714,True
monotone_xgboost,1309,True,feasible,very_high_risk,gurobi:Optimal,gurobi,0.7072638869285583,0.3463387191295624,0.5658734042755242,4,"{""ExternalRiskEstimate"": 0.07475409836065572, ""NumSatisfactoryTrades"": 0.18481012658227847, ""MSinceMostRecentInqexcl7days"": 0.2, ""NetFractionRevolvingBurden"": -0.05895780196073161}",0.3463387191295624,True
monotone_xgboost,1310,False,infeasible,very_high_risk,gurobi:Infeasible|refined_19,gurobi,0.8872496485710144,0.6969379782676697,0.21304288505196725,5,"{""PercentInstallTrades"": 0.08000000000000007, ""NetFractionInstallBurden"": -0.01862244897959181, ""NumInstallTradesWBalance"": -0.002777777777777775, ""NumBank2NatlTradesWHighUtilization"": -0.002777777777777775, ""InstallBurdenPerTrade"": -0.1414285714285713}",0.6969379782676697,False
monotone_xgboost,1311,False,infeasible,very_high_risk,gurobi:Optimal|refined_6,gurobi,0.9380330443382263,0.48601233959198,1.3562987444963632,12,"{""ExternalRiskEstimate"": 0.07475409836065572, ""NumSatisfactoryTrades"": 0.18481012658227847, ""MSinceMostRecentDelq"": 0.1695224046485536, ""NumTradesOpeninLast12M"": -0.006842105263157899, ""PercentInstallTrades"": -0.011499999999999962, ""MSinceMostRecentInqexcl7days"": 0.2, ""NumInqLast6M"": -0.045454545454545456, ""NetFractionRevolvingBurden"": -0.19762931034482759, ""NumRevolvingTradesWBalance"": -0.16875, ""NumBank2NatlTradesWHighUtilization"": -0.008333333333333331, ""PercentTradesWBalance"": -0.015000000000000013, ""InstallBurdenPerTrade"": -0.02242857142857141}",0.48601233959198,False
monotone_xgboost,1312,True,feasible,very_high_risk,gurobi:Optimal|refined_1,gurobi,0.8524273633956909,0.4171353578567505,1.1990530947994862,7,"{""ExternalRiskEstimate"": 0.07475409836065572, ""NumSatisfactoryTrades"": 0.18481012658227847, ""NumTotalTrades"": -0.01615384615384602, ""MSinceMostRecentInqexcl7days"": 0.2, ""NumInqLast6M"": -0.045454545454545456, ""NetFractionRevolvingBurden"": -0.19762931034482759, ""NumRevolvingTradesWBalance"": -0.1628580073520321}",0.4171353578567505,True
monotone_xgboost,1313,True,feasible,very_high_risk,gurobi:Optimal|refined_2,gurobi,0.7861077785491943,0.399027556180954,0.4959051294510881,5,"{""ExternalRiskEstimate"": 0.07256383768805952, ""NumSatisfactoryTrades"": 0.18481012658227847, ""NumTradesOpeninLast12M"": -0.005263157894736845, ""PercentInstallTrades"": 0.015, ""MSinceMostRecentInqexcl7days"": 0.2}",0.399027556180954,True
monotone_xgboost,1315,True,feasible,near_threshold,gurobi:Optimal,gurobi,0.44407087564468384,0.3778761327266693,0.024095622943223836,1,"{""NumSatisfactoryTrades"": 0.030556318255572368}",0.3778761327266693,True
monotone_xgboost,1316,False,infeasible,very_high_risk,gurobi:Optimal|refined_9,gurobi,0.8570703864097595,0.5087680816650391,0.9619441299528004,11,"{""ExternalRiskEstimate"": 0.07475409836065572, ""MSinceMostRecentTradeOpen"": -0.0269786095060228, ""NumSatisfactoryTrades"": 0.18481012658227847, ""NumTotalTrades"": -0.04846153846153847, ""PercentInstallTrades"": 0.020000000000000018, ""MSinceMostRecentInqexcl7days"": 0.2, ""NumInqLast6M"": -0.06363636363636363, ""NumRevolvingTradesWBalance"": -0.0062500000000000056, ""NumInstallTradesWBalance"": -0.008333333333333331, ""NumBank2NatlTradesWHighUtilization"": -0.00555555555555555, ""PercentTradesWBalance"": -0.015000000000000013}",0.5087680816650391,False
monotone_xgboost,1317,True,feasible,high_risk,gurobi:Optimal,gurobi,0.5439930558204651,0.2790735960006714,0.22034328349284377,2,"{""NumSatisfactoryTrades"": 0.18481012658227847, ""MSinceMostRecentInqexcl7days"": 0.11638798171425635}",0.2790735960006714,True
monotone_xgboost,1318,True,feasible,very_high_risk,gurobi:Optimal,gurobi,0.9627342820167542,0.28259989619255066,1.3880345710126418,8,"{""ExternalRiskEstimate"": 0.07475409836065572, ""MSinceMostRecentTradeOpen"": -0.04699738903394256, ""NumSatisfactoryTrades"": 0.1848101265822785, ""PercentTradesNeverDelq"": 0.20000000000000007, ""MSinceMostRecentDelq"": 0.1951807228915663, ""MSinceMostRecentInqexcl7days"": 0.2, ""NumInqLast6M"": -0.045454545454545456, ""NetFractionInstallBurden"": -0.1570403505106978}",0.28259989619255066,True
monotone_xgboost,1319,True,feasible,very_high_risk,gurobi:Optimal,gurobi,0.8063200116157532,0.369215726852417,0.7062436133367928,4,"{""ExternalRiskEstimate"": 0.07475409836065572, ""NumSatisfactoryTrades"": 0.18481012658227852, ""MSinceMostRecentInqexcl7days"": 0.2, ""NumInqLast6M"": -0.044011112875092455}",0.369215726852417,True
monotone_xgboost,1320,True,feasible,high_risk,gurobi:Optimal,gurobi,0.5829926133155823,0.41217756271362305,0.26557634511080347,2,"{""NumSatisfactoryTrades"": 0.18481012658227847, ""MSinceMostRecentInqexcl7days"": 0.18695068073611176}",0.41217756271362305,True
monotone_xgboost,1321,True,feasible,very_high_risk,gurobi:Optimal,gurobi,0.7957847118377686,0.35466718673706055,1.1804235012497328,7,"{""ExternalRiskEstimate"": 0.07475409836065572, ""NumSatisfactoryTrades"": 0.18481012658227847, ""MSinceMostRecentDelq"": 0.12489812545587012, ""MSinceMostRecentInqexcl7days"": 0.2, ""NumInqLast6M"": -0.030303030303030304, ""NetFractionRevolvingBurden"": -0.19762931034482759, ""NumRevolvingTradesWBalance"": -0.15625}",0.35466718673706055,True
monotone_xgboost,1323,True,feasible,very_high_risk,gurobi:Optimal,gurobi,0.770396888256073,0.33188968896865845,1.366358743526831,8,"{""ExternalRiskEstimate"": 0.07475409836065572, ""NumSatisfactoryTrades"": 0.18481012658227852, ""MSinceMostRecentDelq"": 0.1951807228915663, ""PercentInstallTrades"": -0.2, ""MSinceMostRecentInqexcl7days"": 0.2, ""NetFractionRevolvingBurden"": -0.19762931034482759, ""NumRevolvingTradesWBalance"": -0.16875, ""NumBank2NatlTradesWHighUtilization"": -0.11194280779588711}",0.33188968896865845,True
monotone_xgboost,1326,True,feasible,very_high_risk,gurobi:Optimal,gurobi,0.7791972160339355,0.3593778908252716,0.76483901939189,5,"{""ExternalRiskEstimate"": 0.07475409836065572, ""NumSatisfactoryTrades"": 0.18481012658227852, ""MSinceMostRecentInqexcl7days"": 0.2, ""NumInqLast6M"": -0.0023083863131028847, ""NetFractionRevolvingBurden"": -0.19762931034482759}",0.3593778908252716,True
monotone_xgboost,1327,True,feasible,very_high_risk,gurobi:Optimal,gurobi,0.7042961120605469,0.4191230535507202,0.31118087974640507,2,"{""ExternalRiskEstimate"": 0.05827079828558546, ""NumSatisfactoryTrades"": 0.1848101265822785}",0.4191230535507202,True
monotone_xgboost,1328,True,feasible,near_threshold,gurobi:Optimal,gurobi,0.2530020475387573,0.2530020475387573,0.0,0,{},0.2530020475387573,True
monotone_xgboost,1329,True,feasible,very_high_risk,gurobi:Optimal,gurobi,0.6249675750732422,0.3302331566810608,0.48794570559086814,4,"{""ExternalRiskEstimate"": 0.07475409836065572, ""NumSatisfactoryTrades"": 0.18481012658227847, ""MSinceMostRecentInqexcl7days"": 0.19999999999999998, ""NumInqLast6M"": -0.0003515313259075739}",0.3302331566810608,True
monotone_xgboost,1330,True,feasible,very_high_risk,gurobi:Optimal,gurobi,0.7152326703071594,0.319571852684021,0.5703343467577705,4,"{""ExternalRiskEstimate"": 0.07475409836065572, ""NumSatisfactoryTrades"": 0.18481012658227847, ""MSinceMostRecentInqexcl7days"": 0.2, ""NumInqLast6M"": -0.016829259559287976}",0.319571852684021,True
monotone_xgboost,1331,True,feasible,very_high_risk,gurobi:Optimal|refined_6,gurobi,0.8004178404808044,0.4060000479221344,1.0096932109308632,10,"{""ExternalRiskEstimate"": 0.07475409836065572, ""NumSatisfactoryTrades"": 0.18481012658227852, ""PercentTradesNeverDelq"": 0.010000000000000009, ""PercentInstallTrades"": 0.020000000000000018, ""MSinceMostRecentInqexcl7days"": 0.2, ""NumInqLast6M"": -0.030303030303030304, ""NetFractionRevolvingBurden"": -0.1939655172413793, ""NumRevolvingTradesWBalance"": -0.04706889703781589, ""RevolvingBurdenPerTrade"": -0.004849137931034489, ""InstallBurdenPerTrade"": -0.023571428571428604}",0.4060000479221344,True
monotone_xgboost,1332,True,feasible,very_high_risk,gurobi:Optimal,gurobi,0.9119117856025696,0.4048716127872467,1.9924032620701242,9,"{""ExternalRiskEstimate"": 0.07475409836065572, ""NumSatisfactoryTrades"": 0.18481012658227847, ""MSinceMostRecentDelq"": 0.1951807228915663, ""PercentInstallTrades"": -0.2, ""MSinceMostRecentInqexcl7days"": 0.2, ""NumInqLast6M"": -0.06363636363636364, ""NetFractionRevolvingBurden"": -0.19762931034482759, ""NetFractionInstallBurden"": -0.31556292490961746, ""NumRevolvingTradesWBalance"": -0.15625}",0.4048716127872467,True
monotone_xgboost,1333,True,feasible,very_high_risk,gurobi:Optimal,gurobi,0.7818059921264648,0.4163641631603241,1.4553114162079575,8,"{""ExternalRiskEstimate"": 0.07475409836065572, ""NumSatisfactoryTrades"": 0.18481012658227847, ""MSinceMostRecentDelq"": 0.1951807228915663, ""MSinceMostRecentInqexcl7days"": 0.2, ""NumInqLast6M"": -0.045454545454545456, ""NetFractionRevolvingBurden"": -0.19762931034482759, ""NumRevolvingTradesWBalance"": -0.16875, ""NumBank2NatlTradesWHighUtilization"": -0.10355175529105745}",0.4163641631603241,True
monotone_xgboost,1337,True,feasible,very_high_risk,gurobi:Optimal,gurobi,0.8288446068763733,0.29899266362190247,1.3445927883470268,7,"{""ExternalRiskEstimate"": 0.07475409836065572, ""NumSatisfactoryTrades"": 0.18481012658227847, ""MSinceMostRecentDelq"": 0.09644884115116426, ""MSinceMostRecentInqexcl7days"": 0.2, ""NumInqLast6M"": -0.06363636363636364, ""NetFractionRevolvingBurden"": -0.19762931034482759, ""NumRevolvingTradesWBalance"": -0.16875}",0.29899266362190247,True
monotone_xgboost,1338,True,feasible,moderate_risk,gurobi:Optimal,gurobi,0.51018887758255,0.3525267243385315,0.26747332296792004,2,"{""NumSatisfactoryTrades"": 0.1848101265822785, ""MSinceMostRecentInqexcl7days"": 0.18990992940942494}",0.3525267243385315,True
monotone_xgboost,1341,False,infeasible,very_high_risk,gurobi:Infeasible|refined_15,gurobi,0.972459614276886,0.9275882244110107,0.19783086611205292,6,"{""NumTotalTrades"": -0.03153846153846153, ""NetFractionRevolvingBurden"": -0.03952586206896558, ""NetFractionInstallBurden"": -0.03724489795918362, ""NumRevolvingTradesWBalance"": -0.008437499999999987, ""NumBank2NatlTradesWHighUtilization"": -0.002777777777777775, ""InstallBurdenPerTrade"": -0.05142857142857138}",0.9275882244110107,False
monotone_xgboost,1342,True,feasible,very_high_risk,gurobi:Optimal,gurobi,0.6457674503326416,0.3100307881832123,0.5758258534824652,3,"{""ExternalRiskEstimate"": 0.07475409836065572, ""NumSatisfactoryTrades"": 0.1848101265822785, ""NetFractionRevolvingBurden"": -0.1611793583772552}",0.3100307881832123,True
monotone_xgboost,1344,False,infeasible,very_high_risk,gurobi:Optimal|refined_6,gurobi,0.9092807769775391,0.6364724636077881,1.3645497861437246,11,"{""ExternalRiskEstimate"": 0.07475409836065572, ""MSinceMostRecentTradeOpen"": -0.06266318537859009, ""NumSatisfactoryTrades"": 0.18481012658227847, ""NumTotalTrades"": -0.01615384615384613, ""MSinceMostRecentInqexcl7days"": 0.2, ""NumInqLast6M"": -0.06363636363636364, ""NetFractionRevolvingBurden"": -0.19762931034482759, ""NumRevolvingTradesWBalance"": -0.07143545162854167, ""NumInstallTradesWBalance"": -0.002777777777777775, ""NumBank2NatlTradesWHighUtilization"": -0.008333333333333331, ""PercentTradesWBalance"": -0.030000000000000027}",0.6364724636077881,False
monotone_xgboost,1345,True,feasible,very_high_risk,gurobi:Optimal|refined_1,gurobi,0.6436600685119629,0.3973688781261444,0.5579135708768094,4,"{""ExternalRiskEstimate"": 0.07475409836065572, ""NumSatisfactoryTrades"": 0.18481012658227847, ""NetFractionRevolvingBurden"": -0.14517586124151088, ""NumBank2NatlTradesWHighUtilization"": -0.002777777777777775}",0.3973688781261444,True
monotone_xgboost,1346,True,feasible,very_high_risk,gurobi:Optimal,gurobi,0.6365630626678467,0.32426321506500244,0.22980567810199376,2,"{""NumSatisfactoryTrades"": 0.18481012658227852, ""MSinceMostRecentInqexcl7days"": 0.13114913382177518}",0.32426321506500244,True
monotone_xgboost,1348,True,feasible,very_high_risk,gurobi:Optimal|refined_8,gurobi,0.6906419992446899,0.40888333320617676,0.3277238995053448,8,"{""NumSatisfactoryTrades"": 0.18481012658227847, ""NumTotalTrades"": 0.01615384615384613, ""NumTradesOpeninLast12M"": -0.005263157894736845, ""MSinceMostRecentInqexcl7days"": 0.17336394746923606, ""NumRevolvingTradesWBalance"": -0.008437499999999987, ""NumInstallTradesWBalance"": -0.008333333333333331, ""NumBank2NatlTradesWHighUtilization"": -0.002777777777777775, ""InstallBurdenPerTrade"": -0.02857142857142858}",0.40888333320617676,True
monotone_xgboost,1349,True,feasible,high_risk,gurobi:Optimal,gurobi,0.5661224126815796,0.28397342562675476,0.2672460980336319,2,"{""NumSatisfactoryTrades"": 0.18481012658227847, ""MSinceMostRecentInqexcl7days"": 0.18955546291799327}",0.28397342562675476,True
monotone_xgboost,1350,False,infeasible,very_high_risk,gurobi:Infeasible|refined_27,gurobi,0.9682194590568542,0.8385060429573059,0.40088710072466166,10,"{""NumTotalTrades"": -0.027692307692307683, ""NumTradesOpeninLast12M"": -0.006842105263157899, ""PercentInstallTrades"": -0.08000000000000007, ""NetFractionRevolvingBurden"": -0.029644396551724184, ""NetFractionInstallBurden"": -0.11352040816326542, ""NumRevolvingTradesWBalance"": -0.0031250000000000028, ""NumInstallTradesWBalance"": -0.008333333333333331, ""NumBank2NatlTradesWHighUtilization"": -0.002777777777777775, ""PercentTradesWBalance"": -0.015000000000000013, ""InstallBurdenPerTrade"": -0.08899999999999994}",0.8385060429573059,False
monotone_xgboost,1351,True,feasible,very_high_risk,gurobi:Optimal,gurobi,0.887687623500824,0.2043527513742447,1.4343769053900872,9,"{""ExternalRiskEstimate"": 0.07475409836065572, ""MSinceMostRecentTradeOpen"": -0.09295039164490862, ""NumSatisfactoryTrades"": 0.18481012658227847, ""PercentTradesNeverDelq"": 0.16030449377558675, ""MSinceMostRecentDelq"": 0.19518072289156627, ""PercentInstallTrades"": -0.2, ""MSinceMostRecentInqexcl7days"": 0.2, ""NetFractionRevolvingBurden"": -0.19762931034482759, ""NumRevolvingTradesWBalance"": -0.03125}",0.2043527513742447,True
monotone_xgboost,1352,True,feasible,very_high_risk,gurobi:Optimal,gurobi,0.6817172169685364,0.20904409885406494,0.8836205944560792,6,"{""ExternalRiskEstimate"": 0.07475409836065572, ""NumSatisfactoryTrades"": 0.18481012658227847, ""MSinceMostRecentInqexcl7days"": 0.2, ""NumInqLast6M"": -0.015151515151515152, ""NetFractionRevolvingBurden"": -0.12931034482758622, ""NumRevolvingTradesWBalance"": -0.11719515668042833}",0.20904409885406494,True
monotone_xgboost,1353,True,feasible,very_high_risk,gurobi:Optimal|refined_2,gurobi,0.6340569853782654,0.39354395866394043,0.4274759789003109,4,"{""ExternalRiskEstimate"": 0.04397312967214384, ""NumSatisfactoryTrades"": 0.18481012658227852, ""NumTotalTrades"": -0.032307692307692315, ""MSinceMostRecentInqexcl7days"": 0.2}",0.39354395866394043,True
monotone_xgboost,1354,True,feasible,near_threshold,gurobi:Optimal,gurobi,0.16549152135849,0.16549152135849,0.0,0,{},0.16549152135849,True
monotone_xgboost,1355,True,feasible,very_high_risk,gurobi:Optimal,gurobi,0.9490602612495422,0.32932248711586,1.8871158442557379,10,"{""ExternalRiskEstimate"": 0.07475409836065572, ""NumSatisfactoryTrades"": 0.1848101265822785, ""MSinceMostRecentDelq"": 0.19518072289156632, ""PercentInstallTrades"": -0.19, ""MSinceMostRecentInqexcl7days"": 0.2, ""NumInqLast6M"": -0.06363636363636364, ""NetFractionRevolvingBurden"": -0.19762931034482759, ""NetFractionInstallBurden"": -0.14002857164045918, ""NumRevolvingTradesWBalance"": -0.16875, ""NumBank2NatlTradesWHighUtilization"": -0.1111111111111111}",0.32932248711586,True
monotone_xgboost,1356,True,feasible,very_high_risk,gurobi:Optimal,gurobi,0.6981533169746399,0.299410343170166,0.5931715643740341,4,"{""ExternalRiskEstimate"": 0.07475409836065572, ""NumSatisfactoryTrades"": 0.18481012658227847, ""MSinceMostRecentInqexcl7days"": 0.2, ""NetFractionRevolvingBurden"": -0.07915523360465626}",0.299410343170166,True
monotone_xgboost,1360,True,feasible,very_high_risk,gurobi:Optimal|refined_6,gurobi,0.7434044480323792,0.39565226435661316,0.6020959663143616,7,"{""ExternalRiskEstimate"": 0.07475409836065572, ""NumSatisfactoryTrades"": 0.18481012658227852, ""NumTotalTrades"": -0.01615384615384613, ""PercentInstallTrades"": -0.06000000000000005, ""MSinceMostRecentInqexcl7days"": 0.2, ""NetFractionRevolvingBurden"": -0.03344055654193795, ""InstallBurdenPerTrade"": -0.020285714285714296}",0.39565226435661316,True
monotone_xgboost,1363,True,feasible,high_risk,gurobi:Optimal,gurobi,0.5583850741386414,0.2035837322473526,0.5349963964787956,4,"{""ExternalRiskEstimate"": 0.07475409836065572, ""NumSatisfactoryTrades"": 0.1848101265822785, ""MSinceMostRecentInqexcl7days"": 0.2, ""NetFractionRevolvingBurden"": -0.03611244344232342}",0.2035837322473526,True
monotone_xgboost,1365,True,feasible,very_high_risk,gurobi:Optimal,gurobi,0.8108790516853333,0.24415680766105652,1.29885371505314,8,"{""ExternalRiskEstimate"": 0.07475409836065572, ""NumSatisfactoryTrades"": 0.1848101265822785, ""MSinceMostRecentDelq"": 0.1951807228915663, ""PercentInstallTrades"": -0.2, ""MSinceMostRecentInqexcl7days"": 0.2, ""NetFractionRevolvingBurden"": -0.11637931034482758, ""NetFractionInstallBurden"": -0.1646420668625886, ""NumRevolvingTradesWBalance"": -0.125}",0.24415680766105652,True
monotone_xgboost,1367,True,feasible,near_threshold,gurobi:Optimal,gurobi,0.22334198653697968,0.1531495898962021,0.15491565754559142,2,"{""NumSatisfactoryTrades"": 0.18481012658227852, ""MSinceMostRecentInqexcl7days"": 0.014322153926082899}",0.1531495898962021,True
monotone_xgboost,1368,True,feasible,very_high_risk,gurobi:Optimal,gurobi,0.7336189150810242,0.23966243863105774,0.823209088123008,5,"{""ExternalRiskEstimate"": 0.07475409836065572, ""NumSatisfactoryTrades"": 0.1848101265822785, ""MSinceMostRecentInqexcl7days"": 0.2, ""NumInqLast6M"": -0.018468200712021828, ""NetFractionRevolvingBurden"": -0.1810344827586207}",0.23966243863105774,True
monotone_xgboost,1369,False,near_feasible,very_high_risk,gurobi:Optimal|refined_9,gurobi,0.8441444039344788,0.4250293970108032,1.5475038618613963,12,"{""ExternalRiskEstimate"": 0.07475409836065572, ""MSinceMostRecentTradeOpen"": -0.0391644908616188, ""NumSatisfactoryTrades"": 0.18481012658227847, ""MSinceMostRecentDelq"": 0.1951807228915663, ""NumTotalTrades"": -0.01615384615384613, ""PercentInstallTrades"": -0.039999999999999536, ""MSinceMostRecentInqexcl7days"": 0.2, ""NetFractionRevolvingBurden"": -0.19762931034482759, ""NetFractionInstallBurden"": -0.0887755102040817, ""NumRevolvingTradesWBalance"": -0.16875, ""NumInstallTradesWBalance"": -0.012222222222222245, ""NumBank2NatlTradesWHighUtilization"": -0.12879402565528236}",0.4250293970108032,False
monotone_xgboost,1371,True,feasible,moderate_risk,gurobi:Optimal|refined_1,gurobi,0.48335909843444824,0.3805515170097351,0.16396973938280596,3,"{""NumSatisfactoryTrades"": 0.18481012658227847, ""MSinceMostRecentInqexcl7days"": 0.02264712032883925, ""NumBank2NatlTradesWHighUtilization"": -0.002777777777777775}",0.3805515170097351,True
monotone_xgboost,1372,True,feasible,very_high_risk,gurobi:Optimal,gurobi,0.7250214219093323,0.3139174282550812,0.6054365923557256,4,"{""ExternalRiskEstimate"": 0.07475409836065572, ""NumSatisfactoryTrades"": 0.18481012658227847, ""MSinceMostRecentInqexcl7days"": 0.2, ""NetFractionRevolvingBurden"": -0.08822991348700343}",0.3139174282550812,True
monotone_xgboost,1373,False,infeasible,very_high_risk,gurobi:Infeasible|refined_12,gurobi,0.9434314966201782,0.8483550548553467,0.127455417299142,6,"{""PercentInstallTrades"": -0.08000000000000007, ""NetFractionInstallBurden"": -0.01734693877551019, ""NumRevolvingTradesWBalance"": -0.0078125, ""PercentTradesWBalance"": -0.030000000000000027, ""RevolvingBurdenPerTrade"": -0.005646551724137944, ""InstallBurdenPerTrade"": -0.0161904761904762}",0.8483550548553467,False
monotone_xgboost,1375,True,feasible,very_high_risk,gurobi:Optimal,gurobi,0.7062348127365112,0.2657901644706726,0.6428790314723026,4,"{""ExternalRiskEstimate"": 0.07475409836065572, ""NumSatisfactoryTrades"": 0.18481012658227852, ""MSinceMostRecentInqexcl7days"": 0.2, ""NetFractionRevolvingBurden"": -0.11593291991343878}",0.2657901644706726,True
monotone_xgboost,1376,True,feasible,high_risk,gurobi:Optimal,gurobi,0.5439930558204651,0.2790735960006714,0.22034328349284377,2,"{""NumSatisfactoryTrades"": 0.18481012658227847, ""MSinceMostRecentInqexcl7days"": 0.11638798171425635}",0.2790735960006714,True
monotone_xgboost,1377,True,feasible,high_risk,gurobi:Optimal|refined_2,gurobi,0.5332844853401184,0.4181566834449768,0.08044592208610399,3,"{""NumSatisfactoryTrades"": 0.0704164994505514, ""NumTotalTrades"": -0.016153846153846185, ""NumRevolvingTradesWBalance"": -0.008437499999999987}",0.4181566834449768,True
monotone_xgboost,1378,False,near_feasible,very_high_risk,gurobi:Optimal|refined_15,gurobi,0.8020691871643066,0.4265839457511902,1.2164913733857745,12,"{""ExternalRiskEstimate"": 0.07475409836065572, ""MSinceMostRecentTradeOpen"": -0.020887728459530026, ""NumSatisfactoryTrades"": 0.18481012658227847, ""PercentTradesNeverDelq"": 0.020000000000000018, ""PercentInstallTrades"": -0.020000000000000073, ""MSinceMostRecentInqexcl7days"": 0.2, ""NumInqLast6M"": -0.00928855022841019, ""NetFractionRevolvingBurden"": -0.19762931034482759, ""NetFractionInstallBurden"": -0.012500000000000011, ""NumRevolvingTradesWBalance"": -0.16875, ""NumBank2NatlTradesWHighUtilization"": -0.00555555555555555, ""InstallBurdenPerTrade"": -0.10499999999999993}",0.4265839457511902,False
monotone_xgboost,1379,True,feasible,near_threshold,gurobi:Optimal|refined_3,gurobi,0.4395640194416046,0.4005391597747803,0.06453985144627862,4,"{""NumSatisfactoryTrades"": 0.022122902593089022, ""NetFractionRevolvingBurden"": -0.006465517241379309, ""NetFractionInstallBurden"": -0.022959183673469385, ""NumRevolvingTradesWBalance"": -0.0031250000000000028}",0.4005391597747803,True
monotone_xgboost,1381,False,near_feasible,very_high_risk,gurobi:Optimal|refined_7,gurobi,0.7216460108757019,0.43980544805526733,0.589779180313511,10,"{""ExternalRiskEstimate"": 0.07475409836065572, ""NumSatisfactoryTrades"": 0.18481012658227847, ""NumTotalTrades"": 0.016153846153846158, ""NumTradesOpeninLast12M"": -0.006842105263157899, ""PercentInstallTrades"": -0.020000000000000018, ""MSinceMostRecentInqexcl7days"": 0.19999999999999996, ""NetFractionRevolvingBurden"": -0.034901516305602176, ""NumRevolvingTradesWBalance"": -0.008437499999999987, ""NumInstallTradesWBalance"": -0.00555555555555555, ""NumBank2NatlTradesWHighUtilization"": -0.002777777777777775}",0.43980544805526733,False
monotone_xgboost,1382,False,infeasible,very_high_risk,gurobi:Infeasible|refined_13,gurobi,0.990261971950531,0.9747739434242249,0.26528266154393376,6,"{""NumTotalTrades"": 0.010961538461538467, ""PercentInstallTrades"": -0.040000000000000036, ""NetFractionInstallBurden"": -0.11862244897959173, ""NumInstallTradesWBalance"": -0.002777777777777775, ""PercentTradesWBalance"": -0.015000000000000013, ""InstallBurdenPerTrade"": -0.04428571428571426}",0.9747739434242249,False
monotone_xgboost,1383,True,feasible,very_high_risk,gurobi:Optimal,gurobi,0.8208696246147156,0.29424646496772766,1.4407801544057854,7,"{""ExternalRiskEstimate"": 0.07475409836065572, ""NumSatisfactoryTrades"": 0.18481012658227852, ""MSinceMostRecentInqexcl7days"": 0.2, ""NumInqLast6M"": -0.06363636363636364, ""NetFractionRevolvingBurden"": -0.19762931034482759, ""NumRevolvingTradesWBalance"": -0.16875, ""NumBank2NatlTradesWHighUtilization"": -0.11789140447454327}",0.29424646496772766,True
monotone_xgboost,1384,False,infeasible,very_high_risk,gurobi:Optimal|refined_12,gurobi,0.7684012651443481,0.4926367700099945,0.6239069427338446,8,"{""ExternalRiskEstimate"": 0.05915206257928829, ""NumSatisfactoryTrades"": 0.18481012658227847, ""NumTotalTrades"": -0.032307692307692315, ""PercentInstallTrades"": -0.020000000000000018, ""MSinceMostRecentInqexcl7days"": 0.19999999999999996, ""NetFractionInstallBurden"": -0.05586734693877543, ""NumRevolvingTradesWBalance"": -0.008437499999999987, ""InstallBurdenPerTrade"": -0.05142857142857138}",0.4926367700099945,False
monotone_xgboost,1386,False,infeasible,very_high_risk,gurobi:Infeasible|refined_13,gurobi,0.9512609243392944,0.8846439719200134,0.15428316749319873,6,"{""NumTotalTrades"": -0.06461538461538463, ""PercentInstallTrades"": -0.08000000000000007, ""NetFractionInstallBurden"": -0.014540816326530592, ""NumRevolvingTradesWBalance"": -0.0062500000000000056, ""NumBank2NatlTradesWHighUtilization"": -0.00555555555555555, ""PercentTradesWBalance"": -0.015000000000000013}",0.8846439719200134,False
monotone_xgboost,1387,True,feasible,very_high_risk,gurobi:Optimal,gurobi,0.9162604212760925,0.27636733651161194,0.9580368364247203,7,"{""ExternalRiskEstimate"": 0.07475409836065572, ""MSinceMostRecentTradeOpen"": -0.04177545691906005, ""NumSatisfactoryTrades"": 0.1848101265822785, ""MSinceMostRecentInqexcl7days"": 0.2, ""NumInqLast6M"": -0.030303030303030304, ""NetFractionRevolvingBurden"": -0.12931034482758622, ""NumRevolvingTradesWBalance"": -0.03280710913095225}",0.27636733651161194,True
monotone_xgboost,1388,True,feasible,very_high_risk,gurobi:Optimal,gurobi,0.8279654383659363,0.29676440358161926,0.8681152223286868,5,"{""ExternalRiskEstimate"": 0.07475409836065572, ""NumSatisfactoryTrades"": 0.18481012658227852, ""MSinceMostRecentInqexcl7days"": 0.2, ""NetFractionRevolvingBurden"": -0.15517241379310345, ""NumRevolvingTradesWBalance"": -0.13737706208235137}",0.29676440358161926,True
monotone_xgboost,1392,True,feasible,very_high_risk,gurobi:Optimal|refined_2,gurobi,0.7903570532798767,0.3991009294986725,0.9465693040952252,7,"{""ExternalRiskEstimate"": 0.07475409836065572, ""NumSatisfactoryTrades"": 0.1848101265822785, ""NumTotalTrades"": 0.016153846153846158, ""MSinceMostRecentInqexcl7days"": 0.2, ""NetFractionRevolvingBurden"": -0.19762931034482759, ""NumRevolvingTradesWBalance"": -0.1335216663974423, ""InstallBurdenPerTrade"": -0.012857142857142845}",0.3991009294986725,True
monotone_xgboost,1393,False,infeasible,very_high_risk,gurobi:Infeasible|refined_14,gurobi,0.9840848445892334,0.9398671984672546,0.19751014972638792,8,"{""NumTotalTrades"": 0.016153846153846158, ""NumTradesOpeninLast12M"": -0.006842105263157872, ""PercentInstallTrades"": -0.060000000000000026, ""NetFractionInstallBurden"": -0.04744897959183669, ""NumRevolvingTradesWBalance"": -0.008437499999999987, ""NumInstallTradesWBalance"": -0.008333333333333331, ""PercentTradesWBalance"": -0.015000000000000013, ""InstallBurdenPerTrade"": -0.03985714285714287}",0.9398671984672546,False
monotone_xgboost,1394,True,feasible,near_threshold,gurobi:Optimal,gurobi,0.4022246301174164,0.3994482457637787,0.055684250126661776,1,"{""NumSatisfactoryTrades"": 0.07061472005527336}",0.3994482457637787,True
monotone_xgboost,1395,True,feasible,very_high_risk,gurobi:Optimal,gurobi,0.8307905197143555,0.3685827851295471,0.709386138696965,4,"{""ExternalRiskEstimate"": 0.07475409836065572, ""NumSatisfactoryTrades"": 0.1848101265822785, ""MSinceMostRecentInqexcl7days"": 0.2, ""NetFractionRevolvingBurden"": -0.16514036639180485}",0.3685827851295471,True
monotone_xgboost,1396,True,feasible,high_risk,gurobi:Optimal,gurobi,0.5739284157752991,0.3999534547328949,0.4127864269184031,3,"{""ExternalRiskEstimate"": 0.048901760846912, ""NumSatisfactoryTrades"": 0.18481012658227852, ""MSinceMostRecentInqexcl7days"": 0.2}",0.3999534547328949,True
monotone_xgboost,1399,True,feasible,moderate_risk,gurobi:Optimal,gurobi,0.5010471940040588,0.25209134817123413,0.720429961728716,5,"{""ExternalRiskEstimate"": 0.07475409836065572, ""MSinceMostRecentTradeOpen"": -0.00048532297302351923, ""NumSatisfactoryTrades"": 0.18481012658227852, ""MSinceMostRecentInqexcl7days"": 0.2, ""NetFractionRevolvingBurden"": -0.1724137931034483}",0.25209134817123413,True
monotone_xgboost,1400,False,infeasible,very_high_risk,gurobi:Infeasible|refined_21,gurobi,0.9816079139709473,0.9548548460006714,0.2530101509197297,9,"{""NumTotalTrades"": -0.028557692307692315, ""NumTradesOpeninLast12M"": -0.006842105263157899, ""PercentInstallTrades"": -0.06000000000000005, ""NetFractionRevolvingBurden"": -0.009881465517241395, ""NetFractionInstallBurden"": -0.05586734693877543, ""NumRevolvingTradesWBalance"": -0.0015625000000000014, ""NumBank2NatlTradesWHighUtilization"": -0.002777777777777775, ""PercentTradesWBalance"": -0.015000000000000013, ""InstallBurdenPerTrade"": -0.07714285714285707}",0.9548548460006714,False
monotone_xgboost,1401,True,feasible,very_high_risk,gurobi:Optimal,gurobi,0.700492262840271,0.3984479606151581,0.5344820666166098,4,"{""ExternalRiskEstimate"": 0.07475409836065572, ""NumSatisfactoryTrades"": 0.18481012658227852, ""MSinceMostRecentInqexcl7days"": 0.2, ""NetFractionRevolvingBurden"": -0.035731899764784754}",0.3984479606151581,True
monotone_xgboost,1402,True,feasible,very_high_risk,gurobi:Optimal|refined_2,gurobi,0.8719919323921204,0.3989168107509613,1.4945628072068842,10,"{""ExternalRiskEstimate"": 0.07475409836065572, ""MSinceMostRecentTradeOpen"": -0.010443864229765013, ""NumSatisfactoryTrades"": 0.18481012658227847, ""MSinceMostRecentDelq"": 0.1951807228915663, ""PercentInstallTrades"": -0.2, ""MSinceMostRecentInqexcl7days"": 0.2, ""NumInqLast6M"": -0.06060606060606061, ""NetFractionRevolvingBurden"": -0.19762931034482759, ""NumRevolvingTradesWBalance"": -0.125, ""NumBank2NatlTradesWHighUtilization"": -0.002777777777777775}",0.3989168107509613,True
monotone_xgboost,1403,True,feasible,high_risk,gurobi:Optimal,gurobi,0.6094399094581604,0.33520087599754333,0.5469157534086254,4,"{""ExternalRiskEstimate"": 0.07475409836065572, ""NumSatisfactoryTrades"": 0.1848101265822785, ""MSinceMostRecentInqexcl7days"": 0.2, ""NetFractionRevolvingBurden"": -0.044931367353716306}",0.33520087599754333,True
monotone_xgboost,1404,True,feasible,high_risk,gurobi:Optimal,gurobi,0.5439930558204651,0.2790735960006714,0.22034328349284377,2,"{""NumSatisfactoryTrades"": 0.18481012658227847, ""MSinceMostRecentInqexcl7days"": 0.11638798171425635}",0.2790735960006714,True
monotone_xgboost,1405,True,feasible,very_high_risk,gurobi:Optimal,gurobi,0.9359689950942993,0.41871264576911926,1.5327677657290228,9,"{""ExternalRiskEstimate"": 0.07475409836065572, ""NumSatisfactoryTrades"": 0.18481012658227847, ""MSinceMostRecentDelq"": 0.19518072289156632, ""PercentInstallTrades"": -0.2, ""MSinceMostRecentInqexcl7days"": 0.2, ""NumInqLast6M"": -0.06363636363636366, ""NetFractionRevolvingBurden"": -0.1724137931034483, ""NumRevolvingTradesWBalance"": -0.15625, ""NumBank2NatlTradesWHighUtilization"": -0.03570899112489556}",0.41871264576911926,True
monotone_xgboost,1406,True,feasible,near_threshold,gurobi:Optimal,gurobi,0.3684104084968567,0.30444809794425964,0.10773386722504913,1,"{""NumSatisfactoryTrades"": 0.1366202625924614}",0.30444809794425964,True
monotone_xgboost,1409,True,feasible,very_high_risk,gurobi:Optimal|refined_4,gurobi,0.9168328642845154,0.4194982647895813,1.2345976542441557,9,"{""ExternalRiskEstimate"": 0.07475409836065572, ""NumSatisfactoryTrades"": 0.18481012658227852, ""MSinceMostRecentDelq"": 0.1951807228915663, ""NumTradesOpeninLast12M"": -0.005263157894736845, ""PercentInstallTrades"": 0.041999999999999996, ""MSinceMostRecentInqexcl7days"": 0.2, ""NetFractionRevolvingBurden"": -0.19762931034482759, ""NumRevolvingTradesWBalance"": -0.15625, ""NumBank2NatlTradesWHighUtilization"": -0.09543298055638401}",0.4194982647895813,True
monotone_xgboost,1410,False,infeasible,very_high_risk,gurobi:Infeasible|refined_16,gurobi,0.9133769273757935,0.8474795818328857,0.18996592860252867,6,"{""NumTotalTrades"": -0.06461538461538463, ""PercentInstallTrades"": 0.06000000000000005, ""NetFractionRevolvingBurden"": -0.04940732758620697, ""NumRevolvingTradesWBalance"": -0.0078125, ""NumInstallTradesWBalance"": -0.00555555555555555, ""NumBank2NatlTradesWHighUtilization"": -0.008333333333333331}",0.8474795818328857,False
monotone_xgboost,1411,True,feasible,near_threshold,gurobi:Optimal,gurobi,0.3160872161388397,0.3160872161388397,0.0,0,{},0.3160872161388397,True
monotone_xgboost,1413,False,infeasible,very_high_risk,gurobi:Infeasible|refined_10,gurobi,0.9268518686294556,0.8780054450035095,0.1340400888129193,5,"{""NumTotalTrades"": 0.03, ""NumTradesOpeninLast12M"": -0.006842105263157899, ""NetFractionInstallBurden"": -0.05586734693877543, ""NumBank2NatlTradesWHighUtilization"": -0.002777777777777775, ""InstallBurdenPerTrade"": -0.012857142857142845}",0.8780054450035095,False
monotone_xgboost,1414,False,infeasible,very_high_risk,gurobi:Infeasible|refined_12,gurobi,0.9497564435005188,0.9286152720451355,0.13719373031677984,8,"{""NumTotalTrades"": -0.032307692307692315, ""NumTradesOpeninLast12M"": -0.006842105263157899, ""PercentInstallTrades"": -0.020000000000000018, ""NetFractionInstallBurden"": -0.03112244897959182, ""NumRevolvingTradesWBalance"": -0.008437499999999987, ""NumBank2NatlTradesWHighUtilization"": -0.00833333333333336, ""RevolvingBurdenPerTrade"": -0.0053879310344827624, ""InstallBurdenPerTrade"": -0.012448979591836745}",0.9286152720451355,False
monotone_xgboost,1415,True,feasible,very_high_risk,gurobi:Optimal,gurobi,0.6994901299476624,0.27435168623924255,0.6797374339337865,4,"{""ExternalRiskEstimate"": 0.07475409836065572, ""NumSatisfactoryTrades"": 0.18481012658227847, ""MSinceMostRecentInqexcl7days"": 0.2, ""NetFractionRevolvingBurden"": -0.14320380782433234}",0.27435168623924255,True
monotone_xgboost,1416,False,infeasible,very_high_risk,gurobi:Optimal|refined_10,gurobi,0.6987605690956116,0.49266576766967773,0.36985910715769993,7,"{""NumSatisfactoryTrades"": 0.1848101265822785, ""PercentInstallTrades"": 0.06000000000000005, ""MSinceMostRecentInqexcl7days"": 0.10351542206549669, ""NetFractionInstallBurden"": -0.061224489795918435, ""NumRevolvingTradesWBalance"": -0.0031250000000000028, ""NumBank2NatlTradesWHighUtilization"": -0.002777777777777775, ""InstallBurdenPerTrade"": -0.022428571428571464}",0.49266576766967773,False
monotone_xgboost,1417,True,feasible,high_risk,gurobi:Optimal|refined_2,gurobi,0.5318439602851868,0.4185936450958252,0.3434322710355727,4,"{""ExternalRiskEstimate"": 0.06459551059025115, ""NumSatisfactoryTrades"": 0.18481012658227852, ""NumRevolvingTradesWBalance"": -0.008437499999999987, ""NumBank2NatlTradesWHighUtilization"": -0.002777777777777775}",0.4185936450958252,True
monotone_xgboost,1418,True,feasible,near_threshold,gurobi:Optimal,gurobi,0.43289080262184143,0.20576024055480957,0.6227671884073056,4,"{""ExternalRiskEstimate"": 0.07475409836065572, ""NumSatisfactoryTrades"": 0.18481012658227852, ""MSinceMostRecentInqexcl7days"": 0.2, ""NetFractionRevolvingBurden"": -0.10105251866761288}",0.20576024055480957,True
monotone_xgboost,1419,True,feasible,high_risk,gurobi:Optimal|refined_1,gurobi,0.5321014523506165,0.4157169759273529,0.11863730924724647,2,"{""NumSatisfactoryTrades"": 0.14573295394466668, ""NumBank2NatlTradesWHighUtilization"": -0.002777777777777775}",0.4157169759273529,True
monotone_xgboost,1420,True,feasible,very_high_risk,gurobi:Optimal|refined_5,gurobi,0.6525189876556396,0.41746795177459717,0.452098479951795,7,"{""ExternalRiskEstimate"": 0.04423554898184312, ""NumSatisfactoryTrades"": 0.1848101265822785, ""NumTotalTrades"": -0.01432692307692307, ""PercentInstallTrades"": 0.040000000000000036, ""MSinceMostRecentInqexcl7days"": 0.2, ""NumBank2NatlTradesWHighUtilization"": -0.002777777777777775, ""InstallBurdenPerTrade"": -0.011904761904761946}",0.41746795177459717,True
monotone_xgboost,1422,True,feasible,very_high_risk,gurobi:Optimal,gurobi,0.8078229427337646,0.37566208839416504,0.998987633984751,7,"{""ExternalRiskEstimate"": 0.07475409836065572, ""MSinceMostRecentTradeOpen"": -0.033942558746736295, ""NumSatisfactoryTrades"": 0.18481012658227852, ""PercentInstallTrades"": -0.13388364748390624, ""MSinceMostRecentInqexcl7days"": 0.2, ""NumInqLast6M"": -0.015151515151515152, ""NetFractionRevolvingBurden"": -0.19762931034482759}",0.37566208839416504,True
monotone_xgboost,1424,True,feasible,very_high_risk,gurobi:Optimal|refined_5,gurobi,0.8647750616073608,0.40415680408477783,1.1414261618090364,10,"{""ExternalRiskEstimate"": 0.07475409836065572, ""NumSatisfactoryTrades"": 0.18481012658227847, ""MSinceMostRecentDelq"": 0.0332938679116436, ""NumTotalTrades"": -0.04846153846153847, ""MSinceMostRecentInqexcl7days"": 0.2, ""NumInqLast6M"": -0.015151515151515152, ""NetFractionRevolvingBurden"": -0.1896551724137931, ""NetFractionInstallBurden"": -0.018112244897959207, ""NumRevolvingTradesWBalance"": -0.16875, ""InstallBurdenPerTrade"": -0.02242857142857141}",0.40415680408477783,True
monotone_xgboost,1425,True,feasible,high_risk,gurobi:Optimal,gurobi,0.5439930558204651,0.2790735960006714,0.22034328349284377,2,"{""NumSatisfactoryTrades"": 0.18481012658227847, ""MSinceMostRecentInqexcl7days"": 0.11638798171425635}",0.2790735960006714,True
monotone_xgboost,1426,True,feasible,moderate_risk,gurobi:Optimal,gurobi,0.5167111158370972,0.2317551076412201,0.24264396030256277,2,"{""NumSatisfactoryTrades"": 0.18481012658227847, ""MSinceMostRecentInqexcl7days"": 0.1511766051109773}",0.2317551076412201,True
monotone_xgboost,1428,True,feasible,very_high_risk,gurobi:Optimal,gurobi,0.7854305505752563,0.35431963205337524,0.6320389777171305,4,"{""ExternalRiskEstimate"": 0.07475409836065572, ""NumSatisfactoryTrades"": 0.18481012658227852, ""MSinceMostRecentInqexcl7days"": 0.2, ""NumInqLast6M"": -0.02917018575116002}",0.35431963205337524,True
monotone_xgboost,1429,True,feasible,very_high_risk,gurobi:Optimal|refined_1,gurobi,0.7520440816879272,0.41784733533859253,0.9373241195432658,6,"{""ExternalRiskEstimate"": 0.07475409836065572, ""NumSatisfactoryTrades"": 0.18481012658227852, ""PercentTradesNeverDelq"": 0.17488159568184292, ""NumTotalTrades"": -0.013365384615384612, ""MSinceMostRecentInqexcl7days"": 0.2, ""NetFractionRevolvingBurden"": -0.19762931034482759}",0.41784733533859253,True
monotone_xgboost,1431,True,feasible,very_high_risk,gurobi:Optimal|refined_1,gurobi,0.8560323119163513,0.4072865843772888,1.2738322907538835,8,"{""ExternalRiskEstimate"": 0.07475409836065572, ""NumSatisfactoryTrades"": 0.18481012658227847, ""MSinceMostRecentDelq"": 0.11794389814512052, ""MSinceMostRecentInqexcl7days"": 0.2, ""NumInqLast6M"": -0.06060606060606061, ""NetFractionRevolvingBurden"": -0.15517241379310345, ""NumRevolvingTradesWBalance"": -0.15625, ""NumBank2NatlTradesWHighUtilization"": -0.002777777777777775}",0.4072865843772888,True
monotone_xgboost,1432,True,feasible,very_high_risk,gurobi:Optimal,gurobi,0.7815198302268982,0.3451707363128662,0.5455604922752536,4,"{""ExternalRiskEstimate"": 0.07475409836065572, ""NumSatisfactoryTrades"": 0.18481012658227852, ""MSinceMostRecentInqexcl7days"": 0.2, ""NetFractionRevolvingBurden"": -0.043928633323211286}",0.3451707363128662,True
monotone_xgboost,1433,True,feasible,very_high_risk,gurobi:Optimal,gurobi,0.7586485147476196,0.34529194235801697,0.9320231848847673,5,"{""ExternalRiskEstimate"": 0.07475409836065572, ""NumSatisfactoryTrades"": 0.1848101265822785, ""MSinceMostRecentInqexcl7days"": 0.2, ""NetFractionRevolvingBurden"": -0.19762931034482759, ""NumRevolvingTradesWBalance"": -0.14258224415318857}",0.34529194235801697,True
monotone_xgboost,1434,False,infeasible,very_high_risk,gurobi:Infeasible|refined_9,gurobi,0.9890260100364685,0.9847105145454407,0.057683316456056566,7,"{""NumTotalTrades"": 0.012403846153846154, ""NumTradesOpeninLast12M"": -0.0026315789473684223, ""PercentInstallTrades"": 0.040000000000000036, ""NumRevolvingTradesWBalance"": -0.0015625000000000014, ""NumInstallTradesWBalance"": -0.002777777777777775, ""NumBank2NatlTradesWHighUtilization"": -0.002777777777777775, ""PercentTradesWBalance"": -0.015000000000000013}",0.9847105145454407,False
monotone_xgboost,1435,True,feasible,high_risk,gurobi:Optimal,gurobi,0.5439930558204651,0.2790735960006714,0.22034328349284377,2,"{""NumSatisfactoryTrades"": 0.18481012658227847, ""MSinceMostRecentInqexcl7days"": 0.11638798171425635}",0.2790735960006714,True
monotone_xgboost,1436,True,feasible,near_threshold,gurobi:Optimal,gurobi,0.45981845259666443,0.4072973430156708,0.06790211203643796,1,"{""NumSatisfactoryTrades"": 0.08610852479306474}",0.4072973430156708,True
monotone_xgboost,1438,False,infeasible,very_high_risk,gurobi:Optimal|refined_8,gurobi,0.821265459060669,0.5376356244087219,1.1982857255810573,9,"{""ExternalRiskEstimate"": 0.07475409836065572, ""NumSatisfactoryTrades"": 0.18481012658227847, ""MSinceMostRecentInqexcl7days"": 0.2, ""NumInqLast6M"": -0.045454545454545456, ""NetFractionRevolvingBurden"": -0.09913793103448276, ""NetFractionInstallBurden"": -0.074234693877551, ""NumRevolvingTradesWBalance"": -0.164126562512611, ""NumInstallTradesWBalance"": -0.00555555555555555, ""PercentTradesWBalance"": -0.04500000000000004}",0.5376356244087219,False
monotone_xgboost,1439,True,feasible,near_threshold,gurobi:Optimal,gurobi,0.2602618336677551,0.2602618336677551,0.0021022198007221906,1,"{""NumSatisfactoryTrades"": 0.0026658824063353626}",0.2602618336677551,True
monotone_xgboost,1441,True,feasible,very_high_risk,gurobi:Optimal,gurobi,0.8580824732780457,0.3444488048553467,1.4060054936945172,9,"{""ExternalRiskEstimate"": 0.07475409836065572, ""NumSatisfactoryTrades"": 0.18481012658227847, ""MSinceMostRecentDelq"": 0.1951807228915663, ""PercentInstallTrades"": -0.12, ""MSinceMostRecentInqexcl7days"": 0.2, ""NumInqLast6M"": -0.030303030303030304, ""NetFractionRevolvingBurden"": -0.19762931034482759, ""NumRevolvingTradesWBalance"": -0.16875, ""NumBank2NatlTradesWHighUtilization"": -0.06633845947939004}",0.3444488048553467,True
monotone_xgboost,1442,True,feasible,high_risk,gurobi:Optimal,gurobi,0.5439930558204651,0.2790735960006714,0.22034328349284377,2,"{""NumSatisfactoryTrades"": 0.18481012658227847, ""MSinceMostRecentInqexcl7days"": 0.11638798171425635}",0.2790735960006714,True
monotone_xgboost,1443,True,feasible,very_high_risk,gurobi:Optimal|refined_1,gurobi,0.8895518183708191,0.41405829787254333,1.4030858636827652,9,"{""ExternalRiskEstimate"": 0.07475409836065572, ""NumSatisfactoryTrades"": 0.18481012658227852, ""MSinceMostRecentDelq"": 0.1951807228915663, ""PercentInstallTrades"": -0.020000000000000018, ""MSinceMostRecentInqexcl7days"": 0.2, ""NumInqLast6M"": -0.030303030303030304, ""NetFractionRevolvingBurden"": -0.19762931034482759, ""NumRevolvingTradesWBalance"": -0.16875, ""NumBank2NatlTradesWHighUtilization"": -0.11163887778830647}",0.41405829787254333,True
monotone_xgboost,1444,True,feasible,high_risk,gurobi:Optimal,gurobi,0.5439930558204651,0.2790735960006714,0.22034328349284377,2,"{""NumSatisfactoryTrades"": 0.18481012658227847, ""MSinceMostRecentInqexcl7days"": 0.11638798171425635}",0.2790735960006714,True
monotone_xgboost,1447,True,feasible,high_risk,gurobi:Optimal,gurobi,0.542884886264801,0.19859690964221954,0.40864265930706567,3,"{""ExternalRiskEstimate"": 0.04744230973554331, ""NumSatisfactoryTrades"": 0.18481012658227852, ""MSinceMostRecentInqexcl7days"": 0.2}",0.19859690964221954,True
monotone_xgboost,1449,True,feasible,very_high_risk,gurobi:Optimal|refined_11,gurobi,0.672461986541748,0.41041073203086853,0.19373420412547548,6,"{""NumSatisfactoryTrades"": 0.10070453128472717, ""NumTotalTrades"": -0.030000000000000006, ""NumTradesOpeninLast12M"": -0.005263157894736845, ""PercentInstallTrades"": -0.10000000000000009, ""NetFractionRevolvingBurden"": -0.006465517241379309, ""PercentTradesWBalance"": -0.015000000000000013}",0.41041073203086853,True
monotone_xgboost,1451,True,feasible,very_high_risk,gurobi:Optimal,gurobi,0.9440575838088989,0.3189558982849121,1.6745561319025484,9,"{""ExternalRiskEstimate"": 0.07475409836065572, ""MSinceMostRecentTradeOpen"": -0.020887728459530026, ""NumSatisfactoryTrades"": 0.1848101265822785, ""PercentTradesNeverDelq"": 0.12, ""MSinceMostRecentDelq"": 0.19518072289156635, ""PercentInstallTrades"": -0.19999999999999996, ""MSinceMostRecentInqexcl7days"": 0.2, ""NetFractionRevolvingBurden"": -0.19762931034482759, ""NetFractionInstallBurden"": -0.33279006173502146}",0.3189558982849121,True
monotone_xgboost,1452,True,feasible,very_high_risk,gurobi:Optimal,gurobi,0.8303688764572144,0.2793161869049072,0.8595961521692301,5,"{""ExternalRiskEstimate"": 0.07475409836065572, ""NumSatisfactoryTrades"": 0.18481012658227852, ""MSinceMostRecentInqexcl7days"": 0.2, ""NumInqLast6M"": -0.03623190076133354, ""NetFractionRevolvingBurden"": -0.14224137931034483}",0.2793161869049072,True
monotone_xgboost,1453,True,feasible,very_high_risk,gurobi:Optimal,gurobi,0.8866578936576843,0.09003051370382309,1.9875195235353522,9,"{""ExternalRiskEstimate"": 0.07475409836065572, ""MSinceMostRecentTradeOpen"": -0.01566579634464752, ""NumSatisfactoryTrades"": 0.18481012658227847, ""PercentTradesNeverDelq"": 0.13, ""MSinceMostRecentDelq"": 0.1951807228915663, ""PercentInstallTrades"": -0.2, ""MSinceMostRecentInqexcl7days"": 0.2, ""NetFractionInstallBurden"": -0.46428571428571425, ""InstallBurdenPerTrade"": -0.42928660881250197}",0.09003051370382309,True
monotone_xgboost,1454,True,feasible,very_high_risk,gurobi:Optimal|refined_1,gurobi,0.795270562171936,0.4028126001358032,1.2522855781558597,9,"{""ExternalRiskEstimate"": 0.07475409836065572, ""MSinceMostRecentTradeOpen"": -0.013054830287206266, ""NumSatisfactoryTrades"": 0.18481012658227847, ""PercentInstallTrades"": -0.2, ""MSinceMostRecentInqexcl7days"": 0.2, ""NumInqLast6M"": -0.06060606060606061, ""NetFractionRevolvingBurden"": -0.16810344827586207, ""NumRevolvingTradesWBalance"": -0.05777403320402545, ""NumBank2NatlTradesWHighUtilization"": -0.002777777777777775}",0.4028126001358032,True
monotone_xgboost,1455,True,feasible,very_high_risk,gurobi:Optimal|refined_7,gurobi,0.7702999711036682,0.3870422840118408,1.1168918589346237,10,"{""ExternalRiskEstimate"": 0.07475409836065572, ""MSinceMostRecentTradeOpen"": -0.018276762402088774, ""NumSatisfactoryTrades"": 0.18481012658227852, ""MSinceMostRecentDelq"": 0.1925571070204423, ""NumTotalTrades"": -0.025769230769230766, ""PercentInstallTrades"": -0.08000000000000007, ""MSinceMostRecentInqexcl7days"": 0.19999999999999996, ""NetFractionRevolvingBurden"": -0.19762931034482759, ""NumRevolvingTradesWBalance"": -0.09375, ""NumBank2NatlTradesWHighUtilization"": -0.002777777777777775}",0.3870422840118408,True
monotone_xgboost,1458,True,feasible,high_risk,gurobi:Optimal|refined_1,gurobi,0.5236044526100159,0.3927862048149109,0.14273805071201018,2,"{""NumSatisfactoryTrades"": 0.1628230248526177, ""NumTotalTrades"": -0.016153846153846158}",0.3927862048149109,True
monotone_xgboost,1460,True,feasible,very_high_risk,gurobi:Optimal,gurobi,0.8652969002723694,0.18750591576099396,1.114642976482953,7,"{""ExternalRiskEstimate"": 0.07475409836065572, ""NumSatisfactoryTrades"": 0.18481012658227852, ""PercentTradesNeverDelq"": 0.1400580092955972, ""MSinceMostRecentDelq"": 0.1951807228915663, ""PercentInstallTrades"": -0.2, ""MSinceMostRecentInqexcl7days"": 0.2, ""NetFractionRevolvingBurden"": -0.17672413793103448}",0.18750591576099396,True
monotone_xgboost,1462,True,feasible,very_high_risk,gurobi:Optimal|refined_1,gurobi,0.7558097243309021,0.4131433367729187,1.1187212581327262,8,"{""ExternalRiskEstimate"": 0.07475409836065572, ""NumSatisfactoryTrades"": 0.18481012658227852, ""MSinceMostRecentDelq"": 0.11234235373684497, ""NumTradesOpeninLast12M"": -0.005263157894736845, ""MSinceMostRecentInqexcl7days"": 0.2, ""NumInqLast6M"": -0.015151515151515152, ""NetFractionRevolvingBurden"": -0.19762931034482759, ""NumRevolvingTradesWBalance"": -0.16875}",0.4131433367729187,True
monotone_xgboost,1465,True,feasible,very_high_risk,gurobi:Optimal,gurobi,0.7213174700737,0.40440836548805237,1.3718392866972233,10,"{""ExternalRiskEstimate"": 0.07475409836065572, ""MSinceMostRecentTradeOpen"": -0.02610966057441253, ""NumSatisfactoryTrades"": 0.18481012658227847, ""MSinceMostRecentDelq"": 0.1951807228915663, ""PercentInstallTrades"": -0.2, ""MSinceMostRecentInqexcl7days"": 0.2, ""NumInqLast6M"": -0.015151515151515152, ""NetFractionRevolvingBurden"": -0.19762931034482759, ""NumRevolvingTradesWBalance"": -0.15625, ""NumBank2NatlTradesWHighUtilization"": -0.02236457776400673}",0.40440836548805237,True
monotone_xgboost,1466,True,feasible,very_high_risk,gurobi:Optimal,gurobi,0.6546725034713745,0.2891368567943573,0.5523508402048841,4,"{""ExternalRiskEstimate"": 0.07475409836065572, ""NumSatisfactoryTrades"": 0.1848101265822785, ""MSinceMostRecentInqexcl7days"": 0.2, ""NumInqLast6M"": -0.013232558248710686}",0.2891368567943573,True
monotone_xgboost,1468,True,feasible,near_threshold,gurobi:Optimal,gurobi,0.32200193405151367,0.32200193405151367,0.0,0,{},0.32200193405151367,True
monotone_xgboost,1469,True,feasible,very_high_risk,gurobi:Optimal|refined_12,gurobi,0.7368712425231934,0.4193676710128784,0.7467457841574423,8,"{""NumSatisfactoryTrades"": 0.18481012658227852, ""NumTotalTrades"": 0.03230769230769265, ""PercentInstallTrades"": -0.020000000000000018, ""MSinceMostRecentInqexcl7days"": 0.2, ""NumInqLast6M"": -0.05630052768201018, ""NetFractionInstallBurden"": -0.04642857142857143, ""NumInstallTradesWBalance"": -0.008333333333333331, ""InstallBurdenPerTrade"": -0.07800000000000007}",0.4193676710128784,True
monotone_xgboost,1471,True,feasible,high_risk,gurobi:Optimal|refined_3,gurobi,0.5294306874275208,0.41951748728752136,0.17388701787171518,5,"{""NumSatisfactoryTrades"": 0.18481012658227847, ""NumTotalTrades"": 0.01615384615384613, ""MSinceMostRecentInqexcl7days"": 0.007051037020165636, ""NetFractionRevolvingBurden"": -0.0010775862068965504, ""NumRevolvingTradesWBalance"": -0.0062500000000000056}",0.41951748728752136,True
monotone_xgboost,1473,True,feasible,high_risk,gurobi:Optimal|refined_2,gurobi,0.5672240853309631,0.4123997986316681,0.13084181080879498,3,"{""NumSatisfactoryTrades"": 0.13853943179066874, ""PercentInstallTrades"": -0.020000000000000018, ""InstallBurdenPerTrade"": -0.00988095238095238}",0.4123997986316681,True
monotone_xgboost,1476,True,feasible,very_high_risk,gurobi:Optimal,gurobi,0.9361469745635986,0.32479047775268555,2.1711973678164687,12,"{""ExternalRiskEstimate"": 0.07475409836065572, ""MSinceMostRecentTradeOpen"": -0.013054830287206266, ""NumSatisfactoryTrades"": 0.18481012658227847, ""PercentTradesNeverDelq"": 0.18999999999999995, ""MSinceMostRecentDelq"": 0.1951807228915663, ""PercentInstallTrades"": -0.2, ""MSinceMostRecentInqexcl7days"": 0.2, ""NumInqLast6M"": -0.015151515151515152, ""NetFractionRevolvingBurden"": -0.19762931034482759, ""NetFractionInstallBurden"": -0.29077519790760886, ""NumRevolvingTradesWBalance"": -0.16875, ""NumBank2NatlTradesWHighUtilization"": -0.16666666666666666}",0.32479047775268555,True
monotone_xgboost,1478,False,infeasible,very_high_risk,gurobi:Infeasible|refined_11,gurobi,0.9631617069244385,0.914159893989563,0.18872433947398268,6,"{""NumTotalTrades"": -0.015769230769230758, ""PercentInstallTrades"": 0.039000000000000035, ""NetFractionRevolvingBurden"": -0.009881465517241395, ""NetFractionInstallBurden"": -0.04846938775510201, ""NumInstallTradesWBalance"": -0.002777777777777775, ""InstallBurdenPerTrade"": -0.06728571428571423}",0.914159893989563,False
monotone_xgboost,1479,True,feasible,high_risk,gurobi:Optimal,gurobi,0.5439930558204651,0.2790735960006714,0.22034328349284377,2,"{""NumSatisfactoryTrades"": 0.18481012658227847, ""MSinceMostRecentInqexcl7days"": 0.11638798171425635}",0.2790735960006714,True
monotone_xgboost,1480,True,feasible,high_risk,gurobi:Optimal|refined_2,gurobi,0.5724446773529053,0.4108576476573944,0.18125502477939018,4,"{""NumSatisfactoryTrades"": 0.18481012658227847, ""PercentInstallTrades"": -0.020000000000000018, ""MSinceMostRecentInqexcl7days"": 0.02978598793309807, ""NumBank2NatlTradesWHighUtilization"": -0.002777777777777775}",0.4108576476573944,True
monotone_xgboost,1481,True,feasible,very_high_risk,gurobi:Optimal|refined_1,gurobi,0.8030534982681274,0.3963829576969147,0.8003723643471528,6,"{""ExternalRiskEstimate"": 0.07475409836065572, ""MSinceMostRecentTradeOpen"": -0.0391644908616188, ""NumSatisfactoryTrades"": 0.18481012658227852, ""MSinceMostRecentInqexcl7days"": 0.2, ""NetFractionRevolvingBurden"": -0.15726616654955197, ""NumBank2NatlTradesWHighUtilization"": -0.002777777777777775}",0.3963829576969147,True
monotone_xgboost,1487,True,feasible,near_threshold,gurobi:Optimal,gurobi,0.41076016426086426,0.3100438416004181,0.5240980289639704,4,"{""ExternalRiskEstimate"": 0.07475409836065572, ""NumSatisfactoryTrades"": 0.18481012658227852, ""MSinceMostRecentInqexcl7days"": 0.19999999999999996, ""NetFractionRevolvingBurden"": -0.028048931758139717}",0.3100438416004181,True
monotone_xgboost,1489,True,feasible,very_high_risk,gurobi:Optimal,gurobi,0.7752683162689209,0.40480488538742065,0.7364196362791631,4,"{""ExternalRiskEstimate"": 0.07475409836065572, ""NumSatisfactoryTrades"": 0.18481012658227847, ""MSinceMostRecentInqexcl7days"": 0.2, ""NetFractionRevolvingBurden"": -0.18514197886467104}",0.40480488538742065,True
monotone_xgboost,1490,True,feasible,very_high_risk,gurobi:Optimal|refined_1,gurobi,0.8979783058166504,0.4005691707134247,1.872281396973777,12,"{""ExternalRiskEstimate"": 0.07475409836065572, ""MSinceMostRecentTradeOpen"": -0.01566579634464752, ""NumSatisfactoryTrades"": 0.1848101265822785, ""PercentTradesNeverDelq"": 0.19999999999999996, ""MSinceMostRecentDelq"": 0.1951807228915663, ""NumTotalTrades"": -0.015288461538461529, ""PercentInstallTrades"": -0.2, ""MSinceMostRecentInqexcl7days"": 0.20000000000000007, ""NetFractionRevolvingBurden"": -0.19762931034482759, ""NetFractionInstallBurden"": -0.12203948879872709, ""NumRevolvingTradesWBalance"": -0.16875, ""NumBank2NatlTradesWHighUtilization"": -0.16666666666666666}",0.4005691707134247,True
monotone_xgboost,1492,True,feasible,near_threshold,gurobi:Optimal,gurobi,0.3961607813835144,0.2571524679660797,0.4227059747316856,3,"{""ExternalRiskEstimate"": 0.052395464268107816, ""NumSatisfactoryTrades"": 0.18481012658227852, ""MSinceMostRecentInqexcl7days"": 0.2}",0.2571524679660797,True
monotone_xgboost,1493,True,feasible,very_high_risk,gurobi:Optimal,gurobi,0.8524535894393921,0.2678011655807495,1.7934319435594608,11,"{""ExternalRiskEstimate"": 0.07475409836065572, ""MSinceMostRecentTradeOpen"": -0.09295039164490859, ""NumSatisfactoryTrades"": 0.1848101265822785, ""PercentTradesNeverDelq"": 0.19999999999999996, ""MSinceMostRecentDelq"": 0.1951807228915663, ""PercentInstallTrades"": -0.19999999999999996, ""MSinceMostRecentInqexcl7days"": 0.2, ""NumInqLast6M"": -0.015151515151515152, ""NetFractionRevolvingBurden"": -0.12931034482758622, ""NetFractionInstallBurden"": -0.17214242765362167, ""NumRevolvingTradesWBalance"": -0.09375}",0.2678011655807495,True
monotone_xgboost,1495,True,feasible,high_risk,gurobi:Optimal,gurobi,0.5870022773742676,0.21534328162670135,0.4045511037968377,3,"{""ExternalRiskEstimate"": 0.04600124792978688, ""NumSatisfactoryTrades"": 0.1848101265822785, ""MSinceMostRecentInqexcl7days"": 0.2}",0.21534328162670135,True
monotone_xgboost,1496,True,feasible,very_high_risk,gurobi:Optimal|refined_8,gurobi,0.9122455716133118,0.4116027057170868,1.0481071856330304,9,"{""ExternalRiskEstimate"": 0.07475409836065572, ""NumSatisfactoryTrades"": 0.18481012658227847, ""NumTradesOpeninLast12M"": -0.006842105263157872, ""MSinceMostRecentInqexcl7days"": 0.2, ""NetFractionRevolvingBurden"": -0.19762931034482759, ""NetFractionInstallBurden"": -0.05739795918367341, ""NumRevolvingTradesWBalance"": -0.14248560932273172, ""NumBank2NatlTradesWHighUtilization"": -0.002777777777777775, ""InstallBurdenPerTrade"": -0.020089285714285726}",0.4116027057170868,True
monotone_xgboost,1497,False,infeasible,very_high_risk,gurobi:Infeasible|refined_7,gurobi,0.9308406114578247,0.9169754385948181,0.10916936433030222,4,"{""NumTradesOpeninLast12M"": -0.0026315789473684223, ""PercentInstallTrades"": -0.020000000000000018, ""NetFractionInstallBurden"": -0.05969387755102046, ""NumBank2NatlTradesWHighUtilization"": -0.002777777777777775}",0.9169754385948181,False
monotone_xgboost,1498,True,feasible,very_high_risk,gurobi:Optimal,gurobi,0.8338409066200256,0.32058990001678467,1.2146291500941486,7,"{""ExternalRiskEstimate"": 0.07475409836065572, ""NumSatisfactoryTrades"": 0.1848101265822785, ""MSinceMostRecentDelq"": 0.12117054724484047, ""MSinceMostRecentInqexcl7days"": 0.2, ""NumInqLast6M"": -0.045454545454545456, ""NetFractionRevolvingBurden"": -0.19762931034482759, ""NumRevolvingTradesWBalance"": -0.125}",0.32058990001678467,True
monotone_xgboost,1501,True,feasible,very_high_risk,gurobi:Optimal,gurobi,0.7996381521224976,0.411216676235199,1.1221895065054408,7,"{""ExternalRiskEstimate"": 0.07475409836065572, ""MSinceMostRecentTradeOpen"": -0.03655352480417755, ""NumSatisfactoryTrades"": 0.18481012658227852, ""MSinceMostRecentInqexcl7days"": 0.2, ""NetFractionRevolvingBurden"": -0.19762931034482759, ""NumRevolvingTradesWBalance"": -0.09375, ""NumBank2NatlTradesWHighUtilization"": -0.11954982689170898}",0.411216676235199,True
monotone_xgboost,1502,True,feasible,very_high_risk,gurobi:Optimal,gurobi,0.8412514925003052,0.33189281821250916,1.3036463686754192,8,"{""ExternalRiskEstimate"": 0.07475409836065572, ""MSinceMostRecentTradeOpen"": -0.005221932114882507, ""NumSatisfactoryTrades"": 0.18481012658227847, ""MSinceMostRecentDelq"": 0.18102435180906798, ""MSinceMostRecentInqexcl7days"": 0.2, ""NumInqLast6M"": -0.06363636363636366, ""NetFractionRevolvingBurden"": -0.12931034482758622, ""NumRevolvingTradesWBalance"": -0.15625}",0.33189281821250916,True
monotone_xgboost,1504,True,feasible,high_risk,gurobi:Optimal|refined_1,gurobi,0.5793639421463013,0.40474092960357666,0.3230568211018024,3,"{""ExternalRiskEstimate"": 0.06114423364539101, ""NumSatisfactoryTrades"": 0.18481012658227852, ""NumBank2NatlTradesWHighUtilization"": -0.002777777777777775}",0.40474092960357666,True
monotone_xgboost,1505,False,infeasible,very_high_risk,gurobi:Optimal|refined_11,gurobi,0.8179917335510254,0.5993817448616028,0.8752086532539525,11,"{""ExternalRiskEstimate"": 0.07475409836065572, ""NumSatisfactoryTrades"": 0.18481012658227847, ""NumTotalTrades"": 0.01615384615384613, ""PercentInstallTrades"": -0.012000000000000004, ""MSinceMostRecentInqexcl7days"": 0.2, ""NumInqLast6M"": -0.050693625242498104, ""NetFractionRevolvingBurden"": -0.006465517241379309, ""NetFractionInstallBurden"": -0.03724489795918362, ""NumRevolvingTradesWBalance"": -0.008437499999999987, ""NumBank2NatlTradesWHighUtilization"": -0.002777777777777775, ""InstallBurdenPerTrade"": -0.038571428571428534}",0.5993817448616028,False
monotone_xgboost,1506,True,feasible,very_high_risk,gurobi:Optimal,gurobi,0.6708984375,0.21784158051013947,0.6097572577471864,4,"{""ExternalRiskEstimate"": 0.07475409836065572, ""NumSatisfactoryTrades"": 0.18481012658227852, ""MSinceMostRecentInqexcl7days"": 0.2, ""NetFractionRevolvingBurden"": -0.0914266983100605}",0.21784158051013947,True
monotone_xgboost,1508,True,feasible,very_high_risk,gurobi:Optimal,gurobi,0.7796923518180847,0.2425442487001419,0.7849911364122837,5,"{""ExternalRiskEstimate"": 0.07475409836065572, ""MSinceMostRecentTradeOpen"": -0.012677619434363227, ""NumSatisfactoryTrades"": 0.18481012658227847, ""MSinceMostRecentInqexcl7days"": 0.2, ""NetFractionRevolvingBurden"": -0.19762931034482759}",0.2425442487001419,True
monotone_xgboost,1510,True,feasible,very_high_risk,gurobi:Optimal,gurobi,0.6909101009368896,0.34048667550086975,1.2730059688812383,8,"{""ExternalRiskEstimate"": 0.07475409836065572, ""NumSatisfactoryTrades"": 0.1848101265822785, ""MSinceMostRecentDelq"": 0.19518072289156632, ""PercentInstallTrades"": -0.2, ""MSinceMostRecentInqexcl7days"": 0.19999999999999996, ""NetFractionRevolvingBurden"": -0.19762931034482759, ""NetFractionInstallBurden"": -0.04808594157157248, ""NumRevolvingTradesWBalance"": -0.15625}",0.34048667550086975,True
monotone_xgboost,1512,True,feasible,very_high_risk,gurobi:Optimal,gurobi,0.8012381792068481,0.38946855068206787,1.0229197325947053,6,"{""ExternalRiskEstimate"": 0.07475409836065572, ""MSinceMostRecentTradeOpen"": -0.04177545691906005, ""NumSatisfactoryTrades"": 0.18481012658227847, ""MSinceMostRecentInqexcl7days"": 0.2, ""NetFractionRevolvingBurden"": -0.19762931034482759, ""NumRevolvingTradesWBalance"": -0.13177877298344737}",0.38946855068206787,True
monotone_xgboost,1513,True,feasible,very_high_risk,gurobi:Optimal,gurobi,0.6329205632209778,0.2669084370136261,0.4729003715598066,3,"{""ExternalRiskEstimate"": 0.07007412656443246, ""NumSatisfactoryTrades"": 0.1848101265822785, ""MSinceMostRecentInqexcl7days"": 0.2}",0.2669084370136261,True
monotone_xgboost,1514,True,feasible,very_high_risk,gurobi:Optimal,gurobi,0.7093053460121155,0.26268061995506287,0.7044231367371621,5,"{""ExternalRiskEstimate"": 0.07475409836065572, ""NumSatisfactoryTrades"": 0.1848101265822785, ""MSinceMostRecentInqexcl7days"": 0.2, ""NumInqLast6M"": -0.002867011621571658, ""NetFractionRevolvingBurden"": -0.15086206896551724}",0.26268061995506287,True
monotone_xgboost,1515,False,infeasible,very_high_risk,gurobi:Infeasible|refined_12,gurobi,0.881190836429596,0.8464561104774475,0.1329348796833797,5,"{""NumTotalTrades"": -0.013365384615384612, ""NumTradesOpeninLast12M"": -0.0026315789473684223, ""NetFractionInstallBurden"": -0.01862244897959181, ""PercentTradesWBalance"": -0.015000000000000013, ""InstallBurdenPerTrade"": -0.08999999999999991}",0.8464561104774475,False
monotone_xgboost,1516,True,feasible,near_threshold,gurobi:Optimal,gurobi,0.291369765996933,0.291369765996933,0.0,0,{},0.291369765996933,True
monotone_xgboost,1517,True,feasible,very_high_risk,gurobi:Optimal,gurobi,0.7929381728172302,0.3576310873031616,0.7256372476043462,4,"{""ExternalRiskEstimate"": 0.07475409836065572, ""NumSatisfactoryTrades"": 0.18481012658227847, ""MSinceMostRecentInqexcl7days"": 0.2, ""NetFractionRevolvingBurden"": -0.17716427789757436}",0.3576310873031616,True
monotone_xgboost,1518,True,feasible,very_high_risk,gurobi:Optimal|refined_4,gurobi,0.9522993564605713,0.4195514917373657,1.4759281977559195,14,"{""ExternalRiskEstimate"": 0.07475409836065572, ""MSinceMostRecentTradeOpen"": -0.028720626631853787, ""NumSatisfactoryTrades"": 0.18481012658227852, ""MSinceMostRecentDelq"": 0.19518072289156632, ""NumTotalTrades"": -0.015288461538461529, ""PercentInstallTrades"": -0.20000000000000007, ""MSinceMostRecentInqexcl7days"": 0.2, ""NumInqLast6M"": -0.015151515151515152, ""NetFractionRevolvingBurden"": -0.19762931034482756, ""NetFractionInstallBurden"": -0.17346938775510204, ""NumRevolvingTradesWBalance"": -0.020691030309024135, ""NumBank2NatlTradesWHighUtilization"": -0.002777777777777775, ""PercentTradesWBalance"": -0.015000000000000013, ""InstallBurdenPerTrade"": -0.01214285714285715}",0.4195514917373657,True
monotone_xgboost,1520,True,feasible,high_risk,gurobi:Optimal,gurobi,0.5439930558204651,0.2790735960006714,0.22034328349284377,2,"{""NumSatisfactoryTrades"": 0.18481012658227847, ""MSinceMostRecentInqexcl7days"": 0.11638798171425635}",0.2790735960006714,True
monotone_xgboost,1521,False,infeasible,very_high_risk,gurobi:Infeasible|refined_26,gurobi,0.9786483645439148,0.9282113313674927,0.3676333512356956,10,"{""PercentTradesNeverDelq"": 0.030000000000000027, ""NumTradesOpeninLast12M"": -0.0026315789473684223, ""NetFractionRevolvingBurden"": -0.01976293103448279, ""NetFractionInstallBurden"": -0.11352040816326542, ""NumRevolvingTradesWBalance"": -0.0031250000000000028, ""NumInstallTradesWBalance"": -0.008333333333333331, ""NumBank2NatlTradesWHighUtilization"": -0.002777777777777775, ""PercentTradesWBalance"": -0.015000000000000013, ""RevolvingBurdenPerTrade"": -0.005646551724137944, ""InstallBurdenPerTrade"": -0.11442857142857135}",0.9282113313674927,False
monotone_xgboost,1522,False,infeasible,very_high_risk,gurobi:Infeasible|refined_12,gurobi,0.8894198536872864,0.7748864889144897,0.13393378956229218,7,"{""NumTotalTrades"": -0.01807692307692308, ""NetFractionRevolvingBurden"": -0.006465517241379309, ""NetFractionInstallBurden"": -0.03724489795918362, ""NumRevolvingTradesWBalance"": -0.004687499999999997, ""NumBank2NatlTradesWHighUtilization"": -0.002777777777777775, ""PercentTradesWBalance"": -0.015000000000000013, ""InstallBurdenPerTrade"": -0.038571428571428534}",0.7748864889144897,False
monotone_xgboost,1523,True,feasible,moderate_risk,gurobi:Optimal,gurobi,0.5077263116836548,0.20063720643520355,0.6722743192649949,4,"{""ExternalRiskEstimate"": 0.07475409836065572, ""NumSatisfactoryTrades"": 0.1848101265822785, ""MSinceMostRecentInqexcl7days"": 0.20000000000000007, ""NetFractionRevolvingBurden"": -0.13768197969270235}",0.20063720643520355,True
monotone_xgboost,1525,True,feasible,high_risk,gurobi:Optimal|refined_9,gurobi,0.5506762266159058,0.41675060987472534,0.13001844587125827,5,"{""PercentTradesNeverDelq"": 0.010000000000000009, ""NumTotalTrades"": -0.016153846153846185, ""NetFractionInstallBurden"": -0.03724489795918362, ""NumBank2NatlTradesWHighUtilization"": -0.002777777777777775, ""InstallBurdenPerTrade"": -0.05142857142857138}",0.41675060987472534,True
monotone_xgboost,1526,False,near_feasible,very_high_risk,gurobi:Optimal|refined_11,gurobi,0.7025660276412964,0.4235643744468689,0.8529340712005063,8,"{""ExternalRiskEstimate"": 0.07475409836065572, ""NumSatisfactoryTrades"": 0.18481012658227852, ""NumTotalTrades"": -0.016153846153846158, ""MSinceMostRecentInqexcl7days"": 0.2, ""NetFractionRevolvingBurden"": -0.16227946625674497, ""NetFractionInstallBurden"": -0.03724489795918362, ""NumRevolvingTradesWBalance"": -0.0062500000000000056, ""InstallBurdenPerTrade"": -0.07714285714285707}",0.4235643744468689,False
monotone_xgboost,1527,True,feasible,very_high_risk,gurobi:Optimal,gurobi,0.7656935453414917,0.14646747708320618,0.6231939566834266,5,"{""ExternalRiskEstimate"": 0.07475409836065572, ""MSinceMostRecentTradeOpen"": -0.018276762402088774, ""NumSatisfactoryTrades"": 0.1848101265822785, ""MSinceMostRecentInqexcl7days"": 0.2, ""NetFractionRevolvingBurden"": -0.06756163423301459}",0.14646747708320618,True
monotone_xgboost,1528,True,feasible,very_high_risk,gurobi:Optimal,gurobi,0.8225201964378357,0.37699753046035767,1.176609278127596,7,"{""ExternalRiskEstimate"": 0.07475409836065572, ""MSinceMostRecentTradeOpen"": -0.005221932114882507, ""NumSatisfactoryTrades"": 0.1848101265822785, ""MSinceMostRecentInqexcl7days"": 0.2, ""NumInqLast6M"": -0.06060606060606061, ""NetFractionRevolvingBurden"": -0.1336206896551724, ""NumRevolvingTradesWBalance"": -0.1545590230268679}",0.37699753046035767,True
monotone_xgboost,1529,True,feasible,very_high_risk,gurobi:Optimal|refined_4,gurobi,0.8790532946586609,0.39671602845191956,1.5315982257506882,11,"{""ExternalRiskEstimate"": 0.07475409836065572, ""NumSatisfactoryTrades"": 0.18481012658227852, ""MSinceMostRecentDelq"": 0.1951807228915663, ""NumTotalTrades"": -0.04846153846153839, ""NumTradesOpeninLast12M"": -0.006842105263157872, ""PercentInstallTrades"": -0.2, ""MSinceMostRecentInqexcl7days"": 0.2, ""NumInqLast6M"": -0.030303030303030304, ""NetFractionRevolvingBurden"": -0.19762931034482759, ""NumRevolvingTradesWBalance"": -0.16875, ""NumBank2NatlTradesWHighUtilization"": -0.08382819270130697}",0.39671602845191956,True
monotone_xgboost,1531,True,feasible,high_risk,gurobi:Optimal,gurobi,0.5628645420074463,0.415202796459198,0.08430634760182486,1,"{""NumSatisfactoryTrades"": 0.1069111844236722}",0.415202796459198,True
monotone_xgboost,1533,True,feasible,very_high_risk,gurobi:Optimal,gurobi,0.7554794549942017,0.3902999758720398,1.0754013017817243,7,"{""ExternalRiskEstimate"": 0.07475409836065572, ""NumSatisfactoryTrades"": 0.18481012658227847, ""MSinceMostRecentDelq"": 0.14041329453940155, ""MSinceMostRecentInqexcl7days"": 0.2, ""NumInqLast6M"": -0.015151515151515152, ""NetFractionRevolvingBurden"": -0.19762931034482759, ""NumRevolvingTradesWBalance"": -0.125}",0.3902999758720398,True
monotone_xgboost,1534,True,feasible,high_risk,gurobi:Optimal,gurobi,0.5357573628425598,0.2713303864002228,0.2241775959577434,2,"{""NumSatisfactoryTrades"": 0.18481012658227852, ""MSinceMostRecentInqexcl7days"": 0.12236943480937539}",0.2713303864002228,True
monotone_xgboost,1537,True,feasible,high_risk,gurobi:Optimal,gurobi,0.5447261929512024,0.2509952783584595,0.22419061393423226,2,"{""NumSatisfactoryTrades"": 0.1848101265822785, ""MSinceMostRecentInqexcl7days"": 0.12238974260027}",0.2509952783584595,True
monotone_xgboost,1540,True,feasible,near_threshold,gurobi:Optimal,gurobi,0.39147648215293884,0.3250010907649994,0.11009744843158333,1,"{""NumSatisfactoryTrades"": 0.1396175845434201}",0.3250010907649994,True
monotone_xgboost,1541,True,feasible,very_high_risk,gurobi:Optimal|refined_1,gurobi,0.7935084104537964,0.3970726728439331,0.629047457681039,5,"{""ExternalRiskEstimate"": 0.07475409836065572, ""MSinceMostRecentTradeOpen"": -0.05457445538391491, ""NumSatisfactoryTrades"": 0.1848101265822785, ""MSinceMostRecentInqexcl7days"": 0.19999999999999998, ""InstallBurdenPerTrade"": -0.007142857142857145}",0.3970726728439331,True
monotone_xgboost,1542,True,feasible,near_threshold,gurobi:Optimal,gurobi,0.3889002203941345,0.3889002203941345,0.007356906661050958,1,"{""NumSatisfactoryTrades"": 0.009329494482931869}",0.3889002203941345,True
monotone_xgboost,1543,True,feasible,very_high_risk,gurobi:Optimal,gurobi,0.7041550874710083,0.39467087388038635,0.4173503156446313,3,"{""ExternalRiskEstimate"": 0.05050918025321094, ""NumSatisfactoryTrades"": 0.18481012658227852, ""MSinceMostRecentInqexcl7days"": 0.2}",0.39467087388038635,True
monotone_xgboost,1544,True,feasible,near_threshold,gurobi:Optimal|refined_1,gurobi,0.4555462896823883,0.3477010130882263,0.014000152422401083,1,"{""NumTotalTrades"": -0.015769230769230758}",0.3477010130882263,True
monotone_xgboost,1545,True,feasible,very_high_risk,gurobi:Optimal|refined_7,gurobi,0.7408981919288635,0.3906320035457611,0.2838707677860835,6,"{""NumSatisfactoryTrades"": 0.18481012658227852, ""NumTotalTrades"": 0.01615384615384613, ""PercentInstallTrades"": 0.06200000000000004, ""MSinceMostRecentInqexcl7days"": 0.07004455773799283, ""NetFractionInstallBurden"": -0.01862244897959181, ""InstallBurdenPerTrade"": -0.012857142857142845}",0.3906320035457611,True
monotone_xgboost,1546,True,feasible,very_high_risk,gurobi:Optimal,gurobi,0.7802537679672241,0.36416247487068176,0.8462013633630481,5,"{""ExternalRiskEstimate"": 0.07475409836065572, ""NumSatisfactoryTrades"": 0.1848101265822785, ""MSinceMostRecentInqexcl7days"": 0.2, ""NumInqLast6M"": -0.021901512733355784, ""NetFractionRevolvingBurden"": -0.1853448275862069}",0.36416247487068176,True
monotone_xgboost,1548,True,feasible,very_high_risk,gurobi:Optimal|refined_3,gurobi,0.9526716470718384,0.4065312147140503,1.4887141723492379,12,"{""ExternalRiskEstimate"": 0.07475409836065572, ""MSinceMostRecentTradeOpen"": -0.09295039164490862, ""NumSatisfactoryTrades"": 0.1848101265822785, ""PercentTradesNeverDelq"": 0.19884398616428434, ""MSinceMostRecentDelq"": 0.1951807228915663, ""NumTotalTrades"": -0.010480769230769231, ""PercentInstallTrades"": -0.19999999999999996, ""MSinceMostRecentInqexcl7days"": 0.19999999999999996, ""NetFractionRevolvingBurden"": -0.19762931034482759, ""NumRevolvingTradesWBalance"": -0.03125, ""NumInstallTradesWBalance"": -0.002777777777777775, ""NumBank2NatlTradesWHighUtilization"": -0.002777777777777775}",0.4065312147140503,True
monotone_xgboost,1550,True,feasible,very_high_risk,gurobi:Optimal,gurobi,0.8516815304756165,0.3081163763999939,1.6906684239299405,10,"{""ExternalRiskEstimate"": 0.07475409836065572, ""NumSatisfactoryTrades"": 0.1848101265822785, ""MSinceMostRecentDelq"": 0.19518072289156632, ""PercentInstallTrades"": -0.2, ""MSinceMostRecentInqexcl7days"": 0.2, ""NumInqLast6M"": -0.015151515151515152, ""NetFractionRevolvingBurden"": -0.19762931034482759, ""NetFractionInstallBurden"": -0.1534370589443986, ""NumRevolvingTradesWBalance"": -0.125, ""NumBank2NatlTradesWHighUtilization"": -0.16666666666666666}",0.3081163763999939,True
monotone_xgboost,1551,True,feasible,very_high_risk,gurobi:Optimal,gurobi,0.9337372779846191,0.38783785700798035,1.7536088678114627,10,"{""ExternalRiskEstimate"": 0.07475409836065572, ""MSinceMostRecentTradeOpen"": -0.04699738903394256, ""NumSatisfactoryTrades"": 0.1848101265822785, ""MSinceMostRecentDelq"": 0.19518072289156632, ""PercentInstallTrades"": -0.2, ""MSinceMostRecentInqexcl7days"": 0.2, ""NumInqLast6M"": -0.045454545454545456, ""NetFractionRevolvingBurden"": -0.19762931034482759, ""NumRevolvingTradesWBalance"": -0.16875, ""NumBank2NatlTradesWHighUtilization"": -0.14368751426514206}",0.38783785700798035,True
monotone_xgboost,1553,True,feasible,very_high_risk,gurobi:Optimal,gurobi,0.9256887435913086,0.2921556830406189,1.0011885579832618,8,"{""ExternalRiskEstimate"": 0.07475409836065572, ""MSinceMostRecentTradeOpen"": -0.01566579634464752, ""NumSatisfactoryTrades"": 0.1848101265822785, ""MSinceMostRecentDelq"": 0.13556702419020142, ""PercentInstallTrades"": -0.19999999999999996, ""MSinceMostRecentInqexcl7days"": 0.2, ""NumInqLast6M"": -0.015151515151515152, ""NetFractionRevolvingBurden"": -0.13793103448275862}",0.2921556830406189,True
monotone_xgboost,1554,True,feasible,very_high_risk,gurobi:Optimal,gurobi,0.7893075346946716,0.29388970136642456,1.1766322099303512,7,"{""ExternalRiskEstimate"": 0.07475409836065572, ""NumSatisfactoryTrades"": 0.18481012658227852, ""PercentInstallTrades"": -0.2, ""MSinceMostRecentInqexcl7days"": 0.2, ""NetFractionRevolvingBurden"": -0.19762931034482759, ""NumRevolvingTradesWBalance"": -0.125, ""NumBank2NatlTradesWHighUtilization"": -0.10428006884447585}",0.29388970136642456,True
monotone_xgboost,1556,True,feasible,very_high_risk,gurobi:Optimal|refined_5,gurobi,0.9666057825088501,0.41885271668434143,1.4472807849027158,10,"{""ExternalRiskEstimate"": 0.07475409836065572, ""NumSatisfactoryTrades"": 0.18481012658227847, ""PercentTradesNeverDelq"": 0.10104913741578003, ""MSinceMostRecentDelq"": 0.1951807228915663, ""NumTradesOpeninLast12M"": -0.005263157894736845, ""PercentInstallTrades"": -0.19999999999999996, ""MSinceMostRecentInqexcl7days"": 0.2, ""NumInqLast6M"": -0.06363636363636364, ""NetFractionRevolvingBurden"": -0.19762931034482759, ""InstallBurdenPerTrade"": -0.02023809523809522}",0.41885271668434143,True
monotone_xgboost,1557,True,feasible,very_high_risk,gurobi:Optimal,gurobi,0.9111324548721313,0.3400135040283203,1.2821237693230176,8,"{""ExternalRiskEstimate"": 0.07475409836065572, ""NumSatisfactoryTrades"": 0.18481012658227847, ""MSinceMostRecentDelq"": 0.1951807228915663, ""PercentInstallTrades"": -0.0908538150555327, ""MSinceMostRecentInqexcl7days"": 0.2, ""NumInqLast6M"": -0.045454545454545456, ""NetFractionRevolvingBurden"": -0.12931034482758622, ""NumRevolvingTradesWBalance"": -0.16875}",0.3400135040283203,True
monotone_xgboost,1558,False,infeasible,very_high_risk,gurobi:Infeasible|refined_15,gurobi,0.9422298073768616,0.9123052954673767,0.21219078531066649,5,"{""NumTotalTrades"": 0.016153846153846158, ""NumTradesOpeninLast12M"": -0.005263157894736845, ""NetFractionRevolvingBurden"": -0.01976293103448279, ""NetFractionInstallBurden"": -0.05586734693877543, ""InstallBurdenPerTrade"": -0.08999999999999991}",0.9123052954673767,False
monotone_xgboost,1561,False,infeasible,very_high_risk,gurobi:Infeasible|refined_9,gurobi,0.8736257553100586,0.8146280646324158,0.0680682493917539,7,"{""NumTotalTrades"": 0.02384615384615385, ""NumTradesOpeninLast12M"": -0.0026315789473684223, ""NetFractionRevolvingBurden"": -0.006465517241379309, ""NetFractionInstallBurden"": -0.01352040816326533, ""NumRevolvingTradesWBalance"": -0.0015625000000000014, ""NumBank2NatlTradesWHighUtilization"": -0.002777777777777775, ""PercentTradesWBalance"": -0.015000000000000013}",0.8146280646324158,False
monotone_xgboost,1562,True,feasible,very_high_risk,gurobi:Optimal|refined_1,gurobi,0.9174792170524597,0.3542362451553345,0.9837744194321101,8,"{""ExternalRiskEstimate"": 0.07475409836065572, ""MSinceMostRecentTradeOpen"": -0.0391644908616188, ""NumSatisfactoryTrades"": 0.18481012658227852, ""MSinceMostRecentDelq"": 0.12635872968994408, ""PercentInstallTrades"": 0.020000000000000018, ""MSinceMostRecentInqexcl7days"": 0.2, ""NetFractionRevolvingBurden"": -0.19762931034482759, ""NumRevolvingTradesWBalance"": -0.03125}",0.3542362451553345,True
monotone_xgboost,1563,True,feasible,very_high_risk,gurobi:Optimal|refined_2,gurobi,0.9030949473381042,0.4185658097267151,1.2677008701972012,11,"{""ExternalRiskEstimate"": 0.07475409836065572, ""MSinceMostRecentTradeOpen"": -0.07049608355091384, ""NumSatisfactoryTrades"": 0.1848101265822785, ""MSinceMostRecentDelq"": 0.19518072289156632, ""PercentInstallTrades"": -0.037960841003164214, ""MSinceMostRecentInqexcl7days"": 0.2, ""NumInqLast6M"": -0.030303030303030304, ""NetFractionRevolvingBurden"": -0.12931034482758622, ""NumRevolvingTradesWBalance"": -0.09375, ""NumBank2NatlTradesWHighUtilization"": -0.002777777777777775, ""PercentTradesWBalance"": -0.015000000000000013}",0.4185658097267151,True
monotone_xgboost,1564,True,feasible,high_risk,gurobi:Optimal,gurobi,0.6130736470222473,0.30984941124916077,0.8989568660762075,5,"{""ExternalRiskEstimate"": 0.07475409836065572, ""NumSatisfactoryTrades"": 0.18481012658227847, ""MSinceMostRecentInqexcl7days"": 0.2, ""NumInqLast6M"": -0.02913195564996631, ""NetFractionRevolvingBurden"": -0.19762931034482759}",0.30984941124916077,True
monotone_xgboost,1565,True,feasible,very_high_risk,gurobi:Optimal|refined_2,gurobi,0.9320394992828369,0.3173092305660248,1.2098135431150223,10,"{""ExternalRiskEstimate"": 0.07475409836065572, ""MSinceMostRecentTradeOpen"": -0.028720626631853787, ""NumSatisfactoryTrades"": 0.18481012658227847, ""MSinceMostRecentDelq"": 0.11867778936289797, ""NumTotalTrades"": -0.01615384615384613, ""PercentInstallTrades"": -0.011500000000000003, ""MSinceMostRecentInqexcl7days"": 0.2, ""NumInqLast6M"": -0.015151515151515152, ""NetFractionRevolvingBurden"": -0.19762931034482759, ""NumRevolvingTradesWBalance"": -0.16875}",0.3173092305660248,True
monotone_xgboost,1566,False,near_feasible,very_high_risk,gurobi:Optimal|refined_6,gurobi,0.972764790058136,0.42277657985687256,1.8863620844095457,14,"{""ExternalRiskEstimate"": 0.07475409836065572, ""NumSatisfactoryTrades"": 0.18481012658227847, ""MSinceMostRecentDelq"": 0.19518072289156632, ""NumTotalTrades"": -0.010961538461538384, ""NumTradesOpeninLast12M"": -0.006842105263157899, ""PercentInstallTrades"": -0.2, ""MSinceMostRecentInqexcl7days"": 0.2, ""NumInqLast6M"": -0.045454545454545456, ""NetFractionRevolvingBurden"": -0.17672413793103448, ""NetFractionInstallBurden"": -0.4003322923261805, ""NumRevolvingTradesWBalance"": -0.03125, ""NumInstallTradesWBalance"": -0.00555555555555555, ""NumBank2NatlTradesWHighUtilization"": -0.002777777777777775, ""InstallBurdenPerTrade"": -0.015714285714285736}",0.42277657985687256,False
